variant,date,asset_id,train_mean,y_true,y_pred,y_std,y_true_resid,y_pred_resid
historical_mean,2025-05-30,SPY,0.007317202496114117,0.04769511906164903,0.007317202496114117,0.04660963933841646,0.04037791656553491,0.0
historical_mean,2025-05-30,MGK,0.009610770673104944,0.06034673392230827,0.009610770673104944,0.060851759297646975,0.05073596324920333,0.0
historical_mean,2025-05-30,VTV,0.005312478651329571,0.0332330912657377,0.005312478651329571,0.042171564323948404,0.027920612614408133,0.0
historical_mean,2025-05-30,IJR,-0.00041575730887501996,0.03734736300075814,-0.00041575730887501996,0.059575209762081326,0.03776312030963316,0.0
historical_mean,2025-05-30,IWM,-0.0015216367751140637,0.05147995646827952,-0.0015216367751140637,0.060765746839857096,0.05300159324339358,0.0
historical_mean,2025-05-30,VNQ,0.0013147227365438608,0.0033500785292834845,0.0013147227365438608,0.05871827671593424,0.002035355792739624,0.0
historical_mean,2025-05-30,VNQI,-0.003141402592921254,0.04115888912622401,-0.003141402592921254,0.04894271164589664,0.04430029171914526,0.0
historical_mean,2025-05-30,VEA,0.003213867729195683,0.030256851306093457,0.003213867729195683,0.04620801201923399,0.027042983576897776,0.0
historical_mean,2025-05-30,VWO,-0.0013812432635037686,0.05168209224062714,-0.0013812432635037686,0.04203746163569985,0.053063335504130914,0.0
historical_mean,2025-05-30,VSS,0.00044890942076046157,0.054769444558085745,0.00044890942076046157,0.046586508315900846,0.054320535137325286,0.0
historical_mean,2025-05-30,BND,-0.003237055002469442,0.011602274676301816,-0.003237055002469442,0.019300660111938473,0.014839329678771258,0.0
historical_mean,2025-05-30,IEF,-0.0040674968930327,0.012452491537882304,-0.0040674968930327,0.022985665875243404,0.016519988430915004,0.0
historical_mean,2025-05-30,BNDX,-0.0027348125869511297,-0.0001381150801093023,-0.0027348125869511297,0.015916552039829984,0.0025966975068418274,0.0
historical_mean,2025-05-30,LQD,-0.003152480733546488,0.01724059290590274,-0.003152480733546488,0.029857848780693245,0.020393073639449227,0.0
historical_mean,2025-05-30,HYG,5.2760762575032596e-05,0.014810137654057698,5.2760762575032596e-05,0.023523287034608546,0.014757376891482665,0.0
historical_mean,2025-05-30,EWX,0.0014349156952656505,0.05043478917948763,0.0014349156952656505,0.03668383644608861,0.048999873484221974,0.0
historical_mean,2025-05-30,VWOB,-0.001725584997727383,0.021275025282161186,-0.001725584997727383,0.03034204982138476,0.02300061027988857,0.0
historical_mean,2025-05-30,HYEM,-0.0011012187111369331,0.014454903619178339,-0.0011012187111369331,0.026317882165175485,0.015556122330315272,0.0
historical_mean,2025-06-30,SPY,0.008108926350340292,0.01908467259702551,0.008108926350340292,0.046486314861483725,0.010975746246685217,0.0
historical_mean,2025-06-30,MGK,0.010605593481912853,0.03526188252947149,0.010605593481912853,0.0606576555011281,0.024656289047558635,0.0
historical_mean,2025-06-30,VTV,0.005859941643768946,-0.002167296399311236,0.005859941643768946,0.04193038901454366,-0.00802723804308018,0.0
historical_mean,2025-06-30,IJR,0.0003246960305295518,0.005165530187941636,0.0003246960305295518,0.05921303348395245,0.004840834157412084,0.0
historical_mean,2025-06-30,IWM,-0.0004823898487730129,0.012760607343994756,-0.0004823898487730129,0.060611122841396574,0.01324299719276777,0.0
historical_mean,2025-06-30,VNQ,0.0013546316736564024,-0.0029632780526935854,0.0013546316736564024,0.05812882700489989,-0.004317909726349988,0.0
historical_mean,2025-06-30,VNQI,-0.0022727694219576216,-0.023931985253554888,-0.0022727694219576216,0.04884630943744813,-0.021659215831597266,0.0
historical_mean,2025-06-30,VEA,0.003744122309134855,-0.01766175570590245,0.003744122309134855,0.04590007007806359,-0.021405878015037304,0.0
historical_mean,2025-06-30,VWO,-0.0003407857045992409,0.002989658374459969,-0.0003407857045992409,0.0422731045191081,0.0033304440790592102,0.0
historical_mean,2025-06-30,VSS,0.001514017952864879,-0.009120730437294888,0.001514017952864879,0.04674135179227695,-0.010634748390159767,0.0
historical_mean,2025-06-30,BND,-0.002946087753866084,-0.006504632044136427,-0.002946087753866084,0.019219337399327574,-0.0035585442902703428,0.0
historical_mean,2025-06-30,IEF,-0.0037435755512500533,-0.00977429711868305,-0.0037435755512500533,0.022871930304032895,-0.0060307215674329975,0.0
historical_mean,2025-06-30,BNDX,-0.0026838969495620742,-0.00498710657025403,-0.0026838969495620742,0.015760777543273402,-0.0023032096206919554,0.0
historical_mean,2025-06-30,LQD,-0.0027526165445376795,-0.004751878550950606,-0.0027526165445376795,0.02969538299107734,-0.001999262006412926,0.0
historical_mean,2025-06-30,HYG,0.0003421210937805751,-0.002505544256353631,0.0003421210937805751,0.02337837316237756,-0.0028476653501342064,0.0
historical_mean,2025-06-30,EWX,0.002395697528289611,0.003689786989881094,0.002395697528289611,0.03695765100137487,0.0012940894615914834,0.0
historical_mean,2025-06-30,VWOB,-0.0012745926392981953,0.003448378263515961,-0.0012745926392981953,0.03020927485213051,0.004722970902814157,0.0
historical_mean,2025-06-30,HYEM,-0.0007961967046601631,0.0052854367518158085,-0.0007961967046601631,0.026144277822748356,0.006081633456475972,0.0
historical_mean,2025-07-31,SPY,0.008319998393545776,0.01702595928567807,0.008319998393545776,0.046053469308444485,0.008705960892132296,0.0
historical_mean,2025-07-31,MGK,0.011079752886673596,0.005506659536577585,0.011079752886673596,0.06015727754500016,-0.005573093350096011,0.0
historical_mean,2025-07-31,VTV,0.0057055716814020194,0.03136457393982228,0.0057055716814020194,0.04153219245869115,0.025659002258420265,0.0
historical_mean,2025-07-31,IJR,0.0004177889950951688,0.06670214284372133,0.0004177889950951688,0.058633482662584016,0.06628435384862616,0.0
historical_mean,2025-07-31,IWM,-0.00022771682583517123,0.06825711678016222,-0.00022771682583517123,0.06004204653297474,0.06848483360599739,0.0
historical_mean,2025-07-31,VNQ,0.0012715949481496719,0.031234506481848445,0.0012715949481496719,0.05755922989435626,0.029962911533698774,0.0
historical_mean,2025-07-31,VNQI,-0.002689292803334492,0.03800885965747658,-0.002689292803334492,0.04845822889781613,0.04069815246081107,0.0
historical_mean,2025-07-31,VEA,0.003332470808845676,0.040715343672140136,0.003332470808845676,0.045544682113617126,0.03738287286329446,0.0
historical_mean,2025-07-31,VWO,-0.0002767387030788715,0.03119670619044923,-0.0002767387030788715,0.041859158539873306,0.0314734448935281,0.0
historical_mean,2025-07-31,VSS,0.0013095035607464218,0.04570476560415426,0.0013095035607464218,0.04630432607636206,0.04439526204340784,0.0
historical_mean,2025-07-31,BND,-0.0030145212979097447,0.008078120866885197,-0.0030145212979097447,0.01903637705332175,0.011092642164794941,0.0
historical_mean,2025-07-31,IEF,-0.0038595509660083803,0.013001796164747947,-0.0038595509660083803,0.022662022294724343,0.016861347130756328,0.0
historical_mean,2025-07-31,BNDX,-0.002728189442267689,-0.002067319775812204,-0.002728189442267689,0.01560876337446942,0.0006608696664554847,0.0
historical_mean,2025-07-31,LQD,-0.002791063890814851,0.0069765482555901315,-0.002791063890814851,0.02940411760267529,0.009767612146404982,0.0
historical_mean,2025-07-31,HYG,0.0002873582985856865,0.007592278645943473,0.0002873582985856865,0.023151406952460717,0.007304920347357787,0.0
historical_mean,2025-07-31,EWX,0.002420583864089447,0.059400893238615415,0.002420583864089447,0.03659396736937123,0.056980309374525966,0.0
historical_mean,2025-07-31,VWOB,-0.0011837662757825385,0.013654429789281775,-0.0011837662757825385,0.029918809035243236,0.014838196065064313,0.0
historical_mean,2025-07-31,HYEM,-0.0006792422151125483,0.015516857251125726,-0.0006792422151125483,0.025900427029114596,0.016196099466238276,0.0
historical_mean,2025-08-29,SPY,0.008484261806604877,0.03208906394277711,0.008484261806604877,0.04562417280319489,0.02360480213617223,0.0
historical_mean,2025-08-29,MGK,0.010974600181954803,0.04538102472427963,0.010974600181954803,0.05958095227803427,0.03440642454232483,0.0
historical_mean,2025-08-29,VTV,0.00618970379948542,0.019529753810910266,0.00618970379948542,0.041281639516650696,0.013340050011424846,0.0
historical_mean,2025-08-29,IJR,0.001668437180918304,0.007030856049952794,0.001668437180918304,0.058776445259945825,0.00536241886903449,0.0
historical_mean,2025-08-29,IWM,0.0010644498459761002,0.028272862598571757,0.0010644498459761002,0.060201439664582336,0.027208412752595657,0.0
historical_mean,2025-08-29,VNQ,0.0018369329016156865,-0.002835540326792896,0.0018369329016156865,0.05715147705610083,-0.004672473228408582,0.0
historical_mean,2025-08-29,VNQI,-0.0019214031342625851,0.010131917120224765,-0.0019214031342625851,0.04831453143136225,0.01205332025448735,0.0
historical_mean,2025-08-29,VEA,0.0040378080326814204,0.022001068135094393,0.0040378080326814204,0.045395978549888576,0.017963260102412972,0.0
historical_mean,2025-08-29,VWO,0.00031709987981788515,0.053275426570534856,0.00031709987981788515,0.04167953159907015,0.05295832669071697,0.0
historical_mean,2025-08-29,VSS,0.002147150014395626,0.018182193335737562,0.002147150014395626,0.0462606272698465,0.016035043321341935,0.0
historical_mean,2025-08-29,BND,-0.0028052261627249343,0.007605185555678684,-0.0028052261627249343,0.01891392003224626,0.01041041171840362,0.0
historical_mean,2025-08-29,IEF,-0.00354141234089977,0.0030789765395491386,-0.00354141234089977,0.022562251814141464,0.006620388880448909,0.0
historical_mean,2025-08-29,BNDX,-0.0027157202032779626,0.0018362952066057758,-0.0027157202032779626,0.015458217074438056,0.0045520154098837385,0.0
historical_mean,2025-08-29,LQD,-0.002606769322014757,0.015298491121950697,-0.002606769322014757,0.02915090540247281,0.017905260443965454,0.0
historical_mean,2025-08-29,HYG,0.00042518698438489,0.005419530370210479,0.00042518698438489,0.022949662672026805,0.004994343385825589,0.0
historical_mean,2025-08-29,EWX,0.0034956840409672957,0.00934001338555035,0.0034956840409672957,0.03707594517574458,0.005844329344583054,0.0
historical_mean,2025-08-29,VWOB,-0.000903800312290759,0.011313877152875351,-0.000903800312290759,0.029699750617660087,0.01221767746516611,0.0
historical_mean,2025-08-29,HYEM,-0.000373655432730694,-0.003310550556556602,-0.000373655432730694,0.02574647192365626,-0.002936895123825908,0.0
historical_mean,2025-09-30,SPY,0.008921387772089548,0.02028375894432366,0.008921387772089548,0.04530572372076577,0.011362371172234112,0.0
historical_mean,2025-09-30,MGK,0.011611756191997856,0.04184616666398688,0.011611756191997856,0.059201630723363305,0.030234410471989027,0.0
historical_mean,2025-09-30,VTV,0.0064367417626599545,-0.007371739211896489,0.0064367417626599545,0.040930612480844425,-0.013808480974556444,0.0
historical_mean,2025-09-30,IJR,0.0017677412340485724,-0.012108590721114587,0.0017677412340485724,0.05822388311278559,-0.013876331955163159,0.0
historical_mean,2025-09-30,IWM,0.0015683093413945384,0.014115453040836279,0.0015683093413945384,0.05974563725561088,0.01254714369944174,0.0
historical_mean,2025-09-30,VNQ,0.00175040561960812,-0.027888055765740494,0.00175040561960812,0.05661331546382541,-0.029638461385348612,0.0
historical_mean,2025-09-30,VNQI,-0.0016981934999202267,-0.015995303603671296,-0.0016981934999202267,0.04788466437818778,-0.014297110103751069,0.0
historical_mean,2025-09-30,VEA,0.00437046099754092,0.014158067636574012,0.00437046099754092,0.04503207166216481,0.009787606639033091,0.0
historical_mean,2025-09-30,VWO,0.0012978096333496809,0.01105958429806142,0.0012978096333496809,0.04190874678886383,0.00976177466471174,0.0
historical_mean,2025-09-30,VSS,0.0024440952610871435,-0.004799080760367169,0.0024440952610871435,0.045874055257395636,-0.007243176021454313,0.0
historical_mean,2025-09-30,BND,-0.002612440760532275,0.002537797325417923,-0.002612440760532275,0.01878812400287835,0.005150238085950198,0.0
historical_mean,2025-09-30,IEF,-0.003418812546817383,0.0036171952388968087,-0.003418812546817383,0.022366538623873458,0.007036007785714192,0.0
historical_mean,2025-09-30,BNDX,-0.002631423621613449,0.006523664675198493,-0.002631423621613449,0.01532421553362729,0.009155088296811942,0.0
historical_mean,2025-09-30,LQD,-0.0022751904249042857,-0.0019813075408361414,-0.0022751904249042857,0.02897721167290285,0.0002938828840681443,0.0
historical_mean,2025-09-30,HYG,0.0005176748248631416,-0.003581832310472044,0.0005176748248631416,0.02274228312883123,-0.004099507135335185,0.0
historical_mean,2025-09-30,EWX,0.003603912362163278,-0.003915097877319473,0.003603912362163278,0.0367331171895964,-0.007519010239482751,0.0
historical_mean,2025-09-30,VWOB,-0.000677547025898794,0.017691150240358278,-0.000677547025898794,0.029465175179826473,0.018368697266257072,0.0
historical_mean,2025-09-30,HYEM,-0.0004280423794682108,0.00027660203614199297,-0.0004280423794682108,0.025505555474386703,0.0007046444156102037,0.0
historical_mean,2025-10-31,SPY,0.00912797633885744,-0.001039617729681419,0.00912797633885744,0.044910407117204544,-0.010167594068538859,0.0
historical_mean,2025-10-31,MGK,0.01216147274603402,-0.018174122322586972,0.01216147274603402,0.05879242400123929,-0.03033559506862099,0.0
historical_mean,2025-10-31,VTV,0.006185678472213474,0.02234958180665636,0.006185678472213474,0.040592579225395185,0.016163903334442887,0.0
historical_mean,2025-10-31,IJR,0.0015154442894092421,0.022999546830901885,0.0015154442894092421,0.05771259275305756,0.021484102541492644,0.0
historical_mean,2025-10-31,IWM,0.0017964392268389336,0.007219933427264902,0.0017964392268389336,0.05921402650770006,0.005423494200425968,0.0
historical_mean,2025-10-31,VNQ,0.0012115245035108726,0.02116455054555555,0.0012115245035108726,0.05622887152816875,0.019953026042044675,0.0
historical_mean,2025-10-31,VNQI,-0.0019581409563520645,0.011398276316832767,-0.0019581409563520645,0.04747837095054195,0.013356417273184831,0.0
historical_mean,2025-10-31,VEA,0.004548417481886976,0.006662577508105283,0.004548417481886976,0.0446326760841844,0.0021141600262183065,0.0
historical_mean,2025-10-31,VWO,0.0014752964454353488,-0.015135981764385575,0.0014752964454353488,0.041539749304071,-0.016611278209820925,0.0
historical_mean,2025-10-31,VSS,0.0023124011516061564,0.006820955763576553,0.0023124011516061564,0.04545780376317812,0.004508554611970396,0.0
historical_mean,2025-10-31,BND,-0.002518800068060453,0.00297114143881938,-0.002518800068060453,0.018626297453441548,0.005489941506879833,0.0
historical_mean,2025-10-31,IEF,-0.0032908851325316704,0.00686801303321638,-0.0032908851325316704,0.02217877445349183,0.01015889816574805,0.0
historical_mean,2025-10-31,BNDX,-0.002464967470762323,-0.004807659780811324,-0.002464967470762323,0.015231768429332786,-0.002342692310049001,0.0
historical_mean,2025-10-31,LQD,-0.00226984709973941,0.006300096794094712,-0.00226984709973941,0.028707677706642655,0.008569943893834121,0.0
historical_mean,2025-10-31,HYG,0.000443138331493411,0.004457641722011463,0.000443138331493411,0.022537502415602713,0.004014503390518052,0.0
historical_mean,2025-10-31,EWX,0.0034672030850817735,-0.016176668191666965,0.0034672030850817735,0.03640552670069025,-0.01964387127674874,0.0
historical_mean,2025-10-31,VWOB,-0.0003435707119668472,0.0006545758910070365,-0.0003435707119668472,0.029295964642314293,0.0009981466029738836,0.0
historical_mean,2025-10-31,HYEM,-0.0004152306628207526,-0.0021992661278306125,-0.0004152306628207526,0.025268467972682427,-0.0017840354650098598,0.0
historical_mean,2025-11-28,SPY,0.008946412159062103,-0.0024606389596457667,0.008946412159062103,0.04452099523915146,-0.01140705111870787,0.0
historical_mean,2025-11-28,MGK,0.011619765691237216,-0.006014656315694422,0.011619765691237216,0.058396367850803266,-0.01763442200693164,0.0
historical_mean,2025-11-28,VTV,0.006474319603185668,0.004591005630098177,0.006474319603185668,0.04027981912138792,-0.001883313973087491,0.0
historical_mean,2025-11-28,IJR,0.0018990889776501821,-0.0043423583691276635,0.0018990889776501821,0.05725754669804376,-0.006241447346777846,0.0
historical_mean,2025-11-28,IWM,0.0018932873375608259,-0.010325989693845572,0.0018932873375608259,0.0586777237486756,-0.012219277031406397,0.0
historical_mean,2025-11-28,VNQ,0.0015678285399759562,-0.02554537559841752,0.0015678285399759562,0.05577911918604514,-0.027113204138393476,0.0
historical_mean,2025-11-28,VNQI,-0.0017196335050451924,0.0008944661826628675,-0.0017196335050451924,0.04707861442999848,0.0026140996877080597,0.0
historical_mean,2025-11-28,VEA,0.004586170339498018,0.02842462799248069,0.004586170339498018,0.044225965568690156,0.023838457652982672,0.0
historical_mean,2025-11-28,VWO,0.0011786664774028324,0.006231798598067773,0.0011786664774028324,0.04122019559348269,0.00505313212066494,0.0
historical_mean,2025-11-28,VSS,0.002392911055391342,0.01745648547983225,0.002392911055391342,0.045046684455100794,0.01506357442444091,0.0
historical_mean,2025-11-28,BND,-0.002420765398294742,-0.00624728267814989,-0.002420765398294742,0.018470765560571062,-0.0038265172798551484,0.0
historical_mean,2025-11-28,IEF,-0.003109476236714741,-0.010842523271658244,-0.003109476236714741,0.02201811413583313,-0.007733047034943503,0.0
historical_mean,2025-11-28,BNDX,-0.002506801262013198,-0.00843043234441343,-0.002506801262013198,0.015095908991715557,-0.005923631082400232,0.0
historical_mean,2025-11-28,LQD,-0.0021168123873495153,-0.010606184040828248,-0.0021168123873495153,0.02846854514343274,-0.008489371653478732,0.0
historical_mean,2025-11-28,HYG,0.0005148258920383762,0.0016540803164204476,0.0005148258920383762,0.022338118771901058,0.0011392544243820713,0.0
historical_mean,2025-11-28,EWX,0.003116419669425546,0.005526301936131128,0.003116419669425546,0.0361684340399512,0.0024098822667055824,0.0
historical_mean,2025-11-28,VWOB,-0.00032574666548517074,-0.0012631324755422169,-0.00032574666548517074,0.029028722421739143,-0.0009373858100570462,0.0
historical_mean,2025-11-28,HYEM,-0.000447088438981643,0.006456216930834868,-0.000447088438981643,0.025038835845072816,0.006903305369816511,0.0
historical_mean,2025-12-31,SPY,0.008746288455225123,0.011594066475381304,0.008746288455225123,0.04414755775755146,0.002847778020156181,0.0
historical_mean,2025-12-31,MGK,0.011310389866554206,-0.01981088189923419,0.011310389866554206,0.05791973895197182,-0.031121271765788397,0.0
historical_mean,2025-12-31,VTV,0.00644127900716659,0.04262615110326995,0.00644127900716659,0.03991933724277847,0.03618487209610336,0.0
historical_mean,2025-12-31,IJR,0.0017895899013909218,0.05372327844739844,0.0017895899013909218,0.05675003747569404,0.051933688546007516,0.0
historical_mean,2025-12-31,IWM,0.0016789140563080822,0.05153392029332182,0.0016789140563080822,0.05817397411192298,0.04985500623701374,0.0
historical_mean,2025-12-31,VNQ,0.0010921582919339653,0.0229258613639709,0.0010921582919339653,0.05539537861696057,0.021833703072036935,0.0
historical_mean,2025-12-31,VNQI,-0.0016737721070152263,0.04257155181000494,-0.0016737721070152263,0.04665766093629219,0.044245323917020164,0.0
historical_mean,2025-12-31,VEA,0.005004388894813503,0.05642561347994279,0.005004388894813503,0.043942898023318626,0.051421224585129294,0.0
historical_mean,2025-12-31,VWO,0.0012673179181162523,0.04715510460279937,0.0012673179181162523,0.040855982915353244,0.045887786684683116,0.0
historical_mean,2025-12-31,VSS,0.002657184290907849,0.06068200468583562,0.002657184290907849,0.04468723417438362,0.058024820394927776,0.0
historical_mean,2025-12-31,BND,-0.0024878972803974637,-0.0009446630105405251,-0.0024878972803974637,0.01831212043723312,0.0015432342698569385,0.0
historical_mean,2025-12-31,IEF,-0.003245143728555855,-0.005378931439972923,-0.003245143728555855,0.021844664741227326,-0.0021337877114170675,0.0
historical_mean,2025-12-31,BNDX,-0.0026107246143360087,0.002059820670583523,-0.0026107246143360087,0.014981077086336935,0.004670545284919532,0.0
historical_mean,2025-12-31,LQD,-0.0022657487321473876,0.0003398451129934532,-0.0022657487321473876,0.02823561533177713,0.002605593845140841,0.0
historical_mean,2025-12-31,HYG,0.0005348128117643775,0.0029604455586125233,0.0005348128117643775,0.022138287130142906,0.002425632746848146,0.0
historical_mean,2025-12-31,EWX,0.0031586983056835385,0.02711570928152862,0.0031586983056835385,0.035845468132474606,0.023957010975845083,0.0
historical_mean,2025-12-31,VWOB,-0.0003421920305738908,0.0003023714262653243,-0.0003421920305738908,0.028768637802182126,0.0006445634568392151,0.0
historical_mean,2025-12-31,HYEM,-0.00032597781845854624,0.01193825183971775,-0.00032597781845854624,0.02483110847291286,0.012264229658176296,0.0
historical_mean,2026-01-30,SPY,0.0087953880762623,-0.011463064459755201,0.0087953880762623,0.04376018256408277,-0.0202584525360175,0.0
historical_mean,2026-01-30,MGK,0.010773816215419922,-0.049282081977910286,0.010773816215419922,0.05755467570999545,-0.06005589819333021,0.0
historical_mean,2026-01-30,VTV,0.00706515611227182,0.03464425383897951,0.00706515611227182,0.03985186721415389,0.02757909772670769,0.0
historical_mean,2026-01-30,IJR,0.002684998324597948,0.018113075612949725,0.002684998324597948,0.05666186940572184,0.015428077288351777,0.0
historical_mean,2026-01-30,IWM,0.0025384831293600433,0.003913446654500996,0.0025384831293600433,0.05803182711266881,0.0013749635251409527,0.0
historical_mean,2026-01-30,VNQ,0.0014686014483483952,0.05085567147315495,0.0014686014483483952,0.05498209882208653,0.04938707002480656,0.0
historical_mean,2026-01-30,VNQI,-0.0009109216946528097,0.05477043858428532,-0.0009109216946528097,0.04661006334219268,0.05568136027893813,0.0
historical_mean,2026-01-30,VEA,0.005890961732488146,0.05800790565870817,0.005890961732488146,0.04407595870355822,0.05211694392622002,0.0
historical_mean,2026-01-30,VWO,0.0020584866540590647,0.025936988754007295,0.0020584866540590647,0.04094181130205213,0.02387850209994823,0.0
historical_mean,2026-01-30,VSS,0.003657612228751431,0.046521625760379104,0.003657612228751431,0.044944013598831135,0.04286401353162767,0.0
historical_mean,2026-01-30,BND,-0.002461289792986137,0.013125538032234596,-0.002461289792986137,0.01815190811354069,0.015586827825220733,0.0
historical_mean,2026-01-30,IEF,-0.0032819331718561494,0.02178389001983616,-0.0032819331718561494,0.021654009676061948,0.02506582319169231,0.0
historical_mean,2026-01-30,BNDX,-0.0025301979714925688,0.01242298193585456,-0.0025301979714925688,0.014861741443180768,0.014953179907347128,0.0
historical_mean,2026-01-30,LQD,-0.0022208247003346147,0.010894680719308658,-0.0022208247003346147,0.027988929692119708,0.013115505419643273,0.0
historical_mean,2026-01-30,HYG,0.0005766340660203799,-0.0028581418854923824,0.0005766340660203799,0.021945543705572185,-0.0034347759515127624,0.0
historical_mean,2026-01-30,EWX,0.003571750219060178,0.03253007863200175,0.003571750219060178,0.035668627839499395,0.02895832841294157,0.0
historical_mean,2026-01-30,VWOB,-0.0003310788675249388,0.012410830018970698,-0.0003310788675249388,0.028515290288805777,0.012741908886495637,0.0
historical_mean,2026-01-30,HYEM,-0.00011452558297274804,0.006343486373523,-0.00011452558297274804,0.024664954581871748,0.006458011956495748,0.0
historical_mean,2026-02-27,SPY,0.008452024473956918,-0.05236481425659356,0.008452024473956918,0.043461398416077594,-0.06081683873055048,0.0
historical_mean,2026-02-27,MGK,0.009755919635871952,-0.05256666804441845,0.009755919635871952,0.0575895703996244,-0.062322587680290406,0.0
historical_mean,2026-02-27,VTV,0.0075325984466227975,-0.05111916666844174,0.0075325984466227975,0.03966964449209813,-0.058651765115064536,0.0
historical_mean,2026-02-27,IJR,0.0029464911599937408,-0.0430573291552121,0.0029464911599937408,0.0562071807255351,-0.04600382031520584,0.0
historical_mean,2026-02-27,IWM,0.002561787595887856,-0.052595723393065286,0.002561787595887856,0.057529656083935336,-0.05515751098895314,0.0
historical_mean,2026-02-27,VNQ,0.002305670431819693,-0.066081450572396,0.002305670431819693,0.05488397168531979,-0.06838712100421569,0.0
historical_mean,2026-02-27,VNQI,3.283017448173479e-05,-0.1261996923521307,3.283017448173479e-05,0.04677168513589526,-0.12623252252661243,0.0
historical_mean,2026-02-27,VEA,0.006774299765135943,-0.0890166153043781,0.006774299765135943,0.04421800941745542,-0.09579091506951404,0.0
historical_mean,2026-02-27,VWO,0.0024632070286344583,-0.07262882161942752,0.0024632070286344583,0.04070620933946308,-0.07509202864806198,0.0
historical_mean,2026-02-27,VSS,0.004384120932677324,-0.09195775776152426,0.004384120932677324,0.044902989495041144,-0.09634187869420159,0.0
historical_mean,2026-02-27,BND,-0.0021971062705247687,-0.020459273388676813,-0.0021971062705247687,0.018108800586641993,-0.018262167118152043,0.0
historical_mean,2026-02-27,IEF,-0.0028570887109800086,-0.02626946195927571,-0.0028570887109800086,0.02171314797696794,-0.0234123732482957,0.0
historical_mean,2026-02-27,BNDX,-0.002276754244249397,-0.02445812349945309,-0.002276754244249397,0.014861124503188227,-0.02218136925520369,0.0
historical_mean,2026-02-27,LQD,-0.0019985279983067627,-0.02380357071815431,-0.0019985279983067627,0.027799085668264167,-0.021805042719847546,0.0
historical_mean,2026-02-27,HYG,0.0005184175244693163,-0.01264655652256541,0.0005184175244693163,0.021760130566391447,-0.013164974047034726,0.0
historical_mean,2026-02-27,EWX,0.004062569344703256,-0.05906694056130268,0.004062569344703256,0.0355602158473397,-0.06312950990600594,0.0
historical_mean,2026-02-27,VWOB,-0.0001151143101267077,-0.03742886388704314,-0.0001151143101267077,0.02831703091655382,-0.03731374957691643,0.0
historical_mean,2026-02-27,HYEM,-5.067753201633674e-06,-0.024402651519384255,-5.067753201633674e-06,0.024465851696778215,-0.02439758376618262,0.0
historical_mean,2026-03-31,SPY,0.00743841049511441,0.10158469057343722,0.00743841049511441,0.04380094533218517,0.0941462800783228,0.0
historical_mean,2026-03-31,MGK,0.008717209841200446,0.13945658747726553,0.008717209841200446,0.057663513967847115,0.13073937763606508,0.0
historical_mean,2026-03-31,VTV,0.006555069028038389,0.0506170669983208,0.006555069028038389,0.04005423780130565,0.044061997970282415,0.0
historical_mean,2026-03-31,IJR,0.002179760821406977,0.09942684130728341,0.002179760821406977,0.056044385336257975,0.09724708048587644,0.0
historical_mean,2026-03-31,IWM,0.0016424957460719702,0.11732924859591698,0.0016424957460719702,0.057482790683064756,0.115686752849845,0.0
historical_mean,2026-03-31,VNQ,0.0011658850817494312,0.08261211567781301,0.0011658850817494312,0.05512841278293588,0.08144623059606358,0.0
historical_mean,2026-03-31,VNQI,-0.0020710452009618054,0.05920759938488018,-0.0020710452009618054,0.04915374065698681,0.061278644585841986,0.0
historical_mean,2026-03-31,VEA,0.005177784513977376,0.07028850576993428,0.005177784513977376,0.04555243662199848,0.0651107212559569,0.0
historical_mean,2026-03-31,VWO,0.0012116732178334255,0.08686516780484332,0.0012116732178334255,0.041507722443310205,0.0856534945870099,0.0
historical_mean,2026-03-31,VSS,0.002778422954440631,0.08096490152679459,0.002778422954440631,0.046225536385739896,0.07818647857235396,0.0
historical_mean,2026-03-31,BND,-0.0025014757224939696,-0.001644084190784434,-0.0025014757224939696,0.01810880977936401,0.0008573915317095357,0.0
historical_mean,2026-03-31,IEF,-0.003247294931784937,-0.004636900424381141,-0.003247294931784937,0.021739493734252734,-0.0013896054925962038,0.0
historical_mean,2026-03-31,BNDX,-0.002646443731836125,-0.0008092670395931645,-0.002646443731836125,0.015010328743313879,0.0018371766922429607,0.0
historical_mean,2026-03-31,LQD,-0.0023619453769708884,-0.0003280238707080718,-0.0023619453769708884,0.027705872555016418,0.0020339215062628166,0.0
historical_mean,2026-03-31,HYG,0.00029900129035207075,0.012020620280474459,0.00029900129035207075,0.02164177469464109,0.011721618990122388,0.0
historical_mean,2026-03-31,EWX,0.003010410846269823,0.10571433591391832,0.003010410846269823,0.03618726996296255,0.1027039250676485,0.0
historical_mean,2026-03-31,VWOB,-0.0007370101364086482,0.020791542317250666,-0.0007370101364086482,0.0284862906540071,0.021528552453659314,0.0
historical_mean,2026-03-31,HYEM,-0.0004116941493046774,0.022278894658412263,-0.0004116941493046774,0.02446125942559684,0.02269058880771694,0.0
historical_mean,2026-04-30,SPY,0.008981792135742652,0.049483664963993146,0.008981792135742652,0.04507605874518664,0.04050187282825049,0.0
historical_mean,2026-04-30,MGK,0.010860478327037579,0.08330425574857636,0.010860478327037579,0.059580805776805634,0.07244377742153878,0.0
historical_mean,2026-04-30,VTV,0.0072773968636167885,0.021460679046998887,0.0072773968636167885,0.0401177035821421,0.0141832821833821,0.0
historical_mean,2026-04-30,IJR,0.0037739752556016724,0.008359592272450422,0.0037739752556016724,0.05695310592921334,0.00458561701684875,0.0
historical_mean,2026-04-30,IWM,0.0035389998911513967,0.04170616807391436,0.0035389998911513967,0.058894825273066186,0.038167168182762966,0.0
historical_mean,2026-04-30,VNQ,0.002501069189881621,-0.009505527770350963,0.002501069189881621,0.055652809846333355,-0.012006596960232584,0.0
historical_mean,2026-04-30,VNQI,-0.0010664772569316092,-0.02873894096208207,-0.0010664772569316092,0.049369835043637414,-0.027672463705150464,0.0
historical_mean,2026-04-30,VEA,0.006245173387025849,0.04005467192775236,0.006245173387025849,0.045934074500483174,0.03380949854072651,0.0
historical_mean,2026-04-30,VWO,0.002615828866800801,0.013087733301134774,0.002615828866800801,0.042596326253976136,0.010471904434333972,0.0
historical_mean,2026-04-30,VSS,0.00406016850480709,0.0153673341636833,0.00406016850480709,0.04691910110238484,0.01130716565887621,0.0
historical_mean,2026-04-30,BND,-0.0024874201236134855,-0.00023588979226363271,-0.0024874201236134855,0.017957604505693114,0.002251530331349853,0.0
historical_mean,2026-04-30,IEF,-0.00327007534969635,-0.0031745273257528517,-0.00327007534969635,0.02155830428903072,9.554802394349821e-05,0.0
historical_mean,2026-04-30,BNDX,-0.002616326081143618,0.005188840393763217,-0.002616326081143618,0.014886575639767741,0.007805166474906835,0.0
historical_mean,2026-04-30,LQD,-0.002328602401458383,0.005612799118414058,-0.002328602401458383,0.027475254347549594,0.007941401519872441,0.0
historical_mean,2026-04-30,HYG,0.0004911589787147328,0.0013666068307942592,0.0004911589787147328,0.021513082165906798,0.0008754478520795263,0.0
historical_mean,2026-04-30,EWX,0.004694081749018159,0.01835836502980981,0.004694081749018159,0.03821796448204132,0.01366428328079165,0.0
historical_mean,2026-04-30,VWOB,-0.0003840830470043972,0.006564291011867507,-0.0003840830470043972,0.028382076832525596,0.006948374058871904,0.0
historical_mean,2026-04-30,HYEM,-3.971728360439966e-05,0.00658729224447252,-3.971728360439966e-05,0.024429920860436004,0.0066270095280769195,0.0
positive_no_prior,2025-05-30,SPY,0.007317202496114117,0.04769511906164903,0.009843674451913288,0.047533748022955846,0.04037791656553491,0.0025264719557991713
positive_no_prior,2025-05-30,MGK,0.009610770673104944,0.06034673392230827,0.013808554534675305,0.05968263241226409,0.05073596324920333,0.00419778386157036
positive_no_prior,2025-05-30,VTV,0.005312478651329571,0.0332330912657377,0.006868149561727113,0.04566338148134399,0.027920612614408133,0.0015556709103975424
positive_no_prior,2025-05-30,IJR,-0.00041575730887501996,0.03734736300075814,0.004613152972377689,0.06911684333670222,0.03776312030963316,0.00502891028125271
positive_no_prior,2025-05-30,IWM,-0.0015216367751140637,0.05147995646827952,0.0035220219540542178,0.06898688826128424,0.05300159324339358,0.005043658729168282
positive_no_prior,2025-05-30,VNQ,0.0013147227365438608,0.0033500785292834845,0.002259447883785033,0.06213382261991503,0.002035355792739624,0.0009447251472411722
positive_no_prior,2025-05-30,VNQI,-0.003141402592921254,0.04115888912622401,-0.004593343205280085,0.049723539854205474,0.04430029171914526,-0.0014519406123588313
positive_no_prior,2025-05-30,VEA,0.003213867729195683,0.030256851306093457,0.0036614494955190644,0.04645613206012018,0.027042983576897776,0.00044758176632338133
positive_no_prior,2025-05-30,VWO,-0.0013812432635037686,0.05168209224062714,-0.0019301126675632468,0.04630892494708909,0.053063335504130914,-0.0005488694040594782
positive_no_prior,2025-05-30,VSS,0.00044890942076046157,0.054769444558085745,0.00031080257477777073,0.04712806245100531,0.054320535137325286,-0.00013810684598269084
positive_no_prior,2025-05-30,BND,-0.003237055002469442,0.011602274676301816,-0.0030946723924455055,0.017272032397585377,0.014839329678771258,0.00014238261002393667
positive_no_prior,2025-05-30,IEF,-0.0040674968930327,0.012452491537882304,-0.004336386862250734,0.020368511658695687,0.016519988430915004,-0.00026888996921803354
positive_no_prior,2025-05-30,BNDX,-0.0027348125869511297,-0.0001381150801093023,-0.0016101991332131385,0.014555160893295586,0.0025966975068418274,0.0011246134537379912
positive_no_prior,2025-05-30,LQD,-0.003152480733546488,0.01724059290590274,-0.0025990184215160615,0.026788927180411,0.020393073639449227,0.0005534623120304265
positive_no_prior,2025-05-30,HYG,5.2760762575032596e-05,0.014810137654057698,0.0011432268991303093,0.023149211587890114,0.014757376891482665,0.0010904661365552766
positive_no_prior,2025-05-30,EWX,0.0014349156952656505,0.05043478917948763,0.0028851097709604225,0.039270955435368356,0.048999873484221974,0.001450194075694772
positive_no_prior,2025-05-30,VWOB,-0.001725584997727383,0.021275025282161186,-0.000949577285102785,0.029785965052377992,0.02300061027988857,0.000776007712624598
positive_no_prior,2025-05-30,HYEM,-0.0011012187111369331,0.014454903619178339,-0.00014706359648402148,0.02840783865292068,0.015556122330315272,0.0009541551146529117
positive_no_prior,2025-06-30,SPY,0.008108926350340292,0.01908467259702551,0.00661002910971958,0.04876678622561444,0.010975746246685217,-0.0014988972406207125
positive_no_prior,2025-06-30,MGK,0.010605593481912853,0.03526188252947149,0.008244200380927382,0.062300101255976445,0.024656289047558635,-0.0023613931009854715
positive_no_prior,2025-06-30,VTV,0.005859941643768946,-0.002167296399311236,0.005290143966171214,0.044043227196122796,-0.00802723804308018,-0.0005697976775977318
positive_no_prior,2025-06-30,IJR,0.0003246960305295518,0.005165530187941636,0.0007681788929617662,0.057898742305539166,0.004840834157412084,0.0004434828624322144
positive_no_prior,2025-06-30,IWM,-0.0004823898487730129,0.012760607343994756,-0.00017350648968816076,0.05950748327137691,0.01324299719276777,0.00030888335908485216
positive_no_prior,2025-06-30,VNQ,0.0013546316736564024,-0.0029632780526935854,-0.0010523548630324675,0.0565982219342187,-0.004317909726349988,-0.00240698653668887
positive_no_prior,2025-06-30,VNQI,-0.0022727694219576216,-0.023931985253554888,-0.00703618447400991,0.04879713896581663,-0.021659215831597266,-0.004763415052052289
positive_no_prior,2025-06-30,VEA,0.003744122309134855,-0.01766175570590245,0.0005843650623931717,0.04775211026790844,-0.021405878015037304,-0.0031597572467416835
positive_no_prior,2025-06-30,VWO,-0.0003407857045992409,0.002989658374459969,-0.0034107595319651744,0.04299054690672953,0.0033304440790592102,-0.0030699738273659333
positive_no_prior,2025-06-30,VSS,0.001514017952864879,-0.009120730437294888,-0.002328367167486891,0.047666219086252154,-0.010634748390159767,-0.00384238512035177
positive_no_prior,2025-06-30,BND,-0.002946087753866084,-0.006504632044136427,-0.003259273807003286,0.01634774044238375,-0.0035585442902703428,-0.0003131860531372017
positive_no_prior,2025-06-30,IEF,-0.0037435755512500533,-0.00977429711868305,-0.004110486120330336,0.01945886298534323,-0.0060307215674329975,-0.0003669105690802827
positive_no_prior,2025-06-30,BNDX,-0.0026838969495620742,-0.00498710657025403,-0.003166339287743993,0.013983003396287223,-0.0023032096206919554,-0.0004824423381819187
positive_no_prior,2025-06-30,LQD,-0.0027526165445376795,-0.004751878550950606,-0.00390677208199649,0.025641781755553844,-0.001999262006412926,-0.0011541555374588101
positive_no_prior,2025-06-30,HYG,0.0003421210937805751,-0.002505544256353631,-0.0005216792965159315,0.02215801181369073,-0.0028476653501342064,-0.0008638003902965066
positive_no_prior,2025-06-30,EWX,0.002395697528289611,0.003689786989881094,6.06365654471858e-05,0.038123370960531464,0.0012940894615914834,-0.002335060962842425
positive_no_prior,2025-06-30,VWOB,-0.0012745926392981953,0.003448378263515961,-0.0032292966898128436,0.029448750274832854,0.004722970902814157,-0.0019547040505146483
positive_no_prior,2025-06-30,HYEM,-0.0007961967046601631,0.0052854367518158085,-0.0018570804229472975,0.027612174213007285,0.006081633456475972,-0.0010608837182871345
positive_no_prior,2025-07-31,SPY,0.008319998393545776,0.01702595928567807,0.0026196722109358556,0.04646659942656898,0.008705960892132296,-0.005700326182609921
positive_no_prior,2025-07-31,MGK,0.011079752886673596,0.005506659536577585,0.006742986852203826,0.057935246604187855,-0.005573093350096011,-0.00433676603446977
positive_no_prior,2025-07-31,VTV,0.0057055716814020194,0.03136457393982228,-0.0018332966181709362,0.045298283540339455,0.025659002258420265,-0.007538868299572956
positive_no_prior,2025-07-31,IJR,0.0004177889950951688,0.06670214284372133,-0.006703598592002864,0.05445999890877136,0.06628435384862616,-0.007121387587098033
positive_no_prior,2025-07-31,IWM,-0.00022771682583517123,0.06825711678016222,-0.006938989655458102,0.05568081206439467,0.06848483360599739,-0.006711272829622931
positive_no_prior,2025-07-31,VNQ,0.0012715949481496719,0.031234506481848445,-0.009398755337201347,0.05608223863549147,0.029962911533698774,-0.01067035028535102
positive_no_prior,2025-07-31,VNQI,-0.002689292803334492,0.03800885965747658,-0.019372671880668154,0.048542378360891994,0.04069815246081107,-0.016683379077333662
positive_no_prior,2025-07-31,VEA,0.003332470808845676,0.040715343672140136,-0.010136250184196356,0.04994684837709786,0.03738287286329446,-0.01346872099304203
positive_no_prior,2025-07-31,VWO,-0.0002767387030788715,0.03119670619044923,-0.008983052005295006,0.04197548149317889,0.0314734448935281,-0.008706313302216134
positive_no_prior,2025-07-31,VSS,0.0013095035607464218,0.04570476560415426,-0.012046544761010415,0.048492037170905174,0.04439526204340784,-0.013356048321756837
positive_no_prior,2025-07-31,BND,-0.0030145212979097447,0.008078120866885197,-0.007867739264286553,0.01638985137120399,0.011092642164794941,-0.004853217966376808
positive_no_prior,2025-07-31,IEF,-0.0038595509660083803,0.013001796164747947,-0.009811307896074154,0.018886690654577626,0.016861347130756328,-0.005951756930065773
positive_no_prior,2025-07-31,BNDX,-0.002728189442267689,-0.002067319775812204,-0.005693428968487907,0.013845007613952643,0.0006608696664554847,-0.0029652395262202177
positive_no_prior,2025-07-31,LQD,-0.002791063890814851,0.0069765482555901315,-0.010269640168417239,0.026096980552371717,0.009767612146404982,-0.007478576277602388
positive_no_prior,2025-07-31,HYG,0.0002873582985856865,0.007592278645943473,-0.003596155205849401,0.022988287108440704,0.007304920347357787,-0.0038835135044350873
positive_no_prior,2025-07-31,EWX,0.002420583864089447,0.059400893238615415,-0.003328232160297518,0.03694940767789263,0.056980309374525966,-0.005748816024386965
positive_no_prior,2025-07-31,VWOB,-0.0011837662757825385,0.013654429789281775,-0.008757987901746315,0.030401333706440464,0.014838196065064313,-0.007574221625963776
positive_no_prior,2025-07-31,HYEM,-0.0006792422151125483,0.015516857251125726,-0.00234576025279289,0.027675675005313767,0.016196099466238276,-0.0016665180376803418
positive_no_prior,2025-08-29,SPY,0.008484261806604877,0.03208906394277711,0.013006796872296698,0.04729443984461593,0.02360480213617223,0.004522535065691821
positive_no_prior,2025-08-29,MGK,0.010974600181954803,0.04538102472427963,0.012794430698685433,0.05946618355537762,0.03440642454232483,0.0018198305167306302
positive_no_prior,2025-08-29,VTV,0.00618970379948542,0.019529753810910266,0.012751409122348421,0.04494505586445494,0.013340050011424846,0.006561705322863001
positive_no_prior,2025-08-29,IJR,0.001668437180918304,0.007030856049952794,0.004640983968729531,0.06081274240839429,0.00536241886903449,0.0029725467878112272
positive_no_prior,2025-08-29,IWM,0.0010644498459761002,0.028272862598571757,0.0032911712594384094,0.06140396233833029,0.027208412752595657,0.002226721413462309
positive_no_prior,2025-08-29,VNQ,0.0018369329016156865,-0.002835540326792896,0.00829997028326614,0.05592964032412587,-0.004672473228408582,0.006463037381650454
positive_no_prior,2025-08-29,VNQI,-0.0019214031342625851,0.010131917120224765,0.006519841810203513,0.0499107969824792,0.01205332025448735,0.008441244944466098
positive_no_prior,2025-08-29,VEA,0.0040378080326814204,0.022001068135094393,0.01243016074644817,0.0493771525450745,0.017963260102412972,0.00839235271376675
positive_no_prior,2025-08-29,VWO,0.00031709987981788515,0.053275426570534856,0.005509578818109529,0.046858336104749855,0.05295832669071697,0.005192478938291644
positive_no_prior,2025-08-29,VSS,0.002147150014395626,0.018182193335737562,0.008026433205294031,0.04905132332886426,0.016035043321341935,0.0058792831908984055
positive_no_prior,2025-08-29,BND,-0.0028052261627249343,0.007605185555678684,-0.0007729875833284872,0.01753546390247021,0.01041041171840362,0.002032238579396447
positive_no_prior,2025-08-29,IEF,-0.00354141234089977,0.0030789765395491386,-0.0018500012062205643,0.020314743909525323,0.006620388880448909,0.0016914111346792058
positive_no_prior,2025-08-29,BNDX,-0.0027157202032779626,0.0018362952066057758,-0.0012170335868052255,0.015085441866126795,0.0045520154098837385,0.0014986866164727372
positive_no_prior,2025-08-29,LQD,-0.002606769322014757,0.015298491121950697,0.00015925808774265538,0.027741699897126482,0.017905260443965454,0.0027660274097574124
positive_no_prior,2025-08-29,HYG,0.00042518698438489,0.005419530370210479,0.003497956924365414,0.02415897249318939,0.004994343385825589,0.003072769939980524
positive_no_prior,2025-08-29,EWX,0.0034956840409672957,0.00934001338555035,0.0053407974568919605,0.04099608090708894,0.005844329344583054,0.0018451134159246647
positive_no_prior,2025-08-29,VWOB,-0.000903800312290759,0.011313877152875351,0.004400510590947864,0.030984844795261975,0.01221767746516611,0.005304310903238623
positive_no_prior,2025-08-29,HYEM,-0.000373655432730694,-0.003310550556556602,0.0033721974330803914,0.02846976243823987,-0.002936895123825908,0.003745852865811085
positive_no_prior,2025-09-30,SPY,0.008921387772089548,0.02028375894432366,0.00940096407025038,0.04544288745445834,0.011362371172234112,0.00047957629816083175
positive_no_prior,2025-09-30,MGK,0.011611756191997856,0.04184616666398688,0.010515086299345855,0.05728193543564473,0.030234410471989027,-0.0010966698926520007
positive_no_prior,2025-09-30,VTV,0.0064367417626599545,-0.007371739211896489,0.008518541627757718,0.04295821228734837,-0.013808480974556444,0.002081799865097764
positive_no_prior,2025-09-30,IJR,0.0017677412340485724,-0.012108590721114587,0.005996886052758181,0.05454591123981591,-0.013876331955163159,0.0042291448187096094
positive_no_prior,2025-09-30,IWM,0.0015683093413945384,0.014115453040836279,0.005465610557746643,0.05574198640973273,0.01254714369944174,0.003897301216352105
positive_no_prior,2025-09-30,VNQ,0.00175040561960812,-0.027888055765740494,0.002953415181856262,0.05597495328853792,-0.029638461385348612,0.0012030095622481418
positive_no_prior,2025-09-30,VNQI,-0.0016981934999202267,-0.015995303603671296,-0.0029887046030156214,0.047927011082791404,-0.014297110103751069,-0.0012905111030953947
positive_no_prior,2025-09-30,VEA,0.00437046099754092,0.014158067636574012,0.0035571718561750298,0.048176949706255,0.009787606639033091,-0.0008132891413658904
positive_no_prior,2025-09-30,VWO,0.0012978096333496809,0.01105958429806142,0.00012205590155406972,0.04049542578525558,0.00976177466471174,-0.0011757537317956112
positive_no_prior,2025-09-30,VSS,0.0024440952610871435,-0.004799080760367169,0.0008944663732428531,0.04663428529601797,-0.007243176021454313,-0.0015496288878442904
positive_no_prior,2025-09-30,BND,-0.002612440760532275,0.002537797325417923,-0.0019982636868186737,0.016721572531405462,0.005150238085950198,0.0006141770737136012
positive_no_prior,2025-09-30,IEF,-0.003418812546817383,0.0036171952388968087,-0.0027689563417665117,0.019728483003967318,0.007036007785714192,0.0006498562050508711
positive_no_prior,2025-09-30,BNDX,-0.002631423621613449,0.006523664675198493,-0.002217763356461952,0.014001979379512629,0.009155088296811942,0.00041366026515149684
positive_no_prior,2025-09-30,LQD,-0.0022751904249042857,-0.0019813075408361414,-0.0017295983237592231,0.026146892130049827,0.0002938828840681443,0.0005455921011450625
positive_no_prior,2025-09-30,HYG,0.0005176748248631416,-0.003581832310472044,0.000840885067658973,0.022847993918604138,-0.004099507135335185,0.0003232102427958314
positive_no_prior,2025-09-30,EWX,0.003603912362163278,-0.003915097877319473,0.00273590453575293,0.03667418494146426,-0.007519010239482751,-0.0008680078264103482
positive_no_prior,2025-09-30,VWOB,-0.000677547025898794,0.017691150240358278,-0.0007725627103717057,0.02944533752202803,0.018368697266257072,-9.501568447291167e-05
positive_no_prior,2025-09-30,HYEM,-0.0004280423794682108,0.00027660203614199297,-0.0010626993666340498,0.026769700538559742,0.0007046444156102037,-0.000634656987165839
positive_no_prior,2025-10-31,SPY,0.00912797633885744,-0.001039617729681419,0.017731460045470444,0.039810462769733726,-0.010167594068538859,0.008603483706613005
positive_no_prior,2025-10-31,MGK,0.01216147274603402,-0.018174122322586972,0.01449526827541789,0.050067813627473694,-0.03033559506862099,0.0023337955293838697
positive_no_prior,2025-10-31,VTV,0.006185678472213474,0.02234958180665636,0.02040552699432867,0.03969714945840232,0.016163903334442887,0.014219848522115199
positive_no_prior,2025-10-31,IJR,0.0015154442894092421,0.022999546830901885,0.029426616997746225,0.05220893903233358,0.021484102541492644,0.027911172708336984
positive_no_prior,2025-10-31,IWM,0.0017964392268389336,0.007219933427264902,0.029520657153799684,0.052505951384759976,0.005423494200425968,0.02772421792696075
positive_no_prior,2025-10-31,VNQ,0.0012115245035108726,0.02116455054555555,0.01501283039008911,0.05012512923677287,0.019953026042044675,0.013801305886578238
positive_no_prior,2025-10-31,VNQI,-0.0019581409563520645,0.011398276316832767,0.011779892668896565,0.04576161590429445,0.013356417273184831,0.013738033625248629
positive_no_prior,2025-10-31,VEA,0.004548417481886976,0.006662577508105283,0.015643522603369257,0.04324676601896474,0.0021141600262183065,0.01109510512148228
positive_no_prior,2025-10-31,VWO,0.0014752964454353488,-0.015135981764385575,0.013647582467022155,0.04347519614598478,-0.016611278209820925,0.012172286021586806
positive_no_prior,2025-10-31,VSS,0.0023124011516061564,0.006820955763576553,0.015552317213899713,0.04318200073696746,0.004508554611970396,0.013239916062293557
positive_no_prior,2025-10-31,BND,-0.002518800068060453,0.00297114143881938,0.0001147668351751431,0.014785483608744763,0.005489941506879833,0.002633566903235596
positive_no_prior,2025-10-31,IEF,-0.0032908851325316704,0.00686801303321638,-0.00100520344148147,0.01728170117674611,0.01015889816574805,0.0022856816910502005
positive_no_prior,2025-10-31,BNDX,-0.002464967470762323,-0.004807659780811324,-0.001763403788874539,0.012081331724066221,-0.002342692310049001,0.000701563681887784
positive_no_prior,2025-10-31,LQD,-0.00226984709973941,0.006300096794094712,0.0023091298065856234,0.022882442195174737,0.008569943893834121,0.0045789769063250335
positive_no_prior,2025-10-31,HYG,0.000443138331493411,0.004457641722011463,0.0044379111901191185,0.019712232986356607,0.004014503390518052,0.003994772858625708
positive_no_prior,2025-10-31,EWX,0.0034672030850817735,-0.016176668191666965,0.015952020451505188,0.03662198442122946,-0.01964387127674874,0.012484817366423415
positive_no_prior,2025-10-31,VWOB,-0.0003435707119668472,0.0006545758910070365,0.005720860549361379,0.026364728901274295,0.0009981466029738836,0.006064431261328226
positive_no_prior,2025-10-31,HYEM,-0.0004152306628207526,-0.0021992661278306125,0.006803157663540725,0.025524058366853005,-0.0017840354650098598,0.007218388326361477
positive_no_prior,2025-11-28,SPY,0.008946412159062103,-0.0024606389596457667,0.011936902551124094,0.037198129434561404,-0.01140705111870787,0.0029904903920619907
positive_no_prior,2025-11-28,MGK,0.011619765691237216,-0.006014656315694422,0.008013954523171971,0.04511588540027644,-0.01763442200693164,-0.0036058111680652444
positive_no_prior,2025-11-28,VTV,0.006474319603185668,0.004591005630098177,0.018672252357743117,0.04005196494661368,-0.001883313973087491,0.01219793275455745
positive_no_prior,2025-11-28,IJR,0.0018990889776501821,-0.0043423583691276635,0.021981198737929725,0.05507326868814286,-0.006241447346777846,0.02008210976027954
positive_no_prior,2025-11-28,IWM,0.0018932873375608259,-0.010325989693845572,0.020497816813082225,0.05503850096310821,-0.012219277031406397,0.018604529475521398
positive_no_prior,2025-11-28,VNQ,0.0015678285399759562,-0.02554537559841752,0.01428807621800105,0.05095269901550712,-0.027113204138393476,0.012720247678025093
positive_no_prior,2025-11-28,VNQI,-0.0017196335050451924,0.0008944661826628675,0.006361379381771947,0.04092301168133747,0.0026140996877080597,0.008081012886817139
positive_no_prior,2025-11-28,VEA,0.004586170339498018,0.02842462799248069,0.012459094268393301,0.0387672498298511,0.023838457652982672,0.007872923928895284
positive_no_prior,2025-11-28,VWO,0.0011786664774028324,0.006231798598067773,-0.0019214749809022948,0.042382293556626066,0.00505313212066494,-0.003100141458305127
positive_no_prior,2025-11-28,VSS,0.002392911055391342,0.01745648547983225,0.008145232841135632,0.03795372875461046,0.01506357442444091,0.00575232178574429
positive_no_prior,2025-11-28,BND,-0.002420765398294742,-0.00624728267814989,-9.484951690260594e-05,0.014254990999288874,-0.0038265172798551484,0.002325915881392136
positive_no_prior,2025-11-28,IEF,-0.003109476236714741,-0.010842523271658244,-0.00016353024273483337,0.01689425368472281,-0.007733047034943503,0.0029459459939799077
positive_no_prior,2025-11-28,BNDX,-0.002506801262013198,-0.00843043234441343,-0.0015598799200951,0.011788727508594046,-0.005923631082400232,0.0009469213419180979
positive_no_prior,2025-11-28,LQD,-0.0021168123873495153,-0.010606184040828248,0.0010133314250622386,0.021891332375850458,-0.008489371653478732,0.003130143812411754
positive_no_prior,2025-11-28,HYG,0.0005148258920383762,0.0016540803164204476,0.004455133323597577,0.019152819973793346,0.0011392544243820713,0.0039403074315592
positive_no_prior,2025-11-28,EWX,0.003116419669425546,0.005526301936131128,7.884858675591671e-06,0.03465123261008291,0.0024098822667055824,-0.003108534810749954
positive_no_prior,2025-11-28,VWOB,-0.00032574666548517074,-0.0012631324755422169,0.002556948240293105,0.024768330877966524,-0.0009373858100570462,0.002882694905778276
positive_no_prior,2025-11-28,HYEM,-0.000447088438981643,0.006456216930834868,0.0008216582815483448,0.02519272101074516,0.006903305369816511,0.0012687467205299877
positive_no_prior,2025-12-31,SPY,0.008746288455225123,0.011594066475381304,0.008634176757026968,0.0367877955186386,0.002847778020156181,-0.00011211169819815535
positive_no_prior,2025-12-31,MGK,0.011310389866554206,-0.01981088189923419,0.0017036649286993368,0.04501676657328878,-0.031121271765788397,-0.009606724937854869
positive_no_prior,2025-12-31,VTV,0.00644127900716659,0.04262615110326995,0.014856678305860205,0.036108263164909456,0.03618487209610336,0.008415399298693615
positive_no_prior,2025-12-31,IJR,0.0017895899013909218,0.05372327844739844,0.012565456523294544,0.050332134634267736,0.051933688546007516,0.010775866621903623
positive_no_prior,2025-12-31,IWM,0.0016789140563080822,0.05153392029332182,0.010916214610139153,0.050355106984095364,0.04985500623701374,0.009237300553831072
positive_no_prior,2025-12-31,VNQ,0.0010921582919339653,0.0229258613639709,-0.0009174088838744124,0.04558980175955724,0.021833703072036935,-0.0020095671758083777
positive_no_prior,2025-12-31,VNQI,-0.0016737721070152263,0.04257155181000494,0.0050938607515213594,0.03962686537835952,0.044245323917020164,0.0067676328585365856
positive_no_prior,2025-12-31,VEA,0.005004388894813503,0.05642561347994279,0.014248789960464097,0.03869961153132569,0.051421224585129294,0.009244401065650594
positive_no_prior,2025-12-31,VWO,0.0012673179181162523,0.04715510460279937,0.0032313538090272815,0.035900790425961455,0.045887786684683116,0.0019640358909110292
positive_no_prior,2025-12-31,VSS,0.002657184290907849,0.06068200468583562,0.008918098788195512,0.03850881032269431,0.058024820394927776,0.006260914497287663
positive_no_prior,2025-12-31,BND,-0.0024878972803974637,-0.0009446630105405251,-0.0033703713156605815,0.01281577526009515,0.0015432342698569385,-0.0008824740352631178
positive_no_prior,2025-12-31,IEF,-0.003245143728555855,-0.005378931439972923,-0.0053551356083128936,0.015170846788233395,-0.0021337877114170675,-0.0021099918797570383
positive_no_prior,2025-12-31,BNDX,-0.0026107246143360087,0.002059820670583523,-0.004634316959935987,0.011056229069886845,0.004670545284919532,-0.002023592345599978
positive_no_prior,2025-12-31,LQD,-0.0022657487321473876,0.0003398451129934532,-0.003501382537878518,0.020587000952717698,0.002605593845140841,-0.0012356338057311306
positive_no_prior,2025-12-31,HYG,0.0005348128117643775,0.0029604455586125233,0.002750836911901898,0.018254740938137202,0.002425632746848146,0.0022160241001375207
positive_no_prior,2025-12-31,EWX,0.0031586983056835385,0.02711570928152862,0.002233361836709368,0.03059678199535553,0.023957010975845083,-0.0009253364689741704
positive_no_prior,2025-12-31,VWOB,-0.0003421920305738908,0.0003023714262653243,0.0018655812820859469,0.023410172446088354,0.0006445634568392151,0.002207773312659838
positive_no_prior,2025-12-31,HYEM,-0.00032597781845854624,0.01193825183971775,0.004451083154023143,0.02198686279270176,0.012264229658176296,0.0047770609724816894
positive_no_prior,2026-01-30,SPY,0.0087953880762623,-0.011463064459755201,0.014701860738829717,0.0416619243399179,-0.0202584525360175,0.005906472662567417
positive_no_prior,2026-01-30,MGK,0.010773816215419922,-0.049282081977910286,0.02044161497461658,0.05325573695184516,-0.06005589819333021,0.009667798759196657
positive_no_prior,2026-01-30,VTV,0.00706515611227182,0.03464425383897951,0.01007609044229198,0.03825695765295954,0.02757909772670769,0.0030109343300201603
positive_no_prior,2026-01-30,IJR,0.002684998324597948,0.018113075612949725,0.0021044126999898213,0.05289957765717109,0.015428077288351777,-0.0005805856246081267
positive_no_prior,2026-01-30,IWM,0.0025384831293600433,0.003913446654500996,0.0036031210184849583,0.053670850036181196,0.0013749635251409527,0.001064637889124915
positive_no_prior,2026-01-30,VNQ,0.0014686014483483952,0.05085567147315495,0.0025781094879011052,0.05117337133465188,0.04938707002480656,0.00110950803955271
positive_no_prior,2026-01-30,VNQI,-0.0009109216946528097,0.05477043858428532,0.003944044431411201,0.042870662838697296,0.05568136027893813,0.00485496612606401
positive_no_prior,2026-01-30,VEA,0.005890961732488146,0.05800790565870817,0.010812897976202319,0.04328431085355409,0.05211694392622002,0.004921936243714173
positive_no_prior,2026-01-30,VWO,0.0020584866540590647,0.025936988754007295,0.012625809399062514,0.04020631828533526,0.02387850209994823,0.010567322745003448
positive_no_prior,2026-01-30,VSS,0.003657612228751431,0.046521625760379104,0.007832845913457776,0.04340210539499781,0.04286401353162767,0.004175233684706345
positive_no_prior,2026-01-30,BND,-0.002461289792986137,0.013125538032234596,-0.0003657788035869099,0.015458241175246936,0.015586827825220733,0.002095510989399227
positive_no_prior,2026-01-30,IEF,-0.0032819331718561494,0.02178389001983616,-0.0012343157845422525,0.018388498375698663,0.02506582319169231,0.002047617387313897
positive_no_prior,2026-01-30,BNDX,-0.0025301979714925688,0.01242298193585456,-0.0007645183230404772,0.013202198377506556,0.014953179907347128,0.0017656796484520915
positive_no_prior,2026-01-30,LQD,-0.0022208247003346147,0.010894680719308658,0.0008616606749292976,0.02389164494400288,0.013115505419643273,0.0030824853752639122
positive_no_prior,2026-01-30,HYG,0.0005766340660203799,-0.0028581418854923824,0.0020187971605662076,0.02028106827468495,-0.0034347759515127624,0.0014421630945458275
positive_no_prior,2026-01-30,EWX,0.003571750219060178,0.03253007863200175,0.005267647864467401,0.035494073810996125,0.02895832841294157,0.001695897645407223
positive_no_prior,2026-01-30,VWOB,-0.0003310788675249388,0.012410830018970698,0.0033218256899255807,0.02676138415552681,0.012741908886495637,0.0036529045574505196
positive_no_prior,2026-01-30,HYEM,-0.00011452558297274804,0.006343486373523,-5.952348866810996e-06,0.0251995306233519,0.006458011956495748,0.00010857323410593705
positive_no_prior,2026-02-27,SPY,0.008452024473956918,-0.05236481425659356,0.00016474346000128377,0.03867517388354295,-0.06081683873055048,-0.008287281013955634
positive_no_prior,2026-02-27,MGK,0.009755919635871952,-0.05256666804441845,0.003173663303551284,0.04918308114696327,-0.062322587680290406,-0.006582256332320668
positive_no_prior,2026-02-27,VTV,0.0075325984466227975,-0.05111916666844174,-0.0016153414907311738,0.04145613931625392,-0.058651765115064536,-0.009147939937353971
positive_no_prior,2026-02-27,IJR,0.0029464911599937408,-0.0430573291552121,-0.0075846550722406415,0.052993718378429186,-0.04600382031520584,-0.010531146232234383
positive_no_prior,2026-02-27,IWM,0.002561787595887856,-0.052595723393065286,-0.006328191926000211,0.05371648068999946,-0.05515751098895314,-0.008889979521888067
positive_no_prior,2026-02-27,VNQ,0.002305670431819693,-0.066081450572396,-0.009216013847711754,0.051317294803506025,-0.06838712100421569,-0.011521684279531447
positive_no_prior,2026-02-27,VNQI,3.283017448173479e-05,-0.1261996923521307,-0.009306036794896931,0.04674031826124607,-0.12623252252661243,-0.009338866969378665
positive_no_prior,2026-02-27,VEA,0.006774299765135943,-0.0890166153043781,-0.0023415951000838606,0.04576463091644756,-0.09579091506951404,-0.009115894865219803
positive_no_prior,2026-02-27,VWO,0.0024632070286344583,-0.07262882161942752,-0.002013385064538161,0.04142355708728494,-0.07509202864806198,-0.0044765920931726195
positive_no_prior,2026-02-27,VSS,0.004384120932677324,-0.09195775776152426,-0.004044343877412629,0.04395416261751255,-0.09634187869420159,-0.008428464810089954
positive_no_prior,2026-02-27,BND,-0.0021971062705247687,-0.020459273388676813,-0.005038931022829481,0.014891859250467765,-0.018262167118152043,-0.0028418247523047126
positive_no_prior,2026-02-27,IEF,-0.0028570887109800086,-0.02626946195927571,-0.005733529106138264,0.0182109734499147,-0.0234123732482957,-0.0028764403951582556
positive_no_prior,2026-02-27,BNDX,-0.002276754244249397,-0.02445812349945309,-0.005025707374063708,0.01251879590300109,-0.02218136925520369,-0.002748953129814311
positive_no_prior,2026-02-27,LQD,-0.0019985279983067627,-0.02380357071815431,-0.00664184184876609,0.022469606715576674,-0.021805042719847546,-0.004643313850459328
positive_no_prior,2026-02-27,HYG,0.0005184175244693163,-0.01264655652256541,-0.004696123687517057,0.01971127710279253,-0.013164974047034726,-0.005214541211986373
positive_no_prior,2026-02-27,EWX,0.004062569344703256,-0.05906694056130268,0.000597559557805979,0.03585404115615279,-0.06312950990600594,-0.0034650097868972767
positive_no_prior,2026-02-27,VWOB,-0.0001151143101267077,-0.03742886388704314,-0.005814139709897447,0.02646862103073758,-0.03731374957691643,-0.005699025399770739
positive_no_prior,2026-02-27,HYEM,-5.067753201633674e-06,-0.024402651519384255,-0.004070731127375975,0.027596763520877483,-0.02439758376618262,-0.004065663374174341
positive_no_prior,2026-03-31,SPY,0.00743841049511441,0.10158469057343722,0.014493767166938487,0.03912422260855793,0.0941462800783228,0.007055356671824077
positive_no_prior,2026-03-31,MGK,0.008717209841200446,0.13945658747726553,0.01818032541484078,0.048739001060586894,0.13073937763606508,0.009463115573640334
positive_no_prior,2026-03-31,VTV,0.006555069028038389,0.0506170669983208,0.009428889759336872,0.040446075858699714,0.044061997970282415,0.0028738207312984836
positive_no_prior,2026-03-31,IJR,0.002179760821406977,0.09942684130728341,0.010034269288670614,0.05599855165936806,0.09724708048587644,0.007854508467263637
positive_no_prior,2026-03-31,IWM,0.0016424957460719702,0.11732924859591698,0.01086216145794901,0.0564009399641158,0.115686752849845,0.00921966571187704
positive_no_prior,2026-03-31,VNQ,0.0011658850817494312,0.08261211567781301,0.004409558842689053,0.05056200944653281,0.08144623059606358,0.003243673760939622
positive_no_prior,2026-03-31,VNQI,-0.0020710452009618054,0.05920759938488018,0.0037094105223840234,0.04792226288076809,0.061278644585841986,0.005780455723345829
positive_no_prior,2026-03-31,VEA,0.005177784513977376,0.07028850576993428,0.011076659258177874,0.0445901683717744,0.0651107212559569,0.005898874744200498
positive_no_prior,2026-03-31,VWO,0.0012116732178334255,0.08686516780484332,0.006662238290747953,0.042011047898432206,0.0856534945870099,0.005450565072914527
positive_no_prior,2026-03-31,VSS,0.002778422954440631,0.08096490152679459,0.00831843396227834,0.044772284773923116,0.07818647857235396,0.005540011007837709
positive_no_prior,2026-03-31,BND,-0.0025014757224939696,-0.001644084190784434,0.0002693531861860188,0.014050418031407367,0.0008573915317095357,0.0027708289086799884
positive_no_prior,2026-03-31,IEF,-0.003247294931784937,-0.004636900424381141,-0.0003579016593591132,0.01693729776604219,-0.0013896054925962038,0.0028893932724258237
positive_no_prior,2026-03-31,BNDX,-0.002646443731836125,-0.0008092670395931645,0.0006253885406888628,0.011773698147800729,0.0018371766922429607,0.003271832272524988
positive_no_prior,2026-03-31,LQD,-0.0023619453769708884,-0.0003280238707080718,0.0013407803143664384,0.021597274351387464,0.0020339215062628166,0.003702725691337327
positive_no_prior,2026-03-31,HYG,0.00029900129035207075,0.012020620280474459,0.002713706151767106,0.01865721003247368,0.011721618990122388,0.0024147048614150354
positive_no_prior,2026-03-31,EWX,0.003010410846269823,0.10571433591391832,0.009210492365756558,0.0366603580353832,0.1027039250676485,0.0062000815194867345
positive_no_prior,2026-03-31,VWOB,-0.0007370101364086482,0.020791542317250666,0.0028816335137109364,0.025676958118386974,0.021528552453659314,0.0036186436501195844
positive_no_prior,2026-03-31,HYEM,-0.0004116941493046774,0.022278894658412263,-0.00029528136320989477,0.02515036265680689,0.02269058880771694,0.00011641278609478262
positive_no_prior,2026-04-30,SPY,0.008981792135742652,0.049483664963993146,0.004457597634908999,0.042924833646997174,0.04050187282825049,-0.004524194500833653
positive_no_prior,2026-04-30,MGK,0.010860478327037579,0.08330425574857636,0.007664922963930398,0.05541725754867065,0.07244377742153878,-0.0031955553631071807
positive_no_prior,2026-04-30,VTV,0.0072773968636167885,0.021460679046998887,0.0018417595122496144,0.04311480000978256,0.0141832821833821,-0.005435637351367174
positive_no_prior,2026-04-30,IJR,0.0037739752556016724,0.008359592272450422,-0.007097158406124019,0.06076739400541543,0.00458561701684875,-0.010871133661725691
positive_no_prior,2026-04-30,IWM,0.0035389998911513967,0.04170616807391436,-0.007314359588171823,0.06122368086308191,0.038167168182762966,-0.01085335947932322
positive_no_prior,2026-04-30,VNQ,0.002501069189881621,-0.009505527770350963,0.000428727004577501,0.054949564273242144,-0.012006596960232584,-0.00207234218530412
positive_no_prior,2026-04-30,VNQI,-0.0010664772569316092,-0.02873894096208207,-0.003970488577850338,0.050286449123473465,-0.027672463705150464,-0.002904011320918729
positive_no_prior,2026-04-30,VEA,0.006245173387025849,0.04005467192775236,0.002965668940666628,0.046884711848497566,0.03380949854072651,-0.0032795044463592216
positive_no_prior,2026-04-30,VWO,0.002615828866800801,0.013087733301134774,0.001704569182047647,0.045575014565659544,0.010471904434333972,-0.0009112596847531539
positive_no_prior,2026-04-30,VSS,0.00406016850480709,0.0153673341636833,-0.0005849460924007783,0.04720319158638128,0.01130716565887621,-0.004645114597207868
positive_no_prior,2026-04-30,BND,-0.0024874201236134855,-0.00023588979226363271,-0.000109191867525098,0.015383036341733118,0.002251530331349853,0.0023782282560883875
positive_no_prior,2026-04-30,IEF,-0.00327007534969635,-0.0031745273257528517,-3.281988503036704e-05,0.01852815171239447,9.554802394349821e-05,0.003237255464665983
positive_no_prior,2026-04-30,BNDX,-0.002616326081143618,0.005188840393763217,-0.0016394046009025713,0.013087305330065536,0.007805166474906835,0.0009769214802410465
positive_no_prior,2026-04-30,LQD,-0.002328602401458383,0.005612799118414058,0.00011155127141636908,0.023380927937956188,0.007941401519872441,0.002440153672874752
positive_no_prior,2026-04-30,HYG,0.0004911589787147328,0.0013666068307942592,-0.0007114969920152605,0.02012720423126823,0.0008754478520795263,-0.0012026559707299933
positive_no_prior,2026-04-30,EWX,0.004694081749018159,0.01835836502980981,0.0005883710389402025,0.04015969661189895,0.01366428328079165,-0.004105710710077957
positive_no_prior,2026-04-30,VWOB,-0.0003840830470043972,0.006564291011867507,0.0002261971939317659,0.027321653086768455,0.006948374058871904,0.0006102802409361631
positive_no_prior,2026-04-30,HYEM,-3.971728360439966e-05,0.00658729224447252,0.00012032604069123838,0.026810621147865234,0.0066270095280769195,0.00016004332429563804
positive_beta_prior,2025-05-30,SPY,0.007317202496114117,0.04769511906164903,0.011037193452983578,0.04594095776301949,0.04037791656553491,0.0037199909568694615
positive_beta_prior,2025-05-30,MGK,0.009610770673104944,0.06034673392230827,0.013620342785564019,0.05689494724509276,0.05073596324920333,0.0040095721124590745
positive_beta_prior,2025-05-30,VTV,0.005312478651329571,0.0332330912657377,0.008725814977656324,0.0458556532364451,0.027920612614408133,0.0034133363263267533
positive_beta_prior,2025-05-30,IJR,-0.00041575730887501996,0.03734736300075814,0.007695076420220118,0.060502709507301994,0.03776312030963316,0.008110833729095138
positive_beta_prior,2025-05-30,IWM,-0.0015216367751140637,0.05147995646827952,0.006998144870240958,0.061972301133354994,0.05300159324339358,0.008519781645355022
positive_beta_prior,2025-05-30,VNQ,0.0013147227365438608,0.0033500785292834845,0.004223567983543409,0.057388952731617225,0.002035355792739624,0.0029088452469995486
positive_beta_prior,2025-05-30,VNQI,-0.003141402592921254,0.04115888912622401,-0.0005224875777809068,0.04799939727319102,0.04430029171914526,0.002618915015140347
positive_beta_prior,2025-05-30,VEA,0.003213867729195683,0.030256851306093457,0.006095272572268254,0.04680204362277842,0.027042983576897776,0.002881404843072571
positive_beta_prior,2025-05-30,VWO,-0.0013812432635037686,0.05168209224062714,-0.0006302821135070775,0.041328442812463284,0.053063335504130914,0.0007509611499966911
positive_beta_prior,2025-05-30,VSS,0.00044890942076046157,0.054769444558085745,0.003927956166203715,0.046285943935539545,0.054320535137325286,0.003479046745443253
positive_beta_prior,2025-05-30,BND,-0.003237055002469442,0.011602274676301816,-0.002543030327057362,0.016143340825578032,0.014839329678771258,0.0006940246754120801
positive_beta_prior,2025-05-30,IEF,-0.0040674968930327,0.012452491537882304,-0.0031828762637648887,0.01898684771865807,0.016519988430915004,0.0008846206292678115
positive_beta_prior,2025-05-30,BNDX,-0.0027348125869511297,-0.0001381150801093023,-0.0017101327785068322,0.013686307793515935,0.0025966975068418274,0.0010246798084442975
positive_beta_prior,2025-05-30,LQD,-0.003152480733546488,0.01724059290590274,-0.0017271943485542964,0.025544582011665245,0.020393073639449227,0.0014252863849921916
positive_beta_prior,2025-05-30,HYG,5.2760762575032596e-05,0.014810137654057698,0.0008498620936214681,0.022024923779127906,0.014757376891482665,0.0007971013310464354
positive_beta_prior,2025-05-30,EWX,0.0014349156952656505,0.05043478917948763,0.003269826646754152,0.03614663012993567,0.048999873484221974,0.0018349109514885014
positive_beta_prior,2025-05-30,VWOB,-0.001725584997727383,0.021275025282161186,8.275456789156839e-05,0.029232757108333736,0.02300061027988857,0.0018083395656189514
positive_beta_prior,2025-05-30,HYEM,-0.0011012187111369331,0.014454903619178339,0.0007070459970634478,0.027803692065005485,0.015556122330315272,0.001808264708200381
positive_beta_prior,2025-06-30,SPY,0.008108926350340292,0.01908467259702551,0.007729581847508188,0.04914166447024362,0.010975746246685217,-0.0003793445028321043
positive_beta_prior,2025-06-30,MGK,0.010605593481912853,0.03526188252947149,0.01065724326991987,0.06369386645260343,0.024656289047558635,5.1649788007016376e-05
positive_beta_prior,2025-06-30,VTV,0.005859941643768946,-0.002167296399311236,0.005513975583456522,0.04354873580952161,-0.00802723804308018,-0.00034596606031242396
positive_beta_prior,2025-06-30,IJR,0.0003246960305295518,0.005165530187941636,-0.00023545862492792752,0.05708803315302373,0.004840834157412084,-0.0005601546554574793
positive_beta_prior,2025-06-30,IWM,-0.0004823898487730129,0.012760607343994756,-0.0008249356836462753,0.058662595136826916,0.01324299719276777,-0.00034254583487326235
positive_beta_prior,2025-06-30,VNQ,0.0013546316736564024,-0.0029632780526935854,-0.0013173104925205323,0.056149964228503595,-0.004317909726349988,-0.0026719421661769347
positive_beta_prior,2025-06-30,VNQI,-0.0022727694219576216,-0.023931985253554888,-0.007466744975028184,0.046399564009513665,-0.021659215831597266,-0.005193975553070562
positive_beta_prior,2025-06-30,VEA,0.003744122309134855,-0.01766175570590245,0.0010444401975172445,0.04781827312348555,-0.021405878015037304,-0.0026996821116176107
positive_beta_prior,2025-06-30,VWO,-0.0003407857045992409,0.002989658374459969,-0.0039442150638929795,0.04145265809870606,0.0033304440790592102,-0.0036034293592937384
positive_beta_prior,2025-06-30,VSS,0.001514017952864879,-0.009120730437294888,-0.0020746503246089664,0.047732945837483345,-0.010634748390159767,-0.0035886682774738453
positive_beta_prior,2025-06-30,BND,-0.002946087753866084,-0.006504632044136427,-0.0036015090741258566,0.016593106294910596,-0.0035585442902703428,-0.0006554213202597725
positive_beta_prior,2025-06-30,IEF,-0.0037435755512500533,-0.00977429711868305,-0.004590789956931202,0.019382994076518563,-0.0060307215674329975,-0.000847214405681149
positive_beta_prior,2025-06-30,BNDX,-0.0026838969495620742,-0.00498710657025403,-0.003139818497410813,0.014428958468337605,-0.0023032096206919554,-0.0004559215478487388
positive_beta_prior,2025-06-30,LQD,-0.0027526165445376795,-0.004751878550950606,-0.004161317464284732,0.02642951284423781,-0.001999262006412926,-0.001408700919747052
positive_beta_prior,2025-06-30,HYG,0.0003421210937805751,-0.002505544256353631,-0.0007005730221186731,0.02306571937365156,-0.0028476653501342064,-0.0010426941158992481
positive_beta_prior,2025-06-30,EWX,0.002395697528289611,0.003689786989881094,-0.00013328663070614425,0.037507356804130206,0.0012940894615914834,-0.002528984158995755
positive_beta_prior,2025-06-30,VWOB,-0.0012745926392981953,0.003448378263515961,-0.0029703787218184194,0.02963267103411989,0.004722970902814157,-0.001695786082520224
positive_beta_prior,2025-06-30,HYEM,-0.0007961967046601631,0.0052854367518158085,-0.000771849839194842,0.02652721826263311,0.006081633456475972,2.4346865465321114e-05
positive_beta_prior,2025-07-31,SPY,0.008319998393545776,0.01702595928567807,0.007167610052500953,0.046944672723842056,0.008705960892132296,-0.0011523883410448233
positive_beta_prior,2025-07-31,MGK,0.011079752886673596,0.005506659536577585,0.009043382057770402,0.06096475362880918,-0.005573093350096011,-0.0020363708289031935
positive_beta_prior,2025-07-31,VTV,0.0057055716814020194,0.03136457393982228,0.0055293014721105845,0.0422136335131273,0.025659002258420265,-0.00017627020929143495
positive_beta_prior,2025-07-31,IJR,0.0004177889950951688,0.06670214284372133,0.0011498176238437727,0.05622644017871956,0.06628435384862616,0.0007320286287486039
positive_beta_prior,2025-07-31,IWM,-0.00022771682583517123,0.06825711678016222,0.0003377782498565689,0.057337954269322804,0.06848483360599739,0.0005654950756917402
positive_beta_prior,2025-07-31,VNQ,0.0012715949481496719,0.031234506481848445,-0.0010623169326880882,0.056253067187850135,0.029962911533698774,-0.00233391188083776
positive_beta_prior,2025-07-31,VNQI,-0.002689292803334492,0.03800885965747658,-0.00631356067760931,0.045934093464307976,0.04069815246081107,-0.003624267874274818
positive_beta_prior,2025-07-31,VEA,0.003332470808845676,0.040715343672140136,0.0009814251949271918,0.04700093687805261,0.03738287286329446,-0.002351045613918484
positive_beta_prior,2025-07-31,VWO,-0.0002767387030788715,0.03119670619044923,-0.0024831061761242113,0.04142206687237028,0.0314734448935281,-0.0022063674730453398
positive_beta_prior,2025-07-31,VSS,0.0013095035607464218,0.04570476560415426,-0.0020376599447135555,0.04678450375943166,0.04439526204340784,-0.003347163505459977
positive_beta_prior,2025-07-31,BND,-0.0030145212979097447,0.008078120866885197,-0.0036113086633661157,0.016247033095239987,0.011092642164794941,-0.000596787365456371
positive_beta_prior,2025-07-31,IEF,-0.0038595509660083803,0.013001796164747947,-0.004935440826680876,0.018994071891133637,0.016861347130756328,-0.0010758898606724955
positive_beta_prior,2025-07-31,BNDX,-0.002728189442267689,-0.002067319775812204,-0.0032935974310060786,0.013784087055202537,0.0006608696664554847,-0.0005654079887383897
positive_beta_prior,2025-07-31,LQD,-0.002791063890814851,0.0069765482555901315,-0.0042185391176962255,0.02556932117852721,0.009767612146404982,-0.0014274752268813745
positive_beta_prior,2025-07-31,HYG,0.0002873582985856865,0.007592278645943473,-0.0005206733686340303,0.02243852939917043,0.007304920347357787,-0.0008080316672197168
positive_beta_prior,2025-07-31,EWX,0.002420583864089447,0.059400893238615415,0.001039388504390201,0.03766506321527102,0.056980309374525966,-0.001381195359699246
positive_beta_prior,2025-07-31,VWOB,-0.0011837662757825385,0.013654429789281775,-0.002489499503799032,0.029141635734746783,0.014838196065064313,-0.0013057332280164936
positive_beta_prior,2025-07-31,HYEM,-0.0006792422151125483,0.015516857251125726,-0.0004922161222058099,0.026239662165153232,0.016196099466238276,0.00018702609290673837
positive_beta_prior,2025-08-29,SPY,0.008484261806604877,0.03208906394277711,0.009202094106241966,0.0456379000542192,0.02360480213617223,0.0007178322996370893
positive_beta_prior,2025-08-29,MGK,0.010974600181954803,0.04538102472427963,0.009761527305377972,0.05971661812010156,0.03440642454232483,-0.001213072876576831
positive_beta_prior,2025-08-29,VTV,0.00618970379948542,0.019529753810910266,0.010335533351596055,0.04119439928917227,0.013340050011424846,0.004145829552110635
positive_beta_prior,2025-08-29,IJR,0.001668437180918304,0.007030856049952794,0.004623598577970302,0.056831670955967355,0.00536241886903449,0.0029551613970519985
positive_beta_prior,2025-08-29,IWM,0.0010644498459761002,0.028272862598571757,0.0032868476708184397,0.05827001694364214,0.027208412752595657,0.0022223978248423395
positive_beta_prior,2025-08-29,VNQ,0.0018369329016156865,-0.002835540326792896,0.007297315579736634,0.05544741890374764,-0.004672473228408582,0.005460382678120948
positive_beta_prior,2025-08-29,VNQI,-0.0019214031342625851,0.010131917120224765,0.0017922017318217174,0.04571248997642313,0.01205332025448735,0.0037136048660843025
positive_beta_prior,2025-08-29,VEA,0.0040378080326814204,0.022001068135094393,0.006722714500620039,0.045399840347752234,0.017963260102412972,0.0026849064679386183
positive_beta_prior,2025-08-29,VWO,0.00031709987981788515,0.053275426570534856,0.0011874166536524266,0.03987755345217994,0.05295832669071697,0.0008703167738345415
positive_beta_prior,2025-08-29,VSS,0.002147150014395626,0.018182193335737562,0.002848300600184746,0.045868278485075124,0.016035043321341935,0.0007011505857891197
positive_beta_prior,2025-08-29,BND,-0.0028052261627249343,0.007605185555678684,-0.0017683848504462666,0.016896266522041244,0.01041041171840362,0.0010368413122786677
positive_beta_prior,2025-08-29,IEF,-0.00354141234089977,0.0030789765395491386,-0.0026313271149690197,0.02003657501934124,0.006620388880448909,0.0009100852259307504
positive_beta_prior,2025-08-29,BNDX,-0.0027157202032779626,0.0018362952066057758,-0.0023608407513132155,0.014277384671299544,0.0045520154098837385,0.0003548794519647471
positive_beta_prior,2025-08-29,LQD,-0.002606769322014757,0.015298491121950697,-0.002147727940504305,0.02641639065846839,0.017905260443965454,0.000459041381510452
positive_beta_prior,2025-08-29,HYG,0.00042518698438489,0.005419530370210479,0.0010630259716300626,0.022097894361905443,0.004994343385825589,0.0006378389872451727
positive_beta_prior,2025-08-29,EWX,0.0034956840409672957,0.00934001338555035,0.0037230950390759665,0.03670255336088325,0.005844329344583054,0.00022741099810867074
positive_beta_prior,2025-08-29,VWOB,-0.000903800312290759,0.011313877152875351,0.0004421019737809505,0.02852545329976689,0.01221767746516611,0.0013459022860717095
positive_beta_prior,2025-08-29,HYEM,-0.000373655432730694,-0.003310550556556602,0.00104198621724946,0.025315539842974185,-0.002936895123825908,0.001415641649980154
positive_beta_prior,2025-09-30,SPY,0.008921387772089548,0.02028375894432366,0.010544721782412832,0.04563650348235967,0.011362371172234112,0.0016233340103232845
positive_beta_prior,2025-09-30,MGK,0.011611756191997856,0.04184616666398688,0.011369408573336591,0.05749880755316384,0.030234410471989027,-0.00024234761866126497
positive_beta_prior,2025-09-30,VTV,0.0064367417626599545,-0.007371739211896489,0.009735881497013887,0.04507326029026609,-0.013808480974556444,0.0032991397343539322
positive_beta_prior,2025-09-30,IJR,0.0017677412340485724,-0.012108590721114587,0.011745334807665356,0.05778435450098946,-0.013876331955163159,0.009977593573616784
positive_beta_prior,2025-09-30,IWM,0.0015683093413945384,0.014115453040836279,0.010914967333205471,0.0590731389939183,0.01254714369944174,0.009346657991810933
positive_beta_prior,2025-09-30,VNQ,0.00175040561960812,-0.027888055765740494,0.003651524662294747,0.055563758164449306,-0.029638461385348612,0.001901119042686627
positive_beta_prior,2025-09-30,VNQI,-0.0016981934999202267,-0.015995303603671296,-0.0022825901968767616,0.04696938195624392,-0.014297110103751069,-0.0005843966969565348
positive_beta_prior,2025-09-30,VEA,0.00437046099754092,0.014158067636574012,0.004763726693118445,0.04795272235254075,0.009787606639033091,0.0003932656955775247
positive_beta_prior,2025-09-30,VWO,0.0012978096333496809,0.01105958429806142,0.00047676690383439903,0.04177944238755888,0.00976177466471174,-0.0008210427295152819
positive_beta_prior,2025-09-30,VSS,0.0024440952610871435,-0.004799080760367169,0.0032108855959366864,0.046515685026934726,-0.007243176021454313,0.0007667903348495429
positive_beta_prior,2025-09-30,BND,-0.002612440760532275,0.002537797325417923,-0.0017013904558379187,0.0158239735401587,0.005150238085950198,0.0009110503046943562
positive_beta_prior,2025-09-30,IEF,-0.003418812546817383,0.0036171952388968087,-0.0023327851207009757,0.018410945717767583,0.007036007785714192,0.0010860274261164072
positive_beta_prior,2025-09-30,BNDX,-0.002631423621613449,0.006523664675198493,-0.0022924892082871007,0.013133684434270702,0.009155088296811942,0.00033893441332634834
positive_beta_prior,2025-09-30,LQD,-0.0022751904249042857,-0.0019813075408361414,-0.0013468764134356732,0.025267875896412974,0.0002938828840681443,0.0009283140114686125
positive_beta_prior,2025-09-30,HYG,0.0005176748248631416,-0.003581832310472044,0.0007095920295688786,0.0220695293004407,-0.004099507135335185,0.00019191720470573695
positive_beta_prior,2025-09-30,EWX,0.003603912362163278,-0.003915097877319473,0.0031335214242379623,0.037978773284248146,-0.007519010239482751,-0.00047039093792531576
positive_beta_prior,2025-09-30,VWOB,-0.000677547025898794,0.017691150240358278,-0.00033600980547555286,0.028984661393522078,0.018368697266257072,0.0003415372204232411
positive_beta_prior,2025-09-30,HYEM,-0.0004280423794682108,0.00027660203614199297,-0.0010540905258629414,0.02594039393160672,0.0007046444156102037,-0.0006260481463947307
positive_beta_prior,2025-10-31,SPY,0.00912797633885744,-0.001039617729681419,0.014470382769776007,0.04470665745302493,-0.010167594068538859,0.005342406430918567
positive_beta_prior,2025-10-31,MGK,0.01216147274603402,-0.018174122322586972,0.012528691907702637,0.05889910472025904,-0.03033559506862099,0.0003672191616686162
positive_beta_prior,2025-10-31,VTV,0.006185678472213474,0.02234958180665636,0.014923810998492399,0.038968818291379784,0.016163903334442887,0.008738132526278926
positive_beta_prior,2025-10-31,IJR,0.0015154442894092421,0.022999546830901885,0.023605473663840575,0.05154962112032576,0.021484102541492644,0.022090029374431334
positive_beta_prior,2025-10-31,IWM,0.0017964392268389336,0.007219933427264902,0.02391495216620035,0.05344912748904594,0.005423494200425968,0.022118512939361415
positive_beta_prior,2025-10-31,VNQ,0.0012115245035108726,0.02116455054555555,0.010924290346897621,0.052982765606140694,0.019953026042044675,0.00971276584338675
positive_beta_prior,2025-10-31,VNQI,-0.0019581409563520645,0.011398276316832767,0.004631840506301983,0.043908320877753496,0.013356417273184831,0.006589981462654047
positive_beta_prior,2025-10-31,VEA,0.004548417481886976,0.006662577508105283,0.009677864572996997,0.04392158697641475,0.0021141600262183065,0.00512944709111002
positive_beta_prior,2025-10-31,VWO,0.0014752964454353488,-0.015135981764385575,0.007404991048155896,0.0407085477504373,-0.016611278209820925,0.005929694602720546
positive_beta_prior,2025-10-31,VSS,0.0023124011516061564,0.006820955763576553,0.007863010001869234,0.044399985544098075,0.004508554611970396,0.005550608850263077
positive_beta_prior,2025-10-31,BND,-0.002518800068060453,0.00297114143881938,-0.0005883448069651162,0.016472939290728305,0.005489941506879833,0.0019304552610953367
positive_beta_prior,2025-10-31,IEF,-0.0032908851325316704,0.00686801303321638,-0.001319327947660791,0.019235049987871237,0.01015889816574805,0.0019715571848708795
positive_beta_prior,2025-10-31,BNDX,-0.002464967470762323,-0.004807659780811324,-0.0016768550152061988,0.013538258708494164,-0.002342692310049001,0.0007881124555561242
positive_beta_prior,2025-10-31,LQD,-0.00226984709973941,0.006300096794094712,0.0005083947578834115,0.025852273877164395,0.008569943893834121,0.0027782418576228216
positive_beta_prior,2025-10-31,HYG,0.000443138331493411,0.004457641722011463,0.002276773768129116,0.020998131097258094,0.004014503390518052,0.0018336354366357051
positive_beta_prior,2025-10-31,EWX,0.0034672030850817735,-0.016176668191666965,0.011825375222848222,0.03582644341274432,-0.01964387127674874,0.008358172137766448
positive_beta_prior,2025-10-31,VWOB,-0.0003435707119668472,0.0006545758910070365,0.0031321213145391164,0.028350103601984956,0.0009981466029738836,0.0034756920265059635
positive_beta_prior,2025-10-31,HYEM,-0.0004152306628207526,-0.0021992661278306125,0.004365856986204529,0.025501331567722767,-0.0017840354650098598,0.004781087649025281
positive_beta_prior,2025-11-28,SPY,0.008946412159062103,-0.0024606389596457667,0.008671347191537039,0.047532849222527776,-0.01140705111870787,-0.00027506496752506375
positive_beta_prior,2025-11-28,MGK,0.011619765691237216,-0.006014656315694422,0.01066453114761981,0.06074260769261726,-0.01763442200693164,-0.0009552345436174055
positive_beta_prior,2025-11-28,VTV,0.006474319603185668,0.004591005630098177,0.008278368771051038,0.04321723998700018,-0.001883313973087491,0.0018040491678653703
positive_beta_prior,2025-11-28,IJR,0.0018990889776501821,-0.0043423583691276635,0.006422670879230661,0.056398958764326546,-0.006241447346777846,0.004523581901580478
positive_beta_prior,2025-11-28,IWM,0.0018932873375608259,-0.010325989693845572,0.005309803044141806,0.05764517995270978,-0.012219277031406397,0.0034165157065809797
positive_beta_prior,2025-11-28,VNQ,0.0015678285399759562,-0.02554537559841752,0.0033380668833993335,0.055844353123679906,-0.027113204138393476,0.0017702383434233773
positive_beta_prior,2025-11-28,VNQI,-0.0017196335050451924,0.0008944661826628675,-0.004181279279097682,0.04741624479550284,0.0026140996877080597,-0.00246164577405249
positive_beta_prior,2025-11-28,VEA,0.004586170339498018,0.02842462799248069,0.0029157581030155293,0.0479297791009693,0.023838457652982672,-0.0016704122364824886
positive_beta_prior,2025-11-28,VWO,0.0011786664774028324,0.006231798598067773,-0.00023712481985864258,0.04199207264751587,0.00505313212066494,-0.001415791297261475
positive_beta_prior,2025-11-28,VSS,0.002392911055391342,0.01745648547983225,-0.0005681106692837458,0.04740242146523399,0.01506357442444091,-0.0029610217246750876
positive_beta_prior,2025-11-28,BND,-0.002420765398294742,-0.00624728267814989,-0.002112793717641089,0.016470091087190872,-0.0038265172798551484,0.000307971680653653
positive_beta_prior,2025-11-28,IEF,-0.003109476236714741,-0.010842523271658244,-0.003023870261821328,0.01921471541380153,-0.007733047034943503,8.560597489341284e-05
positive_beta_prior,2025-11-28,BNDX,-0.002506801262013198,-0.00843043234441343,-0.0024139301566735555,0.014033496072327126,-0.005923631082400232,9.28711053396424e-05
positive_beta_prior,2025-11-28,LQD,-0.0021168123873495153,-0.010606184040828248,-0.0022034945070745268,0.026127321313805203,-0.008489371653478732,-8.668211972501141e-05
positive_beta_prior,2025-11-28,HYG,0.0005148258920383762,0.0016540803164204476,0.0007684250584136805,0.022791037025911304,0.0011392544243820713,0.00025359916637530424
positive_beta_prior,2025-11-28,EWX,0.003116419669425546,0.005526301936131128,0.0016661270144992348,0.037822757655854126,0.0024098822667055824,-0.001450292654926311
positive_beta_prior,2025-11-28,VWOB,-0.00032574666548517074,-0.0012631324755422169,-0.0008450125781619079,0.029074053969163637,-0.0009373858100570462,-0.0005192659126767372
positive_beta_prior,2025-11-28,HYEM,-0.000447088438981643,0.006456216930834868,-0.0006604559987159713,0.0267202286287341,0.006903305369816511,-0.00021336755973432828
positive_beta_prior,2025-12-31,SPY,0.008746288455225123,0.011594066475381304,0.009525955513093935,0.042486655927697084,0.002847778020156181,0.0007796670578688117
positive_beta_prior,2025-12-31,MGK,0.011310389866554206,-0.01981088189923419,0.00890471559636514,0.05540463628745848,-0.031121271765788397,-0.0024056742701890656
positive_beta_prior,2025-12-31,VTV,0.00644127900716659,0.04262615110326995,0.01012974661724326,0.0385466465492543,0.03618487209610336,0.0036884676100766706
positive_beta_prior,2025-12-31,IJR,0.0017895899013909218,0.05372327844739844,0.009386316192272332,0.052343332337374045,0.051933688546007516,0.007596726290881411
positive_beta_prior,2025-12-31,IWM,0.0016789140563080822,0.05153392029332182,0.008066436310973445,0.05418123207677729,0.04985500623701374,0.006387522254665362
positive_beta_prior,2025-12-31,VNQ,0.0010921582919339653,0.0229258613639709,0.0024195511073353,0.051439022072504295,0.021833703072036935,0.001327392815401335
positive_beta_prior,2025-12-31,VNQI,-0.0016737721070152263,0.04257155181000494,-6.17376875605936e-05,0.04305801110339639,0.044245323917020164,0.0016120344194546327
positive_beta_prior,2025-12-31,VEA,0.005004388894813503,0.05642561347994279,0.008925892204859183,0.042893303573673706,0.051421224585129294,0.00392150331004568
positive_beta_prior,2025-12-31,VWO,0.0012673179181162523,0.04715510460279937,0.0011926941101898536,0.0391833362548042,0.045887786684683116,-7.462380792639875e-05
positive_beta_prior,2025-12-31,VSS,0.002657184290907849,0.06068200468583562,0.0045944367837722905,0.04320009616486041,0.058024820394927776,0.0019372524928644415
positive_beta_prior,2025-12-31,BND,-0.0024878972803974637,-0.0009446630105405251,-0.0023444311778420455,0.015203960988086816,0.0015432342698569385,0.00014346610255541823
positive_beta_prior,2025-12-31,IEF,-0.003245143728555855,-0.005378931439972923,-0.0034380211591632016,0.017742805641309988,-0.0021337877114170675,-0.00019287743060734637
positive_beta_prior,2025-12-31,BNDX,-0.0026107246143360087,0.002059820670583523,-0.0029460640921106156,0.012978020659234046,0.004670545284919532,-0.0003353394777746068
positive_beta_prior,2025-12-31,LQD,-0.0022657487321473876,0.0003398451129934532,-0.002203556027598349,0.024129725844273156,0.002605593845140841,6.219270454903844e-05
positive_beta_prior,2025-12-31,HYG,0.0005348128117643775,0.0029604455586125233,0.0018861587779583089,0.02022281071020578,0.002425632746848146,0.0013513459661939314
positive_beta_prior,2025-12-31,EWX,0.0031586983056835385,0.02711570928152862,0.002493373542185018,0.035828991460708344,0.023957010975845083,-0.0006653247634985206
positive_beta_prior,2025-12-31,VWOB,-0.0003421920305738908,0.0003023714262653243,0.00048788094029887294,0.02716231925933023,0.0006445634568392151,0.0008300729708727638
positive_beta_prior,2025-12-31,HYEM,-0.00032597781845854624,0.01193825183971775,0.001550830092485642,0.0245777604382346,0.012264229658176296,0.0018768079109441882
positive_beta_prior,2026-01-30,SPY,0.0087953880762623,-0.011463064459755201,0.011489810727396636,0.04293359141498713,-0.0202584525360175,0.002694422651134336
positive_beta_prior,2026-01-30,MGK,0.010773816215419922,-0.049282081977910286,0.01356307690805382,0.05565547166557243,-0.06005589819333021,0.002789260692633898
positive_beta_prior,2026-01-30,VTV,0.00706515611227182,0.03464425383897951,0.009669095453355852,0.04076168024586446,0.02757909772670769,0.002603939341084032
positive_beta_prior,2026-01-30,IJR,0.002684998324597948,0.018113075612949725,0.003065904481735009,0.05348506524160814,0.015428077288351777,0.00038090615713706104
positive_beta_prior,2026-01-30,IWM,0.0025384831293600433,0.003913446654500996,0.002758630770199017,0.054007592500752676,0.0013749635251409527,0.00022014764083897386
positive_beta_prior,2026-01-30,VNQ,0.0014686014483483952,0.05085567147315495,0.002467926102433432,0.05311935697694608,0.04938707002480656,0.0009993246540850368
positive_beta_prior,2026-01-30,VNQI,-0.0009109216946528097,0.05477043858428532,0.002481304140244397,0.046237086065894814,0.05568136027893813,0.0033922258348972065
positive_beta_prior,2026-01-30,VEA,0.005890961732488146,0.05800790565870817,0.010234645952485823,0.04543940380869243,0.05211694392622002,0.004343684219997678
positive_beta_prior,2026-01-30,VWO,0.0020584866540590647,0.025936988754007295,0.007344420093975726,0.03984773456487638,0.02387850209994823,0.005285933439916661
positive_beta_prior,2026-01-30,VSS,0.003657612228751431,0.046521625760379104,0.006538371930359547,0.04578388329361003,0.04286401353162767,0.0028807597016081155
positive_beta_prior,2026-01-30,BND,-0.002461289792986137,0.013125538032234596,-0.0011294795905929782,0.01616630193158937,0.015586827825220733,0.0013318102023931588
positive_beta_prior,2026-01-30,IEF,-0.0032819331718561494,0.02178389001983616,-0.002393002408851994,0.018846242366854744,0.02506582319169231,0.0008889307630041555
positive_beta_prior,2026-01-30,BNDX,-0.0025301979714925688,0.01242298193585456,-0.0017752068860286065,0.013622867185466611,0.014953179907347128,0.0007549910854639623
positive_beta_prior,2026-01-30,LQD,-0.0022208247003346147,0.010894680719308658,-0.000539229548719706,0.025390921079871478,0.013115505419643273,0.0016815951516149087
positive_beta_prior,2026-01-30,HYG,0.0005766340660203799,-0.0028581418854923824,0.0015643521523510595,0.02142376332403629,-0.0034347759515127624,0.0009877180863306794
positive_beta_prior,2026-01-30,EWX,0.003571750219060178,0.03253007863200175,0.004225895141291769,0.03570633521108181,0.02895832841294157,0.0006541449222315916
positive_beta_prior,2026-01-30,VWOB,-0.0003310788675249388,0.012410830018970698,0.0014912340427050662,0.02803715119573527,0.012741908886495637,0.001822312910230005
positive_beta_prior,2026-01-30,HYEM,-0.00011452558297274804,0.006343486373523,0.0008388995810152519,0.025032541421665343,0.006458011956495748,0.000953425163988
positive_beta_prior,2026-02-27,SPY,0.008452024473956918,-0.05236481425659356,0.0037526316573195783,0.04442104806239448,-0.06081683873055048,-0.0046993928166373395
positive_beta_prior,2026-02-27,MGK,0.009755919635871952,-0.05256666804441845,0.004477657407564432,0.05826569837947932,-0.062322587680290406,-0.00527826222830752
positive_beta_prior,2026-02-27,VTV,0.0075325984466227975,-0.05111916666844174,0.0024450113039415884,0.04054628504808378,-0.058651765115064536,-0.005087587142681209
positive_beta_prior,2026-02-27,IJR,0.0029464911599937408,-0.0430573291552121,-0.0037894093663234482,0.05693088398634783,-0.04600382031520584,-0.006735900526317189
positive_beta_prior,2026-02-27,IWM,0.002561787595887856,-0.052595723393065286,-0.0044900060536044615,0.05965569237390048,-0.05515751098895314,-0.007051793649492317
positive_beta_prior,2026-02-27,VNQ,0.002305670431819693,-0.066081450572396,-0.00494161571389163,0.05491508643033924,-0.06838712100421569,-0.007247286145711323
positive_beta_prior,2026-02-27,VNQI,3.283017448173479e-05,-0.1261996923521307,-0.005446712742330949,0.04376626131747546,-0.12623252252661243,-0.0054795429168126835
positive_beta_prior,2026-02-27,VEA,0.006774299765135943,-0.0890166153043781,0.003091099185802994,0.04301976265701139,-0.09579091506951404,-0.0036832005793329486
positive_beta_prior,2026-02-27,VWO,0.0024632070286344583,-0.07262882161942752,0.0019265240412043778,0.03876128846371302,-0.07509202864806198,-0.0005366829874300805
positive_beta_prior,2026-02-27,VSS,0.004384120932677324,-0.09195775776152426,0.000964075740875077,0.044000236880057074,-0.09634187869420159,-0.0034200451918022473
positive_beta_prior,2026-02-27,BND,-0.0021971062705247687,-0.020459273388676813,-0.002494137314615427,0.016262619449752613,-0.018262167118152043,-0.0002970310440906583
positive_beta_prior,2026-02-27,IEF,-0.0028570887109800086,-0.02626946195927571,-0.003156908662885089,0.019062934241625702,-0.0234123732482957,-0.0002998199519050806
positive_beta_prior,2026-02-27,BNDX,-0.002276754244249397,-0.02445812349945309,-0.0033688589198284744,0.013800227292796547,-0.02218136925520369,-0.0010921046755790775
positive_beta_prior,2026-02-27,LQD,-0.0019985279983067627,-0.02380357071815431,-0.003437306117813876,0.025504487340331745,-0.021805042719847546,-0.0014387781195071133
positive_beta_prior,2026-02-27,HYG,0.0005184175244693163,-0.01264655652256541,-0.0013511561007883359,0.021060183524775886,-0.013164974047034726,-0.001869573625257652
positive_beta_prior,2026-02-27,EWX,0.004062569344703256,-0.05906694056130268,0.002848509092011798,0.03602140255076018,-0.06312950990600594,-0.001214060252691458
positive_beta_prior,2026-02-27,VWOB,-0.0001151143101267077,-0.03742886388704314,-0.0016670262234974587,0.027363163214720567,-0.03731374957691643,-0.001551911913370751
positive_beta_prior,2026-02-27,HYEM,-5.067753201633674e-06,-0.024402651519384255,-0.0009037000894362694,0.023868936205675487,-0.02439758376618262,-0.0008986323362346357
positive_beta_prior,2026-03-31,SPY,0.00743841049511441,0.10158469057343722,0.013929549478360876,0.04099229634809107,0.0941462800783228,0.0064911389832464665
positive_beta_prior,2026-03-31,MGK,0.008717209841200446,0.13945658747726553,0.01667858788989933,0.055207025009681505,0.13073937763606508,0.007961378048698883
positive_beta_prior,2026-03-31,VTV,0.006555069028038389,0.0506170669983208,0.010116400434235541,0.03910161294841849,0.044061997970282415,0.0035613314061971523
positive_beta_prior,2026-03-31,IJR,0.002179760821406977,0.09942684130728341,0.010135642249508522,0.0545525634980917,0.09724708048587644,0.007955881428101545
positive_beta_prior,2026-03-31,IWM,0.0016424957460719702,0.11732924859591698,0.010740259846112701,0.05624427692491713,0.115686752849845,0.00909776410004073
positive_beta_prior,2026-03-31,VNQ,0.0011658850817494312,0.08261211567781301,0.005356970704303924,0.05321516093489197,0.08144623059606358,0.004191085622554493
positive_beta_prior,2026-03-31,VNQI,-0.0020710452009618054,0.05920759938488018,0.00410266697714428,0.04706101750516193,0.061278644585841986,0.006173712178106085
positive_beta_prior,2026-03-31,VEA,0.005177784513977376,0.07028850576993428,0.011993848478662646,0.04430588263349863,0.0651107212559569,0.00681606396468527
positive_beta_prior,2026-03-31,VWO,0.0012116732178334255,0.08686516780484332,0.00561740729035445,0.041513502556492714,0.0856534945870099,0.0044057340725210245
positive_beta_prior,2026-03-31,VSS,0.002778422954440631,0.08096490152679459,0.009404995770341956,0.044474398236386915,0.07818647857235396,0.006626572815901325
positive_beta_prior,2026-03-31,BND,-0.0025014757224939696,-0.001644084190784434,0.00031255193658611454,0.015486611292281566,0.0008573915317095357,0.002814027659080084
positive_beta_prior,2026-03-31,IEF,-0.003247294931784937,-0.004636900424381141,-0.0006024548985901282,0.018261335474023605,-0.0013896054925962038,0.0026448400331948087
positive_beta_prior,2026-03-31,BNDX,-0.002646443731836125,-0.0008092670395931645,0.00044961878097827873,0.012995278097910254,0.0018371766922429607,0.003096062512814404
positive_beta_prior,2026-03-31,LQD,-0.0023619453769708884,-0.0003280238707080718,0.0018816694817180594,0.023753741972770297,0.0020339215062628166,0.004243614858688948
positive_beta_prior,2026-03-31,HYG,0.00029900129035207075,0.012020620280474459,0.003454258806430461,0.019692483866052633,0.011721618990122388,0.0031552575160783904
positive_beta_prior,2026-03-31,EWX,0.003010410846269823,0.10571433591391832,0.007857027687194183,0.0368695769244401,0.1027039250676485,0.004846616840924359
positive_beta_prior,2026-03-31,VWOB,-0.0007370101364086482,0.020791542317250666,0.0037701240746322914,0.026535778082942118,0.021528552453659314,0.004507134211040939
positive_beta_prior,2026-03-31,HYEM,-0.0004116941493046774,0.022278894658412263,0.0007495216544340874,0.02385749899337194,0.02269058880771694,0.0011612158037387647
positive_beta_prior,2026-04-30,SPY,0.008981792135742652,0.049483664963993146,0.0048076721260262,0.046725512904210155,0.04050187282825049,-0.004174120009716452
positive_beta_prior,2026-04-30,MGK,0.010860478327037579,0.08330425574857636,0.00838745639540587,0.05797942726586389,0.07244377742153878,-0.00247302193163171
positive_beta_prior,2026-04-30,VTV,0.0072773968636167885,0.021460679046998887,0.001352851951045896,0.047262427628286884,0.0141832821833821,-0.0059245449125708925
positive_beta_prior,2026-04-30,IJR,0.0037739752556016724,0.008359592272450422,-0.004636252781831697,0.06557757274347456,0.00458561701684875,-0.00841022803743337
positive_beta_prior,2026-04-30,IWM,0.0035389998911513967,0.04170616807391436,-0.004839449246305574,0.06693287985345389,0.038167168182762966,-0.00837844913745697
positive_beta_prior,2026-04-30,VNQ,0.002501069189881621,-0.009505527770350963,-0.0002472288260696263,0.058660888064900815,-0.012006596960232584,-0.0027482980159512474
positive_beta_prior,2026-04-30,VNQI,-0.0010664772569316092,-0.02873894096208207,-0.005655873747268796,0.05089302619739209,-0.027672463705150464,-0.004589396490337187
positive_beta_prior,2026-04-30,VEA,0.006245173387025849,0.04005467192775236,0.0014104988309547083,0.048785217770236866,0.03380949854072651,-0.004834674556071141
positive_beta_prior,2026-04-30,VWO,0.002615828866800801,0.013087733301134774,-3.739100479945327e-05,0.04343412744952333,0.010471904434333972,-0.0026532198716002543
positive_beta_prior,2026-04-30,VSS,0.00406016850480709,0.0153673341636833,-0.0014185705805888574,0.049416089840147066,0.01130716565887621,-0.005478739085395947
positive_beta_prior,2026-04-30,BND,-0.0024874201236134855,-0.00023588979226363271,-0.0025836406082147224,0.015789959891135203,0.002251530331349853,-9.62204846012369e-05
positive_beta_prior,2026-04-30,IEF,-0.00327007534969635,-0.0031745273257528517,-0.003163266518606959,0.018860339162303008,9.554802394349821e-05,0.00010680883108939079
positive_beta_prior,2026-04-30,BNDX,-0.002616326081143618,0.005188840393763217,-0.003142243123533553,0.013440328121865658,0.007805166474906835,-0.0005259170423899352
positive_beta_prior,2026-04-30,LQD,-0.002328602401458383,0.005612799118414058,-0.002683975507340117,0.02443917863139024,0.007941401519872441,-0.0003553731058817339
positive_beta_prior,2026-04-30,HYG,0.0004911589787147328,0.0013666068307942592,-0.0017744324186274932,0.02159936745378455,0.0008754478520795263,-0.002265591397342226
positive_beta_prior,2026-04-30,EWX,0.004694081749018159,0.01835836502980981,0.002085208876829027,0.04029744492197563,0.01366428328079165,-0.002608872872189132
positive_beta_prior,2026-04-30,VWOB,-0.0003840830470043972,0.006564291011867507,-0.0016896912466006395,0.028252661232552444,0.006948374058871904,-0.0013056081995962423
positive_beta_prior,2026-04-30,HYEM,-3.971728360439966e-05,0.00658729224447252,-0.000888822685647819,0.025950345257503702,0.0066270095280769195,-0.0008491054020434193
signed_no_prior,2025-05-30,SPY,0.007317202496114117,0.04769511906164903,0.0132433479591061,0.044845353214052794,0.04037791656553491,0.005926145462991982
signed_no_prior,2025-05-30,MGK,0.009610770673104944,0.06034673392230827,0.018520811245214413,0.05574871225428654,0.05073596324920333,0.008910040572109468
signed_no_prior,2025-05-30,VTV,0.005312478651329571,0.0332330912657377,0.009561526431538597,0.04756988983355981,0.027920612614408133,0.0042490477802090264
signed_no_prior,2025-05-30,IJR,-0.00041575730887501996,0.03734736300075814,0.01349974325421935,0.06693495103015717,0.03776312030963316,0.01391550056309437
signed_no_prior,2025-05-30,IWM,-0.0015216367751140637,0.05147995646827952,0.011175086042640392,0.06722378447007103,0.05300159324339358,0.012696722817754455
signed_no_prior,2025-05-30,VNQ,0.0013147227365438608,0.0033500785292834845,0.005955991121520166,0.059404918825525246,0.002035355792739624,0.004641268384976306
signed_no_prior,2025-05-30,VNQI,-0.003141402592921254,0.04115888912622401,0.003300742872133345,0.04977955419842048,0.04430029171914526,0.006442145465054599
signed_no_prior,2025-05-30,VEA,0.003213867729195683,0.030256851306093457,0.004149924669999429,0.04811456231357287,0.027042983576897776,0.0009360569408037463
signed_no_prior,2025-05-30,VWO,-0.0013812432635037686,0.05168209224062714,-4.636755695836426e-05,0.04917177417749025,0.053063335504130914,0.0013348757065454043
signed_no_prior,2025-05-30,VSS,0.00044890942076046157,0.054769444558085745,0.002575130388231604,0.04693607149224135,0.054320535137325286,0.0021262209674711425
signed_no_prior,2025-05-30,BND,-0.003237055002469442,0.011602274676301816,-0.0027921858095609382,0.016346249973443135,0.014839329678771258,0.0004448691929085039
signed_no_prior,2025-05-30,IEF,-0.0040674968930327,0.012452491537882304,-0.004682572599330434,0.019235236214930798,0.016519988430915004,-0.0006150757062977335
signed_no_prior,2025-05-30,BNDX,-0.0027348125869511297,-0.0001381150801093023,0.0006881903902908482,0.013822122139747204,0.0025966975068418274,0.003423002977241978
signed_no_prior,2025-05-30,LQD,-0.003152480733546488,0.01724059290590274,0.004276143008450917,0.025563209700155954,0.020393073639449227,0.007428623741997405
signed_no_prior,2025-05-30,HYG,5.2760762575032596e-05,0.014810137654057698,0.0016193870876576788,0.021989487819549482,0.014757376891482665,0.0015666263250826461
signed_no_prior,2025-05-30,EWX,0.0014349156952656505,0.05043478917948763,0.006101867129394534,0.04044500290523554,0.048999873484221974,0.004666951434128883
signed_no_prior,2025-05-30,VWOB,-0.001725584997727383,0.021275025282161186,0.004149740427423116,0.02903591158399885,0.02300061027988857,0.005875325425150499
signed_no_prior,2025-05-30,HYEM,-0.0011012187111369331,0.014454903619178339,0.0008997543651584723,0.030971610227788486,0.015556122330315272,0.0020009730762954054
signed_no_prior,2025-06-30,SPY,0.008108926350340292,0.01908467259702551,0.007744970963349248,0.047297585360767086,0.010975746246685217,-0.00036395538699104425
signed_no_prior,2025-06-30,MGK,0.010605593481912853,0.03526188252947149,0.008429544120588238,0.05646756199457121,0.024656289047558635,-0.0021760493613246154
signed_no_prior,2025-06-30,VTV,0.005859941643768946,-0.002167296399311236,0.008998889263743717,0.04915046107818954,-0.00802723804308018,0.0031389476199747716
signed_no_prior,2025-06-30,IJR,0.0003246960305295518,0.005165530187941636,0.004298514755511306,0.06482565057479077,0.004840834157412084,0.003973818724981754
signed_no_prior,2025-06-30,IWM,-0.0004823898487730129,0.012760607343994756,0.0031763645316201924,0.06523693656676222,0.01324299719276777,0.0036587543803932054
signed_no_prior,2025-06-30,VNQ,0.0013546316736564024,-0.0029632780526935854,-0.008087395359659057,0.0620528327762692,-0.004317909726349988,-0.009442027033315458
signed_no_prior,2025-06-30,VNQI,-0.0022727694219576216,-0.023931985253554888,-0.010721822784845302,0.053950264640098874,-0.021659215831597266,-0.00844905336288768
signed_no_prior,2025-06-30,VEA,0.003744122309134855,-0.01766175570590245,-0.005379408760459038,0.053456699785217006,-0.021405878015037304,-0.009123531069593894
signed_no_prior,2025-06-30,VWO,-0.0003407857045992409,0.002989658374459969,-0.0068989548495588335,0.046786823245195626,0.0033304440790592102,-0.006558169144959593
signed_no_prior,2025-06-30,VSS,0.001514017952864879,-0.009120730437294888,-0.006152027251815458,0.0521621001973723,-0.010634748390159767,-0.007666045204680337
signed_no_prior,2025-06-30,BND,-0.002946087753866084,-0.006504632044136427,-0.0036864463279142634,0.01815377365042661,-0.0035585442902703428,-0.0007403585740481792
signed_no_prior,2025-06-30,IEF,-0.0037435755512500533,-0.00977429711868305,-0.004149876788857348,0.021068815691068297,-0.0060307215674329975,-0.0004063012376072945
signed_no_prior,2025-06-30,BNDX,-0.0026838969495620742,-0.00498710657025403,-0.004987271466425034,0.014580460496816897,-0.0023032096206919554,-0.0023033745168629595
signed_no_prior,2025-06-30,LQD,-0.0027526165445376795,-0.004751878550950606,-0.004388377465460247,0.028667311512199367,-0.001999262006412926,-0.0016357609209225678
signed_no_prior,2025-06-30,HYG,0.0003421210937805751,-0.002505544256353631,-0.0006805726529260491,0.02389730329975455,-0.0028476653501342064,-0.0010226937467066241
signed_no_prior,2025-06-30,EWX,0.002395697528289611,0.003689786989881094,-0.0015463783880840134,0.04105225694926353,0.0012940894615914834,-0.003942075916373624
signed_no_prior,2025-06-30,VWOB,-0.0012745926392981953,0.003448378263515961,-0.004278771091750186,0.0329268050392312,0.004722970902814157,-0.003004178452451991
signed_no_prior,2025-06-30,HYEM,-0.0007961967046601631,0.0052854367518158085,-0.0007232926857588693,0.03132530612015112,0.006081633456475972,7.290401890129377e-05
signed_no_prior,2025-07-31,SPY,0.008319998393545776,0.01702595928567807,0.00032534435157598185,0.04327434069833988,0.008705960892132296,-0.007994654041969794
signed_no_prior,2025-07-31,MGK,0.011079752886673596,0.005506659536577585,0.005961213241401736,0.054610338278200846,-0.005573093350096011,-0.0051185396452718595
signed_no_prior,2025-07-31,VTV,0.0057055716814020194,0.03136457393982228,-0.0044885321418299765,0.04235085638619195,0.025659002258420265,-0.010194103823231996
signed_no_prior,2025-07-31,IJR,0.0004177889950951688,0.06670214284372133,-0.0032748184750815076,0.06271740783215042,0.06628435384862616,-0.0036926074701766763
signed_no_prior,2025-07-31,IWM,-0.00022771682583517123,0.06825711678016222,-0.004903651950064008,0.06409453715278536,0.06848483360599739,-0.004675935124228836
signed_no_prior,2025-07-31,VNQ,0.0012715949481496719,0.031234506481848445,-0.008719591739241415,0.05670023039475803,0.029962911533698774,-0.009991186687391088
signed_no_prior,2025-07-31,VNQI,-0.002689292803334492,0.03800885965747658,-0.02562234805456027,0.04702715073768237,0.04069815246081107,-0.022933055251225777
signed_no_prior,2025-07-31,VEA,0.003332470808845676,0.040715343672140136,-0.015687772032977138,0.04563821745354423,0.03738287286329446,-0.019020242841822813
signed_no_prior,2025-07-31,VWO,-0.0002767387030788715,0.03119670619044923,-0.013860865733276334,0.043765310625349614,0.0314734448935281,-0.013584127030197462
signed_no_prior,2025-07-31,VSS,0.0013095035607464218,0.04570476560415426,-0.01884051482102985,0.044908850891883616,0.04439526204340784,-0.020150018381776272
signed_no_prior,2025-07-31,BND,-0.0030145212979097447,0.008078120866885197,-0.007964976708106326,0.015966226527185885,0.011092642164794941,-0.004950455410196581
signed_no_prior,2025-07-31,IEF,-0.0038595509660083803,0.013001796164747947,-0.01013967214299022,0.019366510584034293,0.016861347130756328,-0.0062801211769818385
signed_no_prior,2025-07-31,BNDX,-0.002728189442267689,-0.002067319775812204,-0.004355926608179367,0.014099114781033161,0.0006608696664554847,-0.0016277371659116778
signed_no_prior,2025-07-31,LQD,-0.002791063890814851,0.0069765482555901315,-0.010405675449914583,0.024586622206971817,0.009767612146404982,-0.007614611559099732
signed_no_prior,2025-07-31,HYG,0.0002873582985856865,0.007592278645943473,-0.004360942384328077,0.020866906301730676,0.007304920347357787,-0.004648300682913763
signed_no_prior,2025-07-31,EWX,0.002420583864089447,0.059400893238615415,-0.006449361941688649,0.03792689591797056,0.056980309374525966,-0.008869945805778096
signed_no_prior,2025-07-31,VWOB,-0.0011837662757825385,0.013654429789281775,-0.006535802046710321,0.026753192403469628,0.014838196065064313,-0.005352035770927782
signed_no_prior,2025-07-31,HYEM,-0.0006792422151125483,0.015516857251125726,-0.001172509513137169,0.02612937717237027,0.016196099466238276,-0.0004932672980246207
signed_no_prior,2025-08-29,SPY,0.008484261806604877,0.03208906394277711,0.009972040470303112,0.04594584266292734,0.02360480213617223,0.0014877786636982356
signed_no_prior,2025-08-29,MGK,0.010974600181954803,0.04538102472427963,0.012318799203644341,0.05920199692829571,0.03440642454232483,0.001344199021689538
signed_no_prior,2025-08-29,VTV,0.00618970379948542,0.019529753810910266,0.01362373541027814,0.041476081085913954,0.013340050011424846,0.007434031610792719
signed_no_prior,2025-08-29,IJR,0.001668437180918304,0.007030856049952794,-0.005236391074332084,0.05641684657343051,0.00536241886903449,-0.006904828255250388
signed_no_prior,2025-08-29,IWM,0.0010644498459761002,0.028272862598571757,-0.007796500125576054,0.057805557958576545,0.027208412752595657,-0.008860949971552155
signed_no_prior,2025-08-29,VNQ,0.0018369329016156865,-0.002835540326792896,0.013796836095362405,0.057240069864355196,-0.004672473228408582,0.01195990319374672
signed_no_prior,2025-08-29,VNQI,-0.0019214031342625851,0.010131917120224765,0.006888123274444365,0.0501121916169843,0.01205332025448735,0.00880952640870695
signed_no_prior,2025-08-29,VEA,0.0040378080326814204,0.022001068135094393,0.009841369279760082,0.04779877466761163,0.017963260102412972,0.005803561247078662
signed_no_prior,2025-08-29,VWO,0.00031709987981788515,0.053275426570534856,-0.000812212330896295,0.04432047104618249,0.05295832669071697,-0.0011293122107141802
signed_no_prior,2025-08-29,VSS,0.002147150014395626,0.018182193335737562,0.0025868635493618355,0.04888372936981688,0.016035043321341935,0.00043971353496620935
signed_no_prior,2025-08-29,BND,-0.0028052261627249343,0.007605185555678684,-0.0003928678004030727,0.01883830573266542,0.01041041171840362,0.0024123583623218616
signed_no_prior,2025-08-29,IEF,-0.00354141234089977,0.0030789765395491386,-0.0005724898453920682,0.02200344921719184,0.006620388880448909,0.002968922495507702
signed_no_prior,2025-08-29,BNDX,-0.0027157202032779626,0.0018362952066057758,-0.002462252139157465,0.014731846215825926,0.0045520154098837385,0.0002534680641204977
signed_no_prior,2025-08-29,LQD,-0.002606769322014757,0.015298491121950697,-0.001850195037002778,0.029337652873815234,0.017905260443965454,0.000756574285011979
signed_no_prior,2025-08-29,HYG,0.00042518698438489,0.005419530370210479,0.0013416312767645445,0.022915084898637653,0.004994343385825589,0.0009164442923796545
signed_no_prior,2025-08-29,EWX,0.0034956840409672957,0.00934001338555035,0.0022843574796856236,0.04044613433919367,0.005844329344583054,-0.0012113265612816722
signed_no_prior,2025-08-29,VWOB,-0.000903800312290759,0.011313877152875351,0.0019241533135338391,0.03136815501429365,0.01221767746516611,0.002827953625824598
signed_no_prior,2025-08-29,HYEM,-0.000373655432730694,-0.003310550556556602,0.0004929322123293661,0.027157602706680196,-0.002936895123825908,0.0008665876450600601
signed_no_prior,2025-09-30,SPY,0.008921387772089548,0.02028375894432366,0.01140811283576217,0.043202913258662885,0.011362371172234112,0.0024867250636726214
signed_no_prior,2025-09-30,MGK,0.011611756191997856,0.04184616666398688,0.010085307910147272,0.05125056325545797,0.030234410471989027,-0.0015264482818505842
signed_no_prior,2025-09-30,VTV,0.0064367417626599545,-0.007371739211896489,0.01203622011170965,0.04688006473968959,-0.013808480974556444,0.005599478349049696
signed_no_prior,2025-09-30,IJR,0.0017677412340485724,-0.012108590721114587,0.008894741377199875,0.059988807437039195,-0.013876331955163159,0.007127000143151303
signed_no_prior,2025-09-30,IWM,0.0015683093413945384,0.014115453040836279,0.007292474297447201,0.059306750137690045,0.01254714369944174,0.005724164956052663
signed_no_prior,2025-09-30,VNQ,0.00175040561960812,-0.027888055765740494,-0.0004156053283826599,0.05611358056695103,-0.029638461385348612,-0.00216601094799078
signed_no_prior,2025-09-30,VNQI,-0.0016981934999202267,-0.015995303603671296,-0.005190595123436836,0.04868118523227087,-0.014297110103751069,-0.00349240162351661
signed_no_prior,2025-09-30,VEA,0.00437046099754092,0.014158067636574012,0.0008220205073530091,0.04988336616196553,0.009787606639033091,-0.003548440490187911
signed_no_prior,2025-09-30,VWO,0.0012978096333496809,0.01105958429806142,-0.0021622103805639327,0.04345982762554447,0.00976177466471174,-0.0034600200139136136
signed_no_prior,2025-09-30,VSS,0.0024440952610871435,-0.004799080760367169,-0.0013795279581055096,0.04830639975721212,-0.007243176021454313,-0.003823623219192653
signed_no_prior,2025-09-30,BND,-0.002612440760532275,0.002537797325417923,-0.0013408332593922141,0.017351588693745878,0.005150238085950198,0.0012716075011400608
signed_no_prior,2025-09-30,IEF,-0.003418812546817383,0.0036171952388968087,-0.0013801079193588523,0.020338594444421744,0.007036007785714192,0.0020387046274585306
signed_no_prior,2025-09-30,BNDX,-0.002631423621613449,0.006523664675198493,-0.002930429993944209,0.014002352763727391,0.009155088296811942,-0.00029900637233076007
signed_no_prior,2025-09-30,LQD,-0.0022751904249042857,-0.0019813075408361414,-0.0023855664638579325,0.026865531691882022,0.0002938828840681443,-0.00011037603895364687
signed_no_prior,2025-09-30,HYG,0.0005176748248631416,-0.003581832310472044,-0.0007130744981784095,0.02289242587420895,-0.004099507135335185,-0.0012307493230415511
signed_no_prior,2025-09-30,EWX,0.003603912362163278,-0.003915097877319473,0.0025929058955357636,0.03883347238228242,-0.007519010239482751,-0.0010110064666275145
signed_no_prior,2025-09-30,VWOB,-0.000677547025898794,0.017691150240358278,-0.0015805235824305497,0.029877800857845114,0.018368697266257072,-0.0009029765565317557
signed_no_prior,2025-09-30,HYEM,-0.0004280423794682108,0.00027660203614199297,-0.0059093981773806,0.026702986014734288,0.0007046444156102037,-0.005481355797912389
signed_no_prior,2025-10-31,SPY,0.00912797633885744,-0.001039617729681419,0.016871690010695384,0.03886050637792134,-0.010167594068538859,0.007743713671837944
signed_no_prior,2025-10-31,MGK,0.01216147274603402,-0.018174122322586972,0.010134642052527985,0.04938024573715648,-0.03033559506862099,-0.002026830693506036
signed_no_prior,2025-10-31,VTV,0.006185678472213474,0.02234958180665636,0.02318634870764308,0.03688585369222618,0.016163903334442887,0.017000670235429605
signed_no_prior,2025-10-31,IJR,0.0015154442894092421,0.022999546830901885,0.03889661275646009,0.049866918018134004,0.021484102541492644,0.03738116846705085
signed_no_prior,2025-10-31,IWM,0.0017964392268389336,0.007219933427264902,0.039910914219961895,0.05105331489330694,0.005423494200425968,0.03811447499312296
signed_no_prior,2025-10-31,VNQ,0.0012115245035108726,0.02116455054555555,0.01958639178225564,0.050464765347477965,0.019953026042044675,0.018374867278744766
signed_no_prior,2025-10-31,VNQI,-0.0019581409563520645,0.011398276316832767,0.01586083797651363,0.046313833990326174,0.013356417273184831,0.017818978932865694
signed_no_prior,2025-10-31,VEA,0.004548417481886976,0.006662577508105283,0.017595081342623053,0.0448038631027376,0.0021141600262183065,0.013046663860736076
signed_no_prior,2025-10-31,VWO,0.0014752964454353488,-0.015135981764385575,0.012253677926951279,0.040221550861591265,-0.016611278209820925,0.01077838148151593
signed_no_prior,2025-10-31,VSS,0.0023124011516061564,0.006820955763576553,0.015962675702224864,0.04482513167795292,0.004508554611970396,0.013650274550618707
signed_no_prior,2025-10-31,BND,-0.002518800068060453,0.00297114143881938,0.0022109244053352007,0.017397343284924965,0.005489941506879833,0.004729724473395654
signed_no_prior,2025-10-31,IEF,-0.0032908851325316704,0.00686801303321638,0.0013367600809045953,0.02048861015371385,0.01015889816574805,0.004627645213436266
signed_no_prior,2025-10-31,BNDX,-0.002464967470762323,-0.004807659780811324,-0.0005847310565158614,0.01370058835394467,-0.002342692310049001,0.0018802364142464615
signed_no_prior,2025-10-31,LQD,-0.00226984709973941,0.006300096794094712,0.003527552728147642,0.026689165159591924,0.008569943893834121,0.005797399827887052
signed_no_prior,2025-10-31,HYG,0.000443138331493411,0.004457641722011463,0.005472915783110913,0.020518603864625142,0.004014503390518052,0.005029777451617502
signed_no_prior,2025-10-31,EWX,0.0034672030850817735,-0.016176668191666965,0.01809777360324483,0.035748008703959444,-0.01964387127674874,0.014630570518163057
signed_no_prior,2025-10-31,VWOB,-0.0003435707119668472,0.0006545758910070365,0.007095415642396729,0.028872569329112283,0.0009981466029738836,0.007438986354363576
signed_no_prior,2025-10-31,HYEM,-0.0004152306628207526,-0.0021992661278306125,0.008640280224302136,0.025211748200392535,-0.0017840354650098598,0.009055510887122888
signed_no_prior,2025-11-28,SPY,0.008946412159062103,-0.0024606389596457667,0.007648207609966004,0.036712981692258145,-0.01140705111870787,-0.0012982045490960992
signed_no_prior,2025-11-28,MGK,0.011619765691237216,-0.006014656315694422,0.0008102633186693829,0.04519593372185518,-0.01763442200693164,-0.010809502372567833
signed_no_prior,2025-11-28,VTV,0.006474319603185668,0.004591005630098177,0.021268588812852582,0.039286206065980815,-0.001883313973087491,0.014794269209666915
signed_no_prior,2025-11-28,IJR,0.0018990889776501821,-0.0043423583691276635,0.024296552274148314,0.05381109758660685,-0.006241447346777846,0.02239746329649813
signed_no_prior,2025-11-28,IWM,0.0018932873375608259,-0.010325989693845572,0.01844780296306476,0.05277173999117317,-0.012219277031406397,0.016554515625503932
signed_no_prior,2025-11-28,VNQ,0.0015678285399759562,-0.02554537559841752,0.01632107350041964,0.04927668977647836,-0.027113204138393476,0.014753244960443685
signed_no_prior,2025-11-28,VNQI,-0.0017196335050451924,0.0008944661826628675,0.009178407120138244,0.04513015924048628,0.0026140996877080597,0.010898040625183437
signed_no_prior,2025-11-28,VEA,0.004586170339498018,0.02842462799248069,0.012069239274580274,0.04147466530121041,0.023838457652982672,0.007483068935082256
signed_no_prior,2025-11-28,VWO,0.0011786664774028324,0.006231798598067773,-0.009827801202289056,0.041418215579847636,0.00505313212066494,-0.011006467679691889
signed_no_prior,2025-11-28,VSS,0.002392911055391342,0.01745648547983225,0.0037345026920915674,0.04072749959026147,0.01506357442444091,0.0013415916367002256
signed_no_prior,2025-11-28,BND,-0.002420765398294742,-0.00624728267814989,0.001056494129922167,0.01434035439279012,-0.0038265172798551484,0.003477259528216909
signed_no_prior,2025-11-28,IEF,-0.003109476236714741,-0.010842523271658244,0.0008733909332455957,0.017222049018387732,-0.007733047034943503,0.003982867169960337
signed_no_prior,2025-11-28,BNDX,-0.002506801262013198,-0.00843043234441343,-0.001806269567967035,0.012107919709500084,-0.005923631082400232,0.0007005316940461629
signed_no_prior,2025-11-28,LQD,-0.0021168123873495153,-0.010606184040828248,0.002662532162529441,0.022239303343144855,-0.008489371653478732,0.004779344549878956
signed_no_prior,2025-11-28,HYG,0.0005148258920383762,0.0016540803164204476,0.0046424817438191785,0.018359833014913007,0.0011392544243820713,0.004127655851780802
signed_no_prior,2025-11-28,EWX,0.003116419669425546,0.005526301936131128,-0.007080448294134188,0.03438691669951144,0.0024098822667055824,-0.010196867963559734
signed_no_prior,2025-11-28,VWOB,-0.00032574666548517074,-0.0012631324755422169,0.0024953667614148914,0.02445329876191716,-0.0009373858100570462,0.0028211134269000623
signed_no_prior,2025-11-28,HYEM,-0.000447088438981643,0.006456216930834868,-0.003193667284654936,0.02462181180805168,0.006903305369816511,-0.002746578845673293
signed_no_prior,2025-12-31,SPY,0.008746288455225123,0.011594066475381304,0.007342193278896018,0.03266960014833492,0.002847778020156181,-0.0014040951763291051
signed_no_prior,2025-12-31,MGK,0.011310389866554206,-0.01981088189923419,0.002859002095169233,0.040792075455658806,-0.031121271765788397,-0.008451387771384973
signed_no_prior,2025-12-31,VTV,0.00644127900716659,0.04262615110326995,0.010632298685110078,0.032923291456547085,0.03618487209610336,0.0041910196779434885
signed_no_prior,2025-12-31,IJR,0.0017895899013909218,0.05372327844739844,0.013034832608994455,0.045667260473058136,0.051933688546007516,0.011245242707603534
signed_no_prior,2025-12-31,IWM,0.0016789140563080822,0.05153392029332182,0.01142621666184528,0.04726511955636438,0.04985500623701374,0.009747302605537198
signed_no_prior,2025-12-31,VNQ,0.0010921582919339653,0.0229258613639709,-0.0009100652556408041,0.044143855263799374,0.021833703072036935,-0.0020022235475747694
signed_no_prior,2025-12-31,VNQI,-0.0016737721070152263,0.04257155181000494,0.006888736715581315,0.039647362291847656,0.044245323917020164,0.008562508822596541
signed_no_prior,2025-12-31,VEA,0.005004388894813503,0.05642561347994279,0.018553819468860585,0.03770043182555864,0.051421224585129294,0.013549430574047082
signed_no_prior,2025-12-31,VWO,0.0012673179181162523,0.04715510460279937,0.0066137183521631105,0.03555345611016356,0.045887786684683116,0.005346400434046859
signed_no_prior,2025-12-31,VSS,0.002657184290907849,0.06068200468583562,0.016246812992530297,0.03751903119143524,0.058024820394927776,0.013589628701622447
signed_no_prior,2025-12-31,BND,-0.0024878972803974637,-0.0009446630105405251,-0.004025241965463935,0.013388710964423525,0.0015432342698569385,-0.0015373446850664714
signed_no_prior,2025-12-31,IEF,-0.003245143728555855,-0.005378931439972923,-0.00658427636850408,0.015870554707258983,-0.0021337877114170675,-0.0033391326399482245
signed_no_prior,2025-12-31,BNDX,-0.0026107246143360087,0.002059820670583523,-0.005381373714437335,0.010812271038293483,0.004670545284919532,-0.002770649100101326
signed_no_prior,2025-12-31,LQD,-0.0022657487321473876,0.0003398451129934532,-0.004313458298871642,0.020585284902068113,0.002605593845140841,-0.0020477095667242543
signed_no_prior,2025-12-31,HYG,0.0005348128117643775,0.0029604455586125233,0.002325132524185719,0.016284697618268864,0.002425632746848146,0.0017903197124213414
signed_no_prior,2025-12-31,EWX,0.0031586983056835385,0.02711570928152862,0.0012876070808602168,0.03210615308323974,0.023957010975845083,-0.0018710912248233217
signed_no_prior,2025-12-31,VWOB,-0.0003421920305738908,0.0003023714262653243,0.00030532287508193,0.023001098482547278,0.0006445634568392151,0.0006475149056558208
signed_no_prior,2025-12-31,HYEM,-0.00032597781845854624,0.01193825183971775,0.004930179138767905,0.022051125664895945,0.012264229658176296,0.005256156957226451
signed_no_prior,2026-01-30,SPY,0.0087953880762623,-0.011463064459755201,0.015935018232604174,0.040657523264019155,-0.0202584525360175,0.0071396301563418745
signed_no_prior,2026-01-30,MGK,0.010773816215419922,-0.049282081977910286,0.01681831489185604,0.05078598921222745,-0.06005589819333021,0.0060444986764361195
signed_no_prior,2026-01-30,VTV,0.00706515611227182,0.03464425383897951,0.013375565783915244,0.04083764514173602,0.02757909772670769,0.006310409671643424
signed_no_prior,2026-01-30,IJR,0.002684998324597948,0.018113075612949725,0.0023842391871023985,0.052007069138059636,0.015428077288351777,-0.0003007591374955495
signed_no_prior,2026-01-30,IWM,0.0025384831293600433,0.003913446654500996,0.0036990887587716593,0.05327884376964925,0.0013749635251409527,0.001160605629411616
signed_no_prior,2026-01-30,VNQ,0.0014686014483483952,0.05085567147315495,-0.0009633260856634798,0.05490033201414643,0.04938707002480656,-0.002431927534011875
signed_no_prior,2026-01-30,VNQI,-0.0009109216946528097,0.05477043858428532,0.007153800719798299,0.051098237661702635,0.05568136027893813,0.008064722414451109
signed_no_prior,2026-01-30,VEA,0.005890961732488146,0.05800790565870817,0.011927030070198482,0.04934691855961898,0.05211694392622002,0.006036068337710337
signed_no_prior,2026-01-30,VWO,0.0020584866540590647,0.025936988754007295,0.012723112529236316,0.04446438493992294,0.02387850209994823,0.01066462587517725
signed_no_prior,2026-01-30,VSS,0.003657612228751431,0.046521625760379104,0.008634111422813392,0.048700574836628985,0.04286401353162767,0.004976499194061961
signed_no_prior,2026-01-30,BND,-0.002461289792986137,0.013125538032234596,-0.0008161549247448592,0.01875281809537145,0.015586827825220733,0.0016451348682412778
signed_no_prior,2026-01-30,IEF,-0.0032819331718561494,0.02178389001983616,-0.0036181831672461333,0.022112559160953275,0.02506582319169231,-0.0003362499953899838
signed_no_prior,2026-01-30,BNDX,-0.0025301979714925688,0.01242298193585456,-0.001000359194622696,0.014452430181686782,0.014953179907347128,0.0015298387768698728
signed_no_prior,2026-01-30,LQD,-0.0022208247003346147,0.010894680719308658,-0.0006635648432479506,0.028704434514733767,0.013115505419643273,0.001557259857086664
signed_no_prior,2026-01-30,HYG,0.0005766340660203799,-0.0028581418854923824,0.0022565778302046455,0.021603898836130238,-0.0034347759515127624,0.0016799437641842655
signed_no_prior,2026-01-30,EWX,0.003571750219060178,0.03253007863200175,0.008389208539790673,0.038788428952420226,0.02895832841294157,0.004817458320730494
signed_no_prior,2026-01-30,VWOB,-0.0003310788675249388,0.012410830018970698,0.0015958174837321598,0.031055835329099463,0.012741908886495637,0.0019268963512570987
signed_no_prior,2026-01-30,HYEM,-0.00011452558297274804,0.006343486373523,-0.0021940194808148534,0.02803551926749917,0.006458011956495748,-0.0020794938978421053
signed_no_prior,2026-02-27,SPY,0.008452024473956918,-0.05236481425659356,-0.004327980933459855,0.041984419419345935,-0.06081683873055048,-0.012780005407416773
signed_no_prior,2026-02-27,MGK,0.009755919635871952,-0.05256666804441845,-0.005359700860153726,0.05269836483986947,-0.062322587680290406,-0.015115620496025679
signed_no_prior,2026-02-27,VTV,0.0075325984466227975,-0.05111916666844174,-0.004533861632493906,0.042497222063777464,-0.058651765115064536,-0.012066460079116704
signed_no_prior,2026-02-27,IJR,0.0029464911599937408,-0.0430573291552121,-0.019053579250750324,0.05617188295843645,-0.04600382031520584,-0.022000070410744064
signed_no_prior,2026-02-27,IWM,0.002561787595887856,-0.052595723393065286,-0.02025985059961036,0.05748047190698262,-0.05515751098895314,-0.022821638195498217
signed_no_prior,2026-02-27,VNQ,0.002305670431819693,-0.066081450572396,-0.017692260231721185,0.057709357392508195,-0.06838712100421569,-0.01999793066354088
signed_no_prior,2026-02-27,VNQI,3.283017448173479e-05,-0.1261996923521307,-0.012368079505092859,0.055443746498175225,-0.12623252252661243,-0.012400909679574593
signed_no_prior,2026-02-27,VEA,0.006774299765135943,-0.0890166153043781,0.0025779432550808636,0.052675068659446045,-0.09579091506951404,-0.004196356510055079
signed_no_prior,2026-02-27,VWO,0.0024632070286344583,-0.07262882161942752,0.002845870294683733,0.04688948943961296,-0.07509202864806198,0.0003826632660492747
signed_no_prior,2026-02-27,VSS,0.004384120932677324,-0.09195775776152426,0.001959210634568341,0.05244930042893134,-0.09634187869420159,-0.0024249102981089834
signed_no_prior,2026-02-27,BND,-0.0021971062705247687,-0.020459273388676813,-0.005292084535396405,0.019283897708940612,-0.018262167118152043,-0.0030949782648716363
signed_no_prior,2026-02-27,IEF,-0.0028570887109800086,-0.02626946195927571,-0.006814150921380399,0.02254911853442337,-0.0234123732482957,-0.003957062210400391
signed_no_prior,2026-02-27,BNDX,-0.002276754244249397,-0.02445812349945309,-0.006661302908406681,0.01484220009431063,-0.02218136925520369,-0.004384548664157283
signed_no_prior,2026-02-27,LQD,-0.0019985279983067627,-0.02380357071815431,-0.01065968451040928,0.029593127823816158,-0.021805042719847546,-0.008661156512102516
signed_no_prior,2026-02-27,HYG,0.0005184175244693163,-0.01264655652256541,-0.006227945401374228,0.02248716092310855,-0.013164974047034726,-0.006746362925843544
signed_no_prior,2026-02-27,EWX,0.004062569344703256,-0.05906694056130268,0.004720802502477614,0.04038537907211294,-0.06312950990600594,0.0006582331577743581
signed_no_prior,2026-02-27,VWOB,-0.0001151143101267077,-0.03742886388704314,-0.00793939869734909,0.03200845694108287,-0.03731374957691643,-0.007824284387222382
signed_no_prior,2026-02-27,HYEM,-5.067753201633674e-06,-0.024402651519384255,-0.007067279503356111,0.02858879603474346,-0.02439758376618262,-0.007062211750154477
signed_no_prior,2026-03-31,SPY,0.00743841049511441,0.10158469057343722,0.02082208160616473,0.046347640046065626,0.0941462800783228,0.013383671111050318
signed_no_prior,2026-03-31,MGK,0.008717209841200446,0.13945658747726553,0.025263958278231097,0.061058434203857544,0.13073937763606508,0.01654674843703065
signed_no_prior,2026-03-31,VTV,0.006555069028038389,0.0506170669983208,0.011362084391167803,0.040970216444116594,0.044061997970282415,0.004807015363129414
signed_no_prior,2026-03-31,IJR,0.002179760821406977,0.09942684130728341,0.01490183446938745,0.05737667524583204,0.09724708048587644,0.012722073647980474
signed_no_prior,2026-03-31,IWM,0.0016424957460719702,0.11732924859591698,0.01584803820305819,0.059338428081075596,0.115686752849845,0.01420554245698622
signed_no_prior,2026-03-31,VNQ,0.0011658850817494312,0.08261211567781301,0.011582671678403697,0.05615492032793842,0.08144623059606358,0.010416786596654265
signed_no_prior,2026-03-31,VNQI,-0.0020710452009618054,0.05920759938488018,0.013550849554598699,0.049457286506831344,0.061278644585841986,0.015621894755560504
signed_no_prior,2026-03-31,VEA,0.005177784513977376,0.07028850576993428,0.022368564189782787,0.04629385748348108,0.0651107212559569,0.01719077967580541
signed_no_prior,2026-03-31,VWO,0.0012116732178334255,0.08686516780484332,0.010288581490183198,0.04118685276410884,0.0856534945870099,0.009076908272349773
signed_no_prior,2026-03-31,VSS,0.002778422954440631,0.08096490152679459,0.020083520936826627,0.047499882685685516,0.07818647857235396,0.017305097982385997
signed_no_prior,2026-03-31,BND,-0.0025014757224939696,-0.001644084190784434,0.004068842268435346,0.01867647429795887,0.0008573915317095357,0.006570317990929315
signed_no_prior,2026-03-31,IEF,-0.003247294931784937,-0.004636900424381141,0.003815891623449005,0.022087626781724226,-0.0013896054925962038,0.007063186555233942
signed_no_prior,2026-03-31,BNDX,-0.002646443731836125,-0.0008092670395931645,0.004275280255050355,0.01525727905110802,0.0018371766922429607,0.00692172398688648
signed_no_prior,2026-03-31,LQD,-0.0023619453769708884,-0.0003280238707080718,0.007452981922173329,0.028717848113727358,0.0020339215062628166,0.009814927299144217
signed_no_prior,2026-03-31,HYG,0.00029900129035207075,0.012020620280474459,0.006992057475229117,0.022170073291608014,0.011721618990122388,0.006693056184877046
signed_no_prior,2026-03-31,EWX,0.003010410846269823,0.10571433591391832,0.012486959102621103,0.037374390579174285,0.1027039250676485,0.00947654825635128
signed_no_prior,2026-03-31,VWOB,-0.0007370101364086482,0.020791542317250666,0.008374132240153617,0.029880855058975277,0.021528552453659314,0.009111142376562265
signed_no_prior,2026-03-31,HYEM,-0.0004116941493046774,0.022278894658412263,0.002100108715281919,0.025191812439830086,0.02269058880771694,0.0025118028645865964
signed_no_prior,2026-04-30,SPY,0.008981792135742652,0.049483664963993146,0.0067787650503464,0.046152523804512444,0.04050187282825049,-0.0022030270853962523
signed_no_prior,2026-04-30,MGK,0.010860478327037579,0.08330425574857636,0.011087868996735148,0.05676073534621603,0.07244377742153878,0.00022739066969756916
signed_no_prior,2026-04-30,VTV,0.0072773968636167885,0.021460679046998887,0.006965214385990418,0.0474190475973557,0.0141832821833821,-0.00031218247762637014
signed_no_prior,2026-04-30,IJR,0.0037739752556016724,0.008359592272450422,-0.004472355421218247,0.06502169825662608,0.00458561701684875,-0.00824633067681992
signed_no_prior,2026-04-30,IWM,0.0035389998911513967,0.04170616807391436,-0.003968256633624509,0.06522980411963582,0.038167168182762966,-0.007507256524775905
signed_no_prior,2026-04-30,VNQ,0.002501069189881621,-0.009505527770350963,0.001705784683654207,0.061926545299605874,-0.012006596960232584,-0.0007952845062274142
signed_no_prior,2026-04-30,VNQI,-0.0010664772569316092,-0.02873894096208207,-0.0029036402426852017,0.056687264269067804,-0.027672463705150464,-0.0018371629857535925
signed_no_prior,2026-04-30,VEA,0.006245173387025849,0.04005467192775236,0.003682735062965435,0.052642593794662705,0.03380949854072651,-0.0025624383240604146
signed_no_prior,2026-04-30,VWO,0.002615828866800801,0.013087733301134774,-0.0013255814705266551,0.048454852141810244,0.010471904434333972,-0.003941410337327456
signed_no_prior,2026-04-30,VSS,0.00406016850480709,0.0153673341636833,-0.000746407139721011,0.05302720078446358,0.01130716565887621,-0.004806575644528101
signed_no_prior,2026-04-30,BND,-0.0024874201236134855,-0.00023588979226363271,0.0004799605172038212,0.017815806382215242,0.002251530331349853,0.0029673806408173067
signed_no_prior,2026-04-30,IEF,-0.00327007534969635,-0.0031745273257528517,0.0004865644855475289,0.021044318477562756,9.554802394349821e-05,0.003756639835243879
signed_no_prior,2026-04-30,BNDX,-0.002616326081143618,0.005188840393763217,-0.0023635868022670236,0.01481921633270042,0.007805166474906835,0.0002527392788765942
signed_no_prior,2026-04-30,LQD,-0.002328602401458383,0.005612799118414058,0.0014038235915641451,0.027350866421051914,0.007941401519872441,0.003732425993022528
signed_no_prior,2026-04-30,HYG,0.0004911589787147328,0.0013666068307942592,0.000798232651114935,0.02225503768397491,0.0008754478520795263,0.0003070736724002022
signed_no_prior,2026-04-30,EWX,0.004694081749018159,0.01835836502980981,-0.00042508295449849524,0.04447527621061877,0.01366428328079165,-0.0051191647035166545
signed_no_prior,2026-04-30,VWOB,-0.0003840830470043972,0.006564291011867507,0.003272438225874541,0.030408804987032644,0.006948374058871904,0.0036565212728789384
signed_no_prior,2026-04-30,HYEM,-3.971728360439966e-05,0.00658729224447252,0.001310150689568576,0.027856465831211926,0.0066270095280769195,0.0013498679731729756
signed_lkj_eta_1,2025-05-30,SPY,0.007317202496114117,0.04769511906164903,0.013023186517753874,0.03301505734982436,0.04037791656553491,0.005705984021639757
signed_lkj_eta_1,2025-05-30,MGK,0.009610770673104944,0.06034673392230827,0.01459430205187462,0.04941086727597003,0.05073596324920333,0.004983531378769675
signed_lkj_eta_1,2025-05-30,VTV,0.005312478651329571,0.0332330912657377,0.010584094572197474,0.03174409687380222,0.027920612614408133,0.005271615920867903
signed_lkj_eta_1,2025-05-30,IJR,-0.00041575730887501996,0.03734736300075814,0.011061923947925883,0.04630017725366389,0.03776312030963316,0.011477681256800903
signed_lkj_eta_1,2025-05-30,IWM,-0.0015216367751140637,0.05147995646827952,0.009647409858126945,0.04583371772174613,0.05300159324339358,0.011169046633241008
signed_lkj_eta_1,2025-05-30,VNQ,0.0013147227365438608,0.0033500785292834845,0.006533163628448889,0.04149575935167357,0.002035355792739624,0.0052184408919050285
signed_lkj_eta_1,2025-05-30,VNQI,-0.003141402592921254,0.04115888912622401,0.0036187984774402686,0.0338954741313496,0.04430029171914526,0.006760201070361523
signed_lkj_eta_1,2025-05-30,VEA,0.003213867729195683,0.030256851306093457,0.00983246726210558,0.02843904785470444,0.027042983576897776,0.006618599532909896
signed_lkj_eta_1,2025-05-30,VWO,-0.0013812432635037686,0.05168209224062714,0.0025667620598174685,0.03059072655498608,0.053063335504130914,0.003948005323321237
signed_lkj_eta_1,2025-05-30,VSS,0.00044890942076046157,0.054769444558085745,0.008470780273272402,0.02839530619443841,0.054320535137325286,0.00802187085251194
signed_lkj_eta_1,2025-05-30,BND,-0.003237055002469442,0.011602274676301816,-0.0017451739028955236,0.011589455293134479,0.014839329678771258,0.0014918810995739186
signed_lkj_eta_1,2025-05-30,IEF,-0.0040674968930327,0.012452491537882304,-0.0025805018501390397,0.014261798603335289,0.016519988430915004,0.0014869950428936605
signed_lkj_eta_1,2025-05-30,BNDX,-0.0027348125869511297,-0.0001381150801093023,-0.0006272995586288884,0.010214603423147211,0.0025966975068418274,0.0021075130283222413
signed_lkj_eta_1,2025-05-30,LQD,-0.003152480733546488,0.01724059290590274,-0.0006725636758693598,0.015356244680727521,0.020393073639449227,0.002479917057677128
signed_lkj_eta_1,2025-05-30,HYG,5.2760762575032596e-05,0.014810137654057698,0.002905575153973692,0.014056868147276096,0.014757376891482665,0.0028528143913986595
signed_lkj_eta_1,2025-05-30,EWX,0.0014349156952656505,0.05043478917948763,0.006040054665903352,0.023513969511534585,0.048999873484221974,0.004605138970637701
signed_lkj_eta_1,2025-05-30,VWOB,-0.001725584997727383,0.021275025282161186,0.0011386297785057082,0.01437352044541117,0.02300061027988857,0.002864214776233091
signed_lkj_eta_1,2025-05-30,HYEM,-0.0011012187111369331,0.014454903619178339,8.522535768894657e-05,0.01846763059286628,0.015556122330315272,0.0011864440688258797
signed_lkj_eta_1,2025-06-30,SPY,0.008108926350340292,0.01908467259702551,0.0008432337395097283,0.03251197168558142,0.010975746246685217,-0.007265692610830564
signed_lkj_eta_1,2025-06-30,MGK,0.010605593481912853,0.03526188252947149,0.0030089402242731043,0.04443953917920896,0.024656289047558635,-0.007596653257639749
signed_lkj_eta_1,2025-06-30,VTV,0.005859941643768946,-0.002167296399311236,-0.0003270991276050003,0.030929948609748195,-0.00802723804308018,-0.006187040771373946
signed_lkj_eta_1,2025-06-30,IJR,0.0003246960305295518,0.005165530187941636,-0.01016396646707143,0.04391489996538038,0.004840834157412084,-0.010488662497600982
signed_lkj_eta_1,2025-06-30,IWM,-0.0004823898487730129,0.012760607343994756,-0.010134547583826611,0.04621021990636935,0.01324299719276777,-0.009652157735053598
signed_lkj_eta_1,2025-06-30,VNQ,0.0013546316736564024,-0.0029632780526935854,-0.014467363836120227,0.04235850562301936,-0.004317909726349988,-0.01582199550977663
signed_lkj_eta_1,2025-06-30,VNQI,-0.0022727694219576216,-0.023931985253554888,-0.01876475940766201,0.032039537796296085,-0.021659215831597266,-0.016491989985704388
signed_lkj_eta_1,2025-06-30,VEA,0.003744122309134855,-0.01766175570590245,-0.00807310652414788,0.027849493854526577,-0.021405878015037304,-0.011817228833282735
signed_lkj_eta_1,2025-06-30,VWO,-0.0003407857045992409,0.002989658374459969,-0.012868781417338255,0.02869060811908507,0.0033304440790592102,-0.012527995712739014
signed_lkj_eta_1,2025-06-30,VSS,0.001514017952864879,-0.009120730437294888,-0.012859316039177896,0.027286987104474806,-0.010634748390159767,-0.014373333992042775
signed_lkj_eta_1,2025-06-30,BND,-0.002946087753866084,-0.006504632044136427,-0.007097930490933708,0.01122415421235916,-0.0035585442902703428,-0.004151842737067624
signed_lkj_eta_1,2025-06-30,IEF,-0.0037435755512500533,-0.00977429711868305,-0.008465141048533572,0.014175925057164886,-0.0060307215674329975,-0.004721565497283519
signed_lkj_eta_1,2025-06-30,BNDX,-0.0026838969495620742,-0.00498710657025403,-0.005354024256986525,0.010046667042234786,-0.0023032096206919554,-0.0026701273074244505
signed_lkj_eta_1,2025-06-30,LQD,-0.0027526165445376795,-0.004751878550950606,-0.009324309022376853,0.014979348079074306,-0.001999262006412926,-0.006571692477839173
signed_lkj_eta_1,2025-06-30,HYG,0.0003421210937805751,-0.002505544256353631,-0.003000903525931541,0.012853857724991445,-0.0028476653501342064,-0.0033430246197121163
signed_lkj_eta_1,2025-06-30,EWX,0.002395697528289611,0.003689786989881094,-0.00823307921976796,0.022652255566529975,0.0012940894615914834,-0.01062877674805757
signed_lkj_eta_1,2025-06-30,VWOB,-0.0012745926392981953,0.003448378263515961,-0.008041361971631996,0.013992340684733429,0.004722970902814157,-0.0067667693323338
signed_lkj_eta_1,2025-06-30,HYEM,-0.0007961967046601631,0.0052854367518158085,-0.001004050694630907,0.017794240166262958,0.006081633456475972,-0.00020785398997074398
signed_lkj_eta_1,2025-07-31,SPY,0.008319998393545776,0.01702595928567807,-0.0006949377846521814,0.03245617532897928,0.008705960892132296,-0.009014936178197958
signed_lkj_eta_1,2025-07-31,MGK,0.011079752886673596,0.005506659536577585,0.004582182502359662,0.046178050407037576,-0.005573093350096011,-0.006497570384313933
signed_lkj_eta_1,2025-07-31,VTV,0.0057055716814020194,0.03136457393982228,-0.0045960230893473016,0.02846769324303068,0.025659002258420265,-0.010301594770749321
signed_lkj_eta_1,2025-07-31,IJR,0.0004177889950951688,0.06670214284372133,-0.012840648622192157,0.03955154493804677,0.06628435384862616,-0.013258437617287325
signed_lkj_eta_1,2025-07-31,IWM,-0.00022771682583517123,0.06825711678016222,-0.012403141184947907,0.04269014767308564,0.06848483360599739,-0.012175424359112737
signed_lkj_eta_1,2025-07-31,VNQ,0.0012715949481496719,0.031234506481848445,-0.016661149758148336,0.04028820593517488,0.029962911533698774,-0.017932744706298007
signed_lkj_eta_1,2025-07-31,VNQI,-0.002689292803334492,0.03800885965747658,-0.025460765351235103,0.03176269420033494,0.04069815246081107,-0.02277147254790061
signed_lkj_eta_1,2025-07-31,VEA,0.003332470808845676,0.040715343672140136,-0.014313392986476287,0.027665562220598693,0.03738287286329446,-0.017645863795321962
signed_lkj_eta_1,2025-07-31,VWO,-0.0002767387030788715,0.03119670619044923,-0.017507074968394633,0.02786368707204522,0.0314734448935281,-0.01723033626531576
signed_lkj_eta_1,2025-07-31,VSS,0.0013095035607464218,0.04570476560415426,-0.0179556005531047,0.026362057824158878,0.04439526204340784,-0.01926510411385112
signed_lkj_eta_1,2025-07-31,BND,-0.0030145212979097447,0.008078120866885197,-0.009006205599248102,0.010412439810244064,0.011092642164794941,-0.005991684301338358
signed_lkj_eta_1,2025-07-31,IEF,-0.0038595509660083803,0.013001796164747947,-0.011058545055328672,0.013420930139082153,0.016861347130756328,-0.007198994089320291
signed_lkj_eta_1,2025-07-31,BNDX,-0.002728189442267689,-0.002067319775812204,-0.005189070292579872,0.009800945799365336,0.0006608696664554847,-0.0024608808503121834
signed_lkj_eta_1,2025-07-31,LQD,-0.002791063890814851,0.0069765482555901315,-0.01122965456331533,0.014031520545093401,0.009767612146404982,-0.00843859067250048
signed_lkj_eta_1,2025-07-31,HYG,0.0002873582985856865,0.007592278645943473,-0.0031414089858361003,0.014153921414799315,0.007304920347357787,-0.0034287672844217866
signed_lkj_eta_1,2025-07-31,EWX,0.002420583864089447,0.059400893238615415,-0.009428170665330592,0.021914945730507073,0.056980309374525966,-0.011848754529420039
signed_lkj_eta_1,2025-07-31,VWOB,-0.0011837662757825385,0.013654429789281775,-0.009307764773125227,0.013226690288080363,0.014838196065064313,-0.008123998497342688
signed_lkj_eta_1,2025-07-31,HYEM,-0.0006792422151125483,0.015516857251125726,-0.0030980857733704983,0.01665508800193987,0.016196099466238276,-0.00241884355825795
signed_lkj_eta_1,2025-08-29,SPY,0.008484261806604877,0.03208906394277711,0.010417922007614289,0.03056084069114119,0.02360480213617223,0.0019336602010094125
signed_lkj_eta_1,2025-08-29,MGK,0.010974600181954803,0.04538102472427963,0.01182685528347712,0.0478455545841079,0.03440642454232483,0.0008522551015223163
signed_lkj_eta_1,2025-08-29,VTV,0.00618970379948542,0.019529753810910266,0.010316765177262207,0.03026053738371377,0.013340050011424846,0.004127061377776787
signed_lkj_eta_1,2025-08-29,IJR,0.001668437180918304,0.007030856049952794,0.006021545899842716,0.046178486598912924,0.00536241886903449,0.004353108718924412
signed_lkj_eta_1,2025-08-29,IWM,0.0010644498459761002,0.028272862598571757,0.005659977739815714,0.04615353550440648,0.027208412752595657,0.004595527893839614
signed_lkj_eta_1,2025-08-29,VNQ,0.0018369329016156865,-0.002835540326792896,0.0044256211067505696,0.04261946608880284,-0.004672473228408582,0.002588688205134883
signed_lkj_eta_1,2025-08-29,VNQI,-0.0019214031342625851,0.010131917120224765,0.0052687001722213555,0.0320623339738532,0.01205332025448735,0.00719010330648394
signed_lkj_eta_1,2025-08-29,VEA,0.0040378080326814204,0.022001068135094393,0.007182948060184426,0.027763557255892028,0.017963260102412972,0.0031451400275030053
signed_lkj_eta_1,2025-08-29,VWO,0.00031709987981788515,0.053275426570534856,0.004891869421057847,0.028259387242809606,0.05295832669071697,0.004574769541239962
signed_lkj_eta_1,2025-08-29,VSS,0.002147150014395626,0.018182193335737562,0.005910475561235387,0.027527620047575873,0.016035043321341935,0.003763325546839761
signed_lkj_eta_1,2025-08-29,BND,-0.0028052261627249343,0.007605185555678684,-0.003760301946336875,0.010944272382619557,0.01041041171840362,-0.0009550757836119406
signed_lkj_eta_1,2025-08-29,IEF,-0.00354141234089977,0.0030789765395491386,-0.005499621052130149,0.013991531239623158,0.006620388880448909,-0.0019582087112303788
signed_lkj_eta_1,2025-08-29,BNDX,-0.0027157202032779626,0.0018362952066057758,-0.0034233926936031,0.009934375449343112,0.0045520154098837385,-0.0007076724903251372
signed_lkj_eta_1,2025-08-29,LQD,-0.002606769322014757,0.015298491121950697,-0.0037385792089557547,0.014652399122682187,0.017905260443965454,-0.0011318098869409978
signed_lkj_eta_1,2025-08-29,HYG,0.00042518698438489,0.005419530370210479,0.0010430839949757652,0.013064048217530329,0.004994343385825589,0.0006178970105908752
signed_lkj_eta_1,2025-08-29,EWX,0.0034956840409672957,0.00934001338555035,0.0061733444848654,0.02339554708640209,0.005844329344583054,0.0026776604438981046
signed_lkj_eta_1,2025-08-29,VWOB,-0.000903800312290759,0.011313877152875351,0.0008410346136366465,0.013885850630318306,0.01221767746516611,0.0017448349259274055
signed_lkj_eta_1,2025-08-29,HYEM,-0.000373655432730694,-0.003310550556556602,-0.000609683683268494,0.017840792764674908,-0.002936895123825908,-0.00023602825053780003
signed_lkj_eta_1,2025-09-30,SPY,0.008921387772089548,0.02028375894432366,0.007412849519426149,0.0328471676459737,0.011362371172234112,-0.0015085382526633991
signed_lkj_eta_1,2025-09-30,MGK,0.011611756191997856,0.04184616666398688,0.01004874536850592,0.04873637253378349,0.030234410471989027,-0.0015630108234919362
signed_lkj_eta_1,2025-09-30,VTV,0.0064367417626599545,-0.007371739211896489,0.004075723257259833,0.030817575086351207,-0.013808480974556444,-0.0023610185054001214
signed_lkj_eta_1,2025-09-30,IJR,0.0017677412340485724,-0.012108590721114587,0.0006439547530762075,0.045310028561637676,-0.013876331955163159,-0.001123786480972365
signed_lkj_eta_1,2025-09-30,IWM,0.0015683093413945384,0.014115453040836279,0.00011307567176224113,0.04632854021696238,0.01254714369944174,-0.0014552336696322973
signed_lkj_eta_1,2025-09-30,VNQ,0.00175040561960812,-0.027888055765740494,-0.0007005102328980928,0.04019373906411566,-0.029638461385348612,-0.002450915852506213
signed_lkj_eta_1,2025-09-30,VNQI,-0.0016981934999202267,-0.015995303603671296,-0.004464915579749328,0.03240512701195409,-0.014297110103751069,-0.0027667220798291018
signed_lkj_eta_1,2025-09-30,VEA,0.00437046099754092,0.014158067636574012,0.002428130378479963,0.029899946009022467,0.009787606639033091,-0.001942330619060957
signed_lkj_eta_1,2025-09-30,VWO,0.0012978096333496809,0.01105958429806142,-0.0008550852752114454,0.029621634236277065,0.00976177466471174,-0.0021528949085611263
signed_lkj_eta_1,2025-09-30,VSS,0.0024440952610871435,-0.004799080760367169,0.0007640512624865442,0.02812325421095677,-0.007243176021454313,-0.0016800439986005993
signed_lkj_eta_1,2025-09-30,BND,-0.002612440760532275,0.002537797325417923,-0.0034674741717155553,0.011126974213458676,0.005150238085950198,-0.0008550334111832804
signed_lkj_eta_1,2025-09-30,IEF,-0.003418812546817383,0.0036171952388968087,-0.004644969222672224,0.013963741361989445,0.007036007785714192,-0.0012261566758548412
signed_lkj_eta_1,2025-09-30,BNDX,-0.002631423621613449,0.006523664675198493,-0.0035150045344003356,0.009771088339110341,0.009155088296811942,-0.0008835809127868866
signed_lkj_eta_1,2025-09-30,LQD,-0.0022751904249042857,-0.0019813075408361414,-0.003758447104732803,0.014413456017254975,0.0002938828840681443,-0.0014832566798285173
signed_lkj_eta_1,2025-09-30,HYG,0.0005176748248631416,-0.003581832310472044,-0.0009074591697112392,0.01295168842484891,-0.004099507135335185,-0.0014251339945743808
signed_lkj_eta_1,2025-09-30,EWX,0.003603912362163278,-0.003915097877319473,0.0009202040156193964,0.023553873911955125,-0.007519010239482751,-0.0026837083465438816
signed_lkj_eta_1,2025-09-30,VWOB,-0.000677547025898794,0.017691150240358278,-0.0018298662243225816,0.014237112039754663,0.018368697266257072,-0.0011523191984237876
signed_lkj_eta_1,2025-09-30,HYEM,-0.0004280423794682108,0.00027660203614199297,-0.0017460216143851356,0.018345158137265886,0.0007046444156102037,-0.0013179792349169248
signed_lkj_eta_1,2025-10-31,SPY,0.00912797633885744,-0.001039617729681419,0.012096209313087344,0.029769635658472075,-0.010167594068538859,0.0029682329742299045
signed_lkj_eta_1,2025-10-31,MGK,0.01216147274603402,-0.018174122322586972,0.008892714384442968,0.044255902169998584,-0.03033559506862099,-0.0032687583615910523
signed_lkj_eta_1,2025-10-31,VTV,0.006185678472213474,0.02234958180665636,0.016395292386701107,0.028644289423069368,0.016163903334442887,0.010209613914487634
signed_lkj_eta_1,2025-10-31,IJR,0.0015154442894092421,0.022999546830901885,0.02510099968133027,0.04131411461959678,0.021484102541492644,0.023585555391921028
signed_lkj_eta_1,2025-10-31,IWM,0.0017964392268389336,0.007219933427264902,0.0260784903568394,0.041643879398351645,0.005423494200425968,0.024282051130000468
signed_lkj_eta_1,2025-10-31,VNQ,0.0012115245035108726,0.02116455054555555,0.010914500240396651,0.03827420954477422,0.019953026042044675,0.009702975736885779
signed_lkj_eta_1,2025-10-31,VNQI,-0.0019581409563520645,0.011398276316832767,0.007237889713519727,0.03213737824083706,0.013356417273184831,0.00919603066987179
signed_lkj_eta_1,2025-10-31,VEA,0.004548417481886976,0.006662577508105283,0.015399896330377996,0.02637971281989125,0.0021141600262183065,0.010851478848491018
signed_lkj_eta_1,2025-10-31,VWO,0.0014752964454353488,-0.015135981764385575,0.009032630051183784,0.027700207275055014,-0.016611278209820925,0.007557333605748435
signed_lkj_eta_1,2025-10-31,VSS,0.0023124011516061564,0.006820955763576553,0.012294432980045168,0.024549529719325922,0.004508554611970396,0.00998203182843901
signed_lkj_eta_1,2025-10-31,BND,-0.002518800068060453,0.00297114143881938,0.0005533435935782729,0.010139747763290014,0.005489941506879833,0.003072143661638726
signed_lkj_eta_1,2025-10-31,IEF,-0.0032908851325316704,0.00686801303321638,0.0012120544201483382,0.012948362988379224,0.01015889816574805,0.004502939552680009
signed_lkj_eta_1,2025-10-31,BNDX,-0.002464967470762323,-0.004807659780811324,-0.002033598678287421,0.00905508391803133,-0.002342692310049001,0.0004313687924749018
signed_lkj_eta_1,2025-10-31,LQD,-0.00226984709973941,0.006300096794094712,0.00037558972103681745,0.014040377832373769,0.008569943893834121,0.0026454368207762275
signed_lkj_eta_1,2025-10-31,HYG,0.000443138331493411,0.004457641722011463,0.003289786608045185,0.012381373172186495,0.004014503390518052,0.002846648276551774
signed_lkj_eta_1,2025-10-31,EWX,0.0034672030850817735,-0.016176668191666965,0.015379416150895261,0.0215147459027221,-0.01964387127674874,0.011912213065813488
signed_lkj_eta_1,2025-10-31,VWOB,-0.0003435707119668472,0.0006545758910070365,0.004524250869859599,0.013468671965344375,0.0009981466029738836,0.004867821581826446
signed_lkj_eta_1,2025-10-31,HYEM,-0.0004152306628207526,-0.0021992661278306125,0.0054604111676729294,0.01667844977413789,-0.0017840354650098598,0.005875641830493682
signed_lkj_eta_1,2025-11-28,SPY,0.008946412159062103,-0.0024606389596457667,0.008459396649542542,0.029084918624385257,-0.01140705111870787,-0.0004870155095195606
signed_lkj_eta_1,2025-11-28,MGK,0.011619765691237216,-0.006014656315694422,0.003246063878383632,0.042522268790760945,-0.01763442200693164,-0.008373701812853584
signed_lkj_eta_1,2025-11-28,VTV,0.006474319603185668,0.004591005630098177,0.01614576694826237,0.02690797614934923,-0.001883313973087491,0.009671447345076703
signed_lkj_eta_1,2025-11-28,IJR,0.0018990889776501821,-0.0043423583691276635,0.019458142935478404,0.038974934536705926,-0.006241447346777846,0.01755905395782822
signed_lkj_eta_1,2025-11-28,IWM,0.0018932873375608259,-0.010325989693845572,0.016200868081272496,0.03946457304995095,-0.012219277031406397,0.01430758074371167
signed_lkj_eta_1,2025-11-28,VNQ,0.0015678285399759562,-0.02554537559841752,0.00944043942384986,0.03737244975596912,-0.027113204138393476,0.007872610883873903
signed_lkj_eta_1,2025-11-28,VNQI,-0.0017196335050451924,0.0008944661826628675,-0.00038055952386010865,0.02862294189587154,0.0026140996877080597,0.0013390739811850838
signed_lkj_eta_1,2025-11-28,VEA,0.004586170339498018,0.02842462799248069,0.006095751233520341,0.02654605619485702,0.023838457652982672,0.0015095808940223231
signed_lkj_eta_1,2025-11-28,VWO,0.0011786664774028324,0.006231798598067773,-0.004336245544303301,0.02570283104976626,0.00505313212066494,-0.005514912021706134
signed_lkj_eta_1,2025-11-28,VSS,0.002392911055391342,0.01745648547983225,0.0029186904234334873,0.024611280140142425,0.01506357442444091,0.0005257793680421455
signed_lkj_eta_1,2025-11-28,BND,-0.002420765398294742,-0.00624728267814989,-0.0010500540585109124,0.009650118329273576,-0.0038265172798551484,0.0013707113397838295
signed_lkj_eta_1,2025-11-28,IEF,-0.003109476236714741,-0.010842523271658244,-0.0006401878813050406,0.01232827954547636,-0.007733047034943503,0.0024692883554097004
signed_lkj_eta_1,2025-11-28,BNDX,-0.002506801262013198,-0.00843043234441343,-0.0032000075361536297,0.008951111027000814,-0.005923631082400232,-0.0006932062741404317
signed_lkj_eta_1,2025-11-28,LQD,-0.0021168123873495153,-0.010606184040828248,-0.00023933000713382462,0.012873470239209256,-0.008489371653478732,0.0018774823802156907
signed_lkj_eta_1,2025-11-28,HYG,0.0005148258920383762,0.0016540803164204476,0.002219802646947913,0.0115608132160892,0.0011392544243820713,0.0017049767549095368
signed_lkj_eta_1,2025-11-28,EWX,0.003116419669425546,0.005526301936131128,-0.0034845869095428,0.021078845129138803,0.0024098822667055824,-0.006601006578968346
signed_lkj_eta_1,2025-11-28,VWOB,-0.00032574666548517074,-0.0012631324755422169,0.0008034961657219814,0.012517914125201014,-0.0009373858100570462,0.001129242831207152
signed_lkj_eta_1,2025-11-28,HYEM,-0.000447088438981643,0.006456216930834868,-8.149693457726981e-05,0.01579723554944882,0.006903305369816511,0.00036559150440437316
signed_lkj_eta_1,2025-12-31,SPY,0.008746288455225123,0.011594066475381304,0.008081749938594287,0.027968551730253064,0.002847778020156181,-0.0006645385166308363
signed_lkj_eta_1,2025-12-31,MGK,0.011310389866554206,-0.01981088189923419,0.00783850127429827,0.041714291319276356,-0.031121271765788397,-0.0034718885922559364
signed_lkj_eta_1,2025-12-31,VTV,0.00644127900716659,0.04262615110326995,0.010279313427504454,0.026098973311038616,0.03618487209610336,0.003838034420337864
signed_lkj_eta_1,2025-12-31,IJR,0.0017895899013909218,0.05372327844739844,0.00776064387687846,0.03839761379862359,0.051933688546007516,0.0059710539754875384
signed_lkj_eta_1,2025-12-31,IWM,0.0016789140563080822,0.05153392029332182,0.006776160671233783,0.04010888590811168,0.04985500623701374,0.0050972466149257
signed_lkj_eta_1,2025-12-31,VNQ,0.0010921582919339653,0.0229258613639709,-0.0055317923216064826,0.03583479149589636,0.021833703072036935,-0.006623950613540448
signed_lkj_eta_1,2025-12-31,VNQI,-0.0016737721070152263,0.04257155181000494,-0.002956683017031363,0.026940166679181077,0.044245323917020164,-0.0012829109100161368
signed_lkj_eta_1,2025-12-31,VEA,0.005004388894813503,0.05642561347994279,0.015605164947675792,0.02602279823555778,0.051421224585129294,0.010600776052862288
signed_lkj_eta_1,2025-12-31,VWO,0.0012673179181162523,0.04715510460279937,0.0027488055202100044,0.025939608181055625,0.045887786684683116,0.001481487602093752
signed_lkj_eta_1,2025-12-31,VSS,0.002657184290907849,0.06068200468583562,0.006929598187538142,0.02381399068683228,0.058024820394927776,0.004272413896630293
signed_lkj_eta_1,2025-12-31,BND,-0.0024878972803974637,-0.0009446630105405251,-0.004778276992653058,0.009821895594977561,0.0015432342698569385,-0.0022903797122555947
signed_lkj_eta_1,2025-12-31,IEF,-0.003245143728555855,-0.005378931439972923,-0.007264297564354342,0.01247918427158483,-0.0021337877114170675,-0.004019153835798487
signed_lkj_eta_1,2025-12-31,BNDX,-0.0026107246143360087,0.002059820670583523,-0.005358594196947215,0.00869372115724249,0.004670545284919532,-0.0027478695826112062
signed_lkj_eta_1,2025-12-31,LQD,-0.0022657487321473876,0.0003398451129934532,-0.006652387465099146,0.013340470429769451,0.002605593845140841,-0.004386638732951758
signed_lkj_eta_1,2025-12-31,HYG,0.0005348128117643775,0.0029604455586125233,0.0012475763863510972,0.011774351110843951,0.002425632746848146,0.0007127635745867197
signed_lkj_eta_1,2025-12-31,EWX,0.0031586983056835385,0.02711570928152862,0.003198407179975571,0.02103276400380983,0.023957010975845083,3.970887429203228e-05
signed_lkj_eta_1,2025-12-31,VWOB,-0.0003421920305738908,0.0003023714262653243,1.220113920266273e-05,0.012581725842105353,0.0006445634568392151,0.00035439316977655354
signed_lkj_eta_1,2025-12-31,HYEM,-0.00032597781845854624,0.01193825183971775,0.003069620227625025,0.015436079932142821,0.012264229658176296,0.0033955980460835715
signed_lkj_eta_1,2026-01-30,SPY,0.0087953880762623,-0.011463064459755201,0.012068698999978863,0.02979198133857078,-0.0202584525360175,0.003273310923716563
signed_lkj_eta_1,2026-01-30,MGK,0.010773816215419922,-0.049282081977910286,0.016995057116443144,0.04506833867470439,-0.06005589819333021,0.0062212409010232225
signed_lkj_eta_1,2026-01-30,VTV,0.00706515611227182,0.03464425383897951,0.007268251496333624,0.028481005258002505,0.02757909772670769,0.00020309538406180442
signed_lkj_eta_1,2026-01-30,IJR,0.002684998324597948,0.018113075612949725,0.0003408031072173281,0.04068142857273073,0.015428077288351777,-0.00234419521738062
signed_lkj_eta_1,2026-01-30,IWM,0.0025384831293600433,0.003913446654500996,0.0037299259313879193,0.043553890391823245,0.0013749635251409527,0.001191442802027876
signed_lkj_eta_1,2026-01-30,VNQ,0.0014686014483483952,0.05085567147315495,-0.0017059411019801842,0.040016985720343394,0.04938707002480656,-0.0031745425503285794
signed_lkj_eta_1,2026-01-30,VNQI,-0.0009109216946528097,0.05477043858428532,-0.0014936787577863467,0.02967237256328477,0.05568136027893813,-0.000582757063133537
signed_lkj_eta_1,2026-01-30,VEA,0.005890961732488146,0.05800790565870817,0.008278684622659297,0.027407548038952574,0.05211694392622002,0.0023877228901711513
signed_lkj_eta_1,2026-01-30,VWO,0.0020584866540590647,0.025936988754007295,0.009688274001598773,0.028417555572261905,0.02387850209994823,0.007629787347539709
signed_lkj_eta_1,2026-01-30,VSS,0.003657612228751431,0.046521625760379104,0.0033234300394223816,0.02692917387893078,0.04286401353162767,-0.00033418218932904954
signed_lkj_eta_1,2026-01-30,BND,-0.002461289792986137,0.013125538032234596,-0.0024863618638104115,0.010386679479189464,0.015586827825220733,-2.507207082427451e-05
signed_lkj_eta_1,2026-01-30,IEF,-0.0032819331718561494,0.02178389001983616,-0.004541189016781329,0.013292817457943647,0.02506582319169231,-0.0012592558449251797
signed_lkj_eta_1,2026-01-30,BNDX,-0.0025301979714925688,0.01242298193585456,-0.0018827102296563078,0.009472529137135885,0.014953179907347128,0.000647487741836261
signed_lkj_eta_1,2026-01-30,LQD,-0.0022208247003346147,0.010894680719308658,-0.0020718443471683698,0.014370492120382224,0.013115505419643273,0.0001489803531662449
signed_lkj_eta_1,2026-01-30,HYG,0.0005766340660203799,-0.0028581418854923824,0.00023782550217760348,0.01316581651322574,-0.0034347759515127624,-0.00033880856384277646
signed_lkj_eta_1,2026-01-30,EWX,0.003571750219060178,0.03253007863200175,0.002097725302668706,0.023168641016606577,0.02895832841294157,-0.0014740249163914718
signed_lkj_eta_1,2026-01-30,VWOB,-0.0003310788675249388,0.012410830018970698,0.0014863675280061565,0.014222810503350416,0.012741908886495637,0.0018174463955310954
signed_lkj_eta_1,2026-01-30,HYEM,-0.00011452558297274804,0.006343486373523,-0.0012849425800076958,0.01743314912757186,0.006458011956495748,-0.0011704169970349477
signed_lkj_eta_1,2026-02-27,SPY,0.008452024473956918,-0.05236481425659356,0.012419812218171202,0.029252982387018255,-0.06081683873055048,0.003967787744214284
signed_lkj_eta_1,2026-02-27,MGK,0.009755919635871952,-0.05256666804441845,0.014581950841301526,0.0447707953819924,-0.062322587680290406,0.004826031205429574
signed_lkj_eta_1,2026-02-27,VTV,0.0075325984466227975,-0.05111916666844174,0.010283745761078631,0.02954025223229354,-0.058651765115064536,0.0027511473144558336
signed_lkj_eta_1,2026-02-27,IJR,0.0029464911599937408,-0.0430573291552121,0.014805099761262942,0.03911210775746788,-0.04600382031520584,0.0118586086012692
signed_lkj_eta_1,2026-02-27,IWM,0.002561787595887856,-0.052595723393065286,0.01610046288436922,0.042827506767745306,-0.05515751098895314,0.013538675288481364
signed_lkj_eta_1,2026-02-27,VNQ,0.002305670431819693,-0.066081450572396,0.002179454774058836,0.0380420047249951,-0.06838712100421569,-0.0001262156577608569
signed_lkj_eta_1,2026-02-27,VNQI,3.283017448173479e-05,-0.1261996923521307,-0.005759277519967575,0.0296548712837175,-0.12623252252661243,-0.00579210769444931
signed_lkj_eta_1,2026-02-27,VEA,0.006774299765135943,-0.0890166153043781,0.002054731843611465,0.028337700664387268,-0.09579091506951404,-0.004719567921524477
signed_lkj_eta_1,2026-02-27,VWO,0.0024632070286344583,-0.07262882161942752,-0.001434730023015781,0.02802223495838331,-0.07509202864806198,-0.0038979370516502394
signed_lkj_eta_1,2026-02-27,VSS,0.004384120932677324,-0.09195775776152426,0.0021031641836518587,0.02546865591366607,-0.09634187869420159,-0.0022809567490254656
signed_lkj_eta_1,2026-02-27,BND,-0.0021971062705247687,-0.020459273388676813,-0.0018270168688804302,0.010185159405159419,-0.018262167118152043,0.00037008940164433854
signed_lkj_eta_1,2026-02-27,IEF,-0.0028570887109800086,-0.02626946195927571,-0.002536682811154879,0.013459522040781144,-0.0234123732482957,0.0003204058998251295
signed_lkj_eta_1,2026-02-27,BNDX,-0.002276754244249397,-0.02445812349945309,-0.0013634317395118186,0.00943931066539288,-0.02218136925520369,0.0009133225047375784
signed_lkj_eta_1,2026-02-27,LQD,-0.0019985279983067627,-0.02380357071815431,-0.0012862096607118088,0.014481657477479856,-0.021805042719847546,0.0007123183375949539
signed_lkj_eta_1,2026-02-27,HYG,0.0005184175244693163,-0.01264655652256541,0.0008389572227029641,0.013003533880822662,-0.013164974047034726,0.0003205396982336479
signed_lkj_eta_1,2026-02-27,EWX,0.004062569344703256,-0.05906694056130268,0.0022947647945571236,0.02299005826429209,-0.06312950990600594,-0.0017678045501461322
signed_lkj_eta_1,2026-02-27,VWOB,-0.0001151143101267077,-0.03742886388704314,0.0012157360376713298,0.013584677478629993,-0.03731374957691643,0.0013308503477980375
signed_lkj_eta_1,2026-02-27,HYEM,-5.067753201633674e-06,-0.024402651519384255,0.0005881133419593492,0.016695659795952594,-0.02439758376618262,0.0005931810951609829
signed_lkj_eta_1,2026-03-31,SPY,0.00743841049511441,0.10158469057343722,0.01849003074144803,0.028962985766353214,0.0941462800783228,0.011051620246333618
signed_lkj_eta_1,2026-03-31,MGK,0.008717209841200446,0.13945658747726553,0.019327403396498397,0.04597372066814217,0.13073937763606508,0.01061019355529795
signed_lkj_eta_1,2026-03-31,VTV,0.006555069028038389,0.0506170669983208,0.01673352253120203,0.029817126038829994,0.044061997970282415,0.010178453503163643
signed_lkj_eta_1,2026-03-31,IJR,0.002179760821406977,0.09942684130728341,0.0203303164386112,0.041482336761967296,0.09724708048587644,0.018150555617204224
signed_lkj_eta_1,2026-03-31,IWM,0.0016424957460719702,0.11732924859591698,0.020131457520781486,0.04409958399927375,0.115686752849845,0.018488961774709517
signed_lkj_eta_1,2026-03-31,VNQ,0.0011658850817494312,0.08261211567781301,0.012194828244941034,0.03949619577179662,0.08144623059606358,0.011028943163191602
signed_lkj_eta_1,2026-03-31,VNQI,-0.0020710452009618054,0.05920759938488018,0.009819679176373568,0.031533957996394295,0.061278644585841986,0.011890724377335373
signed_lkj_eta_1,2026-03-31,VEA,0.005177784513977376,0.07028850576993428,0.0159664168872791,0.029010122067676544,0.0651107212559569,0.010788632373301726
signed_lkj_eta_1,2026-03-31,VWO,0.0012116732178334255,0.08686516780484332,0.007878733876713805,0.02878499005223517,0.0856534945870099,0.006667060658880379
signed_lkj_eta_1,2026-03-31,VSS,0.002778422954440631,0.08096490152679459,0.015919945759358484,0.02653118083151054,0.07818647857235396,0.013141522804917852
signed_lkj_eta_1,2026-03-31,BND,-0.0025014757224939696,-0.001644084190784434,0.0022766079125669837,0.0106132488131705,0.0008573915317095357,0.004778083635060953
signed_lkj_eta_1,2026-03-31,IEF,-0.003247294931784937,-0.004636900424381141,0.0020028798597873584,0.013807027482300824,-0.0013896054925962038,0.005250174791572295
signed_lkj_eta_1,2026-03-31,BNDX,-0.002646443731836125,-0.0008092670395931645,0.0015086230632931192,0.009834145161285023,0.0018371766922429607,0.004155066795129244
signed_lkj_eta_1,2026-03-31,LQD,-0.0023619453769708884,-0.0003280238707080718,0.005134068561587031,0.014724423155002754,0.0020339215062628166,0.007496013938557919
signed_lkj_eta_1,2026-03-31,HYG,0.00029900129035207075,0.012020620280474459,0.006304859395071168,0.013100790193884522,0.011721618990122388,0.006005858104719097
signed_lkj_eta_1,2026-03-31,EWX,0.003010410846269823,0.10571433591391832,0.010399467781919672,0.02325782683799788,0.1027039250676485,0.007389056935649849
signed_lkj_eta_1,2026-03-31,VWOB,-0.0007370101364086482,0.020791542317250666,0.006319683286194599,0.014143512686173216,0.021528552453659314,0.007056693422603247
signed_lkj_eta_1,2026-03-31,HYEM,-0.0004116941493046774,0.022278894658412263,0.002273616544118622,0.017403310794059428,0.02269058880771694,0.0026853106934232995
signed_lkj_eta_1,2026-04-30,SPY,0.008981792135742652,0.049483664963993146,0.007119998936767249,0.03131164309970388,0.04050187282825049,-0.0018617931989754035
signed_lkj_eta_1,2026-04-30,MGK,0.010860478327037579,0.08330425574857636,0.00990550209472784,0.045945722207975305,0.07244377742153878,-0.0009549762323097389
signed_lkj_eta_1,2026-04-30,VTV,0.0072773968636167885,0.021460679046998887,0.004731257410005087,0.030491439131456334,0.0141832821833821,-0.0025461394536117014
signed_lkj_eta_1,2026-04-30,IJR,0.0037739752556016724,0.008359592272450422,-0.0036748166390507568,0.04269088505059883,0.00458561701684875,-0.007448791894652429
signed_lkj_eta_1,2026-04-30,IWM,0.0035389998911513967,0.04170616807391436,-0.004461439627915157,0.043410336748234746,0.038167168182762966,-0.008000439519066553
signed_lkj_eta_1,2026-04-30,VNQ,0.002501069189881621,-0.009505527770350963,0.0019964090826457863,0.040121924369216314,-0.012006596960232584,-0.0005046601072358349
signed_lkj_eta_1,2026-04-30,VNQI,-0.0010664772569316092,-0.02873894096208207,-0.0037218899766542236,0.03518969526701967,-0.027672463705150464,-0.002655412719722614
signed_lkj_eta_1,2026-04-30,VEA,0.006245173387025849,0.04005467192775236,0.00303815428855767,0.029701559687221126,0.03380949854072651,-0.0032070190984681795
signed_lkj_eta_1,2026-04-30,VWO,0.002615828866800801,0.013087733301134774,0.0007825724004919771,0.030368492797851334,0.010471904434333972,-0.001833256466308824
signed_lkj_eta_1,2026-04-30,VSS,0.00406016850480709,0.0153673341636833,0.0005941494591911421,0.027841351036581752,0.01130716565887621,-0.0034660190456159475
signed_lkj_eta_1,2026-04-30,BND,-0.0024874201236134855,-0.00023588979226363271,-0.003517764442386602,0.010569141405605166,0.002251530331349853,-0.0010303443187731163
signed_lkj_eta_1,2026-04-30,IEF,-0.00327007534969635,-0.0031745273257528517,-0.004599536367791832,0.013850351400736717,9.554802394349821e-05,-0.0013294610180954822
signed_lkj_eta_1,2026-04-30,BNDX,-0.002616326081143618,0.005188840393763217,-0.00351073585016291,0.009883698661459018,0.007805166474906835,-0.0008944097690192923
signed_lkj_eta_1,2026-04-30,LQD,-0.002328602401458383,0.005612799118414058,-0.003770583498886729,0.014773600839723818,0.007941401519872441,-0.001441981097428346
signed_lkj_eta_1,2026-04-30,HYG,0.0004911589787147328,0.0013666068307942592,-0.0013092118836960315,0.013263831903303436,0.0008754478520795263,-0.0018003708624107643
signed_lkj_eta_1,2026-04-30,EWX,0.004694081749018159,0.01835836502980981,0.0028859003689591907,0.02483327516376278,0.01366428328079165,-0.0018081813800589685
signed_lkj_eta_1,2026-04-30,VWOB,-0.0003840830470043972,0.006564291011867507,-0.001821877442196941,0.014446978428883362,0.006948374058871904,-0.0014377943951925437
signed_lkj_eta_1,2026-04-30,HYEM,-3.971728360439966e-05,0.00658729224447252,-0.0009653833528372366,0.017674083390670624,0.0066270095280769195,-0.000925666069232837
signed_lkj_eta_2,2025-05-30,SPY,0.007317202496114117,0.04769511906164903,0.013005145045926491,0.03344654120753303,0.04037791656553491,0.005687942549812374
signed_lkj_eta_2,2025-05-30,MGK,0.009610770673104944,0.06034673392230827,0.013849177280938464,0.04728718383965176,0.05073596324920333,0.00423840660783352
signed_lkj_eta_2,2025-05-30,VTV,0.005312478651329571,0.0332330912657377,0.010999248462165842,0.030572350558770514,0.027920612614408133,0.005686769810836271
signed_lkj_eta_2,2025-05-30,IJR,-0.00041575730887501996,0.03734736300075814,0.011841618006222911,0.04401700282491981,0.03776312030963316,0.012257375315097931
signed_lkj_eta_2,2025-05-30,IWM,-0.0015216367751140637,0.05147995646827952,0.01028485261684301,0.04559583823630981,0.05300159324339358,0.011806489391957073
signed_lkj_eta_2,2025-05-30,VNQ,0.0013147227365438608,0.0033500785292834845,0.007120687472172707,0.04039541567767069,0.002035355792739624,0.005805964735628846
signed_lkj_eta_2,2025-05-30,VNQI,-0.003141402592921254,0.04115888912622401,0.002350081635971423,0.03277157657890048,0.04430029171914526,0.005491484228892677
signed_lkj_eta_2,2025-05-30,VEA,0.003213867729195683,0.030256851306093457,0.008908027976680876,0.03028874011942049,0.027042983576897776,0.005694160247485192
signed_lkj_eta_2,2025-05-30,VWO,-0.0013812432635037686,0.05168209224062714,0.0011886962011709774,0.02843558512702241,0.053063335504130914,0.002569939464674746
signed_lkj_eta_2,2025-05-30,VSS,0.00044890942076046157,0.054769444558085745,0.007342670739337058,0.02962312639198841,0.054320535137325286,0.006893761318576596
signed_lkj_eta_2,2025-05-30,BND,-0.003237055002469442,0.011602274676301816,-0.0019608254817923415,0.012190020930889355,0.014839329678771258,0.0012762295206771006
signed_lkj_eta_2,2025-05-30,IEF,-0.0040674968930327,0.012452491537882304,-0.0026793039755258893,0.015183466701849153,0.016519988430915004,0.0013881929175068109
signed_lkj_eta_2,2025-05-30,BNDX,-0.0027348125869511297,-0.0001381150801093023,-0.0006281762631363103,0.010777359124374351,0.0025966975068418274,0.0021066363238148194
signed_lkj_eta_2,2025-05-30,LQD,-0.003152480733546488,0.01724059290590274,-0.0009198373047544128,0.0179039760443345,0.020393073639449227,0.002232643428792075
signed_lkj_eta_2,2025-05-30,HYG,5.2760762575032596e-05,0.014810137654057698,0.0027223262459153794,0.01441467905862244,0.014757376891482665,0.002669565483340347
signed_lkj_eta_2,2025-05-30,EWX,0.0014349156952656505,0.05043478917948763,0.004863890351505154,0.023021370777895275,0.048999873484221974,0.0034289746562395033
signed_lkj_eta_2,2025-05-30,VWOB,-0.001725584997727383,0.021275025282161186,0.0007209041100975726,0.014127997231651646,0.02300061027988857,0.0024464891078249556
signed_lkj_eta_2,2025-05-30,HYEM,-0.0011012187111369331,0.014454903619178339,-0.0004750494777424401,0.016843116555756262,0.015556122330315272,0.0006261692333944931
signed_lkj_eta_2,2025-06-30,SPY,0.008108926350340292,0.01908467259702551,0.0006922485377435133,0.02866421606941764,0.010975746246685217,-0.007416677812596779
signed_lkj_eta_2,2025-06-30,MGK,0.010605593481912853,0.03526188252947149,0.0024472534684069347,0.044081453316619695,0.024656289047558635,-0.008158340013505919
signed_lkj_eta_2,2025-06-30,VTV,0.005859941643768946,-0.002167296399311236,-4.752516492569428e-05,0.030413124064338392,-0.00802723804308018,-0.00590746680869464
signed_lkj_eta_2,2025-06-30,IJR,0.0003246960305295518,0.005165530187941636,-0.010412614002540156,0.043437181861325405,0.004840834157412084,-0.010737310033069708
signed_lkj_eta_2,2025-06-30,IWM,-0.0004823898487730129,0.012760607343994756,-0.009873863450440867,0.04475778250120495,0.01324299719276777,-0.009391473601667854
signed_lkj_eta_2,2025-06-30,VNQ,0.0013546316736564024,-0.0029632780526935854,-0.016706968330297858,0.04095544012753128,-0.004317909726349988,-0.01806160000395426
signed_lkj_eta_2,2025-06-30,VNQI,-0.0022727694219576216,-0.023931985253554888,-0.020228673496843284,0.031600559607033195,-0.021659215831597266,-0.017955904074885662
signed_lkj_eta_2,2025-06-30,VEA,0.003744122309134855,-0.01766175570590245,-0.00886022118914034,0.027560815107524183,-0.021405878015037304,-0.012604343498275196
signed_lkj_eta_2,2025-06-30,VWO,-0.0003407857045992409,0.002989658374459969,-0.013989934552569706,0.029565169689961018,0.0033304440790592102,-0.013649148847970465
signed_lkj_eta_2,2025-06-30,VSS,0.001514017952864879,-0.009120730437294888,-0.014250993289865973,0.028683970402734342,-0.010634748390159767,-0.01576501124273085
signed_lkj_eta_2,2025-06-30,BND,-0.002946087753866084,-0.006504632044136427,-0.007814670662344163,0.01163870662156952,-0.0035585442902703428,-0.004868582908478079
signed_lkj_eta_2,2025-06-30,IEF,-0.0037435755512500533,-0.00977429711868305,-0.009145349260524026,0.014906699381374464,-0.0060307215674329975,-0.005401773709273973
signed_lkj_eta_2,2025-06-30,BNDX,-0.0026838969495620742,-0.00498710657025403,-0.006022705834695696,0.010345676116239327,-0.0023032096206919554,-0.0033388088851336217
signed_lkj_eta_2,2025-06-30,LQD,-0.0027526165445376795,-0.004751878550950606,-0.010200209818687654,0.016063734034852152,-0.001999262006412926,-0.007447593274149974
signed_lkj_eta_2,2025-06-30,HYG,0.0003421210937805751,-0.002505544256353631,-0.003287457718094215,0.01321454855302807,-0.0028476653501342064,-0.00362957881187479
signed_lkj_eta_2,2025-06-30,EWX,0.002395697528289611,0.003689786989881094,-0.009808137510683662,0.023021922987362452,0.0012940894615914834,-0.012203835038973272
signed_lkj_eta_2,2025-06-30,VWOB,-0.0012745926392981953,0.003448378263515961,-0.009138910019773247,0.01349706037887246,0.004722970902814157,-0.007864317380475052
signed_lkj_eta_2,2025-06-30,HYEM,-0.0007961967046601631,0.0052854367518158085,-0.0010782402337017852,0.016257950135497478,0.006081633456475972,-0.0002820435290416221
signed_lkj_eta_2,2025-07-31,SPY,0.008319998393545776,0.01702595928567807,-0.000510449181333519,0.031475924472267165,0.008705960892132296,-0.008830447574879295
signed_lkj_eta_2,2025-07-31,MGK,0.011079752886673596,0.005506659536577585,0.004435921682554321,0.046556430453831246,-0.005573093350096011,-0.006643831204119275
signed_lkj_eta_2,2025-07-31,VTV,0.0057055716814020194,0.03136457393982228,-0.0045957920467362395,0.029655200299944885,0.025659002258420265,-0.010301363728138259
signed_lkj_eta_2,2025-07-31,IJR,0.0004177889950951688,0.06670214284372133,-0.01293013036008372,0.04140909985127766,0.06628435384862616,-0.013347919355178888
signed_lkj_eta_2,2025-07-31,IWM,-0.00022771682583517123,0.06825711678016222,-0.012522784950456532,0.04194342763415538,0.06848483360599739,-0.012295068124621361
signed_lkj_eta_2,2025-07-31,VNQ,0.0012715949481496719,0.031234506481848445,-0.016964334398320784,0.036941724426238706,0.029962911533698774,-0.018235929346470454
signed_lkj_eta_2,2025-07-31,VNQI,-0.002689292803334492,0.03800885965747658,-0.026204456891806487,0.030410224200694797,0.04069815246081107,-0.023515164088471995
signed_lkj_eta_2,2025-07-31,VEA,0.003332470808845676,0.040715343672140136,-0.014816247126358283,0.0281037085733511,0.03738287286329446,-0.018148717935203958
signed_lkj_eta_2,2025-07-31,VWO,-0.0002767387030788715,0.03119670619044923,-0.017951824383419655,0.02798215039125198,0.0314734448935281,-0.017675085680340784
signed_lkj_eta_2,2025-07-31,VSS,0.0013095035607464218,0.04570476560415426,-0.01863077663022927,0.027123499048083338,0.04439526204340784,-0.01994028019097569
signed_lkj_eta_2,2025-07-31,BND,-0.0030145212979097447,0.008078120866885197,-0.009144799669227455,0.011531309658024807,0.011092642164794941,-0.00613027837131771
signed_lkj_eta_2,2025-07-31,IEF,-0.0038595509660083803,0.013001796164747947,-0.011297390946681779,0.014103950675255843,0.016861347130756328,-0.007437839980673398
signed_lkj_eta_2,2025-07-31,BNDX,-0.002728189442267689,-0.002067319775812204,-0.005376099940599436,0.009708713242929422,0.0006608696664554847,-0.002647910498331747
signed_lkj_eta_2,2025-07-31,LQD,-0.002791063890814851,0.0069765482555901315,-0.011554808842039542,0.015049051037307384,0.009767612146404982,-0.008763744951224691
signed_lkj_eta_2,2025-07-31,HYG,0.0002873582985856865,0.007592278645943473,-0.0033744997573122385,0.012803796629337706,0.007304920347357787,-0.003661858055897925
signed_lkj_eta_2,2025-07-31,EWX,0.002420583864089447,0.059400893238615415,-0.010046569665840426,0.022486962824197643,0.056980309374525966,-0.012467153529929872
signed_lkj_eta_2,2025-07-31,VWOB,-0.0011837662757825385,0.013654429789281775,-0.009358674613066009,0.01326765800593118,0.014838196065064313,-0.00817490833728347
signed_lkj_eta_2,2025-07-31,HYEM,-0.0006792422151125483,0.015516857251125726,-0.003336543483608718,0.016329019786085933,0.016196099466238276,-0.0026573012684961697
signed_lkj_eta_2,2025-08-29,SPY,0.008484261806604877,0.03208906394277711,0.009930902232565774,0.03278159576064962,0.02360480213617223,0.0014466404259608975
signed_lkj_eta_2,2025-08-29,MGK,0.010974600181954803,0.04538102472427963,0.010663979527154314,0.045773109767217546,0.03440642454232483,-0.00031062065480048917
signed_lkj_eta_2,2025-08-29,VTV,0.00618970379948542,0.019529753810910266,0.009974410471991046,0.029525976797721246,0.013340050011424846,0.0037847066725056264
signed_lkj_eta_2,2025-08-29,IJR,0.001668437180918304,0.007030856049952794,0.00593525499149779,0.04212255442264064,0.00536241886903449,0.004266817810579486
signed_lkj_eta_2,2025-08-29,IWM,0.0010644498459761002,0.028272862598571757,0.005824783978044085,0.04155517620589431,0.027208412752595657,0.004760334132067985
signed_lkj_eta_2,2025-08-29,VNQ,0.0018369329016156865,-0.002835540326792896,0.0036318517198595324,0.039133716330211954,-0.004672473228408582,0.0017949188182438459
signed_lkj_eta_2,2025-08-29,VNQI,-0.0019214031342625851,0.010131917120224765,0.00577526934922012,0.03307196602036294,0.01205332025448735,0.007696672483482705
signed_lkj_eta_2,2025-08-29,VEA,0.0040378080326814204,0.022001068135094393,0.007146359272703179,0.02920876831222512,0.017963260102412972,0.0031085512400217587
signed_lkj_eta_2,2025-08-29,VWO,0.00031709987981788515,0.053275426570534856,0.005481191864245026,0.028491731613644405,0.05295832669071697,0.005164091984427141
signed_lkj_eta_2,2025-08-29,VSS,0.002147150014395626,0.018182193335737562,0.0059330982608766115,0.028288482257095342,0.016035043321341935,0.0037859482464809853
signed_lkj_eta_2,2025-08-29,BND,-0.0028052261627249343,0.007605185555678684,-0.003914171860830273,0.011943170501222638,0.01041041171840362,-0.0011089456981053384
signed_lkj_eta_2,2025-08-29,IEF,-0.00354141234089977,0.0030789765395491386,-0.0057252913701020276,0.014844893442848771,0.006620388880448909,-0.0021838790292022575
signed_lkj_eta_2,2025-08-29,BNDX,-0.0027157202032779626,0.0018362952066057758,-0.003649988536229726,0.010154724427440502,0.0045520154098837385,-0.0009342683329517632
signed_lkj_eta_2,2025-08-29,LQD,-0.002606769322014757,0.015298491121950697,-0.004141135378852521,0.01532785257056668,0.017905260443965454,-0.0015343660568377642
signed_lkj_eta_2,2025-08-29,HYG,0.00042518698438489,0.005419530370210479,0.0007755484418378822,0.014105910967864906,0.004994343385825589,0.0003503614574529922
signed_lkj_eta_2,2025-08-29,EWX,0.0034956840409672957,0.00934001338555035,0.006137968037954867,0.02367209901208652,0.005844329344583054,0.0026422839969875715
signed_lkj_eta_2,2025-08-29,VWOB,-0.000903800312290759,0.011313877152875351,0.0007013257392392332,0.013937687933930963,0.01221767746516611,0.0016051260515299922
signed_lkj_eta_2,2025-08-29,HYEM,-0.000373655432730694,-0.003310550556556602,-0.0009004475975676565,0.016679031775395328,-0.002936895123825908,-0.0005267921648369624
signed_lkj_eta_2,2025-09-30,SPY,0.008921387772089548,0.02028375894432366,0.0065804001294464,0.031357178130086955,0.011362371172234112,-0.002340987642643148
signed_lkj_eta_2,2025-09-30,MGK,0.011611756191997856,0.04184616666398688,0.008489865489446654,0.04625220302059881,0.030234410471989027,-0.0031218907025512017
signed_lkj_eta_2,2025-09-30,VTV,0.0064367417626599545,-0.007371739211896489,0.004146927834041008,0.029773411575184615,-0.013808480974556444,-0.0022898139286189464
signed_lkj_eta_2,2025-09-30,IJR,0.0017677412340485724,-0.012108590721114587,-0.0007392856893161525,0.04206682978671947,-0.013876331955163159,-0.002507026923364725
signed_lkj_eta_2,2025-09-30,IWM,0.0015683093413945384,0.014115453040836279,-0.001739250103657628,0.044334942686383466,0.01254714369944174,-0.0033075594450521664
signed_lkj_eta_2,2025-09-30,VNQ,0.00175040561960812,-0.027888055765740494,-0.0005869096618270615,0.043589477346951934,-0.029638461385348612,-0.0023373152814351815
signed_lkj_eta_2,2025-09-30,VNQI,-0.0016981934999202267,-0.015995303603671296,-0.006162505604068656,0.03201578013530926,-0.014297110103751069,-0.004464312104148429
signed_lkj_eta_2,2025-09-30,VEA,0.00437046099754092,0.014158067636574012,0.0012823911143816646,0.02940979297327839,0.009787606639033091,-0.0030880698831592555
signed_lkj_eta_2,2025-09-30,VWO,0.0012978096333496809,0.01105958429806142,-0.0013210157598778824,0.02794679869077531,0.00976177466471174,-0.0026188253932275633
signed_lkj_eta_2,2025-09-30,VSS,0.0024440952610871435,-0.004799080760367169,-0.0005636821679307403,0.02706050289530793,-0.007243176021454313,-0.003007777429017884
signed_lkj_eta_2,2025-09-30,BND,-0.002612440760532275,0.002537797325417923,-0.004272114528509353,0.01167470339447037,0.005150238085950198,-0.0016596737679770782
signed_lkj_eta_2,2025-09-30,IEF,-0.003418812546817383,0.0036171952388968087,-0.005528920116851915,0.014389872858799068,0.007036007785714192,-0.002110107570034532
signed_lkj_eta_2,2025-09-30,BNDX,-0.002631423621613449,0.006523664675198493,-0.0039031877148442157,0.010017502314375957,0.009155088296811942,-0.0012717640932307667
signed_lkj_eta_2,2025-09-30,LQD,-0.0022751904249042857,-0.0019813075408361414,-0.004814167661786017,0.015977847571008782,0.0002938828840681443,-0.0025389772368817312
signed_lkj_eta_2,2025-09-30,HYG,0.0005176748248631416,-0.003581832310472044,-0.0014443881005401034,0.01329982010648187,-0.004099507135335185,-0.001962062925403245
signed_lkj_eta_2,2025-09-30,EWX,0.003603912362163278,-0.003915097877319473,0.0002214890870842175,0.02350284276235458,-0.007519010239482751,-0.0033824232750790605
signed_lkj_eta_2,2025-09-30,VWOB,-0.000677547025898794,0.017691150240358278,-0.0030674229218725277,0.013877040317413537,0.018368697266257072,-0.0023898758959737336
signed_lkj_eta_2,2025-09-30,HYEM,-0.0004280423794682108,0.00027660203614199297,-0.002806192891889739,0.016281047257153358,0.0007046444156102037,-0.0023781505124215283
signed_lkj_eta_2,2025-10-31,SPY,0.00912797633885744,-0.001039617729681419,0.012437007678782412,0.029641378732838595,-0.010167594068538859,0.0033090313399249723
signed_lkj_eta_2,2025-10-31,MGK,0.01216147274603402,-0.018174122322586972,0.009444002438163283,0.04389911274175665,-0.03033559506862099,-0.002717470307870737
signed_lkj_eta_2,2025-10-31,VTV,0.006185678472213474,0.02234958180665636,0.0167190502272876,0.028576380352440058,0.016163903334442887,0.010533371755074128
signed_lkj_eta_2,2025-10-31,IJR,0.0015154442894092421,0.022999546830901885,0.02535855154825111,0.03939098353224561,0.021484102541492644,0.02384310725884187
signed_lkj_eta_2,2025-10-31,IWM,0.0017964392268389336,0.007219933427264902,0.02645825147842562,0.04094698357965113,0.005423494200425968,0.024661812251586687
signed_lkj_eta_2,2025-10-31,VNQ,0.0012115245035108726,0.02116455054555555,0.010810634318746562,0.03742507402054213,0.019953026042044675,0.00959910981523569
signed_lkj_eta_2,2025-10-31,VNQI,-0.0019581409563520645,0.011398276316832767,0.007204956376833133,0.029719771735566426,0.013356417273184831,0.009163097333185197
signed_lkj_eta_2,2025-10-31,VEA,0.004548417481886976,0.006662577508105283,0.015583486121125697,0.026346490747713627,0.0021141600262183065,0.01103506863923872
signed_lkj_eta_2,2025-10-31,VWO,0.0014752964454353488,-0.015135981764385575,0.00902298108682279,0.02705228120890142,-0.016611278209820925,0.00754768464138744
signed_lkj_eta_2,2025-10-31,VSS,0.0023124011516061564,0.006820955763576553,0.012439627102704878,0.02569060818755487,0.004508554611970396,0.01012722595109872
signed_lkj_eta_2,2025-10-31,BND,-0.002518800068060453,0.00297114143881938,0.0007124062572388544,0.010916903232960474,0.005489941506879833,0.0032312063252993074
signed_lkj_eta_2,2025-10-31,IEF,-0.0032908851325316704,0.00686801303321638,0.0014589444342189306,0.013914028439985534,0.01015889816574805,0.004749829566750601
signed_lkj_eta_2,2025-10-31,BNDX,-0.002464967470762323,-0.004807659780811324,-0.002058359475896641,0.009791211925183391,-0.002342692310049001,0.0004066079948656818
signed_lkj_eta_2,2025-10-31,LQD,-0.00226984709973941,0.006300096794094712,0.0005341600726838768,0.015398499736384623,0.008569943893834121,0.002804007172423287
signed_lkj_eta_2,2025-10-31,HYG,0.000443138331493411,0.004457641722011463,0.003268332372361926,0.01223876806329793,0.004014503390518052,0.0028251940408685152
signed_lkj_eta_2,2025-10-31,EWX,0.0034672030850817735,-0.016176668191666965,0.015130618098770835,0.022301080489836294,-0.01964387127674874,0.011663415013689062
signed_lkj_eta_2,2025-10-31,VWOB,-0.0003435707119668472,0.0006545758910070365,0.004512244472176843,0.013060491221965185,0.0009981466029738836,0.00485581518414369
signed_lkj_eta_2,2025-10-31,HYEM,-0.0004152306628207526,-0.0021992661278306125,0.005409146655686775,0.015723607508409704,-0.0017840354650098598,0.005824377318507527
signed_lkj_eta_2,2025-11-28,SPY,0.008946412159062103,-0.0024606389596457667,0.007992565511740515,0.029149710632147954,-0.01140705111870787,-0.0009538466473215882
signed_lkj_eta_2,2025-11-28,MGK,0.011619765691237216,-0.006014656315694422,0.004363128494086223,0.04279039942598263,-0.01763442200693164,-0.007256637197150992
signed_lkj_eta_2,2025-11-28,VTV,0.006474319603185668,0.004591005630098177,0.013917696238178167,0.027502962214073744,-0.001883313973087491,0.0074433766349924985
signed_lkj_eta_2,2025-11-28,IJR,0.0018990889776501821,-0.0043423583691276635,0.016238441244781243,0.04086453192204367,-0.006241447346777846,0.014339352267131062
signed_lkj_eta_2,2025-11-28,IWM,0.0018932873375608259,-0.010325989693845572,0.01406884482828276,0.04115052864791241,-0.012219277031406397,0.012175557490721935
signed_lkj_eta_2,2025-11-28,VNQ,0.0015678285399759562,-0.02554537559841752,0.006972046099015984,0.03723022737074029,-0.027113204138393476,0.005404217559040027
signed_lkj_eta_2,2025-11-28,VNQI,-0.0017196335050451924,0.0008944661826628675,-0.002882754628561559,0.02924914761215183,0.0026140996877080597,-0.0011631211235163667
signed_lkj_eta_2,2025-11-28,VEA,0.004586170339498018,0.02842462799248069,0.004045599593116185,0.026435008209347147,0.023838457652982672,-0.0005405707463818328
signed_lkj_eta_2,2025-11-28,VWO,0.0011786664774028324,0.006231798598067773,-0.004131093939117071,0.026835528226932612,0.00505313212066494,-0.005309760416519904
signed_lkj_eta_2,2025-11-28,VSS,0.002392911055391342,0.01745648547983225,0.0008337607016537601,0.02573319419482831,0.01506357442444091,-0.0015591503537375818
signed_lkj_eta_2,2025-11-28,BND,-0.002420765398294742,-0.00624728267814989,-0.0020957901587098132,0.010644532630976446,-0.0038265172798551484,0.00032497523958492864
signed_lkj_eta_2,2025-11-28,IEF,-0.003109476236714741,-0.010842523271658244,-0.0022218816502903266,0.013614617237741496,-0.007733047034943503,0.0008875945864244145
signed_lkj_eta_2,2025-11-28,BNDX,-0.002506801262013198,-0.00843043234441343,-0.0034285523790299195,0.009586307308418288,-0.005923631082400232,-0.0009217511170167216
signed_lkj_eta_2,2025-11-28,LQD,-0.0021168123873495153,-0.010606184040828248,-0.0015140638162814233,0.014885096742269087,-0.008489371653478732,0.0006027485710680921
signed_lkj_eta_2,2025-11-28,HYG,0.0005148258920383762,0.0016540803164204476,0.001494083712689942,0.012654479161715972,0.0011392544243820713,0.0009792578206515657
signed_lkj_eta_2,2025-11-28,EWX,0.003116419669425546,0.005526301936131128,-0.003198069086062511,0.022504799939102156,0.0024098822667055824,-0.006314488755488057
signed_lkj_eta_2,2025-11-28,VWOB,-0.00032574666548517074,-0.0012631324755422169,-0.00015555837820380923,0.013187293107040953,-0.0009373858100570462,0.0001701882872813615
signed_lkj_eta_2,2025-11-28,HYEM,-0.000447088438981643,0.006456216930834868,-0.0003117145927164105,0.015457540746302177,0.006903305369816511,0.00013537384626523247
signed_lkj_eta_2,2025-12-31,SPY,0.008746288455225123,0.011594066475381304,0.007872820737710373,0.028830143002124078,0.002847778020156181,-0.00087346771751475
signed_lkj_eta_2,2025-12-31,MGK,0.011310389866554206,-0.01981088189923419,0.0072691693365283935,0.03949396903781902,-0.031121271765788397,-0.004041220530025812
signed_lkj_eta_2,2025-12-31,VTV,0.00644127900716659,0.04262615110326995,0.01035586876643541,0.025114977458413734,0.03618487209610336,0.003914589759268821
signed_lkj_eta_2,2025-12-31,IJR,0.0017895899013909218,0.05372327844739844,0.008747425536791845,0.04083215602846159,0.051933688546007516,0.006957835635400924
signed_lkj_eta_2,2025-12-31,IWM,0.0016789140563080822,0.05153392029332182,0.007611892880441476,0.03804944314339044,0.04985500623701374,0.005932978824133394
signed_lkj_eta_2,2025-12-31,VNQ,0.0010921582919339653,0.0229258613639709,-0.004058526274317545,0.03787153778391658,0.021833703072036935,-0.00515068456625151
signed_lkj_eta_2,2025-12-31,VNQI,-0.0016737721070152263,0.04257155181000494,-0.0011714355967238363,0.029036637112416212,0.044245323917020164,0.00050233651029139
signed_lkj_eta_2,2025-12-31,VEA,0.005004388894813503,0.05642561347994279,0.016169058847668786,0.026536338611336797,0.051421224585129294,0.011164669952855283
signed_lkj_eta_2,2025-12-31,VWO,0.0012673179181162523,0.04715510460279937,0.002890611948973545,0.02756739012101153,0.045887786684683116,0.0016232940308572928
signed_lkj_eta_2,2025-12-31,VSS,0.002657184290907849,0.06068200468583562,0.007901331207886012,0.02409125602087495,0.058024820394927776,0.0052441469169781625
signed_lkj_eta_2,2025-12-31,BND,-0.0024878972803974637,-0.0009446630105405251,-0.0036892970079405374,0.010553013012792082,0.0015432342698569385,-0.0012013997275430737
signed_lkj_eta_2,2025-12-31,IEF,-0.003245143728555855,-0.005378931439972923,-0.0053779275577721455,0.01290119822479992,-0.0021337877114170675,-0.0021327838292162903
signed_lkj_eta_2,2025-12-31,BNDX,-0.0026107246143360087,0.002059820670583523,-0.004709562334103013,0.009388013019105097,0.004670545284919532,-0.0020988377197670043
signed_lkj_eta_2,2025-12-31,LQD,-0.0022657487321473876,0.0003398451129934532,-0.0055314737758464985,0.01384491070141689,0.002605593845140841,-0.003265725043699111
signed_lkj_eta_2,2025-12-31,HYG,0.0005348128117643775,0.0029604455586125233,0.0014247273236681207,0.011416270706001638,0.002425632746848146,0.0008899145119037432
signed_lkj_eta_2,2025-12-31,EWX,0.0031586983056835385,0.02711570928152862,0.004676719088924412,0.021347535279030588,0.023957010975845083,0.0015180207832408738
signed_lkj_eta_2,2025-12-31,VWOB,-0.0003421920305738908,0.0003023714262653243,0.0006657383929903935,0.012531582937937989,0.0006445634568392151,0.0010079304235642843
signed_lkj_eta_2,2025-12-31,HYEM,-0.00032597781845854624,0.01193825183971775,0.0031438540482388927,0.01521482730117217,0.012264229658176296,0.003469831866697439
signed_lkj_eta_2,2026-01-30,SPY,0.0087953880762623,-0.011463064459755201,0.01289912625326092,0.030203589529001464,-0.0202584525360175,0.00410373817699862
signed_lkj_eta_2,2026-01-30,MGK,0.010773816215419922,-0.049282081977910286,0.01803015524457758,0.0446090590468729,-0.06005589819333021,0.007256339029157658
signed_lkj_eta_2,2026-01-30,VTV,0.00706515611227182,0.03464425383897951,0.007775548671455207,0.028339800050959953,0.02757909772670769,0.0007103925591833869
signed_lkj_eta_2,2026-01-30,IJR,0.002684998324597948,0.018113075612949725,0.0006190218490823417,0.041531148754339144,0.015428077288351777,-0.0020659764755156062
signed_lkj_eta_2,2026-01-30,IWM,0.0025384831293600433,0.003913446654500996,0.0048687786692284876,0.04242584860048173,0.0013749635251409527,0.0023302955398684442
signed_lkj_eta_2,2026-01-30,VNQ,0.0014686014483483952,0.05085567147315495,-0.00223082672342798,0.03787360660800845,0.04938707002480656,-0.003699428171776375
signed_lkj_eta_2,2026-01-30,VNQI,-0.0009109216946528097,0.05477043858428532,-0.00115308227378024,0.03215008294217395,0.05568136027893813,-0.0002421605791274302
signed_lkj_eta_2,2026-01-30,VEA,0.005890961732488146,0.05800790565870817,0.009125834974434647,0.027151963552822123,0.05211694392622002,0.003234873241946501
signed_lkj_eta_2,2026-01-30,VWO,0.0020584866540590647,0.025936988754007295,0.011057356459598051,0.030139194885606364,0.02387850209994823,0.008998869805538986
signed_lkj_eta_2,2026-01-30,VSS,0.003657612228751431,0.046521625760379104,0.004050502095431118,0.027446561384224605,0.04286401353162767,0.0003928898666796868
signed_lkj_eta_2,2026-01-30,BND,-0.002461289792986137,0.013125538032234596,-0.0024702448912651844,0.010929511671606718,0.015586827825220733,-8.955098279047388e-06
signed_lkj_eta_2,2026-01-30,IEF,-0.0032819331718561494,0.02178389001983616,-0.004625235284834092,0.014087419928588649,0.02506582319169231,-0.0013433021129779428
signed_lkj_eta_2,2026-01-30,BNDX,-0.0025301979714925688,0.01242298193585456,-0.002153303847604267,0.009839997911771878,0.014953179907347128,0.000376894123888302
signed_lkj_eta_2,2026-01-30,LQD,-0.0022208247003346147,0.010894680719308658,-0.0020622639279173635,0.014960818706138914,0.013115505419643273,0.00015856077241725112
signed_lkj_eta_2,2026-01-30,HYG,0.0005766340660203799,-0.0028581418854923824,0.0001951103041776082,0.012745036293241273,-0.0034347759515127624,-0.00038152376184277174
signed_lkj_eta_2,2026-01-30,EWX,0.003571750219060178,0.03253007863200175,0.0021534138954148216,0.023390125768972612,0.02895832841294157,-0.0014183363236453563
signed_lkj_eta_2,2026-01-30,VWOB,-0.0003310788675249388,0.012410830018970698,0.0019287208996266632,0.013759560034864062,0.012741908886495637,0.002259799767151602
signed_lkj_eta_2,2026-01-30,HYEM,-0.00011452558297274804,0.006343486373523,-0.0013100973674146283,0.01631496551556344,0.006458011956495748,-0.0011955717844418802
signed_lkj_eta_2,2026-02-27,SPY,0.008452024473956918,-0.05236481425659356,0.01173725136914361,0.031380681284307335,-0.06081683873055048,0.0032852268951866926
signed_lkj_eta_2,2026-02-27,MGK,0.009755919635871952,-0.05256666804441845,0.013513465454452766,0.04565813857450297,-0.062322587680290406,0.0037575458185808135
signed_lkj_eta_2,2026-02-27,VTV,0.0075325984466227975,-0.05111916666844174,0.010255955638259722,0.02919519520602765,-0.058651765115064536,0.0027233571916369242
signed_lkj_eta_2,2026-02-27,IJR,0.0029464911599937408,-0.0430573291552121,0.014764450711519031,0.040855246100075376,-0.04600382031520584,0.01181795955152529
signed_lkj_eta_2,2026-02-27,IWM,0.002561787595887856,-0.052595723393065286,0.015980924214586904,0.04017951824968233,-0.05515751098895314,0.013419136618699049
signed_lkj_eta_2,2026-02-27,VNQ,0.002305670431819693,-0.066081450572396,0.0017003777385985529,0.039056939878146346,-0.06838712100421569,-0.0006052926932211401
signed_lkj_eta_2,2026-02-27,VNQI,3.283017448173479e-05,-0.1261996923521307,-0.006620159915972565,0.029672203718365174,-0.12623252252661243,-0.0066529900904542996
signed_lkj_eta_2,2026-02-27,VEA,0.006774299765135943,-0.0890166153043781,0.0012457230209897063,0.027921802760997396,-0.09579091506951404,-0.005528576744146236
signed_lkj_eta_2,2026-02-27,VWO,0.0024632070286344583,-0.07262882161942752,-0.0025509090214632757,0.028207261216482732,-0.07509202864806198,-0.005014116050097734
signed_lkj_eta_2,2026-02-27,VSS,0.004384120932677324,-0.09195775776152426,0.001431501741411496,0.02731999577986691,-0.09634187869420159,-0.0029526191912658283
signed_lkj_eta_2,2026-02-27,BND,-0.0021971062705247687,-0.020459273388676813,-0.002323355940972294,0.011165303259820193,-0.018262167118152043,-0.00012624967044752534
signed_lkj_eta_2,2026-02-27,IEF,-0.0028570887109800086,-0.02626946195927571,-0.0032663406717364208,0.014236673357178957,-0.0234123732482957,-0.00040925196075641216
signed_lkj_eta_2,2026-02-27,BNDX,-0.002276754244249397,-0.02445812349945309,-0.0014660167195993386,0.00986779738450519,-0.02218136925520369,0.0008107375246500584
signed_lkj_eta_2,2026-02-27,LQD,-0.0019985279983067627,-0.02380357071815431,-0.0019562050661349716,0.015174003906097336,-0.021805042719847546,4.2322932171791165e-05
signed_lkj_eta_2,2026-02-27,HYG,0.0005184175244693163,-0.01264655652256541,0.0008682103671264381,0.012764728867011308,-0.013164974047034726,0.00034979284265712184
signed_lkj_eta_2,2026-02-27,EWX,0.004062569344703256,-0.05906694056130268,0.0013935397235506626,0.02303004275364731,-0.06312950990600594,-0.002669029621152593
signed_lkj_eta_2,2026-02-27,VWOB,-0.0001151143101267077,-0.03742886388704314,0.0006431612740079155,0.013398735035216186,-0.03731374957691643,0.0007582755841346231
signed_lkj_eta_2,2026-02-27,HYEM,-5.067753201633674e-06,-0.024402651519384255,-3.61696619939489e-05,0.015871959659945038,-0.02439758376618262,-3.1101908792315225e-05
signed_lkj_eta_2,2026-03-31,SPY,0.00743841049511441,0.10158469057343722,0.014287701996070696,0.03082924592022449,0.0941462800783228,0.006849291500956286
signed_lkj_eta_2,2026-03-31,MGK,0.008717209841200446,0.13945658747726553,0.012223327808740605,0.04433630335537462,0.13073937763606508,0.0035061179675401587
signed_lkj_eta_2,2026-03-31,VTV,0.006555069028038389,0.0506170669983208,0.015207898982119057,0.0269572790698216,0.044061997970282415,0.00865282995408067
signed_lkj_eta_2,2026-03-31,IJR,0.002179760821406977,0.09942684130728341,0.01740833136065409,0.03895665132966695,0.09724708048587644,0.015228570539247113
signed_lkj_eta_2,2026-03-31,IWM,0.0016424957460719702,0.11732924859591698,0.016479159872469323,0.041552292196160856,0.115686752849845,0.014836664126397352
signed_lkj_eta_2,2026-03-31,VNQ,0.0011658850817494312,0.08261211567781301,0.005234949977506843,0.038943300985194794,0.08144623059606358,0.004069064895757412
signed_lkj_eta_2,2026-03-31,VNQI,-0.0020710452009618054,0.05920759938488018,0.007182258671448663,0.0336401095972068,0.061278644585841986,0.009253303872410468
signed_lkj_eta_2,2026-03-31,VEA,0.005177784513977376,0.07028850576993428,0.01331217723102429,0.028391997261537214,0.0651107212559569,0.008134392717046914
signed_lkj_eta_2,2026-03-31,VWO,0.0012116732178334255,0.08686516780484332,0.007337243342076266,0.02935752596427223,0.0856534945870099,0.00612557012424284
signed_lkj_eta_2,2026-03-31,VSS,0.002778422954440631,0.08096490152679459,0.014320406711635269,0.02846113222390702,0.07818647857235396,0.011541983757194637
signed_lkj_eta_2,2026-03-31,BND,-0.0025014757224939696,-0.001644084190784434,0.00011095992365183893,0.011062263733559863,0.0008573915317095357,0.0026124356461458085
signed_lkj_eta_2,2026-03-31,IEF,-0.003247294931784937,-0.004636900424381141,-0.0006533830973837747,0.015274915676218345,-0.0013896054925962038,0.0025939118344011623
signed_lkj_eta_2,2026-03-31,BNDX,-0.002646443731836125,-0.0008092670395931645,-0.00041752209898262855,0.009757111409012536,0.0018371766922429607,0.0022289216328534966
signed_lkj_eta_2,2026-03-31,LQD,-0.0023619453769708884,-0.0003280238707080718,0.00222673762015199,0.015122575518180623,0.0020339215062628166,0.004588682997122878
signed_lkj_eta_2,2026-03-31,HYG,0.00029900129035207075,0.012020620280474459,0.005200933802554588,0.012985202802411404,0.011721618990122388,0.004901932512202518
signed_lkj_eta_2,2026-03-31,EWX,0.003010410846269823,0.10571433591391832,0.009861853567190895,0.023712860237433627,0.1027039250676485,0.006851442720921072
signed_lkj_eta_2,2026-03-31,VWOB,-0.0007370101364086482,0.020791542317250666,0.003929852897321451,0.01342543313323931,0.021528552453659314,0.004666863033730099
signed_lkj_eta_2,2026-03-31,HYEM,-0.0004116941493046774,0.022278894658412263,0.0007822819706294938,0.015963266355009217,0.02269058880771694,0.0011939761199341711
signed_lkj_eta_2,2026-04-30,SPY,0.008981792135742652,0.049483664963993146,0.009258848368436214,0.033426677753771374,0.04050187282825049,0.0002770562326935618
signed_lkj_eta_2,2026-04-30,MGK,0.010860478327037579,0.08330425574857636,0.011633662745730055,0.047557021281361425,0.07244377742153878,0.0007731844186924762
signed_lkj_eta_2,2026-04-30,VTV,0.0072773968636167885,0.021460679046998887,0.0070177362303781715,0.02986041313642055,0.0141832821833821,-0.000259660633238617
signed_lkj_eta_2,2026-04-30,IJR,0.0037739752556016724,0.008359592272450422,-0.000532060722186237,0.04375165096533265,0.00458561701684875,-0.004306035977787909
signed_lkj_eta_2,2026-04-30,IWM,0.0035389998911513967,0.04170616807391436,-0.0017926890673036064,0.04455680056207204,0.038167168182762966,-0.005331688958455003
signed_lkj_eta_2,2026-04-30,VNQ,0.002501069189881621,-0.009505527770350963,0.005096755001517354,0.04102409721122029,-0.012006596960232584,0.0025956858116357325
signed_lkj_eta_2,2026-04-30,VNQI,-0.0010664772569316092,-0.02873894096208207,-0.0013825505440307534,0.03188260890929171,-0.027672463705150464,-0.0003160732870991442
signed_lkj_eta_2,2026-04-30,VEA,0.006245173387025849,0.04005467192775236,0.005941349419447881,0.029715662403459228,0.03380949854072651,-0.0003038239675779682
signed_lkj_eta_2,2026-04-30,VWO,0.002615828866800801,0.013087733301134774,0.002227767531321261,0.03053435674247932,0.010471904434333972,-0.00038806133547953986
signed_lkj_eta_2,2026-04-30,VSS,0.00406016850480709,0.0153673341636833,0.003337698847361892,0.02646898338769406,0.01130716565887621,-0.0007224696574451976
signed_lkj_eta_2,2026-04-30,BND,-0.0024874201236134855,-0.00023588979226363271,-0.0025070593150696313,0.011435468296773223,0.002251530331349853,-1.9639191456145757e-05
signed_lkj_eta_2,2026-04-30,IEF,-0.00327007534969635,-0.0031745273257528517,-0.0034911088425283393,0.014385586011597269,9.554802394349821e-05,-0.00022103349283198945
signed_lkj_eta_2,2026-04-30,BNDX,-0.002616326081143618,0.005188840393763217,-0.0025938206147844054,0.00990432235163526,0.007805166474906835,2.2505466359212453e-05
signed_lkj_eta_2,2026-04-30,LQD,-0.002328602401458383,0.005612799118414058,-0.0022502742437606154,0.015683858165916303,0.007941401519872441,7.832815769776751e-05
signed_lkj_eta_2,2026-04-30,HYG,0.0004911589787147328,0.0013666068307942592,-0.0007319764905012032,0.013548797593803803,0.0008754478520795263,-0.001223135469215936
signed_lkj_eta_2,2026-04-30,EWX,0.004694081749018159,0.01835836502980981,0.004518313192281783,0.024981151163914292,0.01366428328079165,-0.00017576855673637638
signed_lkj_eta_2,2026-04-30,VWOB,-0.0003840830470043972,0.006564291011867507,-0.00020819305033208246,0.014073224497120052,0.006948374058871904,0.00017588999667231473
signed_lkj_eta_2,2026-04-30,HYEM,-3.971728360439966e-05,0.00658729224447252,0.00036360917106448043,0.016401380599926654,0.0066270095280769195,0.0004033264546688801
