variant,date,asset_id,train_mean,y_true,y_pred,y_std,y_true_resid,y_pred_resid,run_label
positive_beta_prior,2025-05-30,SPY,0.0073172024961141,0.047695119061649,0.0110371934529835,0.0459409577630194,0.0403779165655349,0.0037199909568694,baseline_lengthscale_only
positive_beta_prior,2025-05-30,MGK,0.0096107706731049,0.0603467339223082,0.013620342785564,0.0568949472450927,0.0507359632492033,0.004009572112459,baseline_lengthscale_only
positive_beta_prior,2025-05-30,VTV,0.0053124786513295,0.0332330912657377,0.0087258149776563,0.0458556532364451,0.0279206126144081,0.0034133363263267,baseline_lengthscale_only
positive_beta_prior,2025-05-30,IJR,-0.000415757308875,0.0373473630007581,0.0076950764202201,0.0605027095073019,0.0377631203096331,0.0081108337290951,baseline_lengthscale_only
positive_beta_prior,2025-05-30,IWM,-0.001521636775114,0.0514799564682795,0.0069981448702409,0.0619723011333549,0.0530015932433935,0.008519781645355,baseline_lengthscale_only
positive_beta_prior,2025-05-30,VNQ,0.0013147227365438,0.0033500785292834,0.0042235679835434,0.0573889527316172,0.0020353557927396,0.0029088452469995,baseline_lengthscale_only
positive_beta_prior,2025-05-30,VNQI,-0.0031414025929212,0.041158889126224,-0.0005224875777809,0.047999397273191,0.0443002917191452,0.0026189150151403,baseline_lengthscale_only
positive_beta_prior,2025-05-30,VEA,0.0032138677291956,0.0302568513060934,0.0060952725722682,0.0468020436227784,0.0270429835768977,0.0028814048430725,baseline_lengthscale_only
positive_beta_prior,2025-05-30,VWO,-0.0013812432635037,0.0516820922406271,-0.000630282113507,0.0413284428124632,0.0530633355041309,0.0007509611499966,baseline_lengthscale_only
positive_beta_prior,2025-05-30,VSS,0.0004489094207604,0.0547694445580857,0.0039279561662037,0.0462859439355395,0.0543205351373252,0.0034790467454432,baseline_lengthscale_only
positive_beta_prior,2025-05-30,BND,-0.0032370550024694,0.0116022746763018,-0.0025430303270573,0.016143340825578,0.0148393296787712,0.000694024675412,baseline_lengthscale_only
positive_beta_prior,2025-05-30,IEF,-0.0040674968930327,0.0124524915378823,-0.0031828762637648,0.018986847718658,0.016519988430915,0.0008846206292678,baseline_lengthscale_only
positive_beta_prior,2025-05-30,BNDX,-0.0027348125869511,-0.0001381150801093,-0.0017101327785068,0.0136863077935159,0.0025966975068418,0.0010246798084442,baseline_lengthscale_only
positive_beta_prior,2025-05-30,LQD,-0.0031524807335464,0.0172405929059027,-0.0017271943485542,0.0255445820116652,0.0203930736394492,0.0014252863849921,baseline_lengthscale_only
positive_beta_prior,2025-05-30,HYG,5.276076257503259e-05,0.0148101376540576,0.0008498620936214,0.0220249237791279,0.0147573768914826,0.0007971013310464,baseline_lengthscale_only
positive_beta_prior,2025-05-30,EWX,0.0014349156952656,0.0504347891794876,0.0032698266467541,0.0361466301299356,0.0489998734842219,0.0018349109514885,baseline_lengthscale_only
positive_beta_prior,2025-05-30,VWOB,-0.0017255849977273,0.0212750252821611,8.275456789156839e-05,0.0292327571083337,0.0230006102798885,0.0018083395656189,baseline_lengthscale_only
positive_beta_prior,2025-05-30,HYEM,-0.0011012187111369,0.0144549036191783,0.0007070459970634,0.0278036920650054,0.0155561223303152,0.0018082647082003,baseline_lengthscale_only
positive_beta_prior,2025-06-30,SPY,0.0081089263503402,0.0190846725970255,0.0077295818475081,0.0491416644702436,0.0109757462466852,-0.0003793445028321,baseline_lengthscale_only
positive_beta_prior,2025-06-30,MGK,0.0106055934819128,0.0352618825294714,0.0106572432699198,0.0636938664526034,0.0246562890475586,5.1649788007016376e-05,baseline_lengthscale_only
positive_beta_prior,2025-06-30,VTV,0.0058599416437689,-0.0021672963993112,0.0055139755834565,0.0435487358095216,-0.0080272380430801,-0.0003459660603124,baseline_lengthscale_only
positive_beta_prior,2025-06-30,IJR,0.0003246960305295,0.0051655301879416,-0.0002354586249279,0.0570880331530237,0.004840834157412,-0.0005601546554574,baseline_lengthscale_only
positive_beta_prior,2025-06-30,IWM,-0.000482389848773,0.0127606073439947,-0.0008249356836462,0.0586625951368269,0.0132429971927677,-0.0003425458348732,baseline_lengthscale_only
positive_beta_prior,2025-06-30,VNQ,0.0013546316736564,-0.0029632780526935,-0.0013173104925205,0.0561499642285035,-0.0043179097263499,-0.0026719421661769,baseline_lengthscale_only
positive_beta_prior,2025-06-30,VNQI,-0.0022727694219576,-0.0239319852535548,-0.0074667449750281,0.0463995640095136,-0.0216592158315972,-0.0051939755530705,baseline_lengthscale_only
positive_beta_prior,2025-06-30,VEA,0.0037441223091348,-0.0176617557059024,0.0010444401975172,0.0478182731234855,-0.0214058780150373,-0.0026996821116176,baseline_lengthscale_only
positive_beta_prior,2025-06-30,VWO,-0.0003407857045992,0.0029896583744599,-0.0039442150638929,0.041452658098706,0.0033304440790592,-0.0036034293592937,baseline_lengthscale_only
positive_beta_prior,2025-06-30,VSS,0.0015140179528648,-0.0091207304372948,-0.0020746503246089,0.0477329458374833,-0.0106347483901597,-0.0035886682774738,baseline_lengthscale_only
positive_beta_prior,2025-06-30,BND,-0.002946087753866,-0.0065046320441364,-0.0036015090741258,0.0165931062949105,-0.0035585442902703,-0.0006554213202597,baseline_lengthscale_only
positive_beta_prior,2025-06-30,IEF,-0.00374357555125,-0.009774297118683,-0.0045907899569312,0.0193829940765185,-0.0060307215674329,-0.0008472144056811,baseline_lengthscale_only
positive_beta_prior,2025-06-30,BNDX,-0.002683896949562,-0.004987106570254,-0.0031398184974108,0.0144289584683376,-0.0023032096206919,-0.0004559215478487,baseline_lengthscale_only
positive_beta_prior,2025-06-30,LQD,-0.0027526165445376,-0.0047518785509506,-0.0041613174642847,0.0264295128442378,-0.0019992620064129,-0.001408700919747,baseline_lengthscale_only
positive_beta_prior,2025-06-30,HYG,0.0003421210937805,-0.0025055442563536,-0.0007005730221186,0.0230657193736515,-0.0028476653501342,-0.0010426941158992,baseline_lengthscale_only
positive_beta_prior,2025-06-30,EWX,0.0023956975282896,0.003689786989881,-0.0001332866307061,0.0375073568041302,0.0012940894615914,-0.0025289841589957,baseline_lengthscale_only
positive_beta_prior,2025-06-30,VWOB,-0.0012745926392981,0.0034483782635159,-0.0029703787218184,0.0296326710341198,0.0047229709028141,-0.0016957860825202,baseline_lengthscale_only
positive_beta_prior,2025-06-30,HYEM,-0.0007961967046601,0.0052854367518158,-0.0007718498391948,0.0265272182626331,0.0060816334564759,2.434686546532111e-05,baseline_lengthscale_only
positive_beta_prior,2025-07-31,SPY,0.0083199983935457,0.017025959285678,0.0071676100525009,0.046944672723842,0.0087059608921322,-0.0011523883410448,baseline_lengthscale_only
positive_beta_prior,2025-07-31,MGK,0.0110797528866735,0.0055066595365775,0.0090433820577704,0.0609647536288091,-0.005573093350096,-0.0020363708289031,baseline_lengthscale_only
positive_beta_prior,2025-07-31,VTV,0.005705571681402,0.0313645739398222,0.0055293014721105,0.0422136335131273,0.0256590022584202,-0.0001762702092914,baseline_lengthscale_only
positive_beta_prior,2025-07-31,IJR,0.0004177889950951,0.0667021428437213,0.0011498176238437,0.0562264401787195,0.0662843538486261,0.0007320286287486,baseline_lengthscale_only
positive_beta_prior,2025-07-31,IWM,-0.0002277168258351,0.0682571167801622,0.0003377782498565,0.0573379542693228,0.0684848336059973,0.0005654950756917,baseline_lengthscale_only
positive_beta_prior,2025-07-31,VNQ,0.0012715949481496,0.0312345064818484,-0.001062316932688,0.0562530671878501,0.0299629115336987,-0.0023339118808377,baseline_lengthscale_only
positive_beta_prior,2025-07-31,VNQI,-0.0026892928033344,0.0380088596574765,-0.0063135606776093,0.0459340934643079,0.040698152460811,-0.0036242678742748,baseline_lengthscale_only
positive_beta_prior,2025-07-31,VEA,0.0033324708088456,0.0407153436721401,0.0009814251949271,0.0470009368780526,0.0373828728632944,-0.0023510456139184,baseline_lengthscale_only
positive_beta_prior,2025-07-31,VWO,-0.0002767387030788,0.0311967061904492,-0.0024831061761242,0.0414220668723702,0.0314734448935281,-0.0022063674730453,baseline_lengthscale_only
positive_beta_prior,2025-07-31,VSS,0.0013095035607464,0.0457047656041542,-0.0020376599447135,0.0467845037594316,0.0443952620434078,-0.0033471635054599,baseline_lengthscale_only
positive_beta_prior,2025-07-31,BND,-0.0030145212979097,0.0080781208668851,-0.0036113086633661,0.0162470330952399,0.0110926421647949,-0.0005967873654563,baseline_lengthscale_only
positive_beta_prior,2025-07-31,IEF,-0.0038595509660083,0.0130017961647479,-0.0049354408266808,0.0189940718911336,0.0168613471307563,-0.0010758898606724,baseline_lengthscale_only
positive_beta_prior,2025-07-31,BNDX,-0.0027281894422676,-0.0020673197758122,-0.003293597431006,0.0137840870552025,0.0006608696664554,-0.0005654079887383,baseline_lengthscale_only
positive_beta_prior,2025-07-31,LQD,-0.0027910638908148,0.0069765482555901,-0.0042185391176962,0.0255693211785272,0.0097676121464049,-0.0014274752268813,baseline_lengthscale_only
positive_beta_prior,2025-07-31,HYG,0.0002873582985856,0.0075922786459434,-0.000520673368634,0.0224385293991704,0.0073049203473577,-0.0008080316672197,baseline_lengthscale_only
positive_beta_prior,2025-07-31,EWX,0.0024205838640894,0.0594008932386154,0.0010393885043902,0.037665063215271,0.0569803093745259,-0.0013811953596992,baseline_lengthscale_only
positive_beta_prior,2025-07-31,VWOB,-0.0011837662757825,0.0136544297892817,-0.002489499503799,0.0291416357347467,0.0148381960650643,-0.0013057332280164,baseline_lengthscale_only
positive_beta_prior,2025-07-31,HYEM,-0.0006792422151125,0.0155168572511257,-0.0004922161222058,0.0262396621651532,0.0161960994662382,0.0001870260929067,baseline_lengthscale_only
positive_beta_prior,2025-08-29,SPY,0.0084842618066048,0.0320890639427771,0.0092020941062419,0.0456379000542192,0.0236048021361722,0.000717832299637,baseline_lengthscale_only
positive_beta_prior,2025-08-29,MGK,0.0109746001819548,0.0453810247242796,0.0097615273053779,0.0597166181201015,0.0344064245423248,-0.0012130728765768,baseline_lengthscale_only
positive_beta_prior,2025-08-29,VTV,0.0061897037994854,0.0195297538109102,0.010335533351596,0.0411943992891722,0.0133400500114248,0.0041458295521106,baseline_lengthscale_only
positive_beta_prior,2025-08-29,IJR,0.0016684371809183,0.0070308560499527,0.0046235985779703,0.0568316709559673,0.0053624188690344,0.0029551613970519,baseline_lengthscale_only
positive_beta_prior,2025-08-29,IWM,0.0010644498459761,0.0282728625985717,0.0032868476708184,0.0582700169436421,0.0272084127525956,0.0022223978248423,baseline_lengthscale_only
positive_beta_prior,2025-08-29,VNQ,0.0018369329016156,-0.0028355403267928,0.0072973155797366,0.0554474189037476,-0.0046724732284085,0.0054603826781209,baseline_lengthscale_only
positive_beta_prior,2025-08-29,VNQI,-0.0019214031342625,0.0101319171202247,0.0017922017318217,0.0457124899764231,0.0120533202544873,0.0037136048660843,baseline_lengthscale_only
positive_beta_prior,2025-08-29,VEA,0.0040378080326814,0.0220010681350943,0.00672271450062,0.0453998403477522,0.0179632601024129,0.0026849064679386,baseline_lengthscale_only
positive_beta_prior,2025-08-29,VWO,0.0003170998798178,0.0532754265705348,0.0011874166536524,0.0398775534521799,0.0529583266907169,0.0008703167738345,baseline_lengthscale_only
positive_beta_prior,2025-08-29,VSS,0.0021471500143956,0.0181821933357375,0.0028483006001847,0.0458682784850751,0.0160350433213419,0.0007011505857891,baseline_lengthscale_only
positive_beta_prior,2025-08-29,BND,-0.0028052261627249,0.0076051855556786,-0.0017683848504462,0.0168962665220412,0.0104104117184036,0.0010368413122786,baseline_lengthscale_only
positive_beta_prior,2025-08-29,IEF,-0.0035414123408997,0.0030789765395491,-0.002631327114969,0.0200365750193412,0.0066203888804489,0.0009100852259307,baseline_lengthscale_only
positive_beta_prior,2025-08-29,BNDX,-0.0027157202032779,0.0018362952066057,-0.0023608407513132,0.0142773846712995,0.0045520154098837,0.0003548794519647,baseline_lengthscale_only
positive_beta_prior,2025-08-29,LQD,-0.0026067693220147,0.0152984911219506,-0.0021477279405043,0.0264163906584683,0.0179052604439654,0.0004590413815104,baseline_lengthscale_only
positive_beta_prior,2025-08-29,HYG,0.0004251869843848,0.0054195303702104,0.00106302597163,0.0220978943619054,0.0049943433858255,0.0006378389872451,baseline_lengthscale_only
positive_beta_prior,2025-08-29,EWX,0.0034956840409672,0.0093400133855503,0.0037230950390759,0.0367025533608832,0.005844329344583,0.0002274109981086,baseline_lengthscale_only
positive_beta_prior,2025-08-29,VWOB,-0.0009038003122907,0.0113138771528753,0.0004421019737809,0.0285254532997668,0.0122176774651661,0.0013459022860717,baseline_lengthscale_only
positive_beta_prior,2025-08-29,HYEM,-0.0003736554327306,-0.0033105505565566,0.0010419862172494,0.0253155398429741,-0.0029368951238259,0.0014156416499801,baseline_lengthscale_only
positive_beta_prior,2025-09-30,SPY,0.0089213877720895,0.0202837589443236,0.0105447217824128,0.0456365034823596,0.0113623711722341,0.0016233340103232,baseline_lengthscale_only
positive_beta_prior,2025-09-30,MGK,0.0116117561919978,0.0418461666639868,0.0113694085733365,0.0574988075531638,0.030234410471989,-0.0002423476186612,baseline_lengthscale_only
positive_beta_prior,2025-09-30,VTV,0.0064367417626599,-0.0073717392118964,0.0097358814970138,0.045073260290266,-0.0138084809745564,0.0032991397343539,baseline_lengthscale_only
positive_beta_prior,2025-09-30,IJR,0.0017677412340485,-0.0121085907211145,0.0117453348076653,0.0577843545009894,-0.0138763319551631,0.0099775935736167,baseline_lengthscale_only
positive_beta_prior,2025-09-30,IWM,0.0015683093413945,0.0141154530408362,0.0109149673332054,0.0590731389939183,0.0125471436994417,0.0093466579918109,baseline_lengthscale_only
positive_beta_prior,2025-09-30,VNQ,0.0017504056196081,-0.0278880557657404,0.0036515246622947,0.0555637581644493,-0.0296384613853486,0.0019011190426866,baseline_lengthscale_only
positive_beta_prior,2025-09-30,VNQI,-0.0016981934999202,-0.0159953036036712,-0.0022825901968767,0.0469693819562439,-0.014297110103751,-0.0005843966969565,baseline_lengthscale_only
positive_beta_prior,2025-09-30,VEA,0.0043704609975409,0.014158067636574,0.0047637266931184,0.0479527223525407,0.009787606639033,0.0003932656955775,baseline_lengthscale_only
positive_beta_prior,2025-09-30,VWO,0.0012978096333496,0.0110595842980614,0.0004767669038343,0.0417794423875588,0.0097617746647117,-0.0008210427295152,baseline_lengthscale_only
positive_beta_prior,2025-09-30,VSS,0.0024440952610871,-0.0047990807603671,0.0032108855959366,0.0465156850269347,-0.0072431760214543,0.0007667903348495,baseline_lengthscale_only
positive_beta_prior,2025-09-30,BND,-0.0026124407605322,0.0025377973254179,-0.0017013904558379,0.0158239735401587,0.0051502380859501,0.0009110503046943,baseline_lengthscale_only
positive_beta_prior,2025-09-30,IEF,-0.0034188125468173,0.0036171952388968,-0.0023327851207009,0.0184109457177675,0.0070360077857141,0.0010860274261164,baseline_lengthscale_only
positive_beta_prior,2025-09-30,BNDX,-0.0026314236216134,0.0065236646751984,-0.0022924892082871,0.0131336844342707,0.0091550882968119,0.0003389344133263,baseline_lengthscale_only
positive_beta_prior,2025-09-30,LQD,-0.0022751904249042,-0.0019813075408361,-0.0013468764134356,0.0252678758964129,0.0002938828840681,0.0009283140114686,baseline_lengthscale_only
positive_beta_prior,2025-09-30,HYG,0.0005176748248631,-0.003581832310472,0.0007095920295688,0.0220695293004407,-0.0040995071353351,0.0001919172047057,baseline_lengthscale_only
positive_beta_prior,2025-09-30,EWX,0.0036039123621632,-0.0039150978773194,0.0031335214242379,0.0379787732842481,-0.0075190102394827,-0.0004703909379253,baseline_lengthscale_only
positive_beta_prior,2025-09-30,VWOB,-0.0006775470258987,0.0176911502403582,-0.0003360098054755,0.028984661393522,0.018368697266257,0.0003415372204232,baseline_lengthscale_only
positive_beta_prior,2025-09-30,HYEM,-0.0004280423794682,0.0002766020361419,-0.0010540905258629,0.0259403939316067,0.0007046444156102,-0.0006260481463947,baseline_lengthscale_only
positive_beta_prior,2025-10-31,SPY,0.0091279763388574,-0.0010396177296814,0.014470382769776,0.0447066574530249,-0.0101675940685388,0.0053424064309185,baseline_lengthscale_only
positive_beta_prior,2025-10-31,MGK,0.012161472746034,-0.0181741223225869,0.0125286919077026,0.058899104720259,-0.0303355950686209,0.0003672191616686,baseline_lengthscale_only
positive_beta_prior,2025-10-31,VTV,0.0061856784722134,0.0223495818066563,0.0149238109984923,0.0389688182913797,0.0161639033344428,0.0087381325262789,baseline_lengthscale_only
positive_beta_prior,2025-10-31,IJR,0.0015154442894092,0.0229995468309018,0.0236054736638405,0.0515496211203257,0.0214841025414926,0.0220900293744313,baseline_lengthscale_only
positive_beta_prior,2025-10-31,IWM,0.0017964392268389,0.0072199334272649,0.0239149521662003,0.0534491274890459,0.0054234942004259,0.0221185129393614,baseline_lengthscale_only
positive_beta_prior,2025-10-31,VNQ,0.0012115245035108,0.0211645505455555,0.0109242903468976,0.0529827656061406,0.0199530260420446,0.0097127658433867,baseline_lengthscale_only
positive_beta_prior,2025-10-31,VNQI,-0.001958140956352,0.0113982763168327,0.0046318405063019,0.0439083208777534,0.0133564172731848,0.006589981462654,baseline_lengthscale_only
positive_beta_prior,2025-10-31,VEA,0.0045484174818869,0.0066625775081052,0.0096778645729969,0.0439215869764147,0.0021141600262183,0.00512944709111,baseline_lengthscale_only
positive_beta_prior,2025-10-31,VWO,0.0014752964454353,-0.0151359817643855,0.0074049910481558,0.0407085477504373,-0.0166112782098209,0.0059296946027205,baseline_lengthscale_only
positive_beta_prior,2025-10-31,VSS,0.0023124011516061,0.0068209557635765,0.0078630100018692,0.044399985544098,0.0045085546119703,0.005550608850263,baseline_lengthscale_only
positive_beta_prior,2025-10-31,BND,-0.0025188000680604,0.0029711414388193,-0.0005883448069651,0.0164729392907283,0.0054899415068798,0.0019304552610953,baseline_lengthscale_only
positive_beta_prior,2025-10-31,IEF,-0.0032908851325316,0.0068680130332163,-0.0013193279476607,0.0192350499878712,0.010158898165748,0.0019715571848708,baseline_lengthscale_only
positive_beta_prior,2025-10-31,BNDX,-0.0024649674707623,-0.0048076597808113,-0.0016768550152061,0.0135382587084941,-0.002342692310049,0.0007881124555561,baseline_lengthscale_only
positive_beta_prior,2025-10-31,LQD,-0.0022698470997394,0.0063000967940947,0.0005083947578834,0.0258522738771643,0.0085699438938341,0.0027782418576228,baseline_lengthscale_only
positive_beta_prior,2025-10-31,HYG,0.0004431383314934,0.0044576417220114,0.0022767737681291,0.020998131097258,0.004014503390518,0.0018336354366357,baseline_lengthscale_only
positive_beta_prior,2025-10-31,EWX,0.0034672030850817,-0.0161766681916669,0.0118253752228482,0.0358264434127443,-0.0196438712767487,0.0083581721377664,baseline_lengthscale_only
positive_beta_prior,2025-10-31,VWOB,-0.0003435707119668,0.000654575891007,0.0031321213145391,0.0283501036019849,0.0009981466029738,0.0034756920265059,baseline_lengthscale_only
positive_beta_prior,2025-10-31,HYEM,-0.0004152306628207,-0.0021992661278306,0.0043658569862045,0.0255013315677227,-0.0017840354650098,0.0047810876490252,baseline_lengthscale_only
positive_beta_prior,2025-11-28,SPY,0.0089464121590621,-0.0024606389596457,0.008671347191537,0.0475328492225277,-0.0114070511187078,-0.000275064967525,baseline_lengthscale_only
positive_beta_prior,2025-11-28,MGK,0.0116197656912372,-0.0060146563156944,0.0106645311476198,0.0607426076926172,-0.0176344220069316,-0.0009552345436174,baseline_lengthscale_only
positive_beta_prior,2025-11-28,VTV,0.0064743196031856,0.0045910056300981,0.008278368771051,0.0432172399870001,-0.0018833139730874,0.0018040491678653,baseline_lengthscale_only
positive_beta_prior,2025-11-28,IJR,0.0018990889776501,-0.0043423583691276,0.0064226708792306,0.0563989587643265,-0.0062414473467778,0.0045235819015804,baseline_lengthscale_only
positive_beta_prior,2025-11-28,IWM,0.0018932873375608,-0.0103259896938455,0.0053098030441418,0.0576451799527097,-0.0122192770314063,0.0034165157065809,baseline_lengthscale_only
positive_beta_prior,2025-11-28,VNQ,0.0015678285399759,-0.0255453755984175,0.0033380668833993,0.0558443531236799,-0.0271132041383934,0.0017702383434233,baseline_lengthscale_only
positive_beta_prior,2025-11-28,VNQI,-0.0017196335050451,0.0008944661826628,-0.0041812792790976,0.0474162447955028,0.002614099687708,-0.0024616457740524,baseline_lengthscale_only
positive_beta_prior,2025-11-28,VEA,0.004586170339498,0.0284246279924806,0.0029157581030155,0.0479297791009693,0.0238384576529826,-0.0016704122364824,baseline_lengthscale_only
positive_beta_prior,2025-11-28,VWO,0.0011786664774028,0.0062317985980677,-0.0002371248198586,0.0419920726475158,0.0050531321206649,-0.0014157912972614,baseline_lengthscale_only
positive_beta_prior,2025-11-28,VSS,0.0023929110553913,0.0174564854798322,-0.0005681106692837,0.0474024214652339,0.0150635744244409,-0.002961021724675,baseline_lengthscale_only
positive_beta_prior,2025-11-28,BND,-0.0024207653982947,-0.0062472826781498,-0.002112793717641,0.0164700910871908,-0.0038265172798551,0.0003079716806536,baseline_lengthscale_only
positive_beta_prior,2025-11-28,IEF,-0.0031094762367147,-0.0108425232716582,-0.0030238702618213,0.0192147154138015,-0.0077330470349435,8.560597489341284e-05,baseline_lengthscale_only
positive_beta_prior,2025-11-28,BNDX,-0.0025068012620131,-0.0084304323444134,-0.0024139301566735,0.0140334960723271,-0.0059236310824002,9.28711053396424e-05,baseline_lengthscale_only
positive_beta_prior,2025-11-28,LQD,-0.0021168123873495,-0.0106061840408282,-0.0022034945070745,0.0261273213138052,-0.0084893716534787,-8.668211972501141e-05,baseline_lengthscale_only
positive_beta_prior,2025-11-28,HYG,0.0005148258920383,0.0016540803164204,0.0007684250584136,0.0227910370259113,0.001139254424382,0.0002535991663753,baseline_lengthscale_only
positive_beta_prior,2025-11-28,EWX,0.0031164196694255,0.0055263019361311,0.0016661270144992,0.0378227576558541,0.0024098822667055,-0.0014502926549263,baseline_lengthscale_only
positive_beta_prior,2025-11-28,VWOB,-0.0003257466654851,-0.0012631324755422,-0.0008450125781619,0.0290740539691636,-0.000937385810057,-0.0005192659126767,baseline_lengthscale_only
positive_beta_prior,2025-11-28,HYEM,-0.0004470884389816,0.0064562169308348,-0.0006604559987159,0.0267202286287341,0.0069033053698165,-0.0002133675597343,baseline_lengthscale_only
positive_beta_prior,2025-12-31,SPY,0.0087462884552251,0.0115940664753813,0.0095259555130939,0.042486655927697,0.0028477780201561,0.0007796670578688,baseline_lengthscale_only
positive_beta_prior,2025-12-31,MGK,0.0113103898665542,-0.0198108818992341,0.0089047155963651,0.0554046362874584,-0.0311212717657883,-0.002405674270189,baseline_lengthscale_only
positive_beta_prior,2025-12-31,VTV,0.0064412790071665,0.0426261511032699,0.0101297466172432,0.0385466465492543,0.0361848720961033,0.0036884676100766,baseline_lengthscale_only
positive_beta_prior,2025-12-31,IJR,0.0017895899013909,0.0537232784473984,0.0093863161922723,0.052343332337374,0.0519336885460075,0.0075967262908814,baseline_lengthscale_only
positive_beta_prior,2025-12-31,IWM,0.001678914056308,0.0515339202933218,0.0080664363109734,0.0541812320767772,0.0498550062370137,0.0063875222546653,baseline_lengthscale_only
positive_beta_prior,2025-12-31,VNQ,0.0010921582919339,0.0229258613639709,0.0024195511073353,0.0514390220725042,0.0218337030720369,0.0013273928154013,baseline_lengthscale_only
positive_beta_prior,2025-12-31,VNQI,-0.0016737721070152,0.0425715518100049,-6.17376875605936e-05,0.0430580111033963,0.0442453239170201,0.0016120344194546,baseline_lengthscale_only
positive_beta_prior,2025-12-31,VEA,0.0050043888948135,0.0564256134799427,0.0089258922048591,0.0428933035736737,0.0514212245851292,0.0039215033100456,baseline_lengthscale_only
positive_beta_prior,2025-12-31,VWO,0.0012673179181162,0.0471551046027993,0.0011926941101898,0.0391833362548042,0.0458877866846831,-7.462380792639875e-05,baseline_lengthscale_only
positive_beta_prior,2025-12-31,VSS,0.0026571842909078,0.0606820046858356,0.0045944367837722,0.0432000961648604,0.0580248203949277,0.0019372524928644,baseline_lengthscale_only
positive_beta_prior,2025-12-31,BND,-0.0024878972803974,-0.0009446630105405,-0.002344431177842,0.0152039609880868,0.0015432342698569,0.0001434661025554,baseline_lengthscale_only
positive_beta_prior,2025-12-31,IEF,-0.0032451437285558,-0.0053789314399729,-0.0034380211591632,0.0177428056413099,-0.002133787711417,-0.0001928774306073,baseline_lengthscale_only
positive_beta_prior,2025-12-31,BNDX,-0.002610724614336,0.0020598206705835,-0.0029460640921106,0.012978020659234,0.0046705452849195,-0.0003353394777746,baseline_lengthscale_only
positive_beta_prior,2025-12-31,LQD,-0.0022657487321473,0.0003398451129934,-0.0022035560275983,0.0241297258442731,0.0026055938451408,6.219270454903844e-05,baseline_lengthscale_only
positive_beta_prior,2025-12-31,HYG,0.0005348128117643,0.0029604455586125,0.0018861587779583,0.0202228107102057,0.0024256327468481,0.0013513459661939,baseline_lengthscale_only
positive_beta_prior,2025-12-31,EWX,0.0031586983056835,0.0271157092815286,0.002493373542185,0.0358289914607083,0.023957010975845,-0.0006653247634985,baseline_lengthscale_only
positive_beta_prior,2025-12-31,VWOB,-0.0003421920305738,0.0003023714262653,0.0004878809402988,0.0271623192593302,0.0006445634568392,0.0008300729708727,baseline_lengthscale_only
positive_beta_prior,2025-12-31,HYEM,-0.0003259778184585,0.0119382518397177,0.0015508300924856,0.0245777604382346,0.0122642296581762,0.0018768079109441,baseline_lengthscale_only
positive_beta_prior,2026-01-30,SPY,0.0087953880762623,-0.0114630644597552,0.0114898107273966,0.0429335914149871,-0.0202584525360175,0.0026944226511343,baseline_lengthscale_only
positive_beta_prior,2026-01-30,MGK,0.0107738162154199,-0.0492820819779102,0.0135630769080538,0.0556554716655724,-0.0600558981933302,0.0027892606926338,baseline_lengthscale_only
positive_beta_prior,2026-01-30,VTV,0.0070651561122718,0.0346442538389795,0.0096690954533558,0.0407616802458644,0.0275790977267076,0.002603939341084,baseline_lengthscale_only
positive_beta_prior,2026-01-30,IJR,0.0026849983245979,0.0181130756129497,0.003065904481735,0.0534850652416081,0.0154280772883517,0.000380906157137,baseline_lengthscale_only
positive_beta_prior,2026-01-30,IWM,0.00253848312936,0.0039134466545009,0.002758630770199,0.0540075925007526,0.0013749635251409,0.0002201476408389,baseline_lengthscale_only
positive_beta_prior,2026-01-30,VNQ,0.0014686014483483,0.0508556714731549,0.0024679261024334,0.053119356976946,0.0493870700248065,0.000999324654085,baseline_lengthscale_only
positive_beta_prior,2026-01-30,VNQI,-0.0009109216946528,0.0547704385842853,0.0024813041402443,0.0462370860658948,0.0556813602789381,0.0033922258348972,baseline_lengthscale_only
positive_beta_prior,2026-01-30,VEA,0.0058909617324881,0.0580079056587081,0.0102346459524858,0.0454394038086924,0.05211694392622,0.0043436842199976,baseline_lengthscale_only
positive_beta_prior,2026-01-30,VWO,0.002058486654059,0.0259369887540072,0.0073444200939757,0.0398477345648763,0.0238785020999482,0.0052859334399166,baseline_lengthscale_only
positive_beta_prior,2026-01-30,VSS,0.0036576122287514,0.0465216257603791,0.0065383719303595,0.04578388329361,0.0428640135316276,0.0028807597016081,baseline_lengthscale_only
positive_beta_prior,2026-01-30,BND,-0.0024612897929861,0.0131255380322345,-0.0011294795905929,0.0161663019315893,0.0155868278252207,0.0013318102023931,baseline_lengthscale_only
positive_beta_prior,2026-01-30,IEF,-0.0032819331718561,0.0217838900198361,-0.0023930024088519,0.0188462423668547,0.0250658231916923,0.0008889307630041,baseline_lengthscale_only
positive_beta_prior,2026-01-30,BNDX,-0.0025301979714925,0.0124229819358545,-0.0017752068860286,0.0136228671854666,0.0149531799073471,0.0007549910854639,baseline_lengthscale_only
positive_beta_prior,2026-01-30,LQD,-0.0022208247003346,0.0108946807193086,-0.0005392295487197,0.0253909210798714,0.0131155054196432,0.0016815951516149,baseline_lengthscale_only
positive_beta_prior,2026-01-30,HYG,0.0005766340660203,-0.0028581418854923,0.001564352152351,0.0214237633240362,-0.0034347759515127,0.0009877180863306,baseline_lengthscale_only
positive_beta_prior,2026-01-30,EWX,0.0035717502190601,0.0325300786320017,0.0042258951412917,0.0357063352110818,0.0289583284129415,0.0006541449222315,baseline_lengthscale_only
positive_beta_prior,2026-01-30,VWOB,-0.0003310788675249,0.0124108300189706,0.001491234042705,0.0280371511957352,0.0127419088864956,0.00182231291023,baseline_lengthscale_only
positive_beta_prior,2026-01-30,HYEM,-0.0001145255829727,0.006343486373523,0.0008388995810152,0.0250325414216653,0.0064580119564957,0.000953425163988,baseline_lengthscale_only
positive_beta_prior,2026-02-27,SPY,0.0084520244739569,-0.0523648142565935,0.0037526316573195,0.0444210480623944,-0.0608168387305504,-0.0046993928166373,baseline_lengthscale_only
positive_beta_prior,2026-02-27,MGK,0.0097559196358719,-0.0525666680444184,0.0044776574075644,0.0582656983794793,-0.0623225876802904,-0.0052782622283075,baseline_lengthscale_only
positive_beta_prior,2026-02-27,VTV,0.0075325984466227,-0.0511191666684417,0.0024450113039415,0.0405462850480837,-0.0586517651150645,-0.0050875871426812,baseline_lengthscale_only
positive_beta_prior,2026-02-27,IJR,0.0029464911599937,-0.0430573291552121,-0.0037894093663234,0.0569308839863478,-0.0460038203152058,-0.0067359005263171,baseline_lengthscale_only
positive_beta_prior,2026-02-27,IWM,0.0025617875958878,-0.0525957233930652,-0.0044900060536044,0.0596556923739004,-0.0551575109889531,-0.0070517936494923,baseline_lengthscale_only
positive_beta_prior,2026-02-27,VNQ,0.0023056704318196,-0.066081450572396,-0.0049416157138916,0.0549150864303392,-0.0683871210042156,-0.0072472861457113,baseline_lengthscale_only
positive_beta_prior,2026-02-27,VNQI,3.283017448173479e-05,-0.1261996923521307,-0.0054467127423309,0.0437662613174754,-0.1262325225266124,-0.0054795429168126,baseline_lengthscale_only
positive_beta_prior,2026-02-27,VEA,0.0067742997651359,-0.0890166153043781,0.0030910991858029,0.0430197626570113,-0.095790915069514,-0.0036832005793329,baseline_lengthscale_only
positive_beta_prior,2026-02-27,VWO,0.0024632070286344,-0.0726288216194275,0.0019265240412043,0.038761288463713,-0.0750920286480619,-0.00053668298743,baseline_lengthscale_only
positive_beta_prior,2026-02-27,VSS,0.0043841209326773,-0.0919577577615242,0.000964075740875,0.044000236880057,-0.0963418786942015,-0.0034200451918022,baseline_lengthscale_only
positive_beta_prior,2026-02-27,BND,-0.0021971062705247,-0.0204592733886768,-0.0024941373146154,0.0162626194497526,-0.018262167118152,-0.0002970310440906,baseline_lengthscale_only
positive_beta_prior,2026-02-27,IEF,-0.00285708871098,-0.0262694619592757,-0.003156908662885,0.0190629342416257,-0.0234123732482957,-0.000299819951905,baseline_lengthscale_only
positive_beta_prior,2026-02-27,BNDX,-0.0022767542442493,-0.024458123499453,-0.0033688589198284,0.0138002272927965,-0.0221813692552036,-0.001092104675579,baseline_lengthscale_only
positive_beta_prior,2026-02-27,LQD,-0.0019985279983067,-0.0238035707181543,-0.0034373061178138,0.0255044873403317,-0.0218050427198475,-0.0014387781195071,baseline_lengthscale_only
positive_beta_prior,2026-02-27,HYG,0.0005184175244693,-0.0126465565225654,-0.0013511561007883,0.0210601835247758,-0.0131649740470347,-0.0018695736252576,baseline_lengthscale_only
positive_beta_prior,2026-02-27,EWX,0.0040625693447032,-0.0590669405613026,0.0028485090920117,0.0360214025507601,-0.0631295099060059,-0.0012140602526914,baseline_lengthscale_only
positive_beta_prior,2026-02-27,VWOB,-0.0001151143101267,-0.0374288638870431,-0.0016670262234974,0.0273631632147205,-0.0373137495769164,-0.0015519119133707,baseline_lengthscale_only
positive_beta_prior,2026-02-27,HYEM,-5.067753201633674e-06,-0.0244026515193842,-0.0009037000894362,0.0238689362056754,-0.0243975837661826,-0.0008986323362346,baseline_lengthscale_only
positive_beta_prior,2026-03-31,SPY,0.0074384104951144,0.1015846905734372,0.0139295494783608,0.040992296348091,0.0941462800783228,0.0064911389832464,baseline_lengthscale_only
positive_beta_prior,2026-03-31,MGK,0.0087172098412004,0.1394565874772655,0.0166785878898993,0.0552070250096815,0.130739377636065,0.0079613780486988,baseline_lengthscale_only
positive_beta_prior,2026-03-31,VTV,0.0065550690280383,0.0506170669983208,0.0101164004342355,0.0391016129484184,0.0440619979702824,0.0035613314061971,baseline_lengthscale_only
positive_beta_prior,2026-03-31,IJR,0.0021797608214069,0.0994268413072834,0.0101356422495085,0.0545525634980917,0.0972470804858764,0.0079558814281015,baseline_lengthscale_only
positive_beta_prior,2026-03-31,IWM,0.0016424957460719,0.1173292485959169,0.0107402598461127,0.0562442769249171,0.115686752849845,0.0090977641000407,baseline_lengthscale_only
positive_beta_prior,2026-03-31,VNQ,0.0011658850817494,0.082612115677813,0.0053569707043039,0.0532151609348919,0.0814462305960635,0.0041910856225544,baseline_lengthscale_only
positive_beta_prior,2026-03-31,VNQI,-0.0020710452009618,0.0592075993848801,0.0041026669771442,0.0470610175051619,0.0612786445858419,0.006173712178106,baseline_lengthscale_only
positive_beta_prior,2026-03-31,VEA,0.0051777845139773,0.0702885057699342,0.0119938484786626,0.0443058826334986,0.0651107212559569,0.0068160639646852,baseline_lengthscale_only
positive_beta_prior,2026-03-31,VWO,0.0012116732178334,0.0868651678048433,0.0056174072903544,0.0415135025564927,0.0856534945870099,0.004405734072521,baseline_lengthscale_only
positive_beta_prior,2026-03-31,VSS,0.0027784229544406,0.0809649015267945,0.0094049957703419,0.0444743982363869,0.0781864785723539,0.0066265728159013,baseline_lengthscale_only
positive_beta_prior,2026-03-31,BND,-0.0025014757224939,-0.0016440841907844,0.0003125519365861,0.0154866112922815,0.0008573915317095,0.00281402765908,baseline_lengthscale_only
positive_beta_prior,2026-03-31,IEF,-0.0032472949317849,-0.0046369004243811,-0.0006024548985901,0.0182613354740236,-0.0013896054925962,0.0026448400331948,baseline_lengthscale_only
positive_beta_prior,2026-03-31,BNDX,-0.0026464437318361,-0.0008092670395931,0.0004496187809782,0.0129952780979102,0.0018371766922429,0.0030960625128144,baseline_lengthscale_only
positive_beta_prior,2026-03-31,LQD,-0.0023619453769708,-0.000328023870708,0.001881669481718,0.0237537419727702,0.0020339215062628,0.0042436148586889,baseline_lengthscale_only
positive_beta_prior,2026-03-31,HYG,0.000299001290352,0.0120206202804744,0.0034542588064304,0.0196924838660526,0.0117216189901223,0.0031552575160783,baseline_lengthscale_only
positive_beta_prior,2026-03-31,EWX,0.0030104108462698,0.1057143359139183,0.0078570276871941,0.0368695769244401,0.1027039250676485,0.0048466168409243,baseline_lengthscale_only
positive_beta_prior,2026-03-31,VWOB,-0.0007370101364086,0.0207915423172506,0.0037701240746322,0.0265357780829421,0.0215285524536593,0.0045071342110409,baseline_lengthscale_only
positive_beta_prior,2026-03-31,HYEM,-0.0004116941493046,0.0222788946584122,0.000749521654434,0.0238574989933719,0.0226905888077169,0.0011612158037387,baseline_lengthscale_only
positive_beta_prior,2026-04-30,SPY,0.0089817921357426,0.0494836649639931,0.0048076721260262,0.0467255129042101,0.0405018728282504,-0.0041741200097164,baseline_lengthscale_only
positive_beta_prior,2026-04-30,MGK,0.0108604783270375,0.0833042557485763,0.0083874563954058,0.0579794272658638,0.0724437774215387,-0.0024730219316317,baseline_lengthscale_only
positive_beta_prior,2026-04-30,VTV,0.0072773968636167,0.0214606790469988,0.0013528519510458,0.0472624276282868,0.0141832821833821,-0.0059245449125708,baseline_lengthscale_only
positive_beta_prior,2026-04-30,IJR,0.0037739752556016,0.0083595922724504,-0.0046362527818316,0.0655775727434745,0.0045856170168487,-0.0084102280374333,baseline_lengthscale_only
positive_beta_prior,2026-04-30,IWM,0.0035389998911513,0.0417061680739143,-0.0048394492463055,0.0669328798534538,0.0381671681827629,-0.0083784491374569,baseline_lengthscale_only
positive_beta_prior,2026-04-30,VNQ,0.0025010691898816,-0.0095055277703509,-0.0002472288260696,0.0586608880649008,-0.0120065969602325,-0.0027482980159512,baseline_lengthscale_only
positive_beta_prior,2026-04-30,VNQI,-0.0010664772569316,-0.028738940962082,-0.0056558737472687,0.050893026197392,-0.0276724637051504,-0.0045893964903371,baseline_lengthscale_only
positive_beta_prior,2026-04-30,VEA,0.0062451733870258,0.0400546719277523,0.0014104988309547,0.0487852177702368,0.0338094985407265,-0.0048346745560711,baseline_lengthscale_only
positive_beta_prior,2026-04-30,VWO,0.0026158288668008,0.0130877333011347,-3.739100479945327e-05,0.0434341274495233,0.0104719044343339,-0.0026532198716002,baseline_lengthscale_only
positive_beta_prior,2026-04-30,VSS,0.004060168504807,0.0153673341636833,-0.0014185705805888,0.049416089840147,0.0113071656588762,-0.0054787390853959,baseline_lengthscale_only
positive_beta_prior,2026-04-30,BND,-0.0024874201236134,-0.0002358897922636,-0.0025836406082147,0.0157899598911352,0.0022515303313498,-9.62204846012369e-05,baseline_lengthscale_only
positive_beta_prior,2026-04-30,IEF,-0.0032700753496963,-0.0031745273257528,-0.0031632665186069,0.018860339162303,9.55480239434982e-05,0.0001068088310893,baseline_lengthscale_only
positive_beta_prior,2026-04-30,BNDX,-0.0026163260811436,0.0051888403937632,-0.0031422431235335,0.0134403281218656,0.0078051664749068,-0.0005259170423899,baseline_lengthscale_only
positive_beta_prior,2026-04-30,LQD,-0.0023286024014583,0.005612799118414,-0.0026839755073401,0.0244391786313902,0.0079414015198724,-0.0003553731058817,baseline_lengthscale_only
positive_beta_prior,2026-04-30,HYG,0.0004911589787147,0.0013666068307942,-0.0017744324186274,0.0215993674537845,0.0008754478520795,-0.0022655913973422,baseline_lengthscale_only
positive_beta_prior,2026-04-30,EWX,0.0046940817490181,0.0183583650298098,0.002085208876829,0.0402974449219756,0.0136642832807916,-0.0026088728721891,baseline_lengthscale_only
positive_beta_prior,2026-04-30,VWOB,-0.0003840830470043,0.0065642910118675,-0.0016896912466006,0.0282526612325524,0.0069483740588719,-0.0013056081995962,baseline_lengthscale_only
positive_beta_prior,2026-04-30,HYEM,-3.971728360439966e-05,0.0065872922444725,-0.0008888226856478,0.0259503452575037,0.0066270095280769,-0.0008491054020434,baseline_lengthscale_only
positive_beta_prior,2025-05-30,SPY,0.0073172024961141,0.047695119061649,0.0112721822675501,0.0472754759230888,0.0403779165655349,0.0039549797714359,winsor_01
positive_beta_prior,2025-05-30,MGK,0.0096107706731049,0.0603467339223082,0.0138184822978951,0.0584427462622074,0.0507359632492033,0.0042077116247901,winsor_01
positive_beta_prior,2025-05-30,VTV,0.0053124786513295,0.0332330912657377,0.0075005550614221,0.0453437997361955,0.0279206126144081,0.0021880764100925,winsor_01
positive_beta_prior,2025-05-30,IJR,-0.000415757308875,0.0373473630007581,0.0070543195594522,0.0624995326939196,0.0377631203096331,0.0074700768683272,winsor_01
positive_beta_prior,2025-05-30,IWM,-0.001521636775114,0.0514799564682795,0.0063419842377518,0.0638223157271135,0.0530015932433935,0.0078636210128659,winsor_01
positive_beta_prior,2025-05-30,VNQ,0.0013147227365438,0.0033500785292834,0.0041752587986717,0.0573016510043498,0.0020353557927396,0.0028605360621278,winsor_01
positive_beta_prior,2025-05-30,VNQI,-0.0031414025929212,0.041158889126224,-0.0005506110874381,0.0466211813206583,0.0443002917191452,0.002590791505483,winsor_01
positive_beta_prior,2025-05-30,VEA,0.0032138677291956,0.0302568513060934,0.0050593021383412,0.0458417129852532,0.0270429835768977,0.0018454344091455,winsor_01
positive_beta_prior,2025-05-30,VWO,-0.0013812432635037,0.0516820922406271,1.5064390556760506e-05,0.0390615425130246,0.0530633355041309,0.0013963076540605,winsor_01
positive_beta_prior,2025-05-30,VSS,0.0004489094207604,0.0547694445580857,0.0035143605901631,0.0462519888880105,0.0543205351373252,0.0030654511694026,winsor_01
positive_beta_prior,2025-05-30,BND,-0.0032370550024694,0.0116022746763018,-0.0029042162161397,0.0163328390577341,0.0148393296787712,0.0003328387863296,winsor_01
positive_beta_prior,2025-05-30,IEF,-0.0040674968930327,0.0124524915378823,-0.0040796335749809,0.019196081786523,0.016519988430915,-1.2136681948235126e-05,winsor_01
positive_beta_prior,2025-05-30,BNDX,-0.0027348125869511,-0.0001381150801093,-0.001715156510232,0.0135112418638566,0.0025966975068418,0.001019656076719,winsor_01
positive_beta_prior,2025-05-30,LQD,-0.0031524807335464,0.0172405929059027,-0.002302886377828,0.0261396200381688,0.0203930736394492,0.0008495943557184,winsor_01
positive_beta_prior,2025-05-30,HYG,5.276076257503259e-05,0.0148101376540576,0.0012100695690385,0.0211529515887799,0.0147573768914826,0.0011573088064635,winsor_01
positive_beta_prior,2025-05-30,EWX,0.0014349156952656,0.0504347891794876,0.0031089059979104,0.0354337272765998,0.0489998734842219,0.0016739903026448,winsor_01
positive_beta_prior,2025-05-30,VWOB,-0.0017255849977273,0.0212750252821611,-0.0007059357242105,0.0289254652047524,0.0230006102798885,0.0010196492735168,winsor_01
positive_beta_prior,2025-05-30,HYEM,-0.0011012187111369,0.0144549036191783,-0.000363402549365,0.0260107914384302,0.0155561223303152,0.0007378161617718,winsor_01
positive_beta_prior,2025-06-30,SPY,0.0081089263503402,0.0190846725970255,0.0065157767237547,0.0490393497618391,0.0109757462466852,-0.0015931496265855,winsor_01
positive_beta_prior,2025-06-30,MGK,0.0106055934819128,0.0352618825294714,0.0098780853935282,0.0634282148670473,0.0246562890475586,-0.0007275080883845,winsor_01
positive_beta_prior,2025-06-30,VTV,0.0058599416437689,-0.0021672963993112,0.0036019562586731,0.0423814171433613,-0.0080272380430801,-0.0022579853850958,winsor_01
positive_beta_prior,2025-06-30,IJR,0.0003246960305295,0.0051655301879416,-0.0005882739759526,0.0571858055059384,0.004840834157412,-0.0009129700064822,winsor_01
positive_beta_prior,2025-06-30,IWM,-0.000482389848773,0.0127606073439947,-0.001328917278227,0.0596970004418023,0.0132429971927677,-0.000846527429454,winsor_01
positive_beta_prior,2025-06-30,VNQ,0.0013546316736564,-0.0029632780526935,-0.0030821677023747,0.0539503354775105,-0.0043179097263499,-0.0044367993760311,winsor_01
positive_beta_prior,2025-06-30,VNQI,-0.0022727694219576,-0.0239319852535548,-0.0096966781888694,0.0442588004849029,-0.0216592158315972,-0.0074239087669118,winsor_01
positive_beta_prior,2025-06-30,VEA,0.0037441223091348,-0.0176617557059024,-0.0013475888007325,0.0460245733929985,-0.0214058780150373,-0.0050917111098673,winsor_01
positive_beta_prior,2025-06-30,VWO,-0.0003407857045992,0.0029896583744599,-0.0042062812194484,0.0390425835537844,0.0033304440790592,-0.0038654955148492,winsor_01
positive_beta_prior,2025-06-30,VSS,0.0015140179528648,-0.0091207304372948,-0.0041996443915489,0.0468063392171806,-0.0106347483901597,-0.0057136623444137,winsor_01
positive_beta_prior,2025-06-30,BND,-0.002946087753866,-0.0065046320441364,-0.0038689601098956,0.0162087394658095,-0.0035585442902703,-0.0009228723560295,winsor_01
positive_beta_prior,2025-06-30,IEF,-0.00374357555125,-0.009774297118683,-0.0048215092590396,0.0189257916484415,-0.0060307215674329,-0.0010779337077896,winsor_01
positive_beta_prior,2025-06-30,BNDX,-0.002683896949562,-0.004987106570254,-0.0034110958713138,0.0141307912406427,-0.0023032096206919,-0.0007271989217517,winsor_01
positive_beta_prior,2025-06-30,LQD,-0.0027526165445376,-0.0047518785509506,-0.0046477188552833,0.0258737204582848,-0.0019992620064129,-0.0018951023107456,winsor_01
positive_beta_prior,2025-06-30,HYG,0.0003421210937805,-0.0025055442563536,-0.000360014007194,0.0214082743159246,-0.0028476653501342,-0.0007021351009746,winsor_01
positive_beta_prior,2025-06-30,EWX,0.0023956975282896,0.003689786989881,-0.0007571844699439,0.0367459973418739,0.0012940894615914,-0.0031528819982335,winsor_01
positive_beta_prior,2025-06-30,VWOB,-0.0012745926392981,0.0034483782635159,-0.0039832778997078,0.0281860996268017,0.0047229709028141,-0.0027086852604096,winsor_01
positive_beta_prior,2025-06-30,HYEM,-0.0007961967046601,0.0052854367518158,-0.0012848751340014,0.0241863768205035,0.0060816334564759,-0.0004886784293412,winsor_01
positive_beta_prior,2025-07-31,SPY,0.0083199983935457,0.017025959285678,0.0075148777886213,0.048222611323076,0.0087059608921322,-0.0008051206049243,winsor_01
positive_beta_prior,2025-07-31,MGK,0.0110797528866735,0.0055066595365775,0.0106143172699384,0.0630007997828215,-0.005573093350096,-0.0004654356167351,winsor_01
positive_beta_prior,2025-07-31,VTV,0.005705571681402,0.0313645739398222,0.0038384552110505,0.0412920964039939,0.0256590022584202,-0.0018671164703515,winsor_01
positive_beta_prior,2025-07-31,IJR,0.0004177889950951,0.0667021428437213,-0.0002933551475607,0.0565978933912181,0.0662843538486261,-0.0007111441426559,winsor_01
positive_beta_prior,2025-07-31,IWM,-0.0002277168258351,0.0682571167801622,-0.0009257938033259,0.0582296421463238,0.0684848336059973,-0.0006980769774907,winsor_01
positive_beta_prior,2025-07-31,VNQ,0.0012715949481496,0.0312345064818484,-0.0014048589701257,0.0559202020137242,0.0299629115336987,-0.0026764539182754,winsor_01
positive_beta_prior,2025-07-31,VNQI,-0.0026892928033344,0.0380088596574765,-0.0080594526530162,0.0446020702598185,0.040698152460811,-0.0053701598496817,winsor_01
positive_beta_prior,2025-07-31,VEA,0.0033324708088456,0.0407153436721401,-0.0005065079060374,0.0463827160910859,0.0373828728632944,-0.0038389787148831,winsor_01
positive_beta_prior,2025-07-31,VWO,-0.0002767387030788,0.0311967061904492,-0.0034956658432379,0.0398148143504588,0.0314734448935281,-0.0032189271401591,winsor_01
positive_beta_prior,2025-07-31,VSS,0.0013095035607464,0.0457047656041542,-0.0031346330704738,0.0467941648031092,0.0443952620434078,-0.0044441366312202,winsor_01
positive_beta_prior,2025-07-31,BND,-0.0030145212979097,0.0080781208668851,-0.0039246395545953,0.0164234487200706,0.0110926421647949,-0.0009101182566856,winsor_01
positive_beta_prior,2025-07-31,IEF,-0.0038595509660083,0.0130017961647479,-0.0050792740154382,0.0192091227608565,0.0168613471307563,-0.0012197230494298,winsor_01
positive_beta_prior,2025-07-31,BNDX,-0.0027281894422676,-0.0020673197758122,-0.0030176881238174,0.0139447400717766,0.0006608696664554,-0.0002894986815497,winsor_01
positive_beta_prior,2025-07-31,LQD,-0.0027910638908148,0.0069765482555901,-0.0046475354415627,0.0262046063467032,0.0097676121464049,-0.0018564715507478,winsor_01
positive_beta_prior,2025-07-31,HYG,0.0002873582985856,0.0075922786459434,-0.0007457674574964,0.0212576098459281,0.0073049203473577,-0.0010331257560821,winsor_01
positive_beta_prior,2025-07-31,EWX,0.0024205838640894,0.0594008932386154,0.0003356613375177,0.0373769092591714,0.0569803093745259,-0.0020849225265717,winsor_01
positive_beta_prior,2025-07-31,VWOB,-0.0011837662757825,0.0136544297892817,-0.0032183987063036,0.028653636705784,0.0148381960650643,-0.0020346324305211,winsor_01
positive_beta_prior,2025-07-31,HYEM,-0.0006792422151125,0.0155168572511257,-0.0009820531961523,0.0242675132846551,0.0161960994662382,-0.0003028109810398,winsor_01
positive_beta_prior,2025-08-29,SPY,0.0084842618066048,0.0320890639427771,0.0086864082276594,0.0450775088672016,0.0236048021361722,0.0002021464210545,winsor_01
positive_beta_prior,2025-08-29,MGK,0.0109746001819548,0.0453810247242796,0.0099612430759467,0.0598440598927706,0.0344064245423248,-0.001013357106008,winsor_01
positive_beta_prior,2025-08-29,VTV,0.0061897037994854,0.0195297538109102,0.0096578402655327,0.0397070506995201,0.0133400500114248,0.0034681364660472,winsor_01
positive_beta_prior,2025-08-29,IJR,0.0016684371809183,0.0070308560499527,0.0035332722523572,0.0557107844064988,0.0053624188690344,0.0018648350714389,winsor_01
positive_beta_prior,2025-08-29,IWM,0.0010644498459761,0.0282728625985717,0.0029147564821535,0.0568862376989581,0.0272084127525956,0.0018503066361774,winsor_01
positive_beta_prior,2025-08-29,VNQ,0.0018369329016156,-0.0028355403267928,0.0062687948549862,0.0539462853762756,-0.0046724732284085,0.0044318619533705,winsor_01
positive_beta_prior,2025-08-29,VNQI,-0.0019214031342625,0.0101319171202247,0.0012235052647582,0.0429332190298069,0.0120533202544873,0.0031449083990208,winsor_01
positive_beta_prior,2025-08-29,VEA,0.0040378080326814,0.0220010681350943,0.0051898507767962,0.0425651981073765,0.0179632601024129,0.0011520427441148,winsor_01
positive_beta_prior,2025-08-29,VWO,0.0003170998798178,0.0532754265705348,0.0011868483032658,0.0359296594711818,0.0529583266907169,0.000869748423448,winsor_01
positive_beta_prior,2025-08-29,VSS,0.0021471500143956,0.0181821933357375,0.0021634067151073,0.0431826257523219,0.0160350433213419,1.6256700711771675e-05,winsor_01
positive_beta_prior,2025-08-29,BND,-0.0028052261627249,0.0076051855556786,-0.0017061052334442,0.0162147734619306,0.0104104117184036,0.0010991209292806,winsor_01
positive_beta_prior,2025-08-29,IEF,-0.0035414123408997,0.0030789765395491,-0.0024502349772973,0.0192687751488219,0.0066203888804489,0.0010911773636023,winsor_01
positive_beta_prior,2025-08-29,BNDX,-0.0027157202032779,0.0018362952066057,-0.0020691493454713,0.0137251047962824,0.0045520154098837,0.0006465708578066,winsor_01
positive_beta_prior,2025-08-29,LQD,-0.0026067693220147,0.0152984911219506,-0.001894144232873,0.0252564912209923,0.0179052604439654,0.0007126250891416,winsor_01
positive_beta_prior,2025-08-29,HYG,0.0004251869843848,0.0054195303702104,0.001183395218896,0.0202093636920085,0.0049943433858255,0.0007582082345111,winsor_01
positive_beta_prior,2025-08-29,EWX,0.0034956840409672,0.0093400133855503,0.0035342313413496,0.0344285742053897,0.005844329344583,3.854730038235646e-05,winsor_01
positive_beta_prior,2025-08-29,VWOB,-0.0009038003122907,0.0113138771528753,0.0002093027281586,0.0265901441600317,0.0122176774651661,0.0011131030404493,winsor_01
positive_beta_prior,2025-08-29,HYEM,-0.0003736554327306,-0.0033105505565566,0.0007174744728332,0.0219100639480302,-0.0029368951238259,0.0010911299055639,winsor_01
positive_beta_prior,2025-09-30,SPY,0.0089213877720895,0.0202837589443236,0.0087369292375534,0.0446597228752657,0.0113623711722341,-0.000184458534536,winsor_01
positive_beta_prior,2025-09-30,MGK,0.0116117561919978,0.0418461666639868,0.0091789845426218,0.0554303444859891,0.030234410471989,-0.0024327716493759,winsor_01
positive_beta_prior,2025-09-30,VTV,0.0064367417626599,-0.0073717392118964,0.0078724332376891,0.0444599131020746,-0.0138084809745564,0.0014356914750291,winsor_01
positive_beta_prior,2025-09-30,IJR,0.0017677412340485,-0.0121085907211145,0.0099412294833668,0.0595624730907078,-0.0138763319551631,0.0081734882493182,winsor_01
positive_beta_prior,2025-09-30,IWM,0.0015683093413945,0.0141154530408362,0.00937085213201,0.0606573999423861,0.0125471436994417,0.0078025427906155,winsor_01
positive_beta_prior,2025-09-30,VNQ,0.0017504056196081,-0.0278880557657404,0.002304695361214,0.0549768631707906,-0.0296384613853486,0.0005542897416059,winsor_01
positive_beta_prior,2025-09-30,VNQI,-0.0016981934999202,-0.0159953036036712,-0.0023216494860027,0.047158433168994,-0.014297110103751,-0.0006234559860825,winsor_01
positive_beta_prior,2025-09-30,VEA,0.0043704609975409,0.014158067636574,0.0037783580016133,0.0469537813093608,0.009787606639033,-0.0005921029959276,winsor_01
positive_beta_prior,2025-09-30,VWO,0.0012978096333496,0.0110595842980614,0.0003072853667769,0.0416274641355242,0.0097617746647117,-0.0009905242665726,winsor_01
positive_beta_prior,2025-09-30,VSS,0.0024440952610871,-0.0047990807603671,0.002862765861894,0.047500993275648,-0.0072431760214543,0.0004186706008068,winsor_01
positive_beta_prior,2025-09-30,BND,-0.0026124407605322,0.0025377973254179,-0.002384299031055,0.01632270995324,0.0051502380859501,0.0002281417294771,winsor_01
positive_beta_prior,2025-09-30,IEF,-0.0034188125468173,0.0036171952388968,-0.0032143282356904,0.0191210175365842,0.0070360077857141,0.0002044843111269,winsor_01
positive_beta_prior,2025-09-30,BNDX,-0.0026314236216134,0.0065236646751984,-0.0029756585753956,0.0136730799078399,0.0091550882968119,-0.0003442349537821,winsor_01
positive_beta_prior,2025-09-30,LQD,-0.0022751904249042,-0.0019813075408361,-0.0023461788639262,0.0257449964583811,0.0002938828840681,-7.098843902195954e-05,winsor_01
positive_beta_prior,2025-09-30,HYG,0.0005176748248631,-0.003581832310472,0.0002512107398106,0.0209271124181669,-0.0040995071353351,-0.0002664640850525,winsor_01
positive_beta_prior,2025-09-30,EWX,0.0036039123621632,-0.0039150978773194,0.0018091344112426,0.0391417619687303,-0.0075190102394827,-0.0017947779509206,winsor_01
positive_beta_prior,2025-09-30,VWOB,-0.0006775470258987,0.0176911502403582,-0.001138215623049,0.0285056858953975,0.018368697266257,-0.0004606685971502,winsor_01
positive_beta_prior,2025-09-30,HYEM,-0.0004280423794682,0.0002766020361419,-0.0014898877095088,0.024138971951642,0.0007046444156102,-0.0010618453300406,winsor_01
positive_beta_prior,2025-10-31,SPY,0.0091279763388574,-0.0010396177296814,0.0153760901867882,0.0439061890850426,-0.0101675940685388,0.0062481138479307,winsor_01
positive_beta_prior,2025-10-31,MGK,0.012161472746034,-0.0181741223225869,0.0122320460267549,0.0571972578818128,-0.0303355950686209,7.057328072089357e-05,winsor_01
positive_beta_prior,2025-10-31,VTV,0.0061856784722134,0.0223495818066563,0.0173111259318625,0.0372862223533031,0.0161639033344428,0.0111254474596491,winsor_01
positive_beta_prior,2025-10-31,IJR,0.0015154442894092,0.0229995468309018,0.0276744645350324,0.0507880061680173,0.0214841025414926,0.0261590202456231,winsor_01
positive_beta_prior,2025-10-31,IWM,0.0017964392268389,0.0072199334272649,0.0277976897798449,0.0527427721999828,0.0054234942004259,0.026001250553006,winsor_01
positive_beta_prior,2025-10-31,VNQ,0.0012115245035108,0.0211645505455555,0.0141879682878629,0.0515932038521291,0.0199530260420446,0.0129764437843521,winsor_01
positive_beta_prior,2025-10-31,VNQI,-0.001958140956352,0.0113982763168327,0.008955684274864,0.0410547434257627,0.0133564172731848,0.010913825231216,winsor_01
positive_beta_prior,2025-10-31,VEA,0.0045484174818869,0.0066625775081052,0.0132176372812904,0.0418831136767181,0.0021141600262183,0.0086692197994035,winsor_01
positive_beta_prior,2025-10-31,VWO,0.0014752964454353,-0.0151359817643855,0.0097536869095456,0.0379854340520375,-0.0166112782098209,0.0082783904641102,winsor_01
positive_beta_prior,2025-10-31,VSS,0.0023124011516061,0.0068209557635765,0.0118822884057766,0.0428976685129344,0.0045085546119703,0.0095698872541705,winsor_01
positive_beta_prior,2025-10-31,BND,-0.0025188000680604,0.0029711414388193,0.0008433515295061,0.0162212636534515,0.0054899415068798,0.0033621515975666,winsor_01
positive_beta_prior,2025-10-31,IEF,-0.0032908851325316,0.0068680130332163,0.0003687409451945,0.0190530036646012,0.010158898165748,0.0036596260777262,winsor_01
positive_beta_prior,2025-10-31,BNDX,-0.0024649674707623,-0.0048076597808113,-0.0009331470933437,0.0134709405847813,-0.002342692310049,0.0015318203774185,winsor_01
positive_beta_prior,2025-10-31,LQD,-0.0022698470997394,0.0063000967940947,0.0030387309689025,0.0254661191381389,0.0085699438938341,0.0053085780686419,winsor_01
positive_beta_prior,2025-10-31,HYG,0.0004431383314934,0.0044576417220114,0.0037658471879125,0.0195288855005082,0.004014503390518,0.0033227088564191,winsor_01
positive_beta_prior,2025-10-31,EWX,0.0034672030850817,-0.0161766681916669,0.014436409487923,0.0344157118108443,-0.0196438712767487,0.0109692064028413,winsor_01
positive_beta_prior,2025-10-31,VWOB,-0.0003435707119668,0.000654575891007,0.0051857777707929,0.0270897199936772,0.0009981466029738,0.0055293484827597,winsor_01
positive_beta_prior,2025-10-31,HYEM,-0.0004152306628207,-0.0021992661278306,0.0057935666584693,0.0233769866734869,-0.0017840354650098,0.0062087973212901,winsor_01
positive_beta_prior,2025-11-28,SPY,0.0089464121590621,-0.0024606389596457,0.0094155878913819,0.0464313271591699,-0.0114070511187078,0.0004691757323198,winsor_01
positive_beta_prior,2025-11-28,MGK,0.0116197656912372,-0.0060146563156944,0.01064834195831,0.0593279226730298,-0.0176344220069316,-0.0009714237329271,winsor_01
positive_beta_prior,2025-11-28,VTV,0.0064743196031856,0.0045910056300981,0.0094468606502763,0.0409236171890275,-0.0018833139730874,0.0029725410470906,winsor_01
positive_beta_prior,2025-11-28,IJR,0.0018990889776501,-0.0043423583691276,0.0093989523970572,0.0558260896415594,-0.0062414473467778,0.007499863419407,winsor_01
positive_beta_prior,2025-11-28,IWM,0.0018932873375608,-0.0103259896938455,0.0075754170667486,0.0577052309795746,-0.0122192770314063,0.0056821297291877,winsor_01
positive_beta_prior,2025-11-28,VNQ,0.0015678285399759,-0.0255453755984175,0.0051844569750705,0.0542606050487264,-0.0271132041383934,0.0036166284350945,winsor_01
positive_beta_prior,2025-11-28,VNQI,-0.0017196335050451,0.0008944661826628,-0.0014032117592708,0.0448324950297965,0.002614099687708,0.0003164217457743,winsor_01
positive_beta_prior,2025-11-28,VEA,0.004586170339498,0.0284246279924806,0.0041310613479411,0.0454815768252708,0.0238384576529826,-0.0004551089915568,winsor_01
positive_beta_prior,2025-11-28,VWO,0.0011786664774028,0.0062317985980677,0.0001525547660421,0.0391429580426659,0.0050531321206649,-0.0010261117113606,winsor_01
positive_beta_prior,2025-11-28,VSS,0.0023929110553913,0.0174564854798322,0.0010046956901041,0.0462930668800776,0.0150635744244409,-0.0013882153652871,winsor_01
positive_beta_prior,2025-11-28,BND,-0.0024207653982947,-0.0062472826781498,-0.0016991582059707,0.0165632808973195,-0.0038265172798551,0.000721607192324,winsor_01
positive_beta_prior,2025-11-28,IEF,-0.0031094762367147,-0.0108425232716582,-0.0022698590185088,0.0194264518903203,-0.0077330470349435,0.0008396172182059,winsor_01
positive_beta_prior,2025-11-28,BNDX,-0.0025068012620131,-0.0084304323444134,-0.002120553800419,0.0139398088035977,-0.0059236310824002,0.0003862474615941,winsor_01
positive_beta_prior,2025-11-28,LQD,-0.0021168123873495,-0.0106061840408282,-0.0012462758242834,0.0262080480654645,-0.0084893716534787,0.0008705365630661,winsor_01
positive_beta_prior,2025-11-28,HYG,0.0005148258920383,0.0016540803164204,0.0015639510395902,0.0208912158104922,0.001139254424382,0.0010491251475518,winsor_01
positive_beta_prior,2025-11-28,EWX,0.0031164196694255,0.0055263019361311,0.0024143347988218,0.0367805004989648,0.0024098822667055,-0.0007020848706036,winsor_01
positive_beta_prior,2025-11-28,VWOB,-0.0003257466654851,-0.0012631324755422,-0.00021372080616,0.0279171342916929,-0.000937385810057,0.0001120258593251,winsor_01
positive_beta_prior,2025-11-28,HYEM,-0.0004470884389816,0.0064562169308348,-0.0002586480182289,0.0240997421579002,0.0069033053698165,0.0001884404207527,winsor_01
positive_beta_prior,2025-12-31,SPY,0.0087462884552251,0.0115940664753813,0.0092006016154235,0.0434775232944527,0.0028477780201561,0.0004543131601984,winsor_01
positive_beta_prior,2025-12-31,MGK,0.0113103898665542,-0.0198108818992341,0.0087714442461585,0.0576783611510128,-0.0311212717657883,-0.0025389456203956,winsor_01
positive_beta_prior,2025-12-31,VTV,0.0064412790071665,0.0426261511032699,0.0093921186254024,0.0379297807209529,0.0361848720961033,0.0029508396182358,winsor_01
positive_beta_prior,2025-12-31,IJR,0.0017895899013909,0.0537232784473984,0.0084432771497523,0.0530229338490231,0.0519336885460075,0.0066536872483614,winsor_01
positive_beta_prior,2025-12-31,IWM,0.001678914056308,0.0515339202933218,0.0074010398757326,0.0549817545339046,0.0498550062370137,0.0057221258194245,winsor_01
positive_beta_prior,2025-12-31,VNQ,0.0010921582919339,0.0229258613639709,0.0017323856589578,0.0511573365419118,0.0218337030720369,0.0006402273670238,winsor_01
positive_beta_prior,2025-12-31,VNQI,-0.0016737721070152,0.0425715518100049,-6.623520271582329e-05,0.0407229846443217,0.0442453239170201,0.0016075369042994,winsor_01
positive_beta_prior,2025-12-31,VEA,0.0050043888948135,0.0564256134799427,0.0085444181416589,0.0411296714460642,0.0514212245851292,0.0035400292468454,winsor_01
positive_beta_prior,2025-12-31,VWO,0.0012673179181162,0.0471551046027993,0.0014786765377999,0.0368725761782143,0.0458877866846831,0.0002113586196836,winsor_01
positive_beta_prior,2025-12-31,VSS,0.0026571842909078,0.0606820046858356,0.0049745480915303,0.0425060213285949,0.0580248203949277,0.0023173638006224,winsor_01
positive_beta_prior,2025-12-31,BND,-0.0024878972803974,-0.0009446630105405,-0.0022692717803832,0.0153885997114917,0.0015432342698569,0.0002186255000142,winsor_01
positive_beta_prior,2025-12-31,IEF,-0.0032451437285558,-0.0053789314399729,-0.0035926085954875,0.0179222262265711,-0.002133787711417,-0.0003474648669317,winsor_01
positive_beta_prior,2025-12-31,BNDX,-0.002610724614336,0.0020598206705835,-0.0030099319396443,0.0131330579789609,0.0046705452849195,-0.0003992073253083,winsor_01
positive_beta_prior,2025-12-31,LQD,-0.0022657487321473,0.0003398451129934,-0.0023513521439821,0.024464509202188,0.0026055938451408,-8.560341183472828e-05,winsor_01
positive_beta_prior,2025-12-31,HYG,0.0005348128117643,0.0029604455586125,0.0018017283140303,0.0190216042431199,0.0024256327468481,0.001266915502266,winsor_01
positive_beta_prior,2025-12-31,EWX,0.0031586983056835,0.0271157092815286,0.0022999366897751,0.0353673574956331,0.023957010975845,-0.0008587616159083,winsor_01
positive_beta_prior,2025-12-31,VWOB,-0.0003421920305738,0.0003023714262653,0.0001770446983421,0.0264913447130655,0.0006445634568392,0.0005192367289159,winsor_01
positive_beta_prior,2025-12-31,HYEM,-0.0003259778184585,0.0119382518397177,0.0012995714485,0.0221015927903676,0.0122642296581762,0.0016255492669586,winsor_01
positive_beta_prior,2026-01-30,SPY,0.0087953880762623,-0.0114630644597552,0.012119795431686,0.0424570322490356,-0.0202584525360175,0.0033244073554237,winsor_01
positive_beta_prior,2026-01-30,MGK,0.0107738162154199,-0.0492820819779102,0.0148421002497173,0.0561644267503418,-0.0600558981933302,0.0040682840342974,winsor_01
positive_beta_prior,2026-01-30,VTV,0.0070651561122718,0.0346442538389795,0.0096045069776608,0.0392974502208847,0.0275790977267076,0.0025393508653889,winsor_01
positive_beta_prior,2026-01-30,IJR,0.0026849983245979,0.0181130756129497,0.0030734459086068,0.0530017336962072,0.0154280772883517,0.0003884475840088,winsor_01
positive_beta_prior,2026-01-30,IWM,0.00253848312936,0.0039134466545009,0.0029500034213304,0.0540399052529392,0.0013749635251409,0.0004115202919704,winsor_01
positive_beta_prior,2026-01-30,VNQ,0.0014686014483483,0.0508556714731549,0.002915509197142,0.0517659322661347,0.0493870700248065,0.0014469077487936,winsor_01
positive_beta_prior,2026-01-30,VNQI,-0.0009109216946528,0.0547704385842853,0.0036341425202586,0.0439881596205361,0.0556813602789381,0.0045450642149114,winsor_01
positive_beta_prior,2026-01-30,VEA,0.0058909617324881,0.0580079056587081,0.0103457856655727,0.0441588252567964,0.05211694392622,0.0044548239330846,winsor_01
positive_beta_prior,2026-01-30,VWO,0.002058486654059,0.0259369887540072,0.0077323338479138,0.0381778673395856,0.0238785020999482,0.0056738471938547,winsor_01
positive_beta_prior,2026-01-30,VSS,0.0036576122287514,0.0465216257603791,0.0070850300241663,0.0445475808122665,0.0428640135316276,0.0034274177954149,winsor_01
positive_beta_prior,2026-01-30,BND,-0.0024612897929861,0.0131255380322345,-0.0011936491938513,0.0158640369300452,0.0155868278252207,0.0012676405991347,winsor_01
positive_beta_prior,2026-01-30,IEF,-0.0032819331718561,0.0217838900198361,-0.0023816436536382,0.0188291682365074,0.0250658231916923,0.0009002895182179,winsor_01
positive_beta_prior,2026-01-30,BNDX,-0.0025301979714925,0.0124229819358545,-0.0014233258813871,0.0135347094249487,0.0149531799073471,0.0011068720901054,winsor_01
positive_beta_prior,2026-01-30,LQD,-0.0022208247003346,0.0108946807193086,-0.0004636607639707,0.0250143445959652,0.0131155054196432,0.0017571639363638,winsor_01
positive_beta_prior,2026-01-30,HYG,0.0005766340660203,-0.0028581418854923,0.0017749207395428,0.0200108214450703,-0.0034347759515127,0.0011982866735225,winsor_01
positive_beta_prior,2026-01-30,EWX,0.0035717502190601,0.0325300786320017,0.0047845346747927,0.0348644077301076,0.0289583284129415,0.0012127844557325,winsor_01
positive_beta_prior,2026-01-30,VWOB,-0.0003310788675249,0.0124108300189706,0.0016438558150681,0.0268097402288272,0.0127419088864956,0.001974934682593,winsor_01
positive_beta_prior,2026-01-30,HYEM,-0.0001145255829727,0.006343486373523,0.0003228790243512,0.0227125875142614,0.0064580119564957,0.0004374046073239,winsor_01
positive_beta_prior,2026-02-27,SPY,0.0084520244739569,-0.0523648142565935,0.0038460386227742,0.0427280949435018,-0.0608168387305504,-0.0046059858511827,winsor_01
positive_beta_prior,2026-02-27,MGK,0.0097559196358719,-0.0525666680444184,0.0038440549961339,0.0556077046405333,-0.0623225876802904,-0.005911864639738,winsor_01
positive_beta_prior,2026-02-27,VTV,0.0075325984466227,-0.0511191666684417,0.0024175293708089,0.0380698646320754,-0.0586517651150645,-0.0051150690758138,winsor_01
positive_beta_prior,2026-02-27,IJR,0.0029464911599937,-0.0430573291552121,-0.0027853076779538,0.0563964809180812,-0.0460038203152058,-0.0057317988379475,winsor_01
positive_beta_prior,2026-02-27,IWM,0.0025617875958878,-0.0525957233930652,-0.0028773702498738,0.0582608939464873,-0.0551575109889531,-0.0054391578457617,winsor_01
positive_beta_prior,2026-02-27,VNQ,0.0023056704318196,-0.066081450572396,-0.00548422719378,0.0524785439480329,-0.0683871210042156,-0.0077898976255997,winsor_01
positive_beta_prior,2026-02-27,VNQI,3.283017448173479e-05,-0.1261996923521307,-0.0060500550101716,0.0403635495023228,-0.1262325225266124,-0.0060828851846534,winsor_01
positive_beta_prior,2026-02-27,VEA,0.0067742997651359,-0.0890166153043781,0.0026395143655648,0.0410119384060116,-0.095790915069514,-0.0041347853995711,winsor_01
positive_beta_prior,2026-02-27,VWO,0.0024632070286344,-0.0726288216194275,0.0015069489314795,0.0358685512542538,-0.0750920286480619,-0.0009562580971549,winsor_01
positive_beta_prior,2026-02-27,VSS,0.0043841209326773,-0.0919577577615242,0.0010434779482262,0.0419003053148441,-0.0963418786942015,-0.0033406429844511,winsor_01
positive_beta_prior,2026-02-27,BND,-0.0021971062705247,-0.0204592733886768,-0.0027554351512643,0.0155146598117597,-0.018262167118152,-0.0005583288807395,winsor_01
positive_beta_prior,2026-02-27,IEF,-0.00285708871098,-0.0262694619592757,-0.0032727061867303,0.0183227681036904,-0.0234123732482957,-0.0004156174757503,winsor_01
positive_beta_prior,2026-02-27,BNDX,-0.0022767542442493,-0.024458123499453,-0.0035004435281433,0.013171865046494,-0.0221813692552036,-0.0012236892838939,winsor_01
positive_beta_prior,2026-02-27,LQD,-0.0019985279983067,-0.0238035707181543,-0.0033713376560863,0.0243951120015415,-0.0218050427198475,-0.0013728096577795,winsor_01
positive_beta_prior,2026-02-27,HYG,0.0005184175244693,-0.0126465565225654,-0.0017632198511639,0.0191106563077244,-0.0131649740470347,-0.0022816373756332,winsor_01
positive_beta_prior,2026-02-27,EWX,0.0040625693447032,-0.0590669405613026,0.0024424030593408,0.0341007921271155,-0.0631295099060059,-0.0016201662853624,winsor_01
positive_beta_prior,2026-02-27,VWOB,-0.0001151143101267,-0.0374288638870431,-0.0020407214396724,0.0256376339317201,-0.0373137495769164,-0.0019256071295457,winsor_01
positive_beta_prior,2026-02-27,HYEM,-5.067753201633674e-06,-0.0244026515193842,-0.0015400535207754,0.0215650341830486,-0.0243975837661826,-0.0015349857675737,winsor_01
positive_beta_prior,2026-03-31,SPY,0.0074384104951144,0.1015846905734372,0.0121572474473661,0.040943671599526,0.0941462800783228,0.0047188369522517,winsor_01
positive_beta_prior,2026-03-31,MGK,0.0087172098412004,0.1394565874772655,0.0142899147198835,0.0541491214091227,0.130739377636065,0.0055727048786831,winsor_01
positive_beta_prior,2026-03-31,VTV,0.0065550690280383,0.0506170669983208,0.008471212533956,0.0380421481358862,0.0440619979702824,0.0019161435059176,winsor_01
positive_beta_prior,2026-03-31,IJR,0.0021797608214069,0.0994268413072834,0.0069732040373663,0.0562920218055569,0.0972470804858764,0.0047934432159593,winsor_01
positive_beta_prior,2026-03-31,IWM,0.0016424957460719,0.1173292485959169,0.0075003382617665,0.0576649812242205,0.115686752849845,0.0058578425156945,winsor_01
positive_beta_prior,2026-03-31,VNQ,0.0011658850817494,0.082612115677813,0.0040826467104181,0.0525475719518836,0.0814462305960635,0.0029167616286686,winsor_01
positive_beta_prior,2026-03-31,VNQI,-0.0020710452009618,0.0592075993848801,0.0037276071817659,0.046161872712472,0.0612786445858419,0.0057986523827278,winsor_01
positive_beta_prior,2026-03-31,VEA,0.0051777845139773,0.0702885057699342,0.0118283557301242,0.0427608472505809,0.0651107212559569,0.0066505712161468,winsor_01
positive_beta_prior,2026-03-31,VWO,0.0012116732178334,0.0868651678048433,0.0045877323062808,0.0395860808917871,0.0856534945870099,0.0033760590884474,winsor_01
positive_beta_prior,2026-03-31,VSS,0.0027784229544406,0.0809649015267945,0.0087780731824822,0.0440209115950711,0.0781864785723539,0.0059996502280416,winsor_01
positive_beta_prior,2026-03-31,BND,-0.0025014757224939,-0.0016440841907844,-0.0006720480927776,0.0156922549795596,0.0008573915317095,0.0018294276297163,winsor_01
positive_beta_prior,2026-03-31,IEF,-0.0032472949317849,-0.0046369004243811,-0.0013432939248625,0.0183546944291886,-0.0013896054925962,0.0019040010069223,winsor_01
positive_beta_prior,2026-03-31,BNDX,-0.0026464437318361,-0.0008092670395931,-0.0003830984615961,0.0128568125095645,0.0018371766922429,0.0022633452702399,winsor_01
positive_beta_prior,2026-03-31,LQD,-0.0023619453769708,-0.000328023870708,0.0004062068375536,0.0237996484058674,0.0020339215062628,0.0027681522145245,winsor_01
positive_beta_prior,2026-03-31,HYG,0.000299001290352,0.0120206202804744,0.0029345311456818,0.01817166515498,0.0117216189901223,0.0026355298553297,winsor_01
positive_beta_prior,2026-03-31,EWX,0.0030104108462698,0.1057143359139183,0.0061099192134661,0.0353792740376756,0.1027039250676485,0.0030995083671963,winsor_01
positive_beta_prior,2026-03-31,VWOB,-0.0007370101364086,0.0207915423172506,0.002244611852059,0.0256852957330374,0.0215285524536593,0.0029816219884677,winsor_01
positive_beta_prior,2026-03-31,HYEM,-0.0004116941493046,0.0222788946584122,8.409094031770563e-05,0.0224073955379668,0.0226905888077169,0.0004957850896223,winsor_01
positive_beta_prior,2026-04-30,SPY,0.0089817921357426,0.0494836649639931,0.0051561602779449,0.0465357229901158,0.0405018728282504,-0.0038256318577976,winsor_01
positive_beta_prior,2026-04-30,MGK,0.0108604783270375,0.0833042557485763,0.0096602191190129,0.0586612802320238,0.0724437774215387,-0.0012002592080246,winsor_01
positive_beta_prior,2026-04-30,VTV,0.0072773968636167,0.0214606790469988,0.0009847065041087,0.0444256087696306,0.0141832821833821,-0.006292690359508,winsor_01
positive_beta_prior,2026-04-30,IJR,0.0037739752556016,0.0083595922724504,-0.0051256568552774,0.063805768626598,0.0045856170168487,-0.0088996321108791,winsor_01
positive_beta_prior,2026-04-30,IWM,0.0035389998911513,0.0417061680739143,-0.0051876628699722,0.0666710865731493,0.0381671681827629,-0.0087266627611236,winsor_01
positive_beta_prior,2026-04-30,VNQ,0.0025010691898816,-0.0095055277703509,-2.6607095757981945e-05,0.0566316626663295,-0.0120065969602325,-0.0025276762856396,winsor_01
positive_beta_prior,2026-04-30,VNQI,-0.0010664772569316,-0.028738940962082,-0.0038754053792479,0.0480168589121723,-0.0276724637051504,-0.0028089281223163,winsor_01
positive_beta_prior,2026-04-30,VEA,0.0062451733870258,0.0400546719277523,0.0022680231631144,0.0461611006505257,0.0338094985407265,-0.0039771502239114,winsor_01
positive_beta_prior,2026-04-30,VWO,0.0026158288668008,0.0130877333011347,0.0010562435209327,0.0403884051337393,0.0104719044343339,-0.001559585345868,winsor_01
positive_beta_prior,2026-04-30,VSS,0.004060168504807,0.0153673341636833,5.249990595717312e-05,0.0473066509449707,0.0113071656588762,-0.0040076685988499,winsor_01
positive_beta_prior,2026-04-30,BND,-0.0024874201236134,-0.0002358897922636,-0.0021164335066703,0.0155413960599717,0.0022515303313498,0.0003709866169431,winsor_01
positive_beta_prior,2026-04-30,IEF,-0.0032700753496963,-0.0031745273257528,-0.0023551670076408,0.0185955059405225,9.55480239434982e-05,0.0009149083420554,winsor_01
positive_beta_prior,2026-04-30,BNDX,-0.0026163260811436,0.0051888403937632,-0.0027871391103869,0.0133663675133608,0.0078051664749068,-0.0001708130292433,winsor_01
positive_beta_prior,2026-04-30,LQD,-0.0023286024014583,0.005612799118414,-0.0021515996894645,0.0239233808542035,0.0079414015198724,0.0001770027119937,winsor_01
positive_beta_prior,2026-04-30,HYG,0.0004911589787147,0.0013666068307942,-0.0011812604906964,0.0198613057394869,0.0008754478520795,-0.0016724194694112,winsor_01
positive_beta_prior,2026-04-30,EWX,0.0046940817490181,0.0183583650298098,0.0029421093965071,0.0393786398584076,0.0136642832807916,-0.001751972352511,winsor_01
positive_beta_prior,2026-04-30,VWOB,-0.0003840830470043,0.0065642910118675,-0.001561692483889,0.0262743572727866,0.0069483740588719,-0.0011776094368846,winsor_01
positive_beta_prior,2026-04-30,HYEM,-3.971728360439966e-05,0.0065872922444725,-0.001563602703119,0.0227572659225906,0.0066270095280769,-0.0015238854195146,winsor_01
positive_beta_prior,2025-05-30,SPY,0.0073172024961141,0.047695119061649,0.0135382255316824,0.0473876494085586,0.0403779165655349,0.0062210230355683,winsor_025
positive_beta_prior,2025-05-30,MGK,0.0096107706731049,0.0603467339223082,0.0162491027267745,0.058780161313629,0.0507359632492033,0.0066383320536696,winsor_025
positive_beta_prior,2025-05-30,VTV,0.0053124786513295,0.0332330912657377,0.0094555561049169,0.0442534274147945,0.0279206126144081,0.0041430774535873,winsor_025
positive_beta_prior,2025-05-30,IJR,-0.000415757308875,0.0373473630007581,0.0081344345912262,0.0617789948859459,0.0377631203096331,0.0085501919001012,winsor_025
positive_beta_prior,2025-05-30,IWM,-0.001521636775114,0.0514799564682795,0.0072761601041724,0.0638220746116754,0.0530015932433935,0.0087977968792864,winsor_025
positive_beta_prior,2025-05-30,VNQ,0.0013147227365438,0.0033500785292834,0.005593349261421,0.0562320459486692,0.0020353557927396,0.0042786265248772,winsor_025
positive_beta_prior,2025-05-30,VNQI,-0.0031414025929212,0.041158889126224,0.0011433087661585,0.0431356406683884,0.0443002917191452,0.0042847113590798,winsor_025
positive_beta_prior,2025-05-30,VEA,0.0032138677291956,0.0302568513060934,0.0076649394508146,0.0435892860299144,0.0270429835768977,0.0044510717216189,winsor_025
positive_beta_prior,2025-05-30,VWO,-0.0013812432635037,0.0516820922406271,0.0019854833920478,0.0362441152811406,0.0530633355041309,0.0033667266555516,winsor_025
positive_beta_prior,2025-05-30,VSS,0.0004489094207604,0.0547694445580857,0.0057463651598413,0.0440236157576024,0.0543205351373252,0.0052974557390808,winsor_025
positive_beta_prior,2025-05-30,BND,-0.0032370550024694,0.0116022746763018,-0.0026544269212974,0.0158615338125612,0.0148393296787712,0.000582628081172,winsor_025
positive_beta_prior,2025-05-30,IEF,-0.0040674968930327,0.0124524915378823,-0.0038661447521,0.0184496198317555,0.016519988430915,0.0002013521409326,winsor_025
positive_beta_prior,2025-05-30,BNDX,-0.0027348125869511,-0.0001381150801093,-0.0011302087125846,0.0133489464230448,0.0025966975068418,0.0016046038743665,winsor_025
positive_beta_prior,2025-05-30,LQD,-0.0031524807335464,0.0172405929059027,-0.0013524727672134,0.0251481974696846,0.0203930736394492,0.001800007966333,winsor_025
positive_beta_prior,2025-05-30,HYG,5.276076257503259e-05,0.0148101376540576,0.0019808144055307,0.0196887034496239,0.0147573768914826,0.0019280536429557,winsor_025
positive_beta_prior,2025-05-30,EWX,0.0014349156952656,0.0504347891794876,0.0057832735069311,0.0343944981642411,0.0489998734842219,0.0043483578116654,winsor_025
positive_beta_prior,2025-05-30,VWOB,-0.0017255849977273,0.0212750252821611,0.0004332051130678,0.0277542994291759,0.0230006102798885,0.0021587901107951,winsor_025
positive_beta_prior,2025-05-30,HYEM,-0.0011012187111369,0.0144549036191783,-0.0004005451886714,0.0241882141689196,0.0155561223303152,0.0007006735224655,winsor_025
positive_beta_prior,2025-06-30,SPY,0.0081089263503402,0.0190846725970255,0.0059037742133422,0.0480403214324886,0.0109757462466852,-0.002205152136998,winsor_025
positive_beta_prior,2025-06-30,MGK,0.0106055934819128,0.0352618825294714,0.0099521890470683,0.0618433280619664,0.0246562890475586,-0.0006534044348445,winsor_025
positive_beta_prior,2025-06-30,VTV,0.0058599416437689,-0.0021672963993112,0.0022364156109095,0.0404556822089793,-0.0080272380430801,-0.0036235260328593,winsor_025
positive_beta_prior,2025-06-30,IJR,0.0003246960305295,0.0051655301879416,-0.0015716146335478,0.0572945059311804,0.004840834157412,-0.0018963106640774,winsor_025
positive_beta_prior,2025-06-30,IWM,-0.000482389848773,0.0127606073439947,-0.0017113515382805,0.0601046678161934,0.0132429971927677,-0.0012289616895075,winsor_025
positive_beta_prior,2025-06-30,VNQ,0.0013546316736564,-0.0029632780526935,-0.0046829702416796,0.0534664862027584,-0.0043179097263499,-0.006037601915336,winsor_025
positive_beta_prior,2025-06-30,VNQI,-0.0022727694219576,-0.0239319852535548,-0.0130696241423144,0.0421856874717614,-0.0216592158315972,-0.0107968547203568,winsor_025
positive_beta_prior,2025-06-30,VEA,0.0037441223091348,-0.0176617557059024,-0.0036948921903332,0.0433428839725332,-0.0214058780150373,-0.0074390144994681,winsor_025
positive_beta_prior,2025-06-30,VWO,-0.0003407857045992,0.0029896583744599,-0.0061415497605046,0.0369423410645895,0.0033304440790592,-0.0058007640559053,winsor_025
positive_beta_prior,2025-06-30,VSS,0.0015140179528648,-0.0091207304372948,-0.005519858165469,0.0448022501955638,-0.0106347483901597,-0.0070338761183338,winsor_025
positive_beta_prior,2025-06-30,BND,-0.002946087753866,-0.0065046320441364,-0.004373365992699,0.0160426638172975,-0.0035585442902703,-0.0014272782388329,winsor_025
positive_beta_prior,2025-06-30,IEF,-0.00374357555125,-0.009774297118683,-0.005350878818147,0.0190525649853528,-0.0060307215674329,-0.001607303266897,winsor_025
positive_beta_prior,2025-06-30,BNDX,-0.002683896949562,-0.004987106570254,-0.0036081995183757,0.0139048362947988,-0.0023032096206919,-0.0009243025688137,winsor_025
positive_beta_prior,2025-06-30,LQD,-0.0027526165445376,-0.0047518785509506,-0.0054919720376337,0.0253035804354544,-0.0019992620064129,-0.002739355493096,winsor_025
positive_beta_prior,2025-06-30,HYG,0.0003421210937805,-0.0025055442563536,-0.0015242836175074,0.0198196899714142,-0.0028476653501342,-0.0018664047112879,winsor_025
positive_beta_prior,2025-06-30,EWX,0.0023956975282896,0.003689786989881,-0.0016871245917217,0.0354555846448582,0.0012940894615914,-0.0040828221200113,winsor_025
positive_beta_prior,2025-06-30,VWOB,-0.0012745926392981,0.0034483782635159,-0.0053898435908974,0.0271871669337306,0.0047229709028141,-0.0041152509515992,winsor_025
positive_beta_prior,2025-06-30,HYEM,-0.0007961967046601,0.0052854367518158,-0.0014151102709163,0.0220629483620383,0.0060816334564759,-0.0006189135662562,winsor_025
positive_beta_prior,2025-07-31,SPY,0.0083199983935457,0.017025959285678,0.0074759127023962,0.0480628177455858,0.0087059608921322,-0.0008440856911495,winsor_025
positive_beta_prior,2025-07-31,MGK,0.0110797528866735,0.0055066595365775,0.0112646952181266,0.0622674460991489,-0.005573093350096,0.000184942331453,winsor_025
positive_beta_prior,2025-07-31,VTV,0.005705571681402,0.0313645739398222,0.00374405039561,0.0395635745210641,0.0256590022584202,-0.001961521285792,winsor_025
positive_beta_prior,2025-07-31,IJR,0.0004177889950951,0.0667021428437213,-6.278357364982443e-05,0.0564466402726284,0.0662843538486261,-0.0004805725687449,winsor_025
positive_beta_prior,2025-07-31,IWM,-0.0002277168258351,0.0682571167801622,-0.0007180841071996,0.0587881820332368,0.0684848336059973,-0.0004903672813644,winsor_025
positive_beta_prior,2025-07-31,VNQ,0.0012715949481496,0.0312345064818484,-0.0015068075869116,0.0551624607978887,0.0299629115336987,-0.0027784025350613,winsor_025
positive_beta_prior,2025-07-31,VNQI,-0.0026892928033344,0.0380088596574765,-0.0087284039490373,0.0425011306871256,0.040698152460811,-0.0060391111457028,winsor_025
positive_beta_prior,2025-07-31,VEA,0.0033324708088456,0.0407153436721401,-0.0013732736838502,0.0441098587954056,0.0373828728632944,-0.0047057444926959,winsor_025
positive_beta_prior,2025-07-31,VWO,-0.0002767387030788,0.0311967061904492,-0.0039424354175157,0.0382074430830333,0.0314734448935281,-0.0036656967144368,winsor_025
positive_beta_prior,2025-07-31,VSS,0.0013095035607464,0.0457047656041542,-0.0035098157238984,0.0456376801624777,0.0443952620434078,-0.0048193192846449,winsor_025
positive_beta_prior,2025-07-31,BND,-0.0030145212979097,0.0080781208668851,-0.0040561693990377,0.0161791008471205,0.0110926421647949,-0.001041648101128,winsor_025
positive_beta_prior,2025-07-31,IEF,-0.0038595509660083,0.0130017961647479,-0.0052638403921495,0.0193006913710259,0.0168613471307563,-0.0014042894261411,winsor_025
positive_beta_prior,2025-07-31,BNDX,-0.0027281894422676,-0.0020673197758122,-0.0027892833645892,0.0141208223565441,0.0006608696664554,-6.109392232159141e-05,winsor_025
positive_beta_prior,2025-07-31,LQD,-0.0027910638908148,0.0069765482555901,-0.0047677098503502,0.0256352509423951,0.0097676121464049,-0.0019766459595353,winsor_025
positive_beta_prior,2025-07-31,HYG,0.0002873582985856,0.0075922786459434,-0.0007464686948764,0.0198976578262052,0.0073049203473577,-0.0010338269934621,winsor_025
positive_beta_prior,2025-07-31,EWX,0.0024205838640894,0.0594008932386154,0.0002051957585582,0.0364562163970343,0.0569803093745259,-0.0022153881055312,winsor_025
positive_beta_prior,2025-07-31,VWOB,-0.0011837662757825,0.0136544297892817,-0.0036465756251646,0.0277397931846126,0.0148381960650643,-0.002462809349382,winsor_025
positive_beta_prior,2025-07-31,HYEM,-0.0006792422151125,0.0155168572511257,-0.0013244767623138,0.0228234597130093,0.0161960994662382,-0.0006452345472012,winsor_025
positive_beta_prior,2025-08-29,SPY,0.0084842618066048,0.0320890639427771,0.0087596933021347,0.0455764272995271,0.0236048021361722,0.0002754314955298,winsor_025
positive_beta_prior,2025-08-29,MGK,0.0109746001819548,0.0453810247242796,0.0100481057141837,0.05783225099013,0.0344064245423248,-0.000926494467771,winsor_025
positive_beta_prior,2025-08-29,VTV,0.0061897037994854,0.0195297538109102,0.0084715969785615,0.0398263884855949,0.0133400500114248,0.0022818931790761,winsor_025
positive_beta_prior,2025-08-29,IJR,0.0016684371809183,0.0070308560499527,0.0035257863697677,0.0585147999528893,0.0053624188690344,0.0018573491888494,winsor_025
positive_beta_prior,2025-08-29,IWM,0.0010644498459761,0.0282728625985717,0.0024368609638566,0.0601618667985477,0.0272084127525956,0.0013724111178805,winsor_025
positive_beta_prior,2025-08-29,VNQ,0.0018369329016156,-0.0028355403267928,0.0068836604902628,0.0551260785434071,-0.0046724732284085,0.0050467275886471,winsor_025
positive_beta_prior,2025-08-29,VNQI,-0.0019214031342625,0.0101319171202247,0.0015398056688316,0.0418764422655131,0.0120533202544873,0.0034612088030942,winsor_025
positive_beta_prior,2025-08-29,VEA,0.0040378080326814,0.0220010681350943,0.0049358628080776,0.0404625210162227,0.0179632601024129,0.0008980547753962,winsor_025
positive_beta_prior,2025-08-29,VWO,0.0003170998798178,0.0532754265705348,0.0016787875556451,0.0343815622400754,0.0529583266907169,0.0013616876758272,winsor_025
positive_beta_prior,2025-08-29,VSS,0.0021471500143956,0.0181821933357375,0.0028231924956377,0.0415581698216813,0.0160350433213419,0.000676042481242,winsor_025
positive_beta_prior,2025-08-29,BND,-0.0028052261627249,0.0076051855556786,-0.0014679582765708,0.0162021196871157,0.0104104117184036,0.001337267886154,winsor_025
positive_beta_prior,2025-08-29,IEF,-0.0035414123408997,0.0030789765395491,-0.002450566019136,0.0195477002088143,0.0066203888804489,0.0010908463217637,winsor_025
positive_beta_prior,2025-08-29,BNDX,-0.0027157202032779,0.0018362952066057,-0.002104123757983,0.0136550786652394,0.0045520154098837,0.0006115964452949,winsor_025
positive_beta_prior,2025-08-29,LQD,-0.0026067693220147,0.0152984911219506,-0.0010080406117669,0.0252279172182837,0.0179052604439654,0.0015987287102477,winsor_025
positive_beta_prior,2025-08-29,HYG,0.0004251869843848,0.0054195303702104,0.0014217011532251,0.0193666602096473,0.0049943433858255,0.0009965141688402,winsor_025
positive_beta_prior,2025-08-29,EWX,0.0034956840409672,0.0093400133855503,0.0029794121721018,0.0332886447098349,0.005844329344583,-0.0005162718688654,winsor_025
positive_beta_prior,2025-08-29,VWOB,-0.0009038003122907,0.0113138771528753,0.0005986810049123,0.026334536041355,0.0122176774651661,0.0015024813172031,winsor_025
positive_beta_prior,2025-08-29,HYEM,-0.0003736554327306,-0.0033105505565566,0.0004958809159175,0.0216333872309696,-0.0029368951238259,0.0008695363486482,winsor_025
positive_beta_prior,2025-09-30,SPY,0.0089213877720895,0.0202837589443236,0.007650259531537,0.0455778894598422,0.0113623711722341,-0.0012711282405524,winsor_025
positive_beta_prior,2025-09-30,MGK,0.0116117561919978,0.0418461666639868,0.0084895379084676,0.0555036361787065,0.030234410471989,-0.0031222182835302,winsor_025
positive_beta_prior,2025-09-30,VTV,0.0064367417626599,-0.0073717392118964,0.0074698966162862,0.0411185405788247,-0.0138084809745564,0.0010331548536262,winsor_025
positive_beta_prior,2025-09-30,IJR,0.0017677412340485,-0.0121085907211145,0.0088016697569449,0.0613824939178909,-0.0138763319551631,0.0070339285228963,winsor_025
positive_beta_prior,2025-09-30,IWM,0.0015683093413945,0.0141154530408362,0.0072975733459558,0.0633665160815182,0.0125471436994417,0.0057292640045612,winsor_025
positive_beta_prior,2025-09-30,VNQ,0.0017504056196081,-0.0278880557657404,0.0009516615300148,0.0542520972671414,-0.0296384613853486,-0.0007987440895932,winsor_025
positive_beta_prior,2025-09-30,VNQI,-0.0016981934999202,-0.0159953036036712,-0.0024792997014211,0.0458680463950945,-0.014297110103751,-0.0007811062015009,winsor_025
positive_beta_prior,2025-09-30,VEA,0.0043704609975409,0.014158067636574,0.0041574966556045,0.0450083233480837,0.009787606639033,-0.0002129643419363,winsor_025
positive_beta_prior,2025-09-30,VWO,0.0012978096333496,0.0110595842980614,0.0015594117789889,0.0393729482105973,0.0097617746647117,0.0002616021456392,winsor_025
positive_beta_prior,2025-09-30,VSS,0.0024440952610871,-0.0047990807603671,0.0037235867912312,0.0458154564687029,-0.0072431760214543,0.001279491530144,winsor_025
positive_beta_prior,2025-09-30,BND,-0.0026124407605322,0.0025377973254179,-0.002537543819658,0.0157613285187292,0.0051502380859501,7.489694087419764e-05,winsor_025
positive_beta_prior,2025-09-30,IEF,-0.0034188125468173,0.0036171952388968,-0.0036431427219192,0.0187728145568946,0.0070360077857141,-0.0002243301751018,winsor_025
positive_beta_prior,2025-09-30,BNDX,-0.0026314236216134,0.0065236646751984,-0.0034685081687487,0.0133115195236191,0.0091550882968119,-0.0008370845471353,winsor_025
positive_beta_prior,2025-09-30,LQD,-0.0022751904249042,-0.0019813075408361,-0.0024464101611382,0.025046510458554,0.0002938828840681,-0.0001712197362339,winsor_025
positive_beta_prior,2025-09-30,HYG,0.0005176748248631,-0.003581832310472,6.074962332725344e-06,0.0192649491257988,-0.0040995071353351,-0.0005115998625304,winsor_025
positive_beta_prior,2025-09-30,EWX,0.0036039123621632,-0.0039150978773194,0.0021076234996546,0.0366947143539449,-0.0075190102394827,-0.0014962888625086,winsor_025
positive_beta_prior,2025-09-30,VWOB,-0.0006775470258987,0.0176911502403582,-0.0011321909279248,0.0266658774253184,0.018368697266257,-0.000454643902026,winsor_025
positive_beta_prior,2025-09-30,HYEM,-0.0004280423794682,0.0002766020361419,-0.0012829244299478,0.0221901587893408,0.0007046444156102,-0.0008548820504796,winsor_025
positive_beta_prior,2025-10-31,SPY,0.0091279763388574,-0.0010396177296814,0.0151852367925699,0.0425928910733979,-0.0101675940685388,0.0060572604537124,winsor_025
positive_beta_prior,2025-10-31,MGK,0.012161472746034,-0.0181741223225869,0.0110856083698627,0.053712268360807,-0.0303355950686209,-0.0010758643761712,winsor_025
positive_beta_prior,2025-10-31,VTV,0.0061856784722134,0.0223495818066563,0.0182979847992155,0.0341761713914731,0.0161639033344428,0.0121123063270021,winsor_025
positive_beta_prior,2025-10-31,IJR,0.0015154442894092,0.0229995468309018,0.0298170516034181,0.0495351237874583,0.0214841025414926,0.0283016073140088,winsor_025
positive_beta_prior,2025-10-31,IWM,0.0017964392268389,0.0072199334272649,0.0306965137545027,0.0519379888140061,0.0054234942004259,0.0289000745276637,winsor_025
positive_beta_prior,2025-10-31,VNQ,0.0012115245035108,0.0211645505455555,0.0161654578662775,0.0494010604922227,0.0199530260420446,0.0149539333627666,winsor_025
positive_beta_prior,2025-10-31,VNQI,-0.001958140956352,0.0113982763168327,0.0131828042144371,0.0386345359776467,0.0133564172731848,0.0151409451707892,winsor_025
positive_beta_prior,2025-10-31,VEA,0.0045484174818869,0.0066625775081052,0.014955105830971,0.0397697247908952,0.0021141600262183,0.010406688349084,winsor_025
positive_beta_prior,2025-10-31,VWO,0.0014752964454353,-0.0151359817643855,0.0120332250698493,0.0346315184257835,-0.0166112782098209,0.0105579286244139,winsor_025
positive_beta_prior,2025-10-31,VSS,0.0023124011516061,0.0068209557635765,0.0147524345075857,0.0405805186922772,0.0045085546119703,0.0124400333559796,winsor_025
positive_beta_prior,2025-10-31,BND,-0.0025188000680604,0.0029711414388193,0.0021024713352632,0.015592149330879,0.0054899415068798,0.0046212714033237,winsor_025
positive_beta_prior,2025-10-31,IEF,-0.0032908851325316,0.0068680130332163,0.0016884256250247,0.0188279154852538,0.010158898165748,0.0049793107575563,winsor_025
positive_beta_prior,2025-10-31,BNDX,-0.0024649674707623,-0.0048076597808113,-0.0007474262914515,0.0132634453469838,-0.002342692310049,0.0017175411793108,winsor_025
positive_beta_prior,2025-10-31,LQD,-0.0022698470997394,0.0063000967940947,0.0042510504531627,0.0238497437909117,0.0085699438938341,0.0065208975529021,winsor_025
positive_beta_prior,2025-10-31,HYG,0.0004431383314934,0.0044576417220114,0.0041418457253518,0.0177215940018716,0.004014503390518,0.0036987073938584,winsor_025
positive_beta_prior,2025-10-31,EWX,0.0034672030850817,-0.0161766681916669,0.0181512082635398,0.0326922357840134,-0.0196438712767487,0.014684005178458,winsor_025
positive_beta_prior,2025-10-31,VWOB,-0.0003435707119668,0.000654575891007,0.0062218584001027,0.0250032783340136,0.0009981466029738,0.0065654291120696,winsor_025
positive_beta_prior,2025-10-31,HYEM,-0.0004152306628207,-0.0021992661278306,0.00679575827249,0.0208150605221605,-0.0017840354650098,0.0072109889353108,winsor_025
positive_beta_prior,2025-11-28,SPY,0.0089464121590621,-0.0024606389596457,0.0094088363327835,0.0462491514348612,-0.0114070511187078,0.0004624241737214,winsor_025
positive_beta_prior,2025-11-28,MGK,0.0116197656912372,-0.0060146563156944,0.0106415706118845,0.0602622183382732,-0.0176344220069316,-0.0009781950793526,winsor_025
positive_beta_prior,2025-11-28,VTV,0.0064743196031856,0.0045910056300981,0.0095121012600684,0.0389055221711338,-0.0018833139730874,0.0030377816568827,winsor_025
positive_beta_prior,2025-11-28,IJR,0.0018990889776501,-0.0043423583691276,0.0096814374404141,0.0561487273799384,-0.0062414473467778,0.0077823484627639,winsor_025
positive_beta_prior,2025-11-28,IWM,0.0018932873375608,-0.0103259896938455,0.0077441694248656,0.0591611056855942,-0.0122192770314063,0.0058508820873048,winsor_025
positive_beta_prior,2025-11-28,VNQ,0.0015678285399759,-0.0255453755984175,0.0054108732608092,0.0533532187959725,-0.0271132041383934,0.0038430447208333,winsor_025
positive_beta_prior,2025-11-28,VNQI,-0.0017196335050451,0.0008944661826628,-0.0015218893565529,0.042327062209207,0.002614099687708,0.0001977441484922,winsor_025
positive_beta_prior,2025-11-28,VEA,0.004586170339498,0.0284246279924806,0.0044863964062846,0.0427168952974279,0.0238384576529826,-9.977393321332612e-05,winsor_025
positive_beta_prior,2025-11-28,VWO,0.0011786664774028,0.0062317985980677,-6.157783190019386e-05,0.0378038761246422,0.0050531321206649,-0.001240244309303,winsor_025
positive_beta_prior,2025-11-28,VSS,0.0023929110553913,0.0174564854798322,0.0014459277355294,0.0441766838681745,0.0150635744244409,-0.0009469833198618,winsor_025
positive_beta_prior,2025-11-28,BND,-0.0024207653982947,-0.0062472826781498,-0.0013486550276125,0.0164224890445971,-0.0038265172798551,0.0010721103706822,winsor_025
positive_beta_prior,2025-11-28,IEF,-0.0031094762367147,-0.0108425232716582,-0.0021276989267777,0.0196570561736381,-0.0077330470349435,0.0009817773099369,winsor_025
positive_beta_prior,2025-11-28,BNDX,-0.0025068012620131,-0.0084304323444134,-0.0020656177778868,0.0140865073877303,-0.0059236310824002,0.0004411834841263,winsor_025
positive_beta_prior,2025-11-28,LQD,-0.0021168123873495,-0.0106061840408282,-0.0010750748364925,0.0255912858731785,-0.0084893716534787,0.0010417375508569,winsor_025
positive_beta_prior,2025-11-28,HYG,0.0005148258920383,0.0016540803164204,0.0015615771471226,0.0195353715933743,0.001139254424382,0.0010467512550842,winsor_025
positive_beta_prior,2025-11-28,EWX,0.0031164196694255,0.0055263019361311,0.0020877655896925,0.0362831932629129,0.0024098822667055,-0.001028654079733,winsor_025
positive_beta_prior,2025-11-28,VWOB,-0.0003257466654851,-0.0012631324755422,3.516998917380324e-05,0.0269207939328824,-0.000937385810057,0.0003609166546589,winsor_025
positive_beta_prior,2025-11-28,HYEM,-0.0004470884389816,0.0064562169308348,-0.0002535453082328,0.0219225494418917,0.0069033053698165,0.0001935431307487,winsor_025
positive_beta_prior,2025-12-31,SPY,0.0087462884552251,0.0115940664753813,0.0092684413236499,0.0439599123890448,0.0028477780201561,0.0005221528684248,winsor_025
positive_beta_prior,2025-12-31,MGK,0.0113103898665542,-0.0198108818992341,0.0094068012922474,0.0573144719417547,-0.0311212717657883,-0.0019035885743067,winsor_025
positive_beta_prior,2025-12-31,VTV,0.0064412790071665,0.0426261511032699,0.0089524971265139,0.0368532752427594,0.0361848720961033,0.0025112181193473,winsor_025
positive_beta_prior,2025-12-31,IJR,0.0017895899013909,0.0537232784473984,0.0084894016257093,0.0541855877293867,0.0519336885460075,0.0066998117243184,winsor_025
positive_beta_prior,2025-12-31,IWM,0.001678914056308,0.0515339202933218,0.0080441630692,0.0570175413557662,0.0498550062370137,0.0063652490128919,winsor_025
positive_beta_prior,2025-12-31,VNQ,0.0010921582919339,0.0229258613639709,0.001332613942278,0.0510564466936907,0.0218337030720369,0.000240455650344,winsor_025
positive_beta_prior,2025-12-31,VNQI,-0.0016737721070152,0.0425715518100049,0.0008702336124741,0.0382370591660057,0.0442453239170201,0.0025440057194893,winsor_025
positive_beta_prior,2025-12-31,VEA,0.0050043888948135,0.0564256134799427,0.0089894368963206,0.0392169028625953,0.0514212245851292,0.0039850480015071,winsor_025
positive_beta_prior,2025-12-31,VWO,0.0012673179181162,0.0471551046027993,0.0015260024876276,0.0344655389859828,0.0458877866846831,0.0002586845695113,winsor_025
positive_beta_prior,2025-12-31,VSS,0.0026571842909078,0.0606820046858356,0.0058095063959438,0.0407416796015227,0.0580248203949277,0.003152322105036,winsor_025
positive_beta_prior,2025-12-31,BND,-0.0024878972803974,-0.0009446630105405,-0.0020026761748966,0.0150424458027092,0.0015432342698569,0.0004852211055008,winsor_025
positive_beta_prior,2025-12-31,IEF,-0.0032451437285558,-0.0053789314399729,-0.0030259294137665,0.0178046850429039,-0.002133787711417,0.0002192143147893,winsor_025
positive_beta_prior,2025-12-31,BNDX,-0.002610724614336,0.0020598206705835,-0.0029390190446514,0.0131412263495555,0.0046705452849195,-0.0003282944303154,winsor_025
positive_beta_prior,2025-12-31,LQD,-0.0022657487321473,0.0003398451129934,-0.00190915505103,0.0236828742869791,0.0026055938451408,0.0003565936811173,winsor_025
positive_beta_prior,2025-12-31,HYG,0.0005348128117643,0.0029604455586125,0.0018687312131559,0.0178838539445281,0.0024256327468481,0.0013339184013915,winsor_025
positive_beta_prior,2025-12-31,EWX,0.0031586983056835,0.0271157092815286,0.0021401498499551,0.0348623988626043,0.023957010975845,-0.0010185484557283,winsor_025
positive_beta_prior,2025-12-31,VWOB,-0.0003421920305738,0.0003023714262653,0.0003605419559863,0.0251521239219641,0.0006445634568392,0.0007027339865602,winsor_025
positive_beta_prior,2025-12-31,HYEM,-0.0003259778184585,0.0119382518397177,0.001053297973349,0.0203215243656754,0.0122642296581762,0.0013792757918076,winsor_025
positive_beta_prior,2026-01-30,SPY,0.0087953880762623,-0.0114630644597552,0.0128314609336731,0.0426236446530721,-0.0202584525360175,0.0040360728574108,winsor_025
positive_beta_prior,2026-01-30,MGK,0.0107738162154199,-0.0492820819779102,0.0156966694810866,0.0550503135271191,-0.0600558981933302,0.0049228532656666,winsor_025
positive_beta_prior,2026-01-30,VTV,0.0070651561122718,0.0346442538389795,0.0103122243736814,0.0377065831222083,0.0275790977267076,0.0032470682614096,winsor_025
positive_beta_prior,2026-01-30,IJR,0.0026849983245979,0.0181130756129497,0.0031883110549277,0.0534254263836703,0.0154280772883517,0.0005033127303297,winsor_025
positive_beta_prior,2026-01-30,IWM,0.00253848312936,0.0039134466545009,0.0029332046945167,0.0552095817227281,0.0013749635251409,0.0003947215651567,winsor_025
positive_beta_prior,2026-01-30,VNQ,0.0014686014483483,0.0508556714731549,0.0035074573861474,0.0518992809974461,0.0493870700248065,0.002038855937799,winsor_025
positive_beta_prior,2026-01-30,VNQI,-0.0009109216946528,0.0547704385842853,0.0041296470361198,0.0418151195743951,0.0556813602789381,0.0050405687307726,winsor_025
positive_beta_prior,2026-01-30,VEA,0.0058909617324881,0.0580079056587081,0.0117238160055753,0.0416698167396062,0.05211694392622,0.0058328542730871,winsor_025
positive_beta_prior,2026-01-30,VWO,0.002058486654059,0.0259369887540072,0.0085623990729204,0.035338157266234,0.0238785020999482,0.0065039124188614,winsor_025
positive_beta_prior,2026-01-30,VSS,0.0036576122287514,0.0465216257603791,0.0081173975605378,0.0424897122281421,0.0428640135316276,0.0044597853317863,winsor_025
positive_beta_prior,2026-01-30,BND,-0.0024612897929861,0.0131255380322345,-0.0008526239229752,0.0156444861833274,0.0155868278252207,0.0016086658700109,winsor_025
positive_beta_prior,2026-01-30,IEF,-0.0032819331718561,0.0217838900198361,-0.002335713427323,0.018826809690884,0.0250658231916923,0.0009462197445331,winsor_025
positive_beta_prior,2026-01-30,BNDX,-0.0025301979714925,0.0124229819358545,-0.0013816321189185,0.0132746979545582,0.0149531799073471,0.001148565852574,winsor_025
positive_beta_prior,2026-01-30,LQD,-0.0022208247003346,0.0108946807193086,-0.0001527889523583,0.0242880515993292,0.0131155054196432,0.0020680357479762,winsor_025
positive_beta_prior,2026-01-30,HYG,0.0005766340660203,-0.0028581418854923,0.0019477054428071,0.0183067438112542,-0.0034347759515127,0.0013710713767867,winsor_025
positive_beta_prior,2026-01-30,EWX,0.0035717502190601,0.0325300786320017,0.0039917323664135,0.0332439695029105,0.0289583284129415,0.0004199821473533,winsor_025
positive_beta_prior,2026-01-30,VWOB,-0.0003310788675249,0.0124108300189706,0.0018356071012552,0.0254018682120279,0.0127419088864956,0.0021666859687802,winsor_025
positive_beta_prior,2026-01-30,HYEM,-0.0001145255829727,0.006343486373523,0.0002986716412936,0.0205128522417964,0.0064580119564957,0.0004131972242663,winsor_025
positive_beta_prior,2026-02-27,SPY,0.0084520244739569,-0.0523648142565935,0.005085544700909,0.0430786920521619,-0.0608168387305504,-0.0033664797730479,winsor_025
positive_beta_prior,2026-02-27,MGK,0.0097559196358719,-0.0525666680444184,0.0064052774789182,0.0565323394368912,-0.0623225876802904,-0.0033506421569536,winsor_025
positive_beta_prior,2026-02-27,VTV,0.0075325984466227,-0.0511191666684417,0.0028277258429114,0.0371498710257628,-0.0586517651150645,-0.0047048726037113,winsor_025
positive_beta_prior,2026-02-27,IJR,0.0029464911599937,-0.0430573291552121,-0.0008396828824451,0.0555228574455389,-0.0460038203152058,-0.0037861740424389,winsor_025
positive_beta_prior,2026-02-27,IWM,0.0025617875958878,-0.0525957233930652,-0.0006366850071653,0.0584830362230538,-0.0551575109889531,-0.0031984726030532,winsor_025
positive_beta_prior,2026-02-27,VNQ,0.0023056704318196,-0.066081450572396,-0.0053051260040855,0.0517169888441901,-0.0683871210042156,-0.0076107964359052,winsor_025
positive_beta_prior,2026-02-27,VNQI,3.283017448173479e-05,-0.1261996923521307,-0.0073588290841831,0.0389471455868313,-0.1262325225266124,-0.0073916592586648,winsor_025
positive_beta_prior,2026-02-27,VEA,0.0067742997651359,-0.0890166153043781,0.0024788115811625,0.0397897216790726,-0.095790915069514,-0.0042954881839734,winsor_025
positive_beta_prior,2026-02-27,VWO,0.0024632070286344,-0.0726288216194275,0.000276508016745,0.03450335490276,-0.0750920286480619,-0.0021866990118893,winsor_025
positive_beta_prior,2026-02-27,VSS,0.0043841209326773,-0.0919577577615242,0.0011747222749665,0.0409234936533347,-0.0963418786942015,-0.0032093986577107,winsor_025
positive_beta_prior,2026-02-27,BND,-0.0021971062705247,-0.0204592733886768,-0.0029272475010451,0.0149680120335513,-0.018262167118152,-0.0007301412305203,winsor_025
positive_beta_prior,2026-02-27,IEF,-0.00285708871098,-0.0262694619592757,-0.0038576490290354,0.0178659231106899,-0.0234123732482957,-0.0010005603180554,winsor_025
positive_beta_prior,2026-02-27,BNDX,-0.0022767542442493,-0.024458123499453,-0.0031744954594929,0.012960976566788,-0.0221813692552036,-0.0008977412152435,winsor_025
positive_beta_prior,2026-02-27,LQD,-0.0019985279983067,-0.0238035707181543,-0.0037541253180292,0.0231104941763095,-0.0218050427198475,-0.0017555973197224,winsor_025
positive_beta_prior,2026-02-27,HYG,0.0005184175244693,-0.0126465565225654,-0.001619082855503,0.0179789588759823,-0.0131649740470347,-0.0021375003799723,winsor_025
positive_beta_prior,2026-02-27,EWX,0.0040625693447032,-0.0590669405613026,0.0026042773724039,0.0331889554116973,-0.0631295099060059,-0.0014582919722993,winsor_025
positive_beta_prior,2026-02-27,VWOB,-0.0001151143101267,-0.0374288638870431,-0.0023335202418236,0.0246612037955295,-0.0373137495769164,-0.0022184059316969,winsor_025
positive_beta_prior,2026-02-27,HYEM,-5.067753201633674e-06,-0.0244026515193842,-0.0014446142588178,0.0200097043461792,-0.0243975837661826,-0.0014395465056161,winsor_025
positive_beta_prior,2026-03-31,SPY,0.0074384104951144,0.1015846905734372,0.013539339486429,0.0408702825495303,0.0941462800783228,0.0061009289913146,winsor_025
positive_beta_prior,2026-03-31,MGK,0.0087172098412004,0.1394565874772655,0.0158033954456414,0.0531655866293587,0.130739377636065,0.0070861856044409,winsor_025
positive_beta_prior,2026-03-31,VTV,0.0065550690280383,0.0506170669983208,0.0095712100455831,0.0367950918541568,0.0440619979702824,0.0030161410175447,winsor_025
positive_beta_prior,2026-03-31,IJR,0.0021797608214069,0.0994268413072834,0.0080605062620294,0.0540802282453681,0.0972470804858764,0.0058807454406224,winsor_025
positive_beta_prior,2026-03-31,IWM,0.0016424957460719,0.1173292485959169,0.0088845016285738,0.0569375748636585,0.115686752849845,0.0072420058825019,winsor_025
positive_beta_prior,2026-03-31,VNQ,0.0011658850817494,0.082612115677813,0.0056003946758045,0.0515725072946628,0.0814462305960635,0.0044345095940551,winsor_025
positive_beta_prior,2026-03-31,VNQI,-0.0020710452009618,0.0592075993848801,0.0063693505135811,0.0442558979872842,0.0612786445858419,0.0084403957145429,winsor_025
positive_beta_prior,2026-03-31,VEA,0.0051777845139773,0.0702885057699342,0.0137339790520688,0.0428310472007359,0.0651107212559569,0.0085561945380915,winsor_025
positive_beta_prior,2026-03-31,VWO,0.0012116732178334,0.0868651678048433,0.0058567258698975,0.0380832344463858,0.0856534945870099,0.0046450526520641,winsor_025
positive_beta_prior,2026-03-31,VSS,0.0027784229544406,0.0809649015267945,0.0112707273882978,0.0435244696980802,0.0781864785723539,0.0084923044338572,winsor_025
positive_beta_prior,2026-03-31,BND,-0.0025014757224939,-0.0016440841907844,0.0002868235857564,0.0152267565327683,0.0008573915317095,0.0027882993082504,winsor_025
positive_beta_prior,2026-03-31,IEF,-0.0032472949317849,-0.0046369004243811,-0.0002475713565292,0.0183423959386338,-0.0013896054925962,0.0029997235752556,winsor_025
positive_beta_prior,2026-03-31,BNDX,-0.0026464437318361,-0.0008092670395931,0.0007421690581253,0.0129927137594152,0.0018371766922429,0.0033886127899615,winsor_025
positive_beta_prior,2026-03-31,LQD,-0.0023619453769708,-0.000328023870708,0.0016501051778511,0.0230202327095659,0.0020339215062628,0.004012050554822,winsor_025
positive_beta_prior,2026-03-31,HYG,0.000299001290352,0.0120206202804744,0.0031820965641947,0.0170482587307106,0.0117216189901223,0.0028830952738426,winsor_025
positive_beta_prior,2026-03-31,EWX,0.0030104108462698,0.1057143359139183,0.006621579805874,0.0345376176122365,0.1027039250676485,0.0036111689596042,winsor_025
positive_beta_prior,2026-03-31,VWOB,-0.0007370101364086,0.0207915423172506,0.0031323653830477,0.02519640955871,0.0215285524536593,0.0038693755194564,winsor_025
positive_beta_prior,2026-03-31,HYEM,-0.0004116941493046,0.0222788946584122,0.0004396251386475,0.021058522189683,0.0226905888077169,0.0008513192879522,winsor_025
positive_beta_prior,2026-04-30,SPY,0.0089817921357426,0.0494836649639931,0.0044995730059556,0.0448357426651269,0.0405018728282504,-0.004482219129787,winsor_025
positive_beta_prior,2026-04-30,MGK,0.0108604783270375,0.0833042557485763,0.0085332781760298,0.0560141665823325,0.0724437774215387,-0.0023272001510077,winsor_025
positive_beta_prior,2026-04-30,VTV,0.0072773968636167,0.0214606790469988,0.0013669782682554,0.0413760713413285,0.0141832821833821,-0.0059104185953613,winsor_025
positive_beta_prior,2026-04-30,IJR,0.0037739752556016,0.0083595922724504,-0.005801588246186,0.0612786861077205,0.0045856170168487,-0.0095755635017877,winsor_025
positive_beta_prior,2026-04-30,IWM,0.0035389998911513,0.0417061680739143,-0.005837321786825,0.0636774678318337,0.0381671681827629,-0.0093763216779764,winsor_025
positive_beta_prior,2026-04-30,VNQ,0.0025010691898816,-0.0095055277703509,0.001449528839386,0.0552164086991675,-0.0120065969602325,-0.0010515403504955,winsor_025
positive_beta_prior,2026-04-30,VNQI,-0.0010664772569316,-0.028738940962082,-0.0040407595068145,0.0446017331738589,-0.0276724637051504,-0.0029742822498829,winsor_025
positive_beta_prior,2026-04-30,VEA,0.0062451733870258,0.0400546719277523,0.0016554452962595,0.0444341955573628,0.0338094985407265,-0.0045897280907662,winsor_025
positive_beta_prior,2026-04-30,VWO,0.0026158288668008,0.0130877333011347,-0.0003207975320642,0.0381035593410102,0.0104719044343339,-0.002936626398865,winsor_025
positive_beta_prior,2026-04-30,VSS,0.004060168504807,0.0153673341636833,-0.0003099106902382,0.0453714979703895,0.0113071656588762,-0.0043700791950453,winsor_025
positive_beta_prior,2026-04-30,BND,-0.0024874201236134,-0.0002358897922636,-0.0018367417484002,0.0149432890248507,0.0022515303313498,0.0006506783752132,winsor_025
positive_beta_prior,2026-04-30,IEF,-0.0032700753496963,-0.0031745273257528,-0.0021634318829262,0.0182713376864334,9.55480239434982e-05,0.0011066434667701,winsor_025
positive_beta_prior,2026-04-30,BNDX,-0.0026163260811436,0.0051888403937632,-0.0026113668469014,0.0130819576080111,0.0078051664749068,4.959234242175696e-06,winsor_025
positive_beta_prior,2026-04-30,LQD,-0.0023286024014583,0.005612799118414,-0.0022009318697319,0.0224493388094508,0.0079414015198724,0.0001276705317264,winsor_025
positive_beta_prior,2026-04-30,HYG,0.0004911589787147,0.0013666068307942,-0.0010994110372119,0.0181182060186415,0.0008754478520795,-0.0015905700159266,winsor_025
positive_beta_prior,2026-04-30,EWX,0.0046940817490181,0.0183583650298098,0.0026603026249967,0.0374240670404091,0.0136642832807916,-0.0020337791240214,winsor_025
positive_beta_prior,2026-04-30,VWOB,-0.0003840830470043,0.0065642910118675,-0.0020708593015563,0.0247564620526826,0.0069483740588719,-0.0016867762545519,winsor_025
positive_beta_prior,2026-04-30,HYEM,-3.971728360439966e-05,0.0065872922444725,-0.0019821417669411,0.0208274072387273,0.0066270095280769,-0.0019424244833367,winsor_025
