variant,date,window_index,time_mode,scale_structure,diagnostic,module_path,module_type,mean,min,max
positive_beta_prior__component_scales_lengthscale_only,2025-05-30,0,lengthscale_only,component_scales,time_varying_effective_lengthscale_train,covar_module.kernels.0,_Module,0.011465899963812372,0.002875677438657836,0.029152447713386796
positive_beta_prior__component_scales_lengthscale_only,2025-05-30,0,lengthscale_only,component_scales,time_varying_effective_lengthscale_eval,covar_module.kernels.0,_Module,0.0027423513386904135,0.0027423513386904135,0.0027423513386904135
positive_beta_prior__component_scales_lengthscale_only,2025-05-30,0,lengthscale_only,component_scales,outputscale,covar_module.kernels.0.base_kernel.kernels.0,MaternKernel,0.4320284774651346,0.4320284774651346,0.4320284774651346
positive_beta_prior__component_scales_lengthscale_only,2025-05-30,0,lengthscale_only,component_scales,lengthscale,covar_module.kernels.0.base_kernel.kernels.0.base_kernel,MaternKernel,0.13597035213388944,0.13597035213388944,0.13597035213388944
positive_beta_prior__component_scales_lengthscale_only,2025-05-30,0,lengthscale_only,component_scales,outputscale,covar_module.kernels.0.base_kernel.kernels.1,MaternKernel,0.0020715518576777266,0.0020715518576777266,0.0020715518576777266
positive_beta_prior__component_scales_lengthscale_only,2025-05-30,0,lengthscale_only,component_scales,lengthscale,covar_module.kernels.0.base_kernel.kernels.1.base_kernel,MaternKernel,0.9195164253759626,0.37440059975575607,1.7768541508268267
positive_beta_prior__component_scales_lengthscale_only,2025-05-30,0,lengthscale_only,component_scales,outputscale,covar_module.kernels.0.base_kernel.kernels.2,MaternKernel,0.12518058145808977,0.12518058145808977,0.12518058145808977
positive_beta_prior__component_scales_lengthscale_only,2025-05-30,0,lengthscale_only,component_scales,lengthscale,covar_module.kernels.0.base_kernel.kernels.2.base_kernel,MaternKernel,0.5996394857141252,0.1417521105171456,0.9996094746614259
positive_beta_prior__component_scales_lengthscale_only,2025-05-30,0,lengthscale_only,component_scales,outputscale,covar_module.kernels.0.base_kernel.kernels.3,RQKernel,0.008860787117691178,0.008860787117691178,0.008860787117691178
positive_beta_prior__component_scales_lengthscale_only,2025-05-30,0,lengthscale_only,component_scales,lengthscale,covar_module.kernels.0.base_kernel.kernels.3.base_kernel,RQKernel,0.7649544642508628,0.5382985608795136,0.9343613385305856
positive_beta_prior__component_scales_lengthscale_only,2025-05-30,0,lengthscale_only,component_scales,outputscale,covar_module.kernels.0.base_kernel.kernels.4,LinearKernel,0.023776439770992048,0.023776439770992048,0.023776439770992048
positive_beta_prior__component_scales_lengthscale_only,2025-05-30,0,lengthscale_only,component_scales,outputscale,covar_module.kernels.0.base_kernel.kernels.5,ProductKernel,0.03398470515123065,0.03398470515123065,0.03398470515123065
positive_beta_prior__component_scales_lengthscale_only,2025-05-30,0,lengthscale_only,component_scales,lengthscale,covar_module.kernels.0.base_kernel.kernels.5.base_kernel.kernels.0,MaternKernel,0.05045950673123277,0.05045950673123277,0.05045950673123277
positive_beta_prior__component_scales_lengthscale_only,2025-05-30,0,lengthscale_only,component_scales,lengthscale,covar_module.kernels.0.base_kernel.kernels.5.base_kernel.kernels.1,MaternKernel,1.0427525753157594,0.4203952468235361,2.480703052448506
positive_beta_prior__component_scales_lengthscale_only,2025-05-30,0,lengthscale_only,component_scales,outputscale,covar_module.kernels.0.base_kernel.kernels.6,ProductKernel,0.15105327229754129,0.15105327229754129,0.15105327229754129
positive_beta_prior__component_scales_lengthscale_only,2025-05-30,0,lengthscale_only,component_scales,lengthscale,covar_module.kernels.0.base_kernel.kernels.6.base_kernel.kernels.0,MaternKernel,0.14038935066690936,0.14038935066690936,0.14038935066690936
positive_beta_prior__component_scales_lengthscale_only,2025-05-30,0,lengthscale_only,component_scales,lengthscale,covar_module.kernels.0.base_kernel.kernels.6.base_kernel.kernels.1.kernels.0,MaternKernel,0.7883204012615246,0.7362959381362923,0.827420269824064
positive_beta_prior__component_scales_lengthscale_only,2025-05-30,0,lengthscale_only,component_scales,lengthscale,covar_module.kernels.0.base_kernel.kernels.6.base_kernel.kernels.1.kernels.1,RQKernel,0.7956643585667481,0.7409068900177749,0.8300573537173981
positive_beta_prior__component_scales_lengthscale_only,2025-05-30,0,lengthscale_only,component_scales,outputscale,covar_module.kernels.0.base_kernel.kernels.7,ProductKernel,0.005580450817801505,0.005580450817801505,0.005580450817801505
positive_beta_prior__component_scales_lengthscale_only,2025-05-30,0,lengthscale_only,component_scales,lengthscale,covar_module.kernels.0.base_kernel.kernels.7.base_kernel.kernels.0.kernels.0,MaternKernel,0.768324451994151,0.708496477495391,0.8436250081477648
positive_beta_prior__component_scales_lengthscale_only,2025-05-30,0,lengthscale_only,component_scales,lengthscale,covar_module.kernels.0.base_kernel.kernels.7.base_kernel.kernels.0.kernels.1,RQKernel,0.7632910654485667,0.6867816811590759,0.850594956025585
positive_beta_prior__component_scales_lengthscale_only,2025-05-30,0,lengthscale_only,component_scales,lengthscale,covar_module.kernels.0.base_kernel.kernels.7.base_kernel.kernels.1,MaternKernel,1.117652097664889,0.3712379215931781,2.760486336172724
positive_beta_prior__component_scales_lengthscale_only,2025-05-30,0,lengthscale_only,component_scales,likelihood_noise,likelihood,HadamardGaussianLikelihood,0.006541722816491275,0.005591288119825479,0.007194856779303761
positive_beta_prior__component_scales_lengthscale_only,2025-05-30,0,lengthscale_only,component_scales,mean_constant,mean_module.base_means.0.raw_constant,Parameter,-0.017169113006833145,-0.017169113006833145,-0.017169113006833145
positive_beta_prior__component_scales_lengthscale_only,2025-05-30,0,lengthscale_only,component_scales,mean_constant,mean_module.base_means.1.raw_constant,Parameter,-0.05695199787346084,-0.05695199787346084,-0.05695199787346084
positive_beta_prior__component_scales_lengthscale_only,2025-05-30,0,lengthscale_only,component_scales,mean_constant,mean_module.base_means.2.raw_constant,Parameter,0.04635047399593775,0.04635047399593775,0.04635047399593775
positive_beta_prior__component_scales_lengthscale_only,2025-05-30,0,lengthscale_only,component_scales,mean_constant,mean_module.base_means.3.raw_constant,Parameter,0.010258752939477271,0.010258752939477271,0.010258752939477271
positive_beta_prior__component_scales_lengthscale_only,2025-05-30,0,lengthscale_only,component_scales,mean_constant,mean_module.base_means.4.raw_constant,Parameter,-0.0027077592688695925,-0.0027077592688695925,-0.0027077592688695925
positive_beta_prior__component_scales_lengthscale_only,2025-05-30,0,lengthscale_only,component_scales,mean_constant,mean_module.base_means.5.raw_constant,Parameter,0.006587444024707347,0.006587444024707347,0.006587444024707347
positive_beta_prior__component_scales_lengthscale_only,2025-05-30,0,lengthscale_only,component_scales,mean_constant,mean_module.base_means.6.raw_constant,Parameter,0.004258869884429797,0.004258869884429797,0.004258869884429797
positive_beta_prior__component_scales_lengthscale_only,2025-05-30,0,lengthscale_only,component_scales,mean_constant,mean_module.base_means.7.raw_constant,Parameter,0.00851707091475915,0.00851707091475915,0.00851707091475915
positive_beta_prior__component_scales_lengthscale_only,2025-05-30,0,lengthscale_only,component_scales,mean_constant,mean_module.base_means.8.raw_constant,Parameter,0.01563329829043007,0.01563329829043007,0.01563329829043007
positive_beta_prior__component_scales_lengthscale_only,2025-05-30,0,lengthscale_only,component_scales,mean_constant,mean_module.base_means.9.raw_constant,Parameter,-0.009214318639844595,-0.009214318639844595,-0.009214318639844595
positive_beta_prior__component_scales_lengthscale_only,2025-05-30,0,lengthscale_only,component_scales,mean_constant,mean_module.base_means.10.raw_constant,Parameter,0.011690986923458331,0.011690986923458331,0.011690986923458331
positive_beta_prior__component_scales_lengthscale_only,2025-05-30,0,lengthscale_only,component_scales,mean_constant,mean_module.base_means.11.raw_constant,Parameter,0.0014410234194233793,0.0014410234194233793,0.0014410234194233793
positive_beta_prior__component_scales_lengthscale_only,2025-05-30,0,lengthscale_only,component_scales,mean_constant,mean_module.base_means.12.raw_constant,Parameter,0.011153769998242231,0.011153769998242231,0.011153769998242231
positive_beta_prior__component_scales_lengthscale_only,2025-05-30,0,lengthscale_only,component_scales,mean_constant,mean_module.base_means.13.raw_constant,Parameter,-0.014105095815416639,-0.014105095815416639,-0.014105095815416639
positive_beta_prior__component_scales_lengthscale_only,2025-05-30,0,lengthscale_only,component_scales,mean_constant,mean_module.base_means.14.raw_constant,Parameter,0.013796830824390538,0.013796830824390538,0.013796830824390538
positive_beta_prior__component_scales_lengthscale_only,2025-05-30,0,lengthscale_only,component_scales,mean_constant,mean_module.base_means.15.raw_constant,Parameter,0.009431504091824036,0.009431504091824036,0.009431504091824036
positive_beta_prior__component_scales_lengthscale_only,2025-05-30,0,lengthscale_only,component_scales,mean_constant,mean_module.base_means.16.raw_constant,Parameter,-0.004216784972667075,-0.004216784972667075,-0.004216784972667075
positive_beta_prior__component_scales_lengthscale_only,2025-05-30,0,lengthscale_only,component_scales,mean_constant,mean_module.base_means.17.raw_constant,Parameter,-0.0010977352043718136,-0.0010977352043718136,-0.0010977352043718136
positive_beta_prior__component_scales_neither,2025-05-30,0,neither,component_scales,outputscale,covar_module.kernels.0.kernels.0,MaternKernel,0.005237056522942689,0.005237056522942689,0.005237056522942689
positive_beta_prior__component_scales_neither,2025-05-30,0,neither,component_scales,lengthscale,covar_module.kernels.0.kernels.0.base_kernel,MaternKernel,0.2702437267588178,0.2702437267588178,0.2702437267588178
positive_beta_prior__component_scales_neither,2025-05-30,0,neither,component_scales,outputscale,covar_module.kernels.0.kernels.1,MaternKernel,0.0014189991861240014,0.0014189991861240014,0.0014189991861240014
positive_beta_prior__component_scales_neither,2025-05-30,0,neither,component_scales,lengthscale,covar_module.kernels.0.kernels.1.base_kernel,MaternKernel,1.0091101738642352,0.2311187067452368,2.1893768122883706
positive_beta_prior__component_scales_neither,2025-05-30,0,neither,component_scales,outputscale,covar_module.kernels.0.kernels.2,MaternKernel,1.054485603699194,1.054485603699194,1.054485603699194
positive_beta_prior__component_scales_neither,2025-05-30,0,neither,component_scales,lengthscale,covar_module.kernels.0.kernels.2.base_kernel,MaternKernel,0.5383260871788358,0.11831941767649665,1.2138325241942758
positive_beta_prior__component_scales_neither,2025-05-30,0,neither,component_scales,outputscale,covar_module.kernels.0.kernels.3,RQKernel,0.007964065698465113,0.007964065698465113,0.007964065698465113
positive_beta_prior__component_scales_neither,2025-05-30,0,neither,component_scales,lengthscale,covar_module.kernels.0.kernels.3.base_kernel,RQKernel,0.7448400528546639,0.45990735613504696,0.9470957518558217
positive_beta_prior__component_scales_neither,2025-05-30,0,neither,component_scales,outputscale,covar_module.kernels.0.kernels.4,LinearKernel,0.00978724650074204,0.00978724650074204,0.00978724650074204
positive_beta_prior__component_scales_neither,2025-05-30,0,neither,component_scales,outputscale,covar_module.kernels.0.kernels.5,ProductKernel,0.0464291196126504,0.0464291196126504,0.0464291196126504
positive_beta_prior__component_scales_neither,2025-05-30,0,neither,component_scales,lengthscale,covar_module.kernels.0.kernels.5.base_kernel.kernels.0,MaternKernel,0.028397692034714775,0.028397692034714775,0.028397692034714775
positive_beta_prior__component_scales_neither,2025-05-30,0,neither,component_scales,lengthscale,covar_module.kernels.0.kernels.5.base_kernel.kernels.1,MaternKernel,1.1568501330648382,0.4407663374820921,2.945772060476498
positive_beta_prior__component_scales_neither,2025-05-30,0,neither,component_scales,outputscale,covar_module.kernels.0.kernels.6,ProductKernel,0.005958245887043173,0.005958245887043173,0.005958245887043173
positive_beta_prior__component_scales_neither,2025-05-30,0,neither,component_scales,lengthscale,covar_module.kernels.0.kernels.6.base_kernel.kernels.0,MaternKernel,0.0899364566433824,0.0899364566433824,0.0899364566433824
positive_beta_prior__component_scales_neither,2025-05-30,0,neither,component_scales,lengthscale,covar_module.kernels.0.kernels.6.base_kernel.kernels.1.kernels.0,MaternKernel,0.7490158041728003,0.6378262491691232,0.8288679793421004
positive_beta_prior__component_scales_neither,2025-05-30,0,neither,component_scales,lengthscale,covar_module.kernels.0.kernels.6.base_kernel.kernels.1.kernels.1,RQKernel,0.7629646362319693,0.6463935669849736,0.8394163982101817
positive_beta_prior__component_scales_neither,2025-05-30,0,neither,component_scales,outputscale,covar_module.kernels.0.kernels.7,ProductKernel,0.00948266156264382,0.00948266156264382,0.00948266156264382
positive_beta_prior__component_scales_neither,2025-05-30,0,neither,component_scales,lengthscale,covar_module.kernels.0.kernels.7.base_kernel.kernels.0.kernels.0,MaternKernel,0.7349717687386912,0.63765561842242,0.8537784755711946
positive_beta_prior__component_scales_neither,2025-05-30,0,neither,component_scales,lengthscale,covar_module.kernels.0.kernels.7.base_kernel.kernels.0.kernels.1,RQKernel,0.7352065591476482,0.628408473848224,0.8659707099423912
positive_beta_prior__component_scales_neither,2025-05-30,0,neither,component_scales,lengthscale,covar_module.kernels.0.kernels.7.base_kernel.kernels.1,MaternKernel,1.2923547078143658,0.42147373641076413,3.428251007158024
positive_beta_prior__component_scales_neither,2025-05-30,0,neither,component_scales,likelihood_noise,likelihood,HadamardGaussianLikelihood,0.006526656956395529,0.005600110350821407,0.007238787076679827
positive_beta_prior__component_scales_neither,2025-05-30,0,neither,component_scales,mean_constant,mean_module.base_means.0.raw_constant,Parameter,0.003940156345899958,0.003940156345899958,0.003940156345899958
positive_beta_prior__component_scales_neither,2025-05-30,0,neither,component_scales,mean_constant,mean_module.base_means.1.raw_constant,Parameter,0.02570264104689564,0.02570264104689564,0.02570264104689564
positive_beta_prior__component_scales_neither,2025-05-30,0,neither,component_scales,mean_constant,mean_module.base_means.2.raw_constant,Parameter,-0.0036408005789582334,-0.0036408005789582334,-0.0036408005789582334
positive_beta_prior__component_scales_neither,2025-05-30,0,neither,component_scales,mean_constant,mean_module.base_means.3.raw_constant,Parameter,-0.07951683055665694,-0.07951683055665694,-0.07951683055665694
positive_beta_prior__component_scales_neither,2025-05-30,0,neither,component_scales,mean_constant,mean_module.base_means.4.raw_constant,Parameter,-0.0838164503645549,-0.0838164503645549,-0.0838164503645549
positive_beta_prior__component_scales_neither,2025-05-30,0,neither,component_scales,mean_constant,mean_module.base_means.5.raw_constant,Parameter,-0.005514844619628606,-0.005514844619628606,-0.005514844619628606
positive_beta_prior__component_scales_neither,2025-05-30,0,neither,component_scales,mean_constant,mean_module.base_means.6.raw_constant,Parameter,-0.08035096194865045,-0.08035096194865045,-0.08035096194865045
positive_beta_prior__component_scales_neither,2025-05-30,0,neither,component_scales,mean_constant,mean_module.base_means.7.raw_constant,Parameter,-0.03172304409186126,-0.03172304409186126,-0.03172304409186126
positive_beta_prior__component_scales_neither,2025-05-30,0,neither,component_scales,mean_constant,mean_module.base_means.8.raw_constant,Parameter,-0.008487981134752073,-0.008487981134752073,-0.008487981134752073
positive_beta_prior__component_scales_neither,2025-05-30,0,neither,component_scales,mean_constant,mean_module.base_means.9.raw_constant,Parameter,-0.06748690278092002,-0.06748690278092002,-0.06748690278092002
positive_beta_prior__component_scales_neither,2025-05-30,0,neither,component_scales,mean_constant,mean_module.base_means.10.raw_constant,Parameter,0.054746713883865004,0.054746713883865004,0.054746713883865004
positive_beta_prior__component_scales_neither,2025-05-30,0,neither,component_scales,mean_constant,mean_module.base_means.11.raw_constant,Parameter,0.06628749042488222,0.06628749042488222,0.06628749042488222
positive_beta_prior__component_scales_neither,2025-05-30,0,neither,component_scales,mean_constant,mean_module.base_means.12.raw_constant,Parameter,-0.008210184261196712,-0.008210184261196712,-0.008210184261196712
positive_beta_prior__component_scales_neither,2025-05-30,0,neither,component_scales,mean_constant,mean_module.base_means.13.raw_constant,Parameter,0.012202992252421583,0.012202992252421583,0.012202992252421583
positive_beta_prior__component_scales_neither,2025-05-30,0,neither,component_scales,mean_constant,mean_module.base_means.14.raw_constant,Parameter,-0.07830294440141101,-0.07830294440141101,-0.07830294440141101
positive_beta_prior__component_scales_neither,2025-05-30,0,neither,component_scales,mean_constant,mean_module.base_means.15.raw_constant,Parameter,-0.02872723253586757,-0.02872723253586757,-0.02872723253586757
positive_beta_prior__component_scales_neither,2025-05-30,0,neither,component_scales,mean_constant,mean_module.base_means.16.raw_constant,Parameter,-0.01483735204398383,-0.01483735204398383,-0.01483735204398383
positive_beta_prior__component_scales_neither,2025-05-30,0,neither,component_scales,mean_constant,mean_module.base_means.17.raw_constant,Parameter,-0.04234856919173012,-0.04234856919173012,-0.04234856919173012
positive_beta_prior__no_component_scales_lengthscale_only,2025-05-30,0,lengthscale_only,no_component_scales,time_varying_effective_lengthscale_train,covar_module.kernels.0,_Module,0.001858483288728463,0.00015808232782660262,0.007076920047158326
positive_beta_prior__no_component_scales_lengthscale_only,2025-05-30,0,lengthscale_only,no_component_scales,time_varying_effective_lengthscale_eval,covar_module.kernels.0,_Module,0.00014627231209134625,0.00014627231209134625,0.00014627231209134625
positive_beta_prior__no_component_scales_lengthscale_only,2025-05-30,0,lengthscale_only,no_component_scales,lengthscale,covar_module.kernels.0.base_kernel.kernels.0,MaternKernel,0.15165963430295795,0.15165963430295795,0.15165963430295795
positive_beta_prior__no_component_scales_lengthscale_only,2025-05-30,0,lengthscale_only,no_component_scales,lengthscale,covar_module.kernels.0.base_kernel.kernels.1,MaternKernel,2.38632752902416,1.0166977270371425,4.531567821391366
positive_beta_prior__no_component_scales_lengthscale_only,2025-05-30,0,lengthscale_only,no_component_scales,lengthscale,covar_module.kernels.0.base_kernel.kernels.2,MaternKernel,0.6383243988567433,0.26377255516231923,0.8648640348406352
positive_beta_prior__no_component_scales_lengthscale_only,2025-05-30,0,lengthscale_only,no_component_scales,lengthscale,covar_module.kernels.0.base_kernel.kernels.3,RQKernel,0.6800545645974279,0.25864782641439565,0.9190959672945103
positive_beta_prior__no_component_scales_lengthscale_only,2025-05-30,0,lengthscale_only,no_component_scales,lengthscale,covar_module.kernels.0.base_kernel.kernels.5.kernels.0,MaternKernel,0.04900094404927253,0.04900094404927253,0.04900094404927253
positive_beta_prior__no_component_scales_lengthscale_only,2025-05-30,0,lengthscale_only,no_component_scales,lengthscale,covar_module.kernels.0.base_kernel.kernels.5.kernels.1,MaternKernel,2.388474581512807,1.3641137335115663,4.354943384092363
positive_beta_prior__no_component_scales_lengthscale_only,2025-05-30,0,lengthscale_only,no_component_scales,lengthscale,covar_module.kernels.0.base_kernel.kernels.6.kernels.0,MaternKernel,0.06413812772332345,0.06413812772332345,0.06413812772332345
positive_beta_prior__no_component_scales_lengthscale_only,2025-05-30,0,lengthscale_only,no_component_scales,lengthscale,covar_module.kernels.0.base_kernel.kernels.6.kernels.1.kernels.0,MaternKernel,0.7254010565255721,0.6185486156248327,0.8239858474539933
positive_beta_prior__no_component_scales_lengthscale_only,2025-05-30,0,lengthscale_only,no_component_scales,lengthscale,covar_module.kernels.0.base_kernel.kernels.6.kernels.1.kernels.1,RQKernel,0.748672540236299,0.63076949500215,0.834227480526775
positive_beta_prior__no_component_scales_lengthscale_only,2025-05-30,0,lengthscale_only,no_component_scales,lengthscale,covar_module.kernels.0.base_kernel.kernels.7.kernels.0.kernels.0,MaternKernel,0.6325316963979608,0.3619201276870416,0.8923205386829496
positive_beta_prior__no_component_scales_lengthscale_only,2025-05-30,0,lengthscale_only,no_component_scales,lengthscale,covar_module.kernels.0.base_kernel.kernels.7.kernels.0.kernels.1,RQKernel,0.6383049464423469,0.27578159232735183,0.9182935192849399
positive_beta_prior__no_component_scales_lengthscale_only,2025-05-30,0,lengthscale_only,no_component_scales,lengthscale,covar_module.kernels.0.base_kernel.kernels.7.kernels.1,MaternKernel,3.5596879675795665,2.0294528960335083,7.395031769784371
positive_beta_prior__no_component_scales_lengthscale_only,2025-05-30,0,lengthscale_only,no_component_scales,likelihood_noise,likelihood,HadamardGaussianLikelihood,0.006389467825099361,0.005592138421244901,0.007113446762292898
positive_beta_prior__no_component_scales_lengthscale_only,2025-05-30,0,lengthscale_only,no_component_scales,mean_constant,mean_module.base_means.0.raw_constant,Parameter,-0.03519243759652791,-0.03519243759652791,-0.03519243759652791
positive_beta_prior__no_component_scales_lengthscale_only,2025-05-30,0,lengthscale_only,no_component_scales,mean_constant,mean_module.base_means.1.raw_constant,Parameter,0.017371251532620504,0.017371251532620504,0.017371251532620504
positive_beta_prior__no_component_scales_lengthscale_only,2025-05-30,0,lengthscale_only,no_component_scales,mean_constant,mean_module.base_means.2.raw_constant,Parameter,0.1327678785063149,0.1327678785063149,0.1327678785063149
positive_beta_prior__no_component_scales_lengthscale_only,2025-05-30,0,lengthscale_only,no_component_scales,mean_constant,mean_module.base_means.3.raw_constant,Parameter,0.019989863432113834,0.019989863432113834,0.019989863432113834
positive_beta_prior__no_component_scales_lengthscale_only,2025-05-30,0,lengthscale_only,no_component_scales,mean_constant,mean_module.base_means.4.raw_constant,Parameter,-0.019777522550438895,-0.019777522550438895,-0.019777522550438895
positive_beta_prior__no_component_scales_lengthscale_only,2025-05-30,0,lengthscale_only,no_component_scales,mean_constant,mean_module.base_means.5.raw_constant,Parameter,0.030169253883562213,0.030169253883562213,0.030169253883562213
positive_beta_prior__no_component_scales_lengthscale_only,2025-05-30,0,lengthscale_only,no_component_scales,mean_constant,mean_module.base_means.6.raw_constant,Parameter,0.04916318293068269,0.04916318293068269,0.04916318293068269
positive_beta_prior__no_component_scales_lengthscale_only,2025-05-30,0,lengthscale_only,no_component_scales,mean_constant,mean_module.base_means.7.raw_constant,Parameter,0.0960552530567154,0.0960552530567154,0.0960552530567154
positive_beta_prior__no_component_scales_lengthscale_only,2025-05-30,0,lengthscale_only,no_component_scales,mean_constant,mean_module.base_means.8.raw_constant,Parameter,0.03895104436806076,0.03895104436806076,0.03895104436806076
positive_beta_prior__no_component_scales_lengthscale_only,2025-05-30,0,lengthscale_only,no_component_scales,mean_constant,mean_module.base_means.9.raw_constant,Parameter,0.018042629924897715,0.018042629924897715,0.018042629924897715
positive_beta_prior__no_component_scales_lengthscale_only,2025-05-30,0,lengthscale_only,no_component_scales,mean_constant,mean_module.base_means.10.raw_constant,Parameter,0.020490260109363022,0.020490260109363022,0.020490260109363022
positive_beta_prior__no_component_scales_lengthscale_only,2025-05-30,0,lengthscale_only,no_component_scales,mean_constant,mean_module.base_means.11.raw_constant,Parameter,-0.02205489528219516,-0.02205489528219516,-0.02205489528219516
positive_beta_prior__no_component_scales_lengthscale_only,2025-05-30,0,lengthscale_only,no_component_scales,mean_constant,mean_module.base_means.12.raw_constant,Parameter,-0.08520163509128328,-0.08520163509128328,-0.08520163509128328
positive_beta_prior__no_component_scales_lengthscale_only,2025-05-30,0,lengthscale_only,no_component_scales,mean_constant,mean_module.base_means.13.raw_constant,Parameter,-0.0200419359938442,-0.0200419359938442,-0.0200419359938442
positive_beta_prior__no_component_scales_lengthscale_only,2025-05-30,0,lengthscale_only,no_component_scales,mean_constant,mean_module.base_means.14.raw_constant,Parameter,0.034208745109933804,0.034208745109933804,0.034208745109933804
positive_beta_prior__no_component_scales_lengthscale_only,2025-05-30,0,lengthscale_only,no_component_scales,mean_constant,mean_module.base_means.15.raw_constant,Parameter,0.03274100860880563,0.03274100860880563,0.03274100860880563
positive_beta_prior__no_component_scales_lengthscale_only,2025-05-30,0,lengthscale_only,no_component_scales,mean_constant,mean_module.base_means.16.raw_constant,Parameter,0.0436557533024326,0.0436557533024326,0.0436557533024326
positive_beta_prior__no_component_scales_lengthscale_only,2025-05-30,0,lengthscale_only,no_component_scales,mean_constant,mean_module.base_means.17.raw_constant,Parameter,0.1178767792623372,0.1178767792623372,0.1178767792623372
positive_beta_prior__no_component_scales_neither,2025-05-30,0,neither,no_component_scales,lengthscale,covar_module.kernels.0.kernels.0,MaternKernel,0.03529363681040268,0.03529363681040268,0.03529363681040268
positive_beta_prior__no_component_scales_neither,2025-05-30,0,neither,no_component_scales,lengthscale,covar_module.kernels.0.kernels.1,MaternKernel,2.827983697067543,0.8323643987468072,5.548987384673155
positive_beta_prior__no_component_scales_neither,2025-05-30,0,neither,no_component_scales,lengthscale,covar_module.kernels.0.kernels.2,MaternKernel,0.5752015630157148,0.19797309197545437,0.8767285295686048
positive_beta_prior__no_component_scales_neither,2025-05-30,0,neither,no_component_scales,lengthscale,covar_module.kernels.0.kernels.3,RQKernel,0.617638551605034,0.1871066860096609,0.8994987528447415
positive_beta_prior__no_component_scales_neither,2025-05-30,0,neither,no_component_scales,lengthscale,covar_module.kernels.0.kernels.5.kernels.0,MaternKernel,0.025630277991479523,0.025630277991479523,0.025630277991479523
positive_beta_prior__no_component_scales_neither,2025-05-30,0,neither,no_component_scales,lengthscale,covar_module.kernels.0.kernels.5.kernels.1,MaternKernel,2.6417561184130407,0.5095576673036549,5.426090541657305
positive_beta_prior__no_component_scales_neither,2025-05-30,0,neither,no_component_scales,lengthscale,covar_module.kernels.0.kernels.6.kernels.0,MaternKernel,0.0253785151655305,0.0253785151655305,0.0253785151655305
positive_beta_prior__no_component_scales_neither,2025-05-30,0,neither,no_component_scales,lengthscale,covar_module.kernels.0.kernels.6.kernels.1.kernels.0,MaternKernel,0.6062987240822971,0.33024308320822604,0.8200852340995382
positive_beta_prior__no_component_scales_neither,2025-05-30,0,neither,no_component_scales,lengthscale,covar_module.kernels.0.kernels.6.kernels.1.kernels.1,RQKernel,0.6191130097644353,0.30362248839472417,0.8351351923525764
positive_beta_prior__no_component_scales_neither,2025-05-30,0,neither,no_component_scales,lengthscale,covar_module.kernels.0.kernels.7.kernels.0.kernels.0,MaternKernel,0.5545952746174672,0.3071209750652335,0.8321947227784857
positive_beta_prior__no_component_scales_neither,2025-05-30,0,neither,no_component_scales,lengthscale,covar_module.kernels.0.kernels.7.kernels.0.kernels.1,RQKernel,0.5638407363762306,0.320289313471411,0.8807823163549988
positive_beta_prior__no_component_scales_neither,2025-05-30,0,neither,no_component_scales,lengthscale,covar_module.kernels.0.kernels.7.kernels.1,MaternKernel,4.061344220964596,1.9485689581298604,8.057530906394094
positive_beta_prior__no_component_scales_neither,2025-05-30,0,neither,no_component_scales,likelihood_noise,likelihood,HadamardGaussianLikelihood,0.00638982940599203,0.005506292006540973,0.007309935858717271
positive_beta_prior__no_component_scales_neither,2025-05-30,0,neither,no_component_scales,mean_constant,mean_module.base_means.0.raw_constant,Parameter,0.6437904058712064,0.6437904058712064,0.6437904058712064
positive_beta_prior__no_component_scales_neither,2025-05-30,0,neither,no_component_scales,mean_constant,mean_module.base_means.1.raw_constant,Parameter,0.3287547780362516,0.3287547780362516,0.3287547780362516
positive_beta_prior__no_component_scales_neither,2025-05-30,0,neither,no_component_scales,mean_constant,mean_module.base_means.2.raw_constant,Parameter,0.23858899506259293,0.23858899506259293,0.23858899506259293
positive_beta_prior__no_component_scales_neither,2025-05-30,0,neither,no_component_scales,mean_constant,mean_module.base_means.3.raw_constant,Parameter,0.026504310673714043,0.026504310673714043,0.026504310673714043
positive_beta_prior__no_component_scales_neither,2025-05-30,0,neither,no_component_scales,mean_constant,mean_module.base_means.4.raw_constant,Parameter,-0.0044991907963860805,-0.0044991907963860805,-0.0044991907963860805
positive_beta_prior__no_component_scales_neither,2025-05-30,0,neither,no_component_scales,mean_constant,mean_module.base_means.5.raw_constant,Parameter,0.03681878058141694,0.03681878058141694,0.03681878058141694
positive_beta_prior__no_component_scales_neither,2025-05-30,0,neither,no_component_scales,mean_constant,mean_module.base_means.6.raw_constant,Parameter,-0.0683463999287712,-0.0683463999287712,-0.0683463999287712
positive_beta_prior__no_component_scales_neither,2025-05-30,0,neither,no_component_scales,mean_constant,mean_module.base_means.7.raw_constant,Parameter,0.03779360897835156,0.03779360897835156,0.03779360897835156
positive_beta_prior__no_component_scales_neither,2025-05-30,0,neither,no_component_scales,mean_constant,mean_module.base_means.8.raw_constant,Parameter,-0.04771650824528208,-0.04771650824528208,-0.04771650824528208
positive_beta_prior__no_component_scales_neither,2025-05-30,0,neither,no_component_scales,mean_constant,mean_module.base_means.9.raw_constant,Parameter,-0.033627059371723916,-0.033627059371723916,-0.033627059371723916
positive_beta_prior__no_component_scales_neither,2025-05-30,0,neither,no_component_scales,mean_constant,mean_module.base_means.10.raw_constant,Parameter,0.0422130029904842,0.0422130029904842,0.0422130029904842
positive_beta_prior__no_component_scales_neither,2025-05-30,0,neither,no_component_scales,mean_constant,mean_module.base_means.11.raw_constant,Parameter,0.009521000827648948,0.009521000827648948,0.009521000827648948
positive_beta_prior__no_component_scales_neither,2025-05-30,0,neither,no_component_scales,mean_constant,mean_module.base_means.12.raw_constant,Parameter,-0.028151548882964287,-0.028151548882964287,-0.028151548882964287
positive_beta_prior__no_component_scales_neither,2025-05-30,0,neither,no_component_scales,mean_constant,mean_module.base_means.13.raw_constant,Parameter,-0.015022294359011857,-0.015022294359011857,-0.015022294359011857
positive_beta_prior__no_component_scales_neither,2025-05-30,0,neither,no_component_scales,mean_constant,mean_module.base_means.14.raw_constant,Parameter,0.09193765063145959,0.09193765063145959,0.09193765063145959
positive_beta_prior__no_component_scales_neither,2025-05-30,0,neither,no_component_scales,mean_constant,mean_module.base_means.15.raw_constant,Parameter,0.08657474788910269,0.08657474788910269,0.08657474788910269
positive_beta_prior__no_component_scales_neither,2025-05-30,0,neither,no_component_scales,mean_constant,mean_module.base_means.16.raw_constant,Parameter,-0.014839873120663441,-0.014839873120663441,-0.014839873120663441
positive_beta_prior__no_component_scales_neither,2025-05-30,0,neither,no_component_scales,mean_constant,mean_module.base_means.17.raw_constant,Parameter,0.05833807351639628,0.05833807351639628,0.05833807351639628
positive_beta_prior__global_scale_lengthscale_only,2025-05-30,0,lengthscale_only,global_scale,outputscale,covar_module.kernels.0,_Module,0.022018826079438652,0.022018826079438652,0.022018826079438652
positive_beta_prior__global_scale_lengthscale_only,2025-05-30,0,lengthscale_only,global_scale,time_varying_effective_lengthscale_train,covar_module.kernels.0.base_kernel,_Module,0.0007809098966072149,6.475086645079931e-05,0.0029983854080500127
positive_beta_prior__global_scale_lengthscale_only,2025-05-30,0,lengthscale_only,global_scale,time_varying_effective_lengthscale_eval,covar_module.kernels.0.base_kernel,_Module,5.987436878146144e-05,5.987436878146144e-05,5.987436878146144e-05
positive_beta_prior__global_scale_lengthscale_only,2025-05-30,0,lengthscale_only,global_scale,lengthscale,covar_module.kernels.0.base_kernel.base_kernel.kernels.0,MaternKernel,0.1257436687009391,0.1257436687009391,0.1257436687009391
positive_beta_prior__global_scale_lengthscale_only,2025-05-30,0,lengthscale_only,global_scale,lengthscale,covar_module.kernels.0.base_kernel.base_kernel.kernels.1,MaternKernel,1.1592836126130412,0.32615104061004496,2.6138317289227415
positive_beta_prior__global_scale_lengthscale_only,2025-05-30,0,lengthscale_only,global_scale,lengthscale,covar_module.kernels.0.base_kernel.base_kernel.kernels.2,MaternKernel,0.7282997087058873,0.558685241463065,0.8252724999034601
positive_beta_prior__global_scale_lengthscale_only,2025-05-30,0,lengthscale_only,global_scale,lengthscale,covar_module.kernels.0.base_kernel.base_kernel.kernels.3,RQKernel,0.73600821763421,0.5431314814599727,0.8318720211141102
positive_beta_prior__global_scale_lengthscale_only,2025-05-30,0,lengthscale_only,global_scale,lengthscale,covar_module.kernels.0.base_kernel.base_kernel.kernels.5.kernels.0,MaternKernel,0.085353921814309,0.085353921814309,0.085353921814309
positive_beta_prior__global_scale_lengthscale_only,2025-05-30,0,lengthscale_only,global_scale,lengthscale,covar_module.kernels.0.base_kernel.base_kernel.kernels.5.kernels.1,MaternKernel,1.0869067016325007,0.3034655959674163,2.440273378901448
positive_beta_prior__global_scale_lengthscale_only,2025-05-30,0,lengthscale_only,global_scale,lengthscale,covar_module.kernels.0.base_kernel.base_kernel.kernels.6.kernels.0,MaternKernel,0.03733514454459747,0.03733514454459747,0.03733514454459747
positive_beta_prior__global_scale_lengthscale_only,2025-05-30,0,lengthscale_only,global_scale,lengthscale,covar_module.kernels.0.base_kernel.base_kernel.kernels.6.kernels.1.kernels.0,MaternKernel,0.7871864455751085,0.7494460886817843,0.8196216155802435
positive_beta_prior__global_scale_lengthscale_only,2025-05-30,0,lengthscale_only,global_scale,lengthscale,covar_module.kernels.0.base_kernel.base_kernel.kernels.6.kernels.1.kernels.1,RQKernel,0.7926924849441521,0.7553904603587528,0.8212810884170367
positive_beta_prior__global_scale_lengthscale_only,2025-05-30,0,lengthscale_only,global_scale,lengthscale,covar_module.kernels.0.base_kernel.base_kernel.kernels.7.kernels.0.kernels.0,MaternKernel,0.6937215816916977,0.5615634837315481,0.8558405364333999
positive_beta_prior__global_scale_lengthscale_only,2025-05-30,0,lengthscale_only,global_scale,lengthscale,covar_module.kernels.0.base_kernel.base_kernel.kernels.7.kernels.0.kernels.1,RQKernel,0.6765438718740495,0.4907399902073828,0.8743231937233434
positive_beta_prior__global_scale_lengthscale_only,2025-05-30,0,lengthscale_only,global_scale,lengthscale,covar_module.kernels.0.base_kernel.base_kernel.kernels.7.kernels.1,MaternKernel,1.5551981251732763,0.6518484836306899,3.8150416348386225
positive_beta_prior__global_scale_lengthscale_only,2025-05-30,0,lengthscale_only,global_scale,likelihood_noise,likelihood,HadamardGaussianLikelihood,0.006513953878781984,0.005687490278304039,0.007194553246125495
positive_beta_prior__global_scale_lengthscale_only,2025-05-30,0,lengthscale_only,global_scale,mean_constant,mean_module.base_means.0.raw_constant,Parameter,0.00734908987714309,0.00734908987714309,0.00734908987714309
positive_beta_prior__global_scale_lengthscale_only,2025-05-30,0,lengthscale_only,global_scale,mean_constant,mean_module.base_means.1.raw_constant,Parameter,0.009948696405416457,0.009948696405416457,0.009948696405416457
positive_beta_prior__global_scale_lengthscale_only,2025-05-30,0,lengthscale_only,global_scale,mean_constant,mean_module.base_means.2.raw_constant,Parameter,-0.009435180846604625,-0.009435180846604625,-0.009435180846604625
positive_beta_prior__global_scale_lengthscale_only,2025-05-30,0,lengthscale_only,global_scale,mean_constant,mean_module.base_means.3.raw_constant,Parameter,-0.04816746338363951,-0.04816746338363951,-0.04816746338363951
positive_beta_prior__global_scale_lengthscale_only,2025-05-30,0,lengthscale_only,global_scale,mean_constant,mean_module.base_means.4.raw_constant,Parameter,-0.0588861371976894,-0.0588861371976894,-0.0588861371976894
positive_beta_prior__global_scale_lengthscale_only,2025-05-30,0,lengthscale_only,global_scale,mean_constant,mean_module.base_means.5.raw_constant,Parameter,-0.10647967854761456,-0.10647967854761456,-0.10647967854761456
positive_beta_prior__global_scale_lengthscale_only,2025-05-30,0,lengthscale_only,global_scale,mean_constant,mean_module.base_means.6.raw_constant,Parameter,-0.08621924586970316,-0.08621924586970316,-0.08621924586970316
positive_beta_prior__global_scale_lengthscale_only,2025-05-30,0,lengthscale_only,global_scale,mean_constant,mean_module.base_means.7.raw_constant,Parameter,-0.05131412284152065,-0.05131412284152065,-0.05131412284152065
positive_beta_prior__global_scale_lengthscale_only,2025-05-30,0,lengthscale_only,global_scale,mean_constant,mean_module.base_means.8.raw_constant,Parameter,-0.08488837880890927,-0.08488837880890927,-0.08488837880890927
positive_beta_prior__global_scale_lengthscale_only,2025-05-30,0,lengthscale_only,global_scale,mean_constant,mean_module.base_means.9.raw_constant,Parameter,-0.1029523401539974,-0.1029523401539974,-0.1029523401539974
positive_beta_prior__global_scale_lengthscale_only,2025-05-30,0,lengthscale_only,global_scale,mean_constant,mean_module.base_means.10.raw_constant,Parameter,-0.016273250342877802,-0.016273250342877802,-0.016273250342877802
positive_beta_prior__global_scale_lengthscale_only,2025-05-30,0,lengthscale_only,global_scale,mean_constant,mean_module.base_means.11.raw_constant,Parameter,-0.027377935625076705,-0.027377935625076705,-0.027377935625076705
positive_beta_prior__global_scale_lengthscale_only,2025-05-30,0,lengthscale_only,global_scale,mean_constant,mean_module.base_means.12.raw_constant,Parameter,-0.04737854133373179,-0.04737854133373179,-0.04737854133373179
positive_beta_prior__global_scale_lengthscale_only,2025-05-30,0,lengthscale_only,global_scale,mean_constant,mean_module.base_means.13.raw_constant,Parameter,-0.053730532369178616,-0.053730532369178616,-0.053730532369178616
positive_beta_prior__global_scale_lengthscale_only,2025-05-30,0,lengthscale_only,global_scale,mean_constant,mean_module.base_means.14.raw_constant,Parameter,-0.04295109695362086,-0.04295109695362086,-0.04295109695362086
positive_beta_prior__global_scale_lengthscale_only,2025-05-30,0,lengthscale_only,global_scale,mean_constant,mean_module.base_means.15.raw_constant,Parameter,-0.04399885508779815,-0.04399885508779815,-0.04399885508779815
positive_beta_prior__global_scale_lengthscale_only,2025-05-30,0,lengthscale_only,global_scale,mean_constant,mean_module.base_means.16.raw_constant,Parameter,-0.06250848751758345,-0.06250848751758345,-0.06250848751758345
positive_beta_prior__global_scale_lengthscale_only,2025-05-30,0,lengthscale_only,global_scale,mean_constant,mean_module.base_means.17.raw_constant,Parameter,-0.01809552898015064,-0.01809552898015064,-0.01809552898015064
positive_beta_prior__global_scale_neither,2025-05-30,0,neither,global_scale,outputscale,covar_module.kernels.0,AdditiveKernel,0.03465084073289061,0.03465084073289061,0.03465084073289061
positive_beta_prior__global_scale_neither,2025-05-30,0,neither,global_scale,lengthscale,covar_module.kernels.0.base_kernel.kernels.0,MaternKernel,0.06671473607756259,0.06671473607756259,0.06671473607756259
positive_beta_prior__global_scale_neither,2025-05-30,0,neither,global_scale,lengthscale,covar_module.kernels.0.base_kernel.kernels.1,MaternKernel,1.44895323934254,0.3231364309036772,3.034681032967209
positive_beta_prior__global_scale_neither,2025-05-30,0,neither,global_scale,lengthscale,covar_module.kernels.0.base_kernel.kernels.2,MaternKernel,0.6657263811007891,0.4309574356078619,0.8170048084538389
positive_beta_prior__global_scale_neither,2025-05-30,0,neither,global_scale,lengthscale,covar_module.kernels.0.base_kernel.kernels.3,RQKernel,0.6809104256155084,0.40150082873609316,0.8248624220687517
positive_beta_prior__global_scale_neither,2025-05-30,0,neither,global_scale,lengthscale,covar_module.kernels.0.base_kernel.kernels.5.kernels.0,MaternKernel,0.028395185381098396,0.028395185381098396,0.028395185381098396
positive_beta_prior__global_scale_neither,2025-05-30,0,neither,global_scale,lengthscale,covar_module.kernels.0.base_kernel.kernels.5.kernels.1,MaternKernel,1.2472175387753113,0.44928949264831775,2.7748235520430415
positive_beta_prior__global_scale_neither,2025-05-30,0,neither,global_scale,lengthscale,covar_module.kernels.0.base_kernel.kernels.6.kernels.0,MaternKernel,0.02510174822680327,0.02510174822680327,0.02510174822680327
positive_beta_prior__global_scale_neither,2025-05-30,0,neither,global_scale,lengthscale,covar_module.kernels.0.base_kernel.kernels.6.kernels.1.kernels.0,MaternKernel,0.7089575559711686,0.5857838311032688,0.8139131192236241
positive_beta_prior__global_scale_neither,2025-05-30,0,neither,global_scale,lengthscale,covar_module.kernels.0.base_kernel.kernels.6.kernels.1.kernels.1,RQKernel,0.7058100555489782,0.5646700804954009,0.8162014611366603
positive_beta_prior__global_scale_neither,2025-05-30,0,neither,global_scale,lengthscale,covar_module.kernels.0.base_kernel.kernels.7.kernels.0.kernels.0,MaternKernel,0.6344470806156879,0.46247851627749836,0.8346004874978262
positive_beta_prior__global_scale_neither,2025-05-30,0,neither,global_scale,lengthscale,covar_module.kernels.0.base_kernel.kernels.7.kernels.0.kernels.1,RQKernel,0.6136280396062717,0.35893271789485937,0.8664304831561173
positive_beta_prior__global_scale_neither,2025-05-30,0,neither,global_scale,lengthscale,covar_module.kernels.0.base_kernel.kernels.7.kernels.1,MaternKernel,1.8475891266278581,0.767368499311855,4.1217330908227705
positive_beta_prior__global_scale_neither,2025-05-30,0,neither,global_scale,likelihood_noise,likelihood,HadamardGaussianLikelihood,0.006476372789109522,0.005789933600020114,0.007425200116909859
positive_beta_prior__global_scale_neither,2025-05-30,0,neither,global_scale,mean_constant,mean_module.base_means.0.raw_constant,Parameter,0.07446888067000616,0.07446888067000616,0.07446888067000616
positive_beta_prior__global_scale_neither,2025-05-30,0,neither,global_scale,mean_constant,mean_module.base_means.1.raw_constant,Parameter,0.08073848806238378,0.08073848806238378,0.08073848806238378
positive_beta_prior__global_scale_neither,2025-05-30,0,neither,global_scale,mean_constant,mean_module.base_means.2.raw_constant,Parameter,0.007884558369414001,0.007884558369414001,0.007884558369414001
positive_beta_prior__global_scale_neither,2025-05-30,0,neither,global_scale,mean_constant,mean_module.base_means.3.raw_constant,Parameter,-0.05969537223813806,-0.05969537223813806,-0.05969537223813806
positive_beta_prior__global_scale_neither,2025-05-30,0,neither,global_scale,mean_constant,mean_module.base_means.4.raw_constant,Parameter,-0.08568110020866071,-0.08568110020866071,-0.08568110020866071
positive_beta_prior__global_scale_neither,2025-05-30,0,neither,global_scale,mean_constant,mean_module.base_means.5.raw_constant,Parameter,-0.06331469437930735,-0.06331469437930735,-0.06331469437930735
positive_beta_prior__global_scale_neither,2025-05-30,0,neither,global_scale,mean_constant,mean_module.base_means.6.raw_constant,Parameter,-0.1598428737755109,-0.1598428737755109,-0.1598428737755109
positive_beta_prior__global_scale_neither,2025-05-30,0,neither,global_scale,mean_constant,mean_module.base_means.7.raw_constant,Parameter,-0.05377644120497961,-0.05377644120497961,-0.05377644120497961
positive_beta_prior__global_scale_neither,2025-05-30,0,neither,global_scale,mean_constant,mean_module.base_means.8.raw_constant,Parameter,-0.08945505061206639,-0.08945505061206639,-0.08945505061206639
positive_beta_prior__global_scale_neither,2025-05-30,0,neither,global_scale,mean_constant,mean_module.base_means.9.raw_constant,Parameter,-0.09533361797387237,-0.09533361797387237,-0.09533361797387237
positive_beta_prior__global_scale_neither,2025-05-30,0,neither,global_scale,mean_constant,mean_module.base_means.10.raw_constant,Parameter,0.019801917629971893,0.019801917629971893,0.019801917629971893
positive_beta_prior__global_scale_neither,2025-05-30,0,neither,global_scale,mean_constant,mean_module.base_means.11.raw_constant,Parameter,0.0189721878033088,0.0189721878033088,0.0189721878033088
positive_beta_prior__global_scale_neither,2025-05-30,0,neither,global_scale,mean_constant,mean_module.base_means.12.raw_constant,Parameter,-0.03226563965942478,-0.03226563965942478,-0.03226563965942478
positive_beta_prior__global_scale_neither,2025-05-30,0,neither,global_scale,mean_constant,mean_module.base_means.13.raw_constant,Parameter,-0.02714204611503043,-0.02714204611503043,-0.02714204611503043
positive_beta_prior__global_scale_neither,2025-05-30,0,neither,global_scale,mean_constant,mean_module.base_means.14.raw_constant,Parameter,-0.08872453687238252,-0.08872453687238252,-0.08872453687238252
positive_beta_prior__global_scale_neither,2025-05-30,0,neither,global_scale,mean_constant,mean_module.base_means.15.raw_constant,Parameter,-0.039872610689592344,-0.039872610689592344,-0.039872610689592344
positive_beta_prior__global_scale_neither,2025-05-30,0,neither,global_scale,mean_constant,mean_module.base_means.16.raw_constant,Parameter,-0.08512858813228022,-0.08512858813228022,-0.08512858813228022
positive_beta_prior__global_scale_neither,2025-05-30,0,neither,global_scale,mean_constant,mean_module.base_means.17.raw_constant,Parameter,-0.054611918526721086,-0.054611918526721086,-0.054611918526721086
positive_beta_prior__component_scales_lengthscale_only,2025-06-30,1,lengthscale_only,component_scales,time_varying_effective_lengthscale_train,covar_module.kernels.0,_Module,0.014678855954308862,0.004053645000945407,0.03565590764773113
positive_beta_prior__component_scales_lengthscale_only,2025-06-30,1,lengthscale_only,component_scales,time_varying_effective_lengthscale_eval,covar_module.kernels.0,_Module,0.0038802523666750955,0.0038802523666750955,0.0038802523666750955
positive_beta_prior__component_scales_lengthscale_only,2025-06-30,1,lengthscale_only,component_scales,outputscale,covar_module.kernels.0.base_kernel.kernels.0,MaternKernel,0.311471182604997,0.311471182604997,0.311471182604997
positive_beta_prior__component_scales_lengthscale_only,2025-06-30,1,lengthscale_only,component_scales,lengthscale,covar_module.kernels.0.base_kernel.kernels.0.base_kernel,MaternKernel,0.15246384133875396,0.15246384133875396,0.15246384133875396
positive_beta_prior__component_scales_lengthscale_only,2025-06-30,1,lengthscale_only,component_scales,outputscale,covar_module.kernels.0.base_kernel.kernels.1,MaternKernel,0.0024569790234233086,0.0024569790234233086,0.0024569790234233086
positive_beta_prior__component_scales_lengthscale_only,2025-06-30,1,lengthscale_only,component_scales,lengthscale,covar_module.kernels.0.base_kernel.kernels.1.base_kernel,MaternKernel,0.8849083098283653,0.3727262038733393,1.5945433563733369
positive_beta_prior__component_scales_lengthscale_only,2025-06-30,1,lengthscale_only,component_scales,outputscale,covar_module.kernels.0.base_kernel.kernels.2,MaternKernel,0.5505882757877867,0.5505882757877867,0.5505882757877867
positive_beta_prior__component_scales_lengthscale_only,2025-06-30,1,lengthscale_only,component_scales,lengthscale,covar_module.kernels.0.base_kernel.kernels.2.base_kernel,MaternKernel,0.533567929416446,0.12691422408558978,1.0158197933420543
positive_beta_prior__component_scales_lengthscale_only,2025-06-30,1,lengthscale_only,component_scales,outputscale,covar_module.kernels.0.base_kernel.kernels.3,RQKernel,0.00950166879047498,0.00950166879047498,0.00950166879047498
positive_beta_prior__component_scales_lengthscale_only,2025-06-30,1,lengthscale_only,component_scales,lengthscale,covar_module.kernels.0.base_kernel.kernels.3.base_kernel,RQKernel,0.7617419684722979,0.542481495863532,0.9048764974479236
positive_beta_prior__component_scales_lengthscale_only,2025-06-30,1,lengthscale_only,component_scales,outputscale,covar_module.kernels.0.base_kernel.kernels.4,LinearKernel,0.01757752102881464,0.01757752102881464,0.01757752102881464
positive_beta_prior__component_scales_lengthscale_only,2025-06-30,1,lengthscale_only,component_scales,outputscale,covar_module.kernels.0.base_kernel.kernels.5,ProductKernel,0.061468108502988214,0.061468108502988214,0.061468108502988214
positive_beta_prior__component_scales_lengthscale_only,2025-06-30,1,lengthscale_only,component_scales,lengthscale,covar_module.kernels.0.base_kernel.kernels.5.base_kernel.kernels.0,MaternKernel,0.04136404800207057,0.04136404800207057,0.04136404800207057
positive_beta_prior__component_scales_lengthscale_only,2025-06-30,1,lengthscale_only,component_scales,lengthscale,covar_module.kernels.0.base_kernel.kernels.5.base_kernel.kernels.1,MaternKernel,1.1381881385405948,0.44567020540162683,2.8662412991011017
positive_beta_prior__component_scales_lengthscale_only,2025-06-30,1,lengthscale_only,component_scales,outputscale,covar_module.kernels.0.base_kernel.kernels.6,ProductKernel,0.0278346758498696,0.0278346758498696,0.0278346758498696
positive_beta_prior__component_scales_lengthscale_only,2025-06-30,1,lengthscale_only,component_scales,lengthscale,covar_module.kernels.0.base_kernel.kernels.6.base_kernel.kernels.0,MaternKernel,0.1911207685513613,0.1911207685513613,0.1911207685513613
positive_beta_prior__component_scales_lengthscale_only,2025-06-30,1,lengthscale_only,component_scales,lengthscale,covar_module.kernels.0.base_kernel.kernels.6.base_kernel.kernels.1.kernels.0,MaternKernel,0.7881776880739988,0.7308910865505694,0.8284949723434596
positive_beta_prior__component_scales_lengthscale_only,2025-06-30,1,lengthscale_only,component_scales,lengthscale,covar_module.kernels.0.base_kernel.kernels.6.base_kernel.kernels.1.kernels.1,RQKernel,0.7984715926688533,0.738495191895779,0.8368112089557702
positive_beta_prior__component_scales_lengthscale_only,2025-06-30,1,lengthscale_only,component_scales,outputscale,covar_module.kernels.0.base_kernel.kernels.7,ProductKernel,0.005801536112952436,0.005801536112952436,0.005801536112952436
positive_beta_prior__component_scales_lengthscale_only,2025-06-30,1,lengthscale_only,component_scales,lengthscale,covar_module.kernels.0.base_kernel.kernels.7.base_kernel.kernels.0.kernels.0,MaternKernel,0.768744018633979,0.7169202987741958,0.8555632070559697
positive_beta_prior__component_scales_lengthscale_only,2025-06-30,1,lengthscale_only,component_scales,lengthscale,covar_module.kernels.0.base_kernel.kernels.7.base_kernel.kernels.0.kernels.1,RQKernel,0.765599861653189,0.6939374089282603,0.8571315292010363
positive_beta_prior__component_scales_lengthscale_only,2025-06-30,1,lengthscale_only,component_scales,lengthscale,covar_module.kernels.0.base_kernel.kernels.7.base_kernel.kernels.1,MaternKernel,1.0837280584693396,0.39266698779825465,2.731901583567504
positive_beta_prior__component_scales_lengthscale_only,2025-06-30,1,lengthscale_only,component_scales,likelihood_noise,likelihood,HadamardGaussianLikelihood,0.006534317640418022,0.005674856490524371,0.007025099469876695
positive_beta_prior__component_scales_lengthscale_only,2025-06-30,1,lengthscale_only,component_scales,mean_constant,mean_module.base_means.0.raw_constant,Parameter,0.0009387403831509107,0.0009387403831509107,0.0009387403831509107
positive_beta_prior__component_scales_lengthscale_only,2025-06-30,1,lengthscale_only,component_scales,mean_constant,mean_module.base_means.1.raw_constant,Parameter,-0.013435316336182113,-0.013435316336182113,-0.013435316336182113
positive_beta_prior__component_scales_lengthscale_only,2025-06-30,1,lengthscale_only,component_scales,mean_constant,mean_module.base_means.2.raw_constant,Parameter,-0.002124146842011088,-0.002124146842011088,-0.002124146842011088
positive_beta_prior__component_scales_lengthscale_only,2025-06-30,1,lengthscale_only,component_scales,mean_constant,mean_module.base_means.3.raw_constant,Parameter,-0.08844729885410432,-0.08844729885410432,-0.08844729885410432
positive_beta_prior__component_scales_lengthscale_only,2025-06-30,1,lengthscale_only,component_scales,mean_constant,mean_module.base_means.4.raw_constant,Parameter,-0.0741843568849303,-0.0741843568849303,-0.0741843568849303
positive_beta_prior__component_scales_lengthscale_only,2025-06-30,1,lengthscale_only,component_scales,mean_constant,mean_module.base_means.5.raw_constant,Parameter,-0.016795589512472633,-0.016795589512472633,-0.016795589512472633
positive_beta_prior__component_scales_lengthscale_only,2025-06-30,1,lengthscale_only,component_scales,mean_constant,mean_module.base_means.6.raw_constant,Parameter,0.0005776468861666134,0.0005776468861666134,0.0005776468861666134
positive_beta_prior__component_scales_lengthscale_only,2025-06-30,1,lengthscale_only,component_scales,mean_constant,mean_module.base_means.7.raw_constant,Parameter,0.03903765426329973,0.03903765426329973,0.03903765426329973
positive_beta_prior__component_scales_lengthscale_only,2025-06-30,1,lengthscale_only,component_scales,mean_constant,mean_module.base_means.8.raw_constant,Parameter,0.019756820819799084,0.019756820819799084,0.019756820819799084
positive_beta_prior__component_scales_lengthscale_only,2025-06-30,1,lengthscale_only,component_scales,mean_constant,mean_module.base_means.9.raw_constant,Parameter,-0.013656293624118694,-0.013656293624118694,-0.013656293624118694
positive_beta_prior__component_scales_lengthscale_only,2025-06-30,1,lengthscale_only,component_scales,mean_constant,mean_module.base_means.10.raw_constant,Parameter,-0.04141145442612823,-0.04141145442612823,-0.04141145442612823
positive_beta_prior__component_scales_lengthscale_only,2025-06-30,1,lengthscale_only,component_scales,mean_constant,mean_module.base_means.11.raw_constant,Parameter,-0.05228679458228727,-0.05228679458228727,-0.05228679458228727
positive_beta_prior__component_scales_lengthscale_only,2025-06-30,1,lengthscale_only,component_scales,mean_constant,mean_module.base_means.12.raw_constant,Parameter,-0.08204261680513826,-0.08204261680513826,-0.08204261680513826
positive_beta_prior__component_scales_lengthscale_only,2025-06-30,1,lengthscale_only,component_scales,mean_constant,mean_module.base_means.13.raw_constant,Parameter,-0.056073977213793216,-0.056073977213793216,-0.056073977213793216
positive_beta_prior__component_scales_lengthscale_only,2025-06-30,1,lengthscale_only,component_scales,mean_constant,mean_module.base_means.14.raw_constant,Parameter,-0.03643483756903586,-0.03643483756903586,-0.03643483756903586
positive_beta_prior__component_scales_lengthscale_only,2025-06-30,1,lengthscale_only,component_scales,mean_constant,mean_module.base_means.15.raw_constant,Parameter,0.03254502954303927,0.03254502954303927,0.03254502954303927
positive_beta_prior__component_scales_lengthscale_only,2025-06-30,1,lengthscale_only,component_scales,mean_constant,mean_module.base_means.16.raw_constant,Parameter,0.002479510698603863,0.002479510698603863,0.002479510698603863
positive_beta_prior__component_scales_lengthscale_only,2025-06-30,1,lengthscale_only,component_scales,mean_constant,mean_module.base_means.17.raw_constant,Parameter,0.060344953032923795,0.060344953032923795,0.060344953032923795
positive_beta_prior__component_scales_neither,2025-06-30,1,neither,component_scales,outputscale,covar_module.kernels.0.kernels.0,MaternKernel,0.0050618741773838585,0.0050618741773838585,0.0050618741773838585
positive_beta_prior__component_scales_neither,2025-06-30,1,neither,component_scales,lengthscale,covar_module.kernels.0.kernels.0.base_kernel,MaternKernel,0.23577270284334914,0.23577270284334914,0.23577270284334914
positive_beta_prior__component_scales_neither,2025-06-30,1,neither,component_scales,outputscale,covar_module.kernels.0.kernels.1,MaternKernel,0.0021749877718586293,0.0021749877718586293,0.0021749877718586293
positive_beta_prior__component_scales_neither,2025-06-30,1,neither,component_scales,lengthscale,covar_module.kernels.0.kernels.1.base_kernel,MaternKernel,0.9806722289706424,0.24432639756009158,2.050476391213569
positive_beta_prior__component_scales_neither,2025-06-30,1,neither,component_scales,outputscale,covar_module.kernels.0.kernels.2,MaternKernel,0.9874264543971939,0.9874264543971939,0.9874264543971939
positive_beta_prior__component_scales_neither,2025-06-30,1,neither,component_scales,lengthscale,covar_module.kernels.0.kernels.2.base_kernel,MaternKernel,0.5431194317086139,0.11935762710020802,1.102520480161435
positive_beta_prior__component_scales_neither,2025-06-30,1,neither,component_scales,outputscale,covar_module.kernels.0.kernels.3,RQKernel,0.008323036046068223,0.008323036046068223,0.008323036046068223
positive_beta_prior__component_scales_neither,2025-06-30,1,neither,component_scales,lengthscale,covar_module.kernels.0.kernels.3.base_kernel,RQKernel,0.7356262580242503,0.47442515156311904,0.9241699886791807
positive_beta_prior__component_scales_neither,2025-06-30,1,neither,component_scales,outputscale,covar_module.kernels.0.kernels.4,LinearKernel,0.003619568526246748,0.003619568526246748,0.003619568526246748
positive_beta_prior__component_scales_neither,2025-06-30,1,neither,component_scales,outputscale,covar_module.kernels.0.kernels.5,ProductKernel,0.017680744429220685,0.017680744429220685,0.017680744429220685
positive_beta_prior__component_scales_neither,2025-06-30,1,neither,component_scales,lengthscale,covar_module.kernels.0.kernels.5.base_kernel.kernels.0,MaternKernel,0.025767636996485238,0.025767636996485238,0.025767636996485238
positive_beta_prior__component_scales_neither,2025-06-30,1,neither,component_scales,lengthscale,covar_module.kernels.0.kernels.5.base_kernel.kernels.1,MaternKernel,1.0509949071632727,0.35711229339182265,2.828535883666665
positive_beta_prior__component_scales_neither,2025-06-30,1,neither,component_scales,outputscale,covar_module.kernels.0.kernels.6,ProductKernel,0.010476638547951757,0.010476638547951757,0.010476638547951757
positive_beta_prior__component_scales_neither,2025-06-30,1,neither,component_scales,lengthscale,covar_module.kernels.0.kernels.6.base_kernel.kernels.0,MaternKernel,0.06837838289542195,0.06837838289542195,0.06837838289542195
positive_beta_prior__component_scales_neither,2025-06-30,1,neither,component_scales,lengthscale,covar_module.kernels.0.kernels.6.base_kernel.kernels.1.kernels.0,MaternKernel,0.7404811803443547,0.6202937402238978,0.8226636711140441
positive_beta_prior__component_scales_neither,2025-06-30,1,neither,component_scales,lengthscale,covar_module.kernels.0.kernels.6.base_kernel.kernels.1.kernels.1,RQKernel,0.7589621588240867,0.6316232301440703,0.8313797806134117
positive_beta_prior__component_scales_neither,2025-06-30,1,neither,component_scales,outputscale,covar_module.kernels.0.kernels.7,ProductKernel,0.02659861724941021,0.02659861724941021,0.02659861724941021
positive_beta_prior__component_scales_neither,2025-06-30,1,neither,component_scales,lengthscale,covar_module.kernels.0.kernels.7.base_kernel.kernels.0.kernels.0,MaternKernel,0.6993835911405757,0.5859146553281214,0.8472159879987141
positive_beta_prior__component_scales_neither,2025-06-30,1,neither,component_scales,lengthscale,covar_module.kernels.0.kernels.7.base_kernel.kernels.0.kernels.1,RQKernel,0.6899926835309322,0.5235311514247265,0.8555827620123848
positive_beta_prior__component_scales_neither,2025-06-30,1,neither,component_scales,lengthscale,covar_module.kernels.0.kernels.7.base_kernel.kernels.1,MaternKernel,1.313572741232701,0.483055505623776,3.824787462648011
positive_beta_prior__component_scales_neither,2025-06-30,1,neither,component_scales,likelihood_noise,likelihood,HadamardGaussianLikelihood,0.006580867494712021,0.0055890147031656835,0.007178871214319328
positive_beta_prior__component_scales_neither,2025-06-30,1,neither,component_scales,mean_constant,mean_module.base_means.0.raw_constant,Parameter,0.06072943194268592,0.06072943194268592,0.06072943194268592
positive_beta_prior__component_scales_neither,2025-06-30,1,neither,component_scales,mean_constant,mean_module.base_means.1.raw_constant,Parameter,0.0925575355757039,0.0925575355757039,0.0925575355757039
positive_beta_prior__component_scales_neither,2025-06-30,1,neither,component_scales,mean_constant,mean_module.base_means.2.raw_constant,Parameter,0.001526742759681963,0.001526742759681963,0.001526742759681963
positive_beta_prior__component_scales_neither,2025-06-30,1,neither,component_scales,mean_constant,mean_module.base_means.3.raw_constant,Parameter,-0.06997143341401546,-0.06997143341401546,-0.06997143341401546
positive_beta_prior__component_scales_neither,2025-06-30,1,neither,component_scales,mean_constant,mean_module.base_means.4.raw_constant,Parameter,-0.05486919422406254,-0.05486919422406254,-0.05486919422406254
positive_beta_prior__component_scales_neither,2025-06-30,1,neither,component_scales,mean_constant,mean_module.base_means.5.raw_constant,Parameter,-0.006432874308966823,-0.006432874308966823,-0.006432874308966823
positive_beta_prior__component_scales_neither,2025-06-30,1,neither,component_scales,mean_constant,mean_module.base_means.6.raw_constant,Parameter,-0.044620696914116076,-0.044620696914116076,-0.044620696914116076
positive_beta_prior__component_scales_neither,2025-06-30,1,neither,component_scales,mean_constant,mean_module.base_means.7.raw_constant,Parameter,-0.004508040288044343,-0.004508040288044343,-0.004508040288044343
positive_beta_prior__component_scales_neither,2025-06-30,1,neither,component_scales,mean_constant,mean_module.base_means.8.raw_constant,Parameter,-0.004828111322546347,-0.004828111322546347,-0.004828111322546347
positive_beta_prior__component_scales_neither,2025-06-30,1,neither,component_scales,mean_constant,mean_module.base_means.9.raw_constant,Parameter,-0.05416340131310324,-0.05416340131310324,-0.05416340131310324
positive_beta_prior__component_scales_neither,2025-06-30,1,neither,component_scales,mean_constant,mean_module.base_means.10.raw_constant,Parameter,0.08054465435350526,0.08054465435350526,0.08054465435350526
positive_beta_prior__component_scales_neither,2025-06-30,1,neither,component_scales,mean_constant,mean_module.base_means.11.raw_constant,Parameter,0.08648821071379274,0.08648821071379274,0.08648821071379274
positive_beta_prior__component_scales_neither,2025-06-30,1,neither,component_scales,mean_constant,mean_module.base_means.12.raw_constant,Parameter,0.011639038642604169,0.011639038642604169,0.011639038642604169
positive_beta_prior__component_scales_neither,2025-06-30,1,neither,component_scales,mean_constant,mean_module.base_means.13.raw_constant,Parameter,0.04569518065545368,0.04569518065545368,0.04569518065545368
positive_beta_prior__component_scales_neither,2025-06-30,1,neither,component_scales,mean_constant,mean_module.base_means.14.raw_constant,Parameter,-0.06801647294464115,-0.06801647294464115,-0.06801647294464115
positive_beta_prior__component_scales_neither,2025-06-30,1,neither,component_scales,mean_constant,mean_module.base_means.15.raw_constant,Parameter,-0.03226821047779259,-0.03226821047779259,-0.03226821047779259
positive_beta_prior__component_scales_neither,2025-06-30,1,neither,component_scales,mean_constant,mean_module.base_means.16.raw_constant,Parameter,0.008087426082163148,0.008087426082163148,0.008087426082163148
positive_beta_prior__component_scales_neither,2025-06-30,1,neither,component_scales,mean_constant,mean_module.base_means.17.raw_constant,Parameter,0.005976412242294147,0.005976412242294147,0.005976412242294147
positive_beta_prior__no_component_scales_lengthscale_only,2025-06-30,1,lengthscale_only,no_component_scales,time_varying_effective_lengthscale_train,covar_module.kernels.0,_Module,0.0004942589175911297,2.147527051646678e-05,0.0022603529858637394
positive_beta_prior__no_component_scales_lengthscale_only,2025-06-30,1,lengthscale_only,no_component_scales,time_varying_effective_lengthscale_eval,covar_module.kernels.0,_Module,1.9565213002512296e-05,1.95652130025123e-05,1.95652130025123e-05
positive_beta_prior__no_component_scales_lengthscale_only,2025-06-30,1,lengthscale_only,no_component_scales,lengthscale,covar_module.kernels.0.base_kernel.kernels.0,MaternKernel,0.12179260429742586,0.12179260429742586,0.12179260429742586
positive_beta_prior__no_component_scales_lengthscale_only,2025-06-30,1,lengthscale_only,no_component_scales,lengthscale,covar_module.kernels.0.base_kernel.kernels.1,MaternKernel,2.518812225201128,0.997393586615483,5.030775504027583
positive_beta_prior__no_component_scales_lengthscale_only,2025-06-30,1,lengthscale_only,no_component_scales,lengthscale,covar_module.kernels.0.base_kernel.kernels.2,MaternKernel,0.6291081151509484,0.24226581001672431,0.9416218281658664
positive_beta_prior__no_component_scales_lengthscale_only,2025-06-30,1,lengthscale_only,no_component_scales,lengthscale,covar_module.kernels.0.base_kernel.kernels.3,RQKernel,0.6625554968284131,0.22473225670583546,1.0000477900196083
positive_beta_prior__no_component_scales_lengthscale_only,2025-06-30,1,lengthscale_only,no_component_scales,lengthscale,covar_module.kernels.0.base_kernel.kernels.5.kernels.0,MaternKernel,0.04114911600484042,0.04114911600484042,0.04114911600484042
positive_beta_prior__no_component_scales_lengthscale_only,2025-06-30,1,lengthscale_only,no_component_scales,lengthscale,covar_module.kernels.0.base_kernel.kernels.5.kernels.1,MaternKernel,2.487840323471477,1.1945356924888437,4.779031086789272
positive_beta_prior__no_component_scales_lengthscale_only,2025-06-30,1,lengthscale_only,no_component_scales,lengthscale,covar_module.kernels.0.base_kernel.kernels.6.kernels.0,MaternKernel,0.04539846894374945,0.04539846894374945,0.04539846894374945
positive_beta_prior__no_component_scales_lengthscale_only,2025-06-30,1,lengthscale_only,no_component_scales,lengthscale,covar_module.kernels.0.base_kernel.kernels.6.kernels.1.kernels.0,MaternKernel,0.7181137175315747,0.5909086454426578,0.8246895523464302
positive_beta_prior__no_component_scales_lengthscale_only,2025-06-30,1,lengthscale_only,no_component_scales,lengthscale,covar_module.kernels.0.base_kernel.kernels.6.kernels.1.kernels.1,RQKernel,0.7392722656653012,0.60140824819379,0.8338143556066091
positive_beta_prior__no_component_scales_lengthscale_only,2025-06-30,1,lengthscale_only,no_component_scales,lengthscale,covar_module.kernels.0.base_kernel.kernels.7.kernels.0.kernels.0,MaternKernel,0.5982720722044809,0.3540636662201654,0.9281329015857623
positive_beta_prior__no_component_scales_lengthscale_only,2025-06-30,1,lengthscale_only,no_component_scales,lengthscale,covar_module.kernels.0.base_kernel.kernels.7.kernels.0.kernels.1,RQKernel,0.590881815237579,0.30723797373983486,0.9664968978302118
positive_beta_prior__no_component_scales_lengthscale_only,2025-06-30,1,lengthscale_only,no_component_scales,lengthscale,covar_module.kernels.0.base_kernel.kernels.7.kernels.1,MaternKernel,3.639675913235919,2.122117478250042,7.252335626629108
positive_beta_prior__no_component_scales_lengthscale_only,2025-06-30,1,lengthscale_only,no_component_scales,likelihood_noise,likelihood,HadamardGaussianLikelihood,0.006354050581136085,0.005516835672143421,0.007137709838089685
positive_beta_prior__no_component_scales_lengthscale_only,2025-06-30,1,lengthscale_only,no_component_scales,mean_constant,mean_module.base_means.0.raw_constant,Parameter,0.03449151129578276,0.03449151129578276,0.03449151129578276
positive_beta_prior__no_component_scales_lengthscale_only,2025-06-30,1,lengthscale_only,no_component_scales,mean_constant,mean_module.base_means.1.raw_constant,Parameter,0.03116985308816879,0.03116985308816879,0.03116985308816879
positive_beta_prior__no_component_scales_lengthscale_only,2025-06-30,1,lengthscale_only,no_component_scales,mean_constant,mean_module.base_means.2.raw_constant,Parameter,0.1299994275953951,0.1299994275953951,0.1299994275953951
positive_beta_prior__no_component_scales_lengthscale_only,2025-06-30,1,lengthscale_only,no_component_scales,mean_constant,mean_module.base_means.3.raw_constant,Parameter,0.02488823341681892,0.02488823341681892,0.02488823341681892
positive_beta_prior__no_component_scales_lengthscale_only,2025-06-30,1,lengthscale_only,no_component_scales,mean_constant,mean_module.base_means.4.raw_constant,Parameter,-0.01734153201157646,-0.01734153201157646,-0.01734153201157646
positive_beta_prior__no_component_scales_lengthscale_only,2025-06-30,1,lengthscale_only,no_component_scales,mean_constant,mean_module.base_means.5.raw_constant,Parameter,0.03331768962658019,0.03331768962658019,0.03331768962658019
positive_beta_prior__no_component_scales_lengthscale_only,2025-06-30,1,lengthscale_only,no_component_scales,mean_constant,mean_module.base_means.6.raw_constant,Parameter,-0.03813542487815323,-0.03813542487815323,-0.03813542487815323
positive_beta_prior__no_component_scales_lengthscale_only,2025-06-30,1,lengthscale_only,no_component_scales,mean_constant,mean_module.base_means.7.raw_constant,Parameter,0.020835186878695868,0.020835186878695868,0.020835186878695868
positive_beta_prior__no_component_scales_lengthscale_only,2025-06-30,1,lengthscale_only,no_component_scales,mean_constant,mean_module.base_means.8.raw_constant,Parameter,-0.07461965820081487,-0.07461965820081487,-0.07461965820081487
positive_beta_prior__no_component_scales_lengthscale_only,2025-06-30,1,lengthscale_only,no_component_scales,mean_constant,mean_module.base_means.9.raw_constant,Parameter,-0.05299959918612249,-0.05299959918612249,-0.05299959918612249
positive_beta_prior__no_component_scales_lengthscale_only,2025-06-30,1,lengthscale_only,no_component_scales,mean_constant,mean_module.base_means.10.raw_constant,Parameter,-0.047128195338684856,-0.047128195338684856,-0.047128195338684856
positive_beta_prior__no_component_scales_lengthscale_only,2025-06-30,1,lengthscale_only,no_component_scales,mean_constant,mean_module.base_means.11.raw_constant,Parameter,-0.0711317453427928,-0.0711317453427928,-0.0711317453427928
positive_beta_prior__no_component_scales_lengthscale_only,2025-06-30,1,lengthscale_only,no_component_scales,mean_constant,mean_module.base_means.12.raw_constant,Parameter,-0.11768710823042368,-0.11768710823042368,-0.11768710823042368
positive_beta_prior__no_component_scales_lengthscale_only,2025-06-30,1,lengthscale_only,no_component_scales,mean_constant,mean_module.base_means.13.raw_constant,Parameter,-0.07308110980479855,-0.07308110980479855,-0.07308110980479855
positive_beta_prior__no_component_scales_lengthscale_only,2025-06-30,1,lengthscale_only,no_component_scales,mean_constant,mean_module.base_means.14.raw_constant,Parameter,0.010954898332060065,0.010954898332060065,0.010954898332060065
positive_beta_prior__no_component_scales_lengthscale_only,2025-06-30,1,lengthscale_only,no_component_scales,mean_constant,mean_module.base_means.15.raw_constant,Parameter,-0.0630520635625586,-0.0630520635625586,-0.0630520635625586
positive_beta_prior__no_component_scales_lengthscale_only,2025-06-30,1,lengthscale_only,no_component_scales,mean_constant,mean_module.base_means.16.raw_constant,Parameter,-0.03927597681130838,-0.03927597681130838,-0.03927597681130838
positive_beta_prior__no_component_scales_lengthscale_only,2025-06-30,1,lengthscale_only,no_component_scales,mean_constant,mean_module.base_means.17.raw_constant,Parameter,0.047583464521229926,0.047583464521229926,0.047583464521229926
positive_beta_prior__no_component_scales_neither,2025-06-30,1,neither,no_component_scales,lengthscale,covar_module.kernels.0.kernels.0,MaternKernel,0.053422930582828786,0.053422930582828786,0.053422930582828786
positive_beta_prior__no_component_scales_neither,2025-06-30,1,neither,no_component_scales,lengthscale,covar_module.kernels.0.kernels.1,MaternKernel,2.5760175188307373,0.8271988201392291,5.483002628251272
positive_beta_prior__no_component_scales_neither,2025-06-30,1,neither,no_component_scales,lengthscale,covar_module.kernels.0.kernels.2,MaternKernel,0.5841062048748535,0.22914907870141202,0.8622671242626302
positive_beta_prior__no_component_scales_neither,2025-06-30,1,neither,no_component_scales,lengthscale,covar_module.kernels.0.kernels.3,RQKernel,0.6267744893520786,0.22051821632753094,0.9715202541379604
positive_beta_prior__no_component_scales_neither,2025-06-30,1,neither,no_component_scales,lengthscale,covar_module.kernels.0.kernels.5.kernels.0,MaternKernel,0.02558077037181132,0.02558077037181132,0.02558077037181132
positive_beta_prior__no_component_scales_neither,2025-06-30,1,neither,no_component_scales,lengthscale,covar_module.kernels.0.kernels.5.kernels.1,MaternKernel,2.3957025606757325,0.7836825179731688,5.3234346005401525
positive_beta_prior__no_component_scales_neither,2025-06-30,1,neither,no_component_scales,lengthscale,covar_module.kernels.0.kernels.6.kernels.0,MaternKernel,0.02563343985878178,0.02563343985878178,0.02563343985878178
positive_beta_prior__no_component_scales_neither,2025-06-30,1,neither,no_component_scales,lengthscale,covar_module.kernels.0.kernels.6.kernels.1.kernels.0,MaternKernel,0.6124521709995359,0.3487037829917621,0.8161650051537359
positive_beta_prior__no_component_scales_neither,2025-06-30,1,neither,no_component_scales,lengthscale,covar_module.kernels.0.kernels.6.kernels.1.kernels.1,RQKernel,0.6239562747847232,0.3164732010697928,0.8289356419594326
positive_beta_prior__no_component_scales_neither,2025-06-30,1,neither,no_component_scales,lengthscale,covar_module.kernels.0.kernels.7.kernels.0.kernels.0,MaternKernel,0.5421405745039737,0.26166838560787514,0.8335897687681151
positive_beta_prior__no_component_scales_neither,2025-06-30,1,neither,no_component_scales,lengthscale,covar_module.kernels.0.kernels.7.kernels.0.kernels.1,RQKernel,0.5379757017508353,0.2105480068938942,0.8866132608002523
positive_beta_prior__no_component_scales_neither,2025-06-30,1,neither,no_component_scales,lengthscale,covar_module.kernels.0.kernels.7.kernels.1,MaternKernel,3.6562302887346543,0.9980487721977447,8.21220045199921
positive_beta_prior__no_component_scales_neither,2025-06-30,1,neither,no_component_scales,likelihood_noise,likelihood,HadamardGaussianLikelihood,0.006401189645482207,0.0055143399347449985,0.007138083305367131
positive_beta_prior__no_component_scales_neither,2025-06-30,1,neither,no_component_scales,mean_constant,mean_module.base_means.0.raw_constant,Parameter,0.28579243536204024,0.28579243536204024,0.28579243536204024
positive_beta_prior__no_component_scales_neither,2025-06-30,1,neither,no_component_scales,mean_constant,mean_module.base_means.1.raw_constant,Parameter,0.24461797363511376,0.24461797363511376,0.24461797363511376
positive_beta_prior__no_component_scales_neither,2025-06-30,1,neither,no_component_scales,mean_constant,mean_module.base_means.2.raw_constant,Parameter,0.12359281043280322,0.12359281043280322,0.12359281043280322
positive_beta_prior__no_component_scales_neither,2025-06-30,1,neither,no_component_scales,mean_constant,mean_module.base_means.3.raw_constant,Parameter,0.001233655034708207,0.001233655034708207,0.001233655034708207
positive_beta_prior__no_component_scales_neither,2025-06-30,1,neither,no_component_scales,mean_constant,mean_module.base_means.4.raw_constant,Parameter,-0.021606251160792043,-0.021606251160792043,-0.021606251160792043
positive_beta_prior__no_component_scales_neither,2025-06-30,1,neither,no_component_scales,mean_constant,mean_module.base_means.5.raw_constant,Parameter,0.051317515595656164,0.051317515595656164,0.051317515595656164
positive_beta_prior__no_component_scales_neither,2025-06-30,1,neither,no_component_scales,mean_constant,mean_module.base_means.6.raw_constant,Parameter,-0.08168550978188745,-0.08168550978188745,-0.08168550978188745
positive_beta_prior__no_component_scales_neither,2025-06-30,1,neither,no_component_scales,mean_constant,mean_module.base_means.7.raw_constant,Parameter,0.04960495813956494,0.04960495813956494,0.04960495813956494
positive_beta_prior__no_component_scales_neither,2025-06-30,1,neither,no_component_scales,mean_constant,mean_module.base_means.8.raw_constant,Parameter,-0.01593363295627371,-0.01593363295627371,-0.01593363295627371
positive_beta_prior__no_component_scales_neither,2025-06-30,1,neither,no_component_scales,mean_constant,mean_module.base_means.9.raw_constant,Parameter,-0.03089494223461036,-0.03089494223461036,-0.03089494223461036
positive_beta_prior__no_component_scales_neither,2025-06-30,1,neither,no_component_scales,mean_constant,mean_module.base_means.10.raw_constant,Parameter,0.05460267360510474,0.05460267360510474,0.05460267360510474
positive_beta_prior__no_component_scales_neither,2025-06-30,1,neither,no_component_scales,mean_constant,mean_module.base_means.11.raw_constant,Parameter,0.054201617109127395,0.054201617109127395,0.054201617109127395
positive_beta_prior__no_component_scales_neither,2025-06-30,1,neither,no_component_scales,mean_constant,mean_module.base_means.12.raw_constant,Parameter,-0.13906200809048458,-0.13906200809048458,-0.13906200809048458
positive_beta_prior__no_component_scales_neither,2025-06-30,1,neither,no_component_scales,mean_constant,mean_module.base_means.13.raw_constant,Parameter,0.01917389371006236,0.01917389371006236,0.01917389371006236
positive_beta_prior__no_component_scales_neither,2025-06-30,1,neither,no_component_scales,mean_constant,mean_module.base_means.14.raw_constant,Parameter,0.023448980905156912,0.023448980905156912,0.023448980905156912
positive_beta_prior__no_component_scales_neither,2025-06-30,1,neither,no_component_scales,mean_constant,mean_module.base_means.15.raw_constant,Parameter,0.0021438439148466415,0.0021438439148466415,0.0021438439148466415
positive_beta_prior__no_component_scales_neither,2025-06-30,1,neither,no_component_scales,mean_constant,mean_module.base_means.16.raw_constant,Parameter,-0.004377354606441836,-0.004377354606441836,-0.004377354606441836
positive_beta_prior__no_component_scales_neither,2025-06-30,1,neither,no_component_scales,mean_constant,mean_module.base_means.17.raw_constant,Parameter,-0.014848297178084419,-0.014848297178084419,-0.014848297178084419
positive_beta_prior__global_scale_lengthscale_only,2025-06-30,1,lengthscale_only,global_scale,outputscale,covar_module.kernels.0,_Module,0.02127775074831258,0.02127775074831258,0.02127775074831258
positive_beta_prior__global_scale_lengthscale_only,2025-06-30,1,lengthscale_only,global_scale,time_varying_effective_lengthscale_train,covar_module.kernels.0.base_kernel,_Module,0.00039518797681219094,2.368674890587895e-05,0.0016646571759130725
positive_beta_prior__global_scale_lengthscale_only,2025-06-30,1,lengthscale_only,global_scale,time_varying_effective_lengthscale_eval,covar_module.kernels.0.base_kernel,_Module,2.1755163975706644e-05,2.1755163975706644e-05,2.1755163975706644e-05
positive_beta_prior__global_scale_lengthscale_only,2025-06-30,1,lengthscale_only,global_scale,lengthscale,covar_module.kernels.0.base_kernel.base_kernel.kernels.0,MaternKernel,0.11579257553667505,0.11579257553667505,0.11579257553667505
positive_beta_prior__global_scale_lengthscale_only,2025-06-30,1,lengthscale_only,global_scale,lengthscale,covar_module.kernels.0.base_kernel.base_kernel.kernels.1,MaternKernel,1.1740490518706013,0.4451561538453852,2.5136328431538155
positive_beta_prior__global_scale_lengthscale_only,2025-06-30,1,lengthscale_only,global_scale,lengthscale,covar_module.kernels.0.base_kernel.base_kernel.kernels.2,MaternKernel,0.7245279834185543,0.5385479219571346,0.8295881292709759
positive_beta_prior__global_scale_lengthscale_only,2025-06-30,1,lengthscale_only,global_scale,lengthscale,covar_module.kernels.0.base_kernel.base_kernel.kernels.3,RQKernel,0.7378289572207601,0.5241994154703187,0.8479037109432377
positive_beta_prior__global_scale_lengthscale_only,2025-06-30,1,lengthscale_only,global_scale,lengthscale,covar_module.kernels.0.base_kernel.base_kernel.kernels.5.kernels.0,MaternKernel,0.08263867238094882,0.08263867238094882,0.08263867238094882
positive_beta_prior__global_scale_lengthscale_only,2025-06-30,1,lengthscale_only,global_scale,lengthscale,covar_module.kernels.0.base_kernel.base_kernel.kernels.5.kernels.1,MaternKernel,1.11346963419334,0.3548381675787102,2.5665317409799187
positive_beta_prior__global_scale_lengthscale_only,2025-06-30,1,lengthscale_only,global_scale,lengthscale,covar_module.kernels.0.base_kernel.base_kernel.kernels.6.kernels.0,MaternKernel,0.030952807055758928,0.030952807055758928,0.030952807055758928
positive_beta_prior__global_scale_lengthscale_only,2025-06-30,1,lengthscale_only,global_scale,lengthscale,covar_module.kernels.0.base_kernel.base_kernel.kernels.6.kernels.1.kernels.0,MaternKernel,0.7753904409634944,0.7274026755028383,0.8191608717925322
positive_beta_prior__global_scale_lengthscale_only,2025-06-30,1,lengthscale_only,global_scale,lengthscale,covar_module.kernels.0.base_kernel.base_kernel.kernels.6.kernels.1.kernels.1,RQKernel,0.7824479266406865,0.7365915133104539,0.8211651639080202
positive_beta_prior__global_scale_lengthscale_only,2025-06-30,1,lengthscale_only,global_scale,lengthscale,covar_module.kernels.0.base_kernel.base_kernel.kernels.7.kernels.0.kernels.0,MaternKernel,0.6718311574922202,0.5282155905611022,0.8423507910319378
positive_beta_prior__global_scale_lengthscale_only,2025-06-30,1,lengthscale_only,global_scale,lengthscale,covar_module.kernels.0.base_kernel.base_kernel.kernels.7.kernels.0.kernels.1,RQKernel,0.652371458245116,0.4497045528415087,0.8630965708061156
positive_beta_prior__global_scale_lengthscale_only,2025-06-30,1,lengthscale_only,global_scale,lengthscale,covar_module.kernels.0.base_kernel.base_kernel.kernels.7.kernels.1,MaternKernel,1.6764002609824487,0.6212583724101846,4.072763639198714
positive_beta_prior__global_scale_lengthscale_only,2025-06-30,1,lengthscale_only,global_scale,likelihood_noise,likelihood,HadamardGaussianLikelihood,0.0064964463408305854,0.005864749558203911,0.0069375078322833445
positive_beta_prior__global_scale_lengthscale_only,2025-06-30,1,lengthscale_only,global_scale,mean_constant,mean_module.base_means.0.raw_constant,Parameter,0.010802317803732909,0.010802317803732909,0.010802317803732909
positive_beta_prior__global_scale_lengthscale_only,2025-06-30,1,lengthscale_only,global_scale,mean_constant,mean_module.base_means.1.raw_constant,Parameter,0.02747563132172295,0.02747563132172295,0.02747563132172295
positive_beta_prior__global_scale_lengthscale_only,2025-06-30,1,lengthscale_only,global_scale,mean_constant,mean_module.base_means.2.raw_constant,Parameter,-0.027026112980937468,-0.027026112980937468,-0.027026112980937468
positive_beta_prior__global_scale_lengthscale_only,2025-06-30,1,lengthscale_only,global_scale,mean_constant,mean_module.base_means.3.raw_constant,Parameter,-0.03303768561677922,-0.03303768561677922,-0.03303768561677922
positive_beta_prior__global_scale_lengthscale_only,2025-06-30,1,lengthscale_only,global_scale,mean_constant,mean_module.base_means.4.raw_constant,Parameter,-0.05379799386986805,-0.05379799386986805,-0.05379799386986805
positive_beta_prior__global_scale_lengthscale_only,2025-06-30,1,lengthscale_only,global_scale,mean_constant,mean_module.base_means.5.raw_constant,Parameter,-0.06929140441059212,-0.06929140441059212,-0.06929140441059212
positive_beta_prior__global_scale_lengthscale_only,2025-06-30,1,lengthscale_only,global_scale,mean_constant,mean_module.base_means.6.raw_constant,Parameter,-0.05518397784568054,-0.05518397784568054,-0.05518397784568054
positive_beta_prior__global_scale_lengthscale_only,2025-06-30,1,lengthscale_only,global_scale,mean_constant,mean_module.base_means.7.raw_constant,Parameter,-0.050707153774977476,-0.050707153774977476,-0.050707153774977476
positive_beta_prior__global_scale_lengthscale_only,2025-06-30,1,lengthscale_only,global_scale,mean_constant,mean_module.base_means.8.raw_constant,Parameter,-0.0672017890395763,-0.0672017890395763,-0.0672017890395763
positive_beta_prior__global_scale_lengthscale_only,2025-06-30,1,lengthscale_only,global_scale,mean_constant,mean_module.base_means.9.raw_constant,Parameter,-0.07975289994532153,-0.07975289994532153,-0.07975289994532153
positive_beta_prior__global_scale_lengthscale_only,2025-06-30,1,lengthscale_only,global_scale,mean_constant,mean_module.base_means.10.raw_constant,Parameter,0.007854897022604715,0.007854897022604715,0.007854897022604715
positive_beta_prior__global_scale_lengthscale_only,2025-06-30,1,lengthscale_only,global_scale,mean_constant,mean_module.base_means.11.raw_constant,Parameter,0.0047706563116431885,0.0047706563116431885,0.0047706563116431885
positive_beta_prior__global_scale_lengthscale_only,2025-06-30,1,lengthscale_only,global_scale,mean_constant,mean_module.base_means.12.raw_constant,Parameter,-0.027669407705614317,-0.027669407705614317,-0.027669407705614317
positive_beta_prior__global_scale_lengthscale_only,2025-06-30,1,lengthscale_only,global_scale,mean_constant,mean_module.base_means.13.raw_constant,Parameter,-0.03181296323133168,-0.03181296323133168,-0.03181296323133168
positive_beta_prior__global_scale_lengthscale_only,2025-06-30,1,lengthscale_only,global_scale,mean_constant,mean_module.base_means.14.raw_constant,Parameter,-0.04702573655156498,-0.04702573655156498,-0.04702573655156498
positive_beta_prior__global_scale_lengthscale_only,2025-06-30,1,lengthscale_only,global_scale,mean_constant,mean_module.base_means.15.raw_constant,Parameter,-0.07605055744894722,-0.07605055744894722,-0.07605055744894722
positive_beta_prior__global_scale_lengthscale_only,2025-06-30,1,lengthscale_only,global_scale,mean_constant,mean_module.base_means.16.raw_constant,Parameter,-0.05223127395607427,-0.05223127395607427,-0.05223127395607427
positive_beta_prior__global_scale_lengthscale_only,2025-06-30,1,lengthscale_only,global_scale,mean_constant,mean_module.base_means.17.raw_constant,Parameter,-0.04131188442666727,-0.04131188442666727,-0.04131188442666727
positive_beta_prior__global_scale_neither,2025-06-30,1,neither,global_scale,outputscale,covar_module.kernels.0,AdditiveKernel,0.029702811295165214,0.029702811295165214,0.029702811295165214
positive_beta_prior__global_scale_neither,2025-06-30,1,neither,global_scale,lengthscale,covar_module.kernels.0.base_kernel.kernels.0,MaternKernel,0.0594396358513787,0.0594396358513787,0.0594396358513787
positive_beta_prior__global_scale_neither,2025-06-30,1,neither,global_scale,lengthscale,covar_module.kernels.0.base_kernel.kernels.1,MaternKernel,1.3415428530463376,0.29199197178213415,2.8851167568321334
positive_beta_prior__global_scale_neither,2025-06-30,1,neither,global_scale,lengthscale,covar_module.kernels.0.base_kernel.kernels.2,MaternKernel,0.6608729029294721,0.45372773640837516,0.8206244176642815
positive_beta_prior__global_scale_neither,2025-06-30,1,neither,global_scale,lengthscale,covar_module.kernels.0.base_kernel.kernels.3,RQKernel,0.673225146433259,0.43193359703227274,0.8275081994319878
positive_beta_prior__global_scale_neither,2025-06-30,1,neither,global_scale,lengthscale,covar_module.kernels.0.base_kernel.kernels.5.kernels.0,MaternKernel,0.03115160717681204,0.03115160717681204,0.03115160717681204
positive_beta_prior__global_scale_neither,2025-06-30,1,neither,global_scale,lengthscale,covar_module.kernels.0.base_kernel.kernels.5.kernels.1,MaternKernel,1.1973503144500068,0.5036412783426263,2.6368220746511644
positive_beta_prior__global_scale_neither,2025-06-30,1,neither,global_scale,lengthscale,covar_module.kernels.0.base_kernel.kernels.6.kernels.0,MaternKernel,0.025101438379034037,0.025101438379034037,0.025101438379034037
positive_beta_prior__global_scale_neither,2025-06-30,1,neither,global_scale,lengthscale,covar_module.kernels.0.base_kernel.kernels.6.kernels.1.kernels.0,MaternKernel,0.7062743252345759,0.5718028943986647,0.8193288709245727
positive_beta_prior__global_scale_neither,2025-06-30,1,neither,global_scale,lengthscale,covar_module.kernels.0.base_kernel.kernels.6.kernels.1.kernels.1,RQKernel,0.7062671807072963,0.5564025684227388,0.8224571412399379
positive_beta_prior__global_scale_neither,2025-06-30,1,neither,global_scale,lengthscale,covar_module.kernels.0.base_kernel.kernels.7.kernels.0.kernels.0,MaternKernel,0.660160701717026,0.5504340845588148,0.8065295036133613
positive_beta_prior__global_scale_neither,2025-06-30,1,neither,global_scale,lengthscale,covar_module.kernels.0.base_kernel.kernels.7.kernels.0.kernels.1,RQKernel,0.6534616673788978,0.5113839633738295,0.8204753563860279
positive_beta_prior__global_scale_neither,2025-06-30,1,neither,global_scale,lengthscale,covar_module.kernels.0.base_kernel.kernels.7.kernels.1,MaternKernel,1.8840134785976348,0.809063070118553,4.375593552502901
positive_beta_prior__global_scale_neither,2025-06-30,1,neither,global_scale,likelihood_noise,likelihood,HadamardGaussianLikelihood,0.006485517106156845,0.005704698336494516,0.006979730989166105
positive_beta_prior__global_scale_neither,2025-06-30,1,neither,global_scale,mean_constant,mean_module.base_means.0.raw_constant,Parameter,0.06289305986871596,0.06289305986871596,0.06289305986871596
positive_beta_prior__global_scale_neither,2025-06-30,1,neither,global_scale,mean_constant,mean_module.base_means.1.raw_constant,Parameter,0.06491574143201871,0.06491574143201871,0.06491574143201871
positive_beta_prior__global_scale_neither,2025-06-30,1,neither,global_scale,mean_constant,mean_module.base_means.2.raw_constant,Parameter,0.036818569772559366,0.036818569772559366,0.036818569772559366
positive_beta_prior__global_scale_neither,2025-06-30,1,neither,global_scale,mean_constant,mean_module.base_means.3.raw_constant,Parameter,-0.06137107249549208,-0.06137107249549208,-0.06137107249549208
positive_beta_prior__global_scale_neither,2025-06-30,1,neither,global_scale,mean_constant,mean_module.base_means.4.raw_constant,Parameter,-0.08096524890298748,-0.08096524890298748,-0.08096524890298748
positive_beta_prior__global_scale_neither,2025-06-30,1,neither,global_scale,mean_constant,mean_module.base_means.5.raw_constant,Parameter,-0.07315733788460896,-0.07315733788460896,-0.07315733788460896
positive_beta_prior__global_scale_neither,2025-06-30,1,neither,global_scale,mean_constant,mean_module.base_means.6.raw_constant,Parameter,-0.08283173448680137,-0.08283173448680137,-0.08283173448680137
positive_beta_prior__global_scale_neither,2025-06-30,1,neither,global_scale,mean_constant,mean_module.base_means.7.raw_constant,Parameter,-0.0063128920983222024,-0.0063128920983222024,-0.0063128920983222024
positive_beta_prior__global_scale_neither,2025-06-30,1,neither,global_scale,mean_constant,mean_module.base_means.8.raw_constant,Parameter,0.0010119532127648798,0.0010119532127648798,0.0010119532127648798
positive_beta_prior__global_scale_neither,2025-06-30,1,neither,global_scale,mean_constant,mean_module.base_means.9.raw_constant,Parameter,-0.06152193737077623,-0.06152193737077623,-0.06152193737077623
positive_beta_prior__global_scale_neither,2025-06-30,1,neither,global_scale,mean_constant,mean_module.base_means.10.raw_constant,Parameter,0.03809604077369873,0.03809604077369873,0.03809604077369873
positive_beta_prior__global_scale_neither,2025-06-30,1,neither,global_scale,mean_constant,mean_module.base_means.11.raw_constant,Parameter,0.03538585740294379,0.03538585740294379,0.03538585740294379
positive_beta_prior__global_scale_neither,2025-06-30,1,neither,global_scale,mean_constant,mean_module.base_means.12.raw_constant,Parameter,0.06152866244679777,0.06152866244679777,0.06152866244679777
positive_beta_prior__global_scale_neither,2025-06-30,1,neither,global_scale,mean_constant,mean_module.base_means.13.raw_constant,Parameter,-0.01709086812517794,-0.01709086812517794,-0.01709086812517794
positive_beta_prior__global_scale_neither,2025-06-30,1,neither,global_scale,mean_constant,mean_module.base_means.14.raw_constant,Parameter,-0.050216934909148726,-0.050216934909148726,-0.050216934909148726
positive_beta_prior__global_scale_neither,2025-06-30,1,neither,global_scale,mean_constant,mean_module.base_means.15.raw_constant,Parameter,-0.02636277101679072,-0.02636277101679072,-0.02636277101679072
positive_beta_prior__global_scale_neither,2025-06-30,1,neither,global_scale,mean_constant,mean_module.base_means.16.raw_constant,Parameter,-0.031234616137847435,-0.031234616137847435,-0.031234616137847435
positive_beta_prior__global_scale_neither,2025-06-30,1,neither,global_scale,mean_constant,mean_module.base_means.17.raw_constant,Parameter,-0.02189172038701369,-0.02189172038701369,-0.02189172038701369
positive_beta_prior__component_scales_lengthscale_only,2025-07-31,2,lengthscale_only,component_scales,time_varying_effective_lengthscale_train,covar_module.kernels.0,_Module,0.007686234816295771,0.0015266874587701687,0.021667984943527348
positive_beta_prior__component_scales_lengthscale_only,2025-07-31,2,lengthscale_only,component_scales,time_varying_effective_lengthscale_eval,covar_module.kernels.0,_Module,0.001449077108087767,0.0014490771080877668,0.0014490771080877668
positive_beta_prior__component_scales_lengthscale_only,2025-07-31,2,lengthscale_only,component_scales,outputscale,covar_module.kernels.0.base_kernel.kernels.0,MaternKernel,0.12013220750701167,0.12013220750701167,0.12013220750701167
positive_beta_prior__component_scales_lengthscale_only,2025-07-31,2,lengthscale_only,component_scales,lengthscale,covar_module.kernels.0.base_kernel.kernels.0.base_kernel,MaternKernel,0.1539644097535758,0.1539644097535758,0.1539644097535758
positive_beta_prior__component_scales_lengthscale_only,2025-07-31,2,lengthscale_only,component_scales,outputscale,covar_module.kernels.0.base_kernel.kernels.1,MaternKernel,0.0017740034391285373,0.0017740034391285373,0.0017740034391285373
positive_beta_prior__component_scales_lengthscale_only,2025-07-31,2,lengthscale_only,component_scales,lengthscale,covar_module.kernels.0.base_kernel.kernels.1.base_kernel,MaternKernel,0.9184376379812236,0.3084487267550838,1.9068077212360854
positive_beta_prior__component_scales_lengthscale_only,2025-07-31,2,lengthscale_only,component_scales,outputscale,covar_module.kernels.0.base_kernel.kernels.2,MaternKernel,0.07788222330655988,0.07788222330655988,0.07788222330655988
positive_beta_prior__component_scales_lengthscale_only,2025-07-31,2,lengthscale_only,component_scales,lengthscale,covar_module.kernels.0.base_kernel.kernels.2.base_kernel,MaternKernel,0.6345839088706222,0.14388607287734528,1.0809443184377807
positive_beta_prior__component_scales_lengthscale_only,2025-07-31,2,lengthscale_only,component_scales,outputscale,covar_module.kernels.0.base_kernel.kernels.3,RQKernel,0.007302379123061112,0.007302379123061112,0.007302379123061112
positive_beta_prior__component_scales_lengthscale_only,2025-07-31,2,lengthscale_only,component_scales,lengthscale,covar_module.kernels.0.base_kernel.kernels.3.base_kernel,RQKernel,0.7462642586199975,0.47545056865692426,0.9189301700056757
positive_beta_prior__component_scales_lengthscale_only,2025-07-31,2,lengthscale_only,component_scales,outputscale,covar_module.kernels.0.base_kernel.kernels.4,LinearKernel,0.014948090829101812,0.014948090829101812,0.014948090829101812
positive_beta_prior__component_scales_lengthscale_only,2025-07-31,2,lengthscale_only,component_scales,outputscale,covar_module.kernels.0.base_kernel.kernels.5,ProductKernel,0.04828111472912768,0.04828111472912768,0.04828111472912768
positive_beta_prior__component_scales_lengthscale_only,2025-07-31,2,lengthscale_only,component_scales,lengthscale,covar_module.kernels.0.base_kernel.kernels.5.base_kernel.kernels.0,MaternKernel,0.03726722673852309,0.03726722673852309,0.03726722673852309
positive_beta_prior__component_scales_lengthscale_only,2025-07-31,2,lengthscale_only,component_scales,lengthscale,covar_module.kernels.0.base_kernel.kernels.5.base_kernel.kernels.1,MaternKernel,1.0373034012006994,0.4133862790093012,2.5612618719273774
positive_beta_prior__component_scales_lengthscale_only,2025-07-31,2,lengthscale_only,component_scales,outputscale,covar_module.kernels.0.base_kernel.kernels.6,ProductKernel,0.3103683697002099,0.3103683697002099,0.3103683697002099
positive_beta_prior__component_scales_lengthscale_only,2025-07-31,2,lengthscale_only,component_scales,lengthscale,covar_module.kernels.0.base_kernel.kernels.6.base_kernel.kernels.0,MaternKernel,0.0962967729913794,0.0962967729913794,0.0962967729913794
positive_beta_prior__component_scales_lengthscale_only,2025-07-31,2,lengthscale_only,component_scales,lengthscale,covar_module.kernels.0.base_kernel.kernels.6.base_kernel.kernels.1.kernels.0,MaternKernel,0.7678846941110978,0.6991758338797622,0.8279761325061837
positive_beta_prior__component_scales_lengthscale_only,2025-07-31,2,lengthscale_only,component_scales,lengthscale,covar_module.kernels.0.base_kernel.kernels.6.base_kernel.kernels.1.kernels.1,RQKernel,0.7792051906197831,0.7076239984854581,0.8335068623952688
positive_beta_prior__component_scales_lengthscale_only,2025-07-31,2,lengthscale_only,component_scales,outputscale,covar_module.kernels.0.base_kernel.kernels.7,ProductKernel,0.007552224601874082,0.007552224601874082,0.007552224601874082
positive_beta_prior__component_scales_lengthscale_only,2025-07-31,2,lengthscale_only,component_scales,lengthscale,covar_module.kernels.0.base_kernel.kernels.7.base_kernel.kernels.0.kernels.0,MaternKernel,0.7485303754555126,0.67253148284669,0.851177516738625
positive_beta_prior__component_scales_lengthscale_only,2025-07-31,2,lengthscale_only,component_scales,lengthscale,covar_module.kernels.0.base_kernel.kernels.7.base_kernel.kernels.0.kernels.1,RQKernel,0.7415527167028053,0.6344229276396386,0.8521286934348116
positive_beta_prior__component_scales_lengthscale_only,2025-07-31,2,lengthscale_only,component_scales,lengthscale,covar_module.kernels.0.base_kernel.kernels.7.base_kernel.kernels.1,MaternKernel,1.1251411144575698,0.41977669984257704,3.0045386022007032
positive_beta_prior__component_scales_lengthscale_only,2025-07-31,2,lengthscale_only,component_scales,likelihood_noise,likelihood,HadamardGaussianLikelihood,0.006560028110206105,0.005601181715382196,0.007193758756197607
positive_beta_prior__component_scales_lengthscale_only,2025-07-31,2,lengthscale_only,component_scales,mean_constant,mean_module.base_means.0.raw_constant,Parameter,-0.017418164717776796,-0.017418164717776796,-0.017418164717776796
positive_beta_prior__component_scales_lengthscale_only,2025-07-31,2,lengthscale_only,component_scales,mean_constant,mean_module.base_means.1.raw_constant,Parameter,-0.03848088101861859,-0.03848088101861859,-0.03848088101861859
positive_beta_prior__component_scales_lengthscale_only,2025-07-31,2,lengthscale_only,component_scales,mean_constant,mean_module.base_means.2.raw_constant,Parameter,-0.0005790999048465793,-0.0005790999048465793,-0.0005790999048465793
positive_beta_prior__component_scales_lengthscale_only,2025-07-31,2,lengthscale_only,component_scales,mean_constant,mean_module.base_means.3.raw_constant,Parameter,-0.03526250795181158,-0.03526250795181158,-0.03526250795181158
positive_beta_prior__component_scales_lengthscale_only,2025-07-31,2,lengthscale_only,component_scales,mean_constant,mean_module.base_means.4.raw_constant,Parameter,-0.048894003462613994,-0.048894003462613994,-0.048894003462613994
positive_beta_prior__component_scales_lengthscale_only,2025-07-31,2,lengthscale_only,component_scales,mean_constant,mean_module.base_means.5.raw_constant,Parameter,-0.012922690514008383,-0.012922690514008383,-0.012922690514008383
positive_beta_prior__component_scales_lengthscale_only,2025-07-31,2,lengthscale_only,component_scales,mean_constant,mean_module.base_means.6.raw_constant,Parameter,-0.031170016117102427,-0.031170016117102427,-0.031170016117102427
positive_beta_prior__component_scales_lengthscale_only,2025-07-31,2,lengthscale_only,component_scales,mean_constant,mean_module.base_means.7.raw_constant,Parameter,-0.0163408661623588,-0.0163408661623588,-0.0163408661623588
positive_beta_prior__component_scales_lengthscale_only,2025-07-31,2,lengthscale_only,component_scales,mean_constant,mean_module.base_means.8.raw_constant,Parameter,-0.001115669928584473,-0.001115669928584473,-0.001115669928584473
positive_beta_prior__component_scales_lengthscale_only,2025-07-31,2,lengthscale_only,component_scales,mean_constant,mean_module.base_means.9.raw_constant,Parameter,-0.03345961784575062,-0.03345961784575062,-0.03345961784575062
positive_beta_prior__component_scales_lengthscale_only,2025-07-31,2,lengthscale_only,component_scales,mean_constant,mean_module.base_means.10.raw_constant,Parameter,-0.015551942783373381,-0.015551942783373381,-0.015551942783373381
positive_beta_prior__component_scales_lengthscale_only,2025-07-31,2,lengthscale_only,component_scales,mean_constant,mean_module.base_means.11.raw_constant,Parameter,-0.02295302664152057,-0.02295302664152057,-0.02295302664152057
positive_beta_prior__component_scales_lengthscale_only,2025-07-31,2,lengthscale_only,component_scales,mean_constant,mean_module.base_means.12.raw_constant,Parameter,-0.024283820661086725,-0.024283820661086725,-0.024283820661086725
positive_beta_prior__component_scales_lengthscale_only,2025-07-31,2,lengthscale_only,component_scales,mean_constant,mean_module.base_means.13.raw_constant,Parameter,-0.020149488593656412,-0.020149488593656412,-0.020149488593656412
positive_beta_prior__component_scales_lengthscale_only,2025-07-31,2,lengthscale_only,component_scales,mean_constant,mean_module.base_means.14.raw_constant,Parameter,-0.03771241453768421,-0.03771241453768421,-0.03771241453768421
positive_beta_prior__component_scales_lengthscale_only,2025-07-31,2,lengthscale_only,component_scales,mean_constant,mean_module.base_means.15.raw_constant,Parameter,0.019554399063010635,0.019554399063010635,0.019554399063010635
positive_beta_prior__component_scales_lengthscale_only,2025-07-31,2,lengthscale_only,component_scales,mean_constant,mean_module.base_means.16.raw_constant,Parameter,-0.01673265700041158,-0.01673265700041158,-0.01673265700041158
positive_beta_prior__component_scales_lengthscale_only,2025-07-31,2,lengthscale_only,component_scales,mean_constant,mean_module.base_means.17.raw_constant,Parameter,0.01085059893272852,0.01085059893272852,0.01085059893272852
positive_beta_prior__component_scales_neither,2025-07-31,2,neither,component_scales,outputscale,covar_module.kernels.0.kernels.0,MaternKernel,0.0058750895242014305,0.0058750895242014305,0.0058750895242014305
positive_beta_prior__component_scales_neither,2025-07-31,2,neither,component_scales,lengthscale,covar_module.kernels.0.kernels.0.base_kernel,MaternKernel,0.2531982437114596,0.2531982437114596,0.2531982437114596
positive_beta_prior__component_scales_neither,2025-07-31,2,neither,component_scales,outputscale,covar_module.kernels.0.kernels.1,MaternKernel,0.0011680687928111496,0.0011680687928111496,0.0011680687928111496
positive_beta_prior__component_scales_neither,2025-07-31,2,neither,component_scales,lengthscale,covar_module.kernels.0.kernels.1.base_kernel,MaternKernel,0.9452916513347399,0.24209230471106225,2.0281480624470847
positive_beta_prior__component_scales_neither,2025-07-31,2,neither,component_scales,outputscale,covar_module.kernels.0.kernels.2,MaternKernel,1.1077333636130922,1.1077333636130922,1.1077333636130922
positive_beta_prior__component_scales_neither,2025-07-31,2,neither,component_scales,lengthscale,covar_module.kernels.0.kernels.2.base_kernel,MaternKernel,0.5447246405283089,0.11743439255088892,1.1971580114851468
positive_beta_prior__component_scales_neither,2025-07-31,2,neither,component_scales,outputscale,covar_module.kernels.0.kernels.3,RQKernel,0.006802591594129929,0.006802591594129929,0.006802591594129929
positive_beta_prior__component_scales_neither,2025-07-31,2,neither,component_scales,lengthscale,covar_module.kernels.0.kernels.3.base_kernel,RQKernel,0.7544708268956691,0.5001495371718279,0.9314707136804378
positive_beta_prior__component_scales_neither,2025-07-31,2,neither,component_scales,outputscale,covar_module.kernels.0.kernels.4,LinearKernel,0.008507992146442985,0.008507992146442985,0.008507992146442985
positive_beta_prior__component_scales_neither,2025-07-31,2,neither,component_scales,outputscale,covar_module.kernels.0.kernels.5,ProductKernel,0.03862475682981011,0.03862475682981011,0.03862475682981011
positive_beta_prior__component_scales_neither,2025-07-31,2,neither,component_scales,lengthscale,covar_module.kernels.0.kernels.5.base_kernel.kernels.0,MaternKernel,0.025759040833726196,0.025759040833726196,0.025759040833726196
positive_beta_prior__component_scales_neither,2025-07-31,2,neither,component_scales,lengthscale,covar_module.kernels.0.kernels.5.base_kernel.kernels.1,MaternKernel,1.168676679540592,0.47071066004653395,2.9942501630921674
positive_beta_prior__component_scales_neither,2025-07-31,2,neither,component_scales,outputscale,covar_module.kernels.0.kernels.6,ProductKernel,0.013461599700205775,0.013461599700205775,0.013461599700205775
positive_beta_prior__component_scales_neither,2025-07-31,2,neither,component_scales,lengthscale,covar_module.kernels.0.kernels.6.base_kernel.kernels.0,MaternKernel,0.07545762480664348,0.07545762480664348,0.07545762480664348
positive_beta_prior__component_scales_neither,2025-07-31,2,neither,component_scales,lengthscale,covar_module.kernels.0.kernels.6.base_kernel.kernels.1.kernels.0,MaternKernel,0.7487571463548044,0.6333503213892038,0.8352190856701716
positive_beta_prior__component_scales_neither,2025-07-31,2,neither,component_scales,lengthscale,covar_module.kernels.0.kernels.6.base_kernel.kernels.1.kernels.1,RQKernel,0.7651764265643285,0.6415835933738677,0.8432046348881538
positive_beta_prior__component_scales_neither,2025-07-31,2,neither,component_scales,outputscale,covar_module.kernels.0.kernels.7,ProductKernel,0.012656037025973002,0.012656037025973002,0.012656037025973002
positive_beta_prior__component_scales_neither,2025-07-31,2,neither,component_scales,lengthscale,covar_module.kernels.0.kernels.7.base_kernel.kernels.0.kernels.0,MaternKernel,0.6845593048706891,0.5428514514266403,0.8315406858413317
positive_beta_prior__component_scales_neither,2025-07-31,2,neither,component_scales,lengthscale,covar_module.kernels.0.kernels.7.base_kernel.kernels.0.kernels.1,RQKernel,0.6705166520440637,0.467112927496128,0.8392610553087966
positive_beta_prior__component_scales_neither,2025-07-31,2,neither,component_scales,lengthscale,covar_module.kernels.0.kernels.7.base_kernel.kernels.1,MaternKernel,1.4392766175438292,0.4706884910281588,3.900119238094035
positive_beta_prior__component_scales_neither,2025-07-31,2,neither,component_scales,likelihood_noise,likelihood,HadamardGaussianLikelihood,0.006538300037169532,0.005645451368693522,0.007299224527803587
positive_beta_prior__component_scales_neither,2025-07-31,2,neither,component_scales,mean_constant,mean_module.base_means.0.raw_constant,Parameter,-0.00012023946847498392,-0.00012023946847498392,-0.00012023946847498392
positive_beta_prior__component_scales_neither,2025-07-31,2,neither,component_scales,mean_constant,mean_module.base_means.1.raw_constant,Parameter,-0.000546103621089282,-0.000546103621089282,-0.000546103621089282
positive_beta_prior__component_scales_neither,2025-07-31,2,neither,component_scales,mean_constant,mean_module.base_means.2.raw_constant,Parameter,-0.007144035549186771,-0.007144035549186771,-0.007144035549186771
positive_beta_prior__component_scales_neither,2025-07-31,2,neither,component_scales,mean_constant,mean_module.base_means.3.raw_constant,Parameter,-0.04647213079867153,-0.04647213079867153,-0.04647213079867153
positive_beta_prior__component_scales_neither,2025-07-31,2,neither,component_scales,mean_constant,mean_module.base_means.4.raw_constant,Parameter,-0.05122919951406389,-0.05122919951406389,-0.05122919951406389
positive_beta_prior__component_scales_neither,2025-07-31,2,neither,component_scales,mean_constant,mean_module.base_means.5.raw_constant,Parameter,0.007333863211578882,0.007333863211578882,0.007333863211578882
positive_beta_prior__component_scales_neither,2025-07-31,2,neither,component_scales,mean_constant,mean_module.base_means.6.raw_constant,Parameter,-0.003618916229143624,-0.003618916229143624,-0.003618916229143624
positive_beta_prior__component_scales_neither,2025-07-31,2,neither,component_scales,mean_constant,mean_module.base_means.7.raw_constant,Parameter,0.024476778106598155,0.024476778106598155,0.024476778106598155
positive_beta_prior__component_scales_neither,2025-07-31,2,neither,component_scales,mean_constant,mean_module.base_means.8.raw_constant,Parameter,0.055744766446814864,0.055744766446814864,0.055744766446814864
positive_beta_prior__component_scales_neither,2025-07-31,2,neither,component_scales,mean_constant,mean_module.base_means.9.raw_constant,Parameter,-0.011115144334616378,-0.011115144334616378,-0.011115144334616378
positive_beta_prior__component_scales_neither,2025-07-31,2,neither,component_scales,mean_constant,mean_module.base_means.10.raw_constant,Parameter,0.05792139452352893,0.05792139452352893,0.05792139452352893
positive_beta_prior__component_scales_neither,2025-07-31,2,neither,component_scales,mean_constant,mean_module.base_means.11.raw_constant,Parameter,0.048089018740187624,0.048089018740187624,0.048089018740187624
positive_beta_prior__component_scales_neither,2025-07-31,2,neither,component_scales,mean_constant,mean_module.base_means.12.raw_constant,Parameter,-0.015177405541941722,-0.015177405541941722,-0.015177405541941722
positive_beta_prior__component_scales_neither,2025-07-31,2,neither,component_scales,mean_constant,mean_module.base_means.13.raw_constant,Parameter,0.03073811210774285,0.03073811210774285,0.03073811210774285
positive_beta_prior__component_scales_neither,2025-07-31,2,neither,component_scales,mean_constant,mean_module.base_means.14.raw_constant,Parameter,-0.07219679005741517,-0.07219679005741517,-0.07219679005741517
positive_beta_prior__component_scales_neither,2025-07-31,2,neither,component_scales,mean_constant,mean_module.base_means.15.raw_constant,Parameter,0.010786611028819238,0.010786611028819238,0.010786611028819238
positive_beta_prior__component_scales_neither,2025-07-31,2,neither,component_scales,mean_constant,mean_module.base_means.16.raw_constant,Parameter,0.023143029105365264,0.023143029105365264,0.023143029105365264
positive_beta_prior__component_scales_neither,2025-07-31,2,neither,component_scales,mean_constant,mean_module.base_means.17.raw_constant,Parameter,0.06223764404249795,0.06223764404249795,0.06223764404249795
positive_beta_prior__no_component_scales_lengthscale_only,2025-07-31,2,lengthscale_only,no_component_scales,time_varying_effective_lengthscale_train,covar_module.kernels.0,_Module,0.005398008018643124,0.0014604592928973968,0.013275963418343896
positive_beta_prior__no_component_scales_lengthscale_only,2025-07-31,2,lengthscale_only,no_component_scales,time_varying_effective_lengthscale_eval,covar_module.kernels.0,_Module,0.0013984821539834496,0.0013984821539834498,0.0013984821539834498
positive_beta_prior__no_component_scales_lengthscale_only,2025-07-31,2,lengthscale_only,no_component_scales,lengthscale,covar_module.kernels.0.base_kernel.kernels.0,MaternKernel,0.1410828714284887,0.1410828714284887,0.1410828714284887
positive_beta_prior__no_component_scales_lengthscale_only,2025-07-31,2,lengthscale_only,no_component_scales,lengthscale,covar_module.kernels.0.base_kernel.kernels.1,MaternKernel,2.1181174127472886,0.9684573975985566,4.098405183045111
positive_beta_prior__no_component_scales_lengthscale_only,2025-07-31,2,lengthscale_only,no_component_scales,lengthscale,covar_module.kernels.0.base_kernel.kernels.2,MaternKernel,0.6392404452201058,0.26905294451685635,0.9059123541458812
positive_beta_prior__no_component_scales_lengthscale_only,2025-07-31,2,lengthscale_only,no_component_scales,lengthscale,covar_module.kernels.0.base_kernel.kernels.3,RQKernel,0.687136957593418,0.25363063821714416,0.9490095480539188
positive_beta_prior__no_component_scales_lengthscale_only,2025-07-31,2,lengthscale_only,no_component_scales,lengthscale,covar_module.kernels.0.base_kernel.kernels.5.kernels.0,MaternKernel,0.04432080696546167,0.04432080696546167,0.04432080696546167
positive_beta_prior__no_component_scales_lengthscale_only,2025-07-31,2,lengthscale_only,no_component_scales,lengthscale,covar_module.kernels.0.base_kernel.kernels.5.kernels.1,MaternKernel,2.065277425529701,0.8516428093656268,3.8427276972305977
positive_beta_prior__no_component_scales_lengthscale_only,2025-07-31,2,lengthscale_only,no_component_scales,lengthscale,covar_module.kernels.0.base_kernel.kernels.6.kernels.0,MaternKernel,0.05854461735884379,0.05854461735884379,0.05854461735884379
positive_beta_prior__no_component_scales_lengthscale_only,2025-07-31,2,lengthscale_only,no_component_scales,lengthscale,covar_module.kernels.0.base_kernel.kernels.6.kernels.1.kernels.0,MaternKernel,0.68592476118792,0.5276468705431442,0.8459284151440031
positive_beta_prior__no_component_scales_lengthscale_only,2025-07-31,2,lengthscale_only,no_component_scales,lengthscale,covar_module.kernels.0.base_kernel.kernels.6.kernels.1.kernels.1,RQKernel,0.718821531168915,0.5462175264415625,0.860459284113295
positive_beta_prior__no_component_scales_lengthscale_only,2025-07-31,2,lengthscale_only,no_component_scales,lengthscale,covar_module.kernels.0.base_kernel.kernels.7.kernels.0.kernels.0,MaternKernel,0.6159410345339129,0.3622952910696937,0.906692492115526
positive_beta_prior__no_component_scales_lengthscale_only,2025-07-31,2,lengthscale_only,no_component_scales,lengthscale,covar_module.kernels.0.base_kernel.kernels.7.kernels.0.kernels.1,RQKernel,0.6199431119335181,0.2931845698090427,0.9746559859484458
positive_beta_prior__no_component_scales_lengthscale_only,2025-07-31,2,lengthscale_only,no_component_scales,lengthscale,covar_module.kernels.0.base_kernel.kernels.7.kernels.1,MaternKernel,2.9320067745298135,1.2574094627061247,6.009221037419287
positive_beta_prior__no_component_scales_lengthscale_only,2025-07-31,2,lengthscale_only,no_component_scales,likelihood_noise,likelihood,HadamardGaussianLikelihood,0.006451696845007931,0.005639013012703146,0.007318460313000862
positive_beta_prior__no_component_scales_lengthscale_only,2025-07-31,2,lengthscale_only,no_component_scales,mean_constant,mean_module.base_means.0.raw_constant,Parameter,-0.018991650776840636,-0.018991650776840636,-0.018991650776840636
positive_beta_prior__no_component_scales_lengthscale_only,2025-07-31,2,lengthscale_only,no_component_scales,mean_constant,mean_module.base_means.1.raw_constant,Parameter,-0.026839250535365324,-0.026839250535365324,-0.026839250535365324
positive_beta_prior__no_component_scales_lengthscale_only,2025-07-31,2,lengthscale_only,no_component_scales,mean_constant,mean_module.base_means.2.raw_constant,Parameter,0.10048092372010717,0.10048092372010717,0.10048092372010717
positive_beta_prior__no_component_scales_lengthscale_only,2025-07-31,2,lengthscale_only,no_component_scales,mean_constant,mean_module.base_means.3.raw_constant,Parameter,-0.07273980503444957,-0.07273980503444957,-0.07273980503444957
positive_beta_prior__no_component_scales_lengthscale_only,2025-07-31,2,lengthscale_only,no_component_scales,mean_constant,mean_module.base_means.4.raw_constant,Parameter,-0.1188155666145905,-0.1188155666145905,-0.1188155666145905
positive_beta_prior__no_component_scales_lengthscale_only,2025-07-31,2,lengthscale_only,no_component_scales,mean_constant,mean_module.base_means.5.raw_constant,Parameter,-0.03253639605232283,-0.03253639605232283,-0.03253639605232283
positive_beta_prior__no_component_scales_lengthscale_only,2025-07-31,2,lengthscale_only,no_component_scales,mean_constant,mean_module.base_means.6.raw_constant,Parameter,-0.13816974716345104,-0.13816974716345104,-0.13816974716345104
positive_beta_prior__no_component_scales_lengthscale_only,2025-07-31,2,lengthscale_only,no_component_scales,mean_constant,mean_module.base_means.7.raw_constant,Parameter,-0.063805467099527,-0.063805467099527,-0.063805467099527
positive_beta_prior__no_component_scales_lengthscale_only,2025-07-31,2,lengthscale_only,no_component_scales,mean_constant,mean_module.base_means.8.raw_constant,Parameter,-0.055308790758870394,-0.055308790758870394,-0.055308790758870394
positive_beta_prior__no_component_scales_lengthscale_only,2025-07-31,2,lengthscale_only,no_component_scales,mean_constant,mean_module.base_means.9.raw_constant,Parameter,-0.13053274845976218,-0.13053274845976218,-0.13053274845976218
positive_beta_prior__no_component_scales_lengthscale_only,2025-07-31,2,lengthscale_only,no_component_scales,mean_constant,mean_module.base_means.10.raw_constant,Parameter,-0.022853751094326802,-0.022853751094326802,-0.022853751094326802
positive_beta_prior__no_component_scales_lengthscale_only,2025-07-31,2,lengthscale_only,no_component_scales,mean_constant,mean_module.base_means.11.raw_constant,Parameter,-0.05368738139870926,-0.05368738139870926,-0.05368738139870926
positive_beta_prior__no_component_scales_lengthscale_only,2025-07-31,2,lengthscale_only,no_component_scales,mean_constant,mean_module.base_means.12.raw_constant,Parameter,-0.10124335966132356,-0.10124335966132356,-0.10124335966132356
positive_beta_prior__no_component_scales_lengthscale_only,2025-07-31,2,lengthscale_only,no_component_scales,mean_constant,mean_module.base_means.13.raw_constant,Parameter,-0.08306187618864982,-0.08306187618864982,-0.08306187618864982
positive_beta_prior__no_component_scales_lengthscale_only,2025-07-31,2,lengthscale_only,no_component_scales,mean_constant,mean_module.base_means.14.raw_constant,Parameter,-0.07241380968002108,-0.07241380968002108,-0.07241380968002108
positive_beta_prior__no_component_scales_lengthscale_only,2025-07-31,2,lengthscale_only,no_component_scales,mean_constant,mean_module.base_means.15.raw_constant,Parameter,-0.09830931643519138,-0.09830931643519138,-0.09830931643519138
positive_beta_prior__no_component_scales_lengthscale_only,2025-07-31,2,lengthscale_only,no_component_scales,mean_constant,mean_module.base_means.16.raw_constant,Parameter,-0.07327398419959333,-0.07327398419959333,-0.07327398419959333
positive_beta_prior__no_component_scales_lengthscale_only,2025-07-31,2,lengthscale_only,no_component_scales,mean_constant,mean_module.base_means.17.raw_constant,Parameter,0.014307373659490138,0.014307373659490138,0.014307373659490138
positive_beta_prior__no_component_scales_neither,2025-07-31,2,neither,no_component_scales,lengthscale,covar_module.kernels.0.kernels.0,MaternKernel,0.0468404948126899,0.0468404948126899,0.0468404948126899
positive_beta_prior__no_component_scales_neither,2025-07-31,2,neither,no_component_scales,lengthscale,covar_module.kernels.0.kernels.1,MaternKernel,2.7343970955771173,0.8322687282262149,5.41185105011013
positive_beta_prior__no_component_scales_neither,2025-07-31,2,neither,no_component_scales,lengthscale,covar_module.kernels.0.kernels.2,MaternKernel,0.59420205665594,0.21375215301214823,0.9235413002398514
positive_beta_prior__no_component_scales_neither,2025-07-31,2,neither,no_component_scales,lengthscale,covar_module.kernels.0.kernels.3,RQKernel,0.637509923339646,0.20206758922031465,0.9469889212035107
positive_beta_prior__no_component_scales_neither,2025-07-31,2,neither,no_component_scales,lengthscale,covar_module.kernels.0.kernels.5.kernels.0,MaternKernel,0.025626423020828144,0.025626423020828144,0.025626423020828144
positive_beta_prior__no_component_scales_neither,2025-07-31,2,neither,no_component_scales,lengthscale,covar_module.kernels.0.kernels.5.kernels.1,MaternKernel,2.606185806340499,1.0506911349243995,5.370394150602164
positive_beta_prior__no_component_scales_neither,2025-07-31,2,neither,no_component_scales,lengthscale,covar_module.kernels.0.kernels.6.kernels.0,MaternKernel,0.025437381295209147,0.025437381295209147,0.025437381295209147
positive_beta_prior__no_component_scales_neither,2025-07-31,2,neither,no_component_scales,lengthscale,covar_module.kernels.0.kernels.6.kernels.1.kernels.0,MaternKernel,0.6244865647559057,0.3547514829759226,0.8445256296977748
positive_beta_prior__no_component_scales_neither,2025-07-31,2,neither,no_component_scales,lengthscale,covar_module.kernels.0.kernels.6.kernels.1.kernels.1,RQKernel,0.636208156572045,0.32741614098446803,0.8611455396014394
positive_beta_prior__no_component_scales_neither,2025-07-31,2,neither,no_component_scales,lengthscale,covar_module.kernels.0.kernels.7.kernels.0.kernels.0,MaternKernel,0.5711766443581803,0.296655874646524,0.9105654946008646
positive_beta_prior__no_component_scales_neither,2025-07-31,2,neither,no_component_scales,lengthscale,covar_module.kernels.0.kernels.7.kernels.0.kernels.1,RQKernel,0.5733416279080034,0.2707618853377266,0.9471299457938335
positive_beta_prior__no_component_scales_neither,2025-07-31,2,neither,no_component_scales,lengthscale,covar_module.kernels.0.kernels.7.kernels.1,MaternKernel,4.000361339154668,1.7481276104083712,8.568641961877608
positive_beta_prior__no_component_scales_neither,2025-07-31,2,neither,no_component_scales,likelihood_noise,likelihood,HadamardGaussianLikelihood,0.0063716430635238,0.005497870792757714,0.007217405517762086
positive_beta_prior__no_component_scales_neither,2025-07-31,2,neither,no_component_scales,mean_constant,mean_module.base_means.0.raw_constant,Parameter,0.18489997250689694,0.18489997250689694,0.18489997250689694
positive_beta_prior__no_component_scales_neither,2025-07-31,2,neither,no_component_scales,mean_constant,mean_module.base_means.1.raw_constant,Parameter,0.24757513313336899,0.24757513313336899,0.24757513313336899
positive_beta_prior__no_component_scales_neither,2025-07-31,2,neither,no_component_scales,mean_constant,mean_module.base_means.2.raw_constant,Parameter,0.16104042234436058,0.16104042234436058,0.16104042234436058
positive_beta_prior__no_component_scales_neither,2025-07-31,2,neither,no_component_scales,mean_constant,mean_module.base_means.3.raw_constant,Parameter,0.07311597988570046,0.07311597988570046,0.07311597988570046
positive_beta_prior__no_component_scales_neither,2025-07-31,2,neither,no_component_scales,mean_constant,mean_module.base_means.4.raw_constant,Parameter,0.04952587008190267,0.04952587008190267,0.04952587008190267
positive_beta_prior__no_component_scales_neither,2025-07-31,2,neither,no_component_scales,mean_constant,mean_module.base_means.5.raw_constant,Parameter,0.09847446251898924,0.09847446251898924,0.09847446251898924
positive_beta_prior__no_component_scales_neither,2025-07-31,2,neither,no_component_scales,mean_constant,mean_module.base_means.6.raw_constant,Parameter,0.02366356528049942,0.02366356528049942,0.02366356528049942
positive_beta_prior__no_component_scales_neither,2025-07-31,2,neither,no_component_scales,mean_constant,mean_module.base_means.7.raw_constant,Parameter,0.06768717945179073,0.06768717945179073,0.06768717945179073
positive_beta_prior__no_component_scales_neither,2025-07-31,2,neither,no_component_scales,mean_constant,mean_module.base_means.8.raw_constant,Parameter,-0.071855238537087,-0.071855238537087,-0.071855238537087
positive_beta_prior__no_component_scales_neither,2025-07-31,2,neither,no_component_scales,mean_constant,mean_module.base_means.9.raw_constant,Parameter,0.033051485090666376,0.033051485090666376,0.033051485090666376
positive_beta_prior__no_component_scales_neither,2025-07-31,2,neither,no_component_scales,mean_constant,mean_module.base_means.10.raw_constant,Parameter,0.09332616279565768,0.09332616279565768,0.09332616279565768
positive_beta_prior__no_component_scales_neither,2025-07-31,2,neither,no_component_scales,mean_constant,mean_module.base_means.11.raw_constant,Parameter,0.08874031065989767,0.08874031065989767,0.08874031065989767
positive_beta_prior__no_component_scales_neither,2025-07-31,2,neither,no_component_scales,mean_constant,mean_module.base_means.12.raw_constant,Parameter,0.13483053884248414,0.13483053884248414,0.13483053884248414
positive_beta_prior__no_component_scales_neither,2025-07-31,2,neither,no_component_scales,mean_constant,mean_module.base_means.13.raw_constant,Parameter,0.05937822037586618,0.05937822037586618,0.05937822037586618
positive_beta_prior__no_component_scales_neither,2025-07-31,2,neither,no_component_scales,mean_constant,mean_module.base_means.14.raw_constant,Parameter,0.12502903865601267,0.12502903865601267,0.12502903865601267
positive_beta_prior__no_component_scales_neither,2025-07-31,2,neither,no_component_scales,mean_constant,mean_module.base_means.15.raw_constant,Parameter,-0.0403809904748359,-0.0403809904748359,-0.0403809904748359
positive_beta_prior__no_component_scales_neither,2025-07-31,2,neither,no_component_scales,mean_constant,mean_module.base_means.16.raw_constant,Parameter,0.015086830626423086,0.015086830626423086,0.015086830626423086
positive_beta_prior__no_component_scales_neither,2025-07-31,2,neither,no_component_scales,mean_constant,mean_module.base_means.17.raw_constant,Parameter,-0.007819659755571572,-0.007819659755571572,-0.007819659755571572
positive_beta_prior__global_scale_lengthscale_only,2025-07-31,2,lengthscale_only,global_scale,outputscale,covar_module.kernels.0,_Module,0.019067732608347758,0.019067732608347758,0.019067732608347758
positive_beta_prior__global_scale_lengthscale_only,2025-07-31,2,lengthscale_only,global_scale,time_varying_effective_lengthscale_train,covar_module.kernels.0.base_kernel,_Module,0.00033617844715892465,2.3540046723334215e-05,0.0013575337052282148
positive_beta_prior__global_scale_lengthscale_only,2025-07-31,2,lengthscale_only,global_scale,time_varying_effective_lengthscale_eval,covar_module.kernels.0.base_kernel,_Module,2.1740710385375546e-05,2.1740710385375546e-05,2.1740710385375546e-05
positive_beta_prior__global_scale_lengthscale_only,2025-07-31,2,lengthscale_only,global_scale,lengthscale,covar_module.kernels.0.base_kernel.base_kernel.kernels.0,MaternKernel,0.11756846664658116,0.11756846664658116,0.11756846664658116
positive_beta_prior__global_scale_lengthscale_only,2025-07-31,2,lengthscale_only,global_scale,lengthscale,covar_module.kernels.0.base_kernel.base_kernel.kernels.1,MaternKernel,1.1012525408801637,0.42438612884761034,2.2451779783248718
positive_beta_prior__global_scale_lengthscale_only,2025-07-31,2,lengthscale_only,global_scale,lengthscale,covar_module.kernels.0.base_kernel.base_kernel.kernels.2,MaternKernel,0.7371863256884892,0.5972238586568512,0.8386415960367041
positive_beta_prior__global_scale_lengthscale_only,2025-07-31,2,lengthscale_only,global_scale,lengthscale,covar_module.kernels.0.base_kernel.base_kernel.kernels.3,RQKernel,0.7431836639109893,0.5829094504954621,0.8408352378472619
positive_beta_prior__global_scale_lengthscale_only,2025-07-31,2,lengthscale_only,global_scale,lengthscale,covar_module.kernels.0.base_kernel.base_kernel.kernels.5.kernels.0,MaternKernel,0.09038297058145456,0.09038297058145456,0.09038297058145456
positive_beta_prior__global_scale_lengthscale_only,2025-07-31,2,lengthscale_only,global_scale,lengthscale,covar_module.kernels.0.base_kernel.base_kernel.kernels.5.kernels.1,MaternKernel,1.0558143395526964,0.5402889313666888,2.1973158459208117
positive_beta_prior__global_scale_lengthscale_only,2025-07-31,2,lengthscale_only,global_scale,lengthscale,covar_module.kernels.0.base_kernel.base_kernel.kernels.6.kernels.0,MaternKernel,0.03194405267270738,0.03194405267270738,0.03194405267270738
positive_beta_prior__global_scale_lengthscale_only,2025-07-31,2,lengthscale_only,global_scale,lengthscale,covar_module.kernels.0.base_kernel.base_kernel.kernels.6.kernels.1.kernels.0,MaternKernel,0.7904830183719969,0.7574381558006561,0.8222571835474297
positive_beta_prior__global_scale_lengthscale_only,2025-07-31,2,lengthscale_only,global_scale,lengthscale,covar_module.kernels.0.base_kernel.base_kernel.kernels.6.kernels.1.kernels.1,RQKernel,0.7942843182212107,0.7618113471683492,0.823858686393633
positive_beta_prior__global_scale_lengthscale_only,2025-07-31,2,lengthscale_only,global_scale,lengthscale,covar_module.kernels.0.base_kernel.base_kernel.kernels.7.kernels.0.kernels.0,MaternKernel,0.7167409716997275,0.6459207882494705,0.8440672631684991
positive_beta_prior__global_scale_lengthscale_only,2025-07-31,2,lengthscale_only,global_scale,lengthscale,covar_module.kernels.0.base_kernel.base_kernel.kernels.7.kernels.0.kernels.1,RQKernel,0.7028286758955471,0.6002134603180638,0.8539783699996822
positive_beta_prior__global_scale_lengthscale_only,2025-07-31,2,lengthscale_only,global_scale,lengthscale,covar_module.kernels.0.base_kernel.base_kernel.kernels.7.kernels.1,MaternKernel,1.527465026100132,0.7636902570577944,3.5076541996154886
positive_beta_prior__global_scale_lengthscale_only,2025-07-31,2,lengthscale_only,global_scale,likelihood_noise,likelihood,HadamardGaussianLikelihood,0.006496651742551645,0.005687277505677933,0.007004931564109105
positive_beta_prior__global_scale_lengthscale_only,2025-07-31,2,lengthscale_only,global_scale,mean_constant,mean_module.base_means.0.raw_constant,Parameter,0.06451432940788564,0.06451432940788564,0.06451432940788564
positive_beta_prior__global_scale_lengthscale_only,2025-07-31,2,lengthscale_only,global_scale,mean_constant,mean_module.base_means.1.raw_constant,Parameter,0.053877727542335635,0.053877727542335635,0.053877727542335635
positive_beta_prior__global_scale_lengthscale_only,2025-07-31,2,lengthscale_only,global_scale,mean_constant,mean_module.base_means.2.raw_constant,Parameter,0.036431954274015736,0.036431954274015736,0.036431954274015736
positive_beta_prior__global_scale_lengthscale_only,2025-07-31,2,lengthscale_only,global_scale,mean_constant,mean_module.base_means.3.raw_constant,Parameter,-0.01522292302457827,-0.01522292302457827,-0.01522292302457827
positive_beta_prior__global_scale_lengthscale_only,2025-07-31,2,lengthscale_only,global_scale,mean_constant,mean_module.base_means.4.raw_constant,Parameter,-0.033113440084214275,-0.033113440084214275,-0.033113440084214275
positive_beta_prior__global_scale_lengthscale_only,2025-07-31,2,lengthscale_only,global_scale,mean_constant,mean_module.base_means.5.raw_constant,Parameter,-0.04860061555690089,-0.04860061555690089,-0.04860061555690089
positive_beta_prior__global_scale_lengthscale_only,2025-07-31,2,lengthscale_only,global_scale,mean_constant,mean_module.base_means.6.raw_constant,Parameter,-0.06500525370670228,-0.06500525370670228,-0.06500525370670228
positive_beta_prior__global_scale_lengthscale_only,2025-07-31,2,lengthscale_only,global_scale,mean_constant,mean_module.base_means.7.raw_constant,Parameter,0.008637990100361056,0.008637990100361056,0.008637990100361056
positive_beta_prior__global_scale_lengthscale_only,2025-07-31,2,lengthscale_only,global_scale,mean_constant,mean_module.base_means.8.raw_constant,Parameter,-0.05339311224461783,-0.05339311224461783,-0.05339311224461783
positive_beta_prior__global_scale_lengthscale_only,2025-07-31,2,lengthscale_only,global_scale,mean_constant,mean_module.base_means.9.raw_constant,Parameter,-0.03974503069799825,-0.03974503069799825,-0.03974503069799825
positive_beta_prior__global_scale_lengthscale_only,2025-07-31,2,lengthscale_only,global_scale,mean_constant,mean_module.base_means.10.raw_constant,Parameter,-0.03756136216227788,-0.03756136216227788,-0.03756136216227788
positive_beta_prior__global_scale_lengthscale_only,2025-07-31,2,lengthscale_only,global_scale,mean_constant,mean_module.base_means.11.raw_constant,Parameter,-0.058816836417207904,-0.058816836417207904,-0.058816836417207904
positive_beta_prior__global_scale_lengthscale_only,2025-07-31,2,lengthscale_only,global_scale,mean_constant,mean_module.base_means.12.raw_constant,Parameter,-0.05625484032603475,-0.05625484032603475,-0.05625484032603475
positive_beta_prior__global_scale_lengthscale_only,2025-07-31,2,lengthscale_only,global_scale,mean_constant,mean_module.base_means.13.raw_constant,Parameter,-0.05011212077776598,-0.05011212077776598,-0.05011212077776598
positive_beta_prior__global_scale_lengthscale_only,2025-07-31,2,lengthscale_only,global_scale,mean_constant,mean_module.base_means.14.raw_constant,Parameter,-0.028598565794809398,-0.028598565794809398,-0.028598565794809398
positive_beta_prior__global_scale_lengthscale_only,2025-07-31,2,lengthscale_only,global_scale,mean_constant,mean_module.base_means.15.raw_constant,Parameter,-0.01574276841381613,-0.01574276841381613,-0.01574276841381613
positive_beta_prior__global_scale_lengthscale_only,2025-07-31,2,lengthscale_only,global_scale,mean_constant,mean_module.base_means.16.raw_constant,Parameter,-0.025472380550832688,-0.025472380550832688,-0.025472380550832688
positive_beta_prior__global_scale_lengthscale_only,2025-07-31,2,lengthscale_only,global_scale,mean_constant,mean_module.base_means.17.raw_constant,Parameter,0.007678763593123122,0.007678763593123122,0.007678763593123122
positive_beta_prior__global_scale_neither,2025-07-31,2,neither,global_scale,outputscale,covar_module.kernels.0,AdditiveKernel,0.03490979002577539,0.03490979002577539,0.03490979002577539
positive_beta_prior__global_scale_neither,2025-07-31,2,neither,global_scale,lengthscale,covar_module.kernels.0.base_kernel.kernels.0,MaternKernel,0.05763458380463837,0.05763458380463837,0.05763458380463837
positive_beta_prior__global_scale_neither,2025-07-31,2,neither,global_scale,lengthscale,covar_module.kernels.0.base_kernel.kernels.1,MaternKernel,1.4857435993277341,0.31615734159357795,3.3875110142742795
positive_beta_prior__global_scale_neither,2025-07-31,2,neither,global_scale,lengthscale,covar_module.kernels.0.base_kernel.kernels.2,MaternKernel,0.6534408517679358,0.42845581331560423,0.8412871116359973
positive_beta_prior__global_scale_neither,2025-07-31,2,neither,global_scale,lengthscale,covar_module.kernels.0.base_kernel.kernels.3,RQKernel,0.6699744278000859,0.40886062269181567,0.848451545809488
positive_beta_prior__global_scale_neither,2025-07-31,2,neither,global_scale,lengthscale,covar_module.kernels.0.base_kernel.kernels.5.kernels.0,MaternKernel,0.028720087294775182,0.028720087294775182,0.028720087294775182
positive_beta_prior__global_scale_neither,2025-07-31,2,neither,global_scale,lengthscale,covar_module.kernels.0.base_kernel.kernels.5.kernels.1,MaternKernel,1.2824714995914794,0.4330980135052524,2.926286775210266
positive_beta_prior__global_scale_neither,2025-07-31,2,neither,global_scale,lengthscale,covar_module.kernels.0.base_kernel.kernels.6.kernels.0,MaternKernel,0.02502470812758288,0.02502470812758288,0.02502470812758288
positive_beta_prior__global_scale_neither,2025-07-31,2,neither,global_scale,lengthscale,covar_module.kernels.0.base_kernel.kernels.6.kernels.1.kernels.0,MaternKernel,0.6955629640245078,0.5565781497971711,0.8253533727794822
positive_beta_prior__global_scale_neither,2025-07-31,2,neither,global_scale,lengthscale,covar_module.kernels.0.base_kernel.kernels.6.kernels.1.kernels.1,RQKernel,0.6965643455286208,0.5428317289125555,0.8305922683494558
positive_beta_prior__global_scale_neither,2025-07-31,2,neither,global_scale,lengthscale,covar_module.kernels.0.base_kernel.kernels.7.kernels.0.kernels.0,MaternKernel,0.6222407480867154,0.4820727358817657,0.8433798064462381
positive_beta_prior__global_scale_neither,2025-07-31,2,neither,global_scale,lengthscale,covar_module.kernels.0.base_kernel.kernels.7.kernels.0.kernels.1,RQKernel,0.6024320951708872,0.4093910843195243,0.8634963763221052
positive_beta_prior__global_scale_neither,2025-07-31,2,neither,global_scale,lengthscale,covar_module.kernels.0.base_kernel.kernels.7.kernels.1,MaternKernel,2.0184434354187824,0.3241994466228305,4.92192409108565
positive_beta_prior__global_scale_neither,2025-07-31,2,neither,global_scale,likelihood_noise,likelihood,HadamardGaussianLikelihood,0.006501320266037141,0.0055766412941507006,0.007880531696587478
positive_beta_prior__global_scale_neither,2025-07-31,2,neither,global_scale,mean_constant,mean_module.base_means.0.raw_constant,Parameter,0.04684549922832329,0.04684549922832329,0.04684549922832329
positive_beta_prior__global_scale_neither,2025-07-31,2,neither,global_scale,mean_constant,mean_module.base_means.1.raw_constant,Parameter,0.011915255287429998,0.011915255287429998,0.011915255287429998
positive_beta_prior__global_scale_neither,2025-07-31,2,neither,global_scale,mean_constant,mean_module.base_means.2.raw_constant,Parameter,0.044700876238391744,0.044700876238391744,0.044700876238391744
positive_beta_prior__global_scale_neither,2025-07-31,2,neither,global_scale,mean_constant,mean_module.base_means.3.raw_constant,Parameter,-0.04335563315569549,-0.04335563315569549,-0.04335563315569549
positive_beta_prior__global_scale_neither,2025-07-31,2,neither,global_scale,mean_constant,mean_module.base_means.4.raw_constant,Parameter,-0.059102663870301816,-0.059102663870301816,-0.059102663870301816
positive_beta_prior__global_scale_neither,2025-07-31,2,neither,global_scale,mean_constant,mean_module.base_means.5.raw_constant,Parameter,-0.0644377577716132,-0.0644377577716132,-0.0644377577716132
positive_beta_prior__global_scale_neither,2025-07-31,2,neither,global_scale,mean_constant,mean_module.base_means.6.raw_constant,Parameter,-0.04304004796797077,-0.04304004796797077,-0.04304004796797077
positive_beta_prior__global_scale_neither,2025-07-31,2,neither,global_scale,mean_constant,mean_module.base_means.7.raw_constant,Parameter,-0.009064709856011228,-0.009064709856011228,-0.009064709856011228
positive_beta_prior__global_scale_neither,2025-07-31,2,neither,global_scale,mean_constant,mean_module.base_means.8.raw_constant,Parameter,-0.031372083589066756,-0.031372083589066756,-0.031372083589066756
positive_beta_prior__global_scale_neither,2025-07-31,2,neither,global_scale,mean_constant,mean_module.base_means.9.raw_constant,Parameter,-0.059843142573410835,-0.059843142573410835,-0.059843142573410835
positive_beta_prior__global_scale_neither,2025-07-31,2,neither,global_scale,mean_constant,mean_module.base_means.10.raw_constant,Parameter,0.02773258326819241,0.02773258326819241,0.02773258326819241
positive_beta_prior__global_scale_neither,2025-07-31,2,neither,global_scale,mean_constant,mean_module.base_means.11.raw_constant,Parameter,0.040584781816652565,0.040584781816652565,0.040584781816652565
positive_beta_prior__global_scale_neither,2025-07-31,2,neither,global_scale,mean_constant,mean_module.base_means.12.raw_constant,Parameter,-0.006580813282245823,-0.006580813282245823,-0.006580813282245823
positive_beta_prior__global_scale_neither,2025-07-31,2,neither,global_scale,mean_constant,mean_module.base_means.13.raw_constant,Parameter,-0.015719208639428477,-0.015719208639428477,-0.015719208639428477
positive_beta_prior__global_scale_neither,2025-07-31,2,neither,global_scale,mean_constant,mean_module.base_means.14.raw_constant,Parameter,-0.08248942913401452,-0.08248942913401452,-0.08248942913401452
positive_beta_prior__global_scale_neither,2025-07-31,2,neither,global_scale,mean_constant,mean_module.base_means.15.raw_constant,Parameter,-0.04495325308610561,-0.04495325308610561,-0.04495325308610561
positive_beta_prior__global_scale_neither,2025-07-31,2,neither,global_scale,mean_constant,mean_module.base_means.16.raw_constant,Parameter,-0.05552761511211892,-0.05552761511211892,-0.05552761511211892
positive_beta_prior__global_scale_neither,2025-07-31,2,neither,global_scale,mean_constant,mean_module.base_means.17.raw_constant,Parameter,-0.00022535898866796536,-0.00022535898866796536,-0.00022535898866796536
positive_beta_prior__component_scales_lengthscale_only,2025-08-29,3,lengthscale_only,component_scales,time_varying_effective_lengthscale_train,covar_module.kernels.0,_Module,0.009253263356144618,0.0020679083007227204,0.024804810840916573
positive_beta_prior__component_scales_lengthscale_only,2025-08-29,3,lengthscale_only,component_scales,time_varying_effective_lengthscale_eval,covar_module.kernels.0,_Module,0.001971092737018276,0.001971092737018276,0.001971092737018276
positive_beta_prior__component_scales_lengthscale_only,2025-08-29,3,lengthscale_only,component_scales,outputscale,covar_module.kernels.0.base_kernel.kernels.0,MaternKernel,0.14723493352367426,0.14723493352367426,0.14723493352367426
positive_beta_prior__component_scales_lengthscale_only,2025-08-29,3,lengthscale_only,component_scales,lengthscale,covar_module.kernels.0.base_kernel.kernels.0.base_kernel,MaternKernel,0.1914198967303308,0.1914198967303308,0.1914198967303308
positive_beta_prior__component_scales_lengthscale_only,2025-08-29,3,lengthscale_only,component_scales,outputscale,covar_module.kernels.0.base_kernel.kernels.1,MaternKernel,0.0019089903879044474,0.0019089903879044474,0.0019089903879044474
positive_beta_prior__component_scales_lengthscale_only,2025-08-29,3,lengthscale_only,component_scales,lengthscale,covar_module.kernels.0.base_kernel.kernels.1.base_kernel,MaternKernel,0.9010072358896178,0.3167243681727179,1.7102462322975376
positive_beta_prior__component_scales_lengthscale_only,2025-08-29,3,lengthscale_only,component_scales,outputscale,covar_module.kernels.0.base_kernel.kernels.2,MaternKernel,0.7108976876536918,0.7108976876536918,0.7108976876536918
positive_beta_prior__component_scales_lengthscale_only,2025-08-29,3,lengthscale_only,component_scales,lengthscale,covar_module.kernels.0.base_kernel.kernels.2.base_kernel,MaternKernel,0.5615618498010438,0.11799853354732098,1.0706825046232038
positive_beta_prior__component_scales_lengthscale_only,2025-08-29,3,lengthscale_only,component_scales,outputscale,covar_module.kernels.0.base_kernel.kernels.3,RQKernel,0.00977978823815793,0.00977978823815793,0.00977978823815793
positive_beta_prior__component_scales_lengthscale_only,2025-08-29,3,lengthscale_only,component_scales,lengthscale,covar_module.kernels.0.base_kernel.kernels.3.base_kernel,RQKernel,0.7631488668953623,0.5210993451234582,0.9176421590862792
positive_beta_prior__component_scales_lengthscale_only,2025-08-29,3,lengthscale_only,component_scales,outputscale,covar_module.kernels.0.base_kernel.kernels.4,LinearKernel,0.015885401913552286,0.015885401913552286,0.015885401913552286
positive_beta_prior__component_scales_lengthscale_only,2025-08-29,3,lengthscale_only,component_scales,outputscale,covar_module.kernels.0.base_kernel.kernels.5,ProductKernel,0.06455967656376431,0.06455967656376431,0.06455967656376431
positive_beta_prior__component_scales_lengthscale_only,2025-08-29,3,lengthscale_only,component_scales,lengthscale,covar_module.kernels.0.base_kernel.kernels.5.base_kernel.kernels.0,MaternKernel,0.03029824792089896,0.03029824792089896,0.03029824792089896
positive_beta_prior__component_scales_lengthscale_only,2025-08-29,3,lengthscale_only,component_scales,lengthscale,covar_module.kernels.0.base_kernel.kernels.5.base_kernel.kernels.1,MaternKernel,1.1854165205244924,0.3428630111283963,3.1179375147530526
positive_beta_prior__component_scales_lengthscale_only,2025-08-29,3,lengthscale_only,component_scales,outputscale,covar_module.kernels.0.base_kernel.kernels.6,ProductKernel,0.016495419625234875,0.016495419625234875,0.016495419625234875
positive_beta_prior__component_scales_lengthscale_only,2025-08-29,3,lengthscale_only,component_scales,lengthscale,covar_module.kernels.0.base_kernel.kernels.6.base_kernel.kernels.0,MaternKernel,0.20653101653863618,0.20653101653863618,0.20653101653863618
positive_beta_prior__component_scales_lengthscale_only,2025-08-29,3,lengthscale_only,component_scales,lengthscale,covar_module.kernels.0.base_kernel.kernels.6.base_kernel.kernels.1.kernels.0,MaternKernel,0.7857610497197283,0.7243970687311744,0.8291441495392694
positive_beta_prior__component_scales_lengthscale_only,2025-08-29,3,lengthscale_only,component_scales,lengthscale,covar_module.kernels.0.base_kernel.kernels.6.base_kernel.kernels.1.kernels.1,RQKernel,0.7949166199666435,0.7295960766956693,0.8357932391576339
positive_beta_prior__component_scales_lengthscale_only,2025-08-29,3,lengthscale_only,component_scales,outputscale,covar_module.kernels.0.base_kernel.kernels.7,ProductKernel,0.00417599443510739,0.00417599443510739,0.00417599443510739
positive_beta_prior__component_scales_lengthscale_only,2025-08-29,3,lengthscale_only,component_scales,lengthscale,covar_module.kernels.0.base_kernel.kernels.7.base_kernel.kernels.0.kernels.0,MaternKernel,0.7496861427008362,0.6796072977319678,0.8672801299119328
positive_beta_prior__component_scales_lengthscale_only,2025-08-29,3,lengthscale_only,component_scales,lengthscale,covar_module.kernels.0.base_kernel.kernels.7.base_kernel.kernels.0.kernels.1,RQKernel,0.7462052008316004,0.659406030380021,0.8745948133790515
positive_beta_prior__component_scales_lengthscale_only,2025-08-29,3,lengthscale_only,component_scales,lengthscale,covar_module.kernels.0.base_kernel.kernels.7.base_kernel.kernels.1,MaternKernel,1.1393474270929547,0.40345453285716093,3.106673899324951
positive_beta_prior__component_scales_lengthscale_only,2025-08-29,3,lengthscale_only,component_scales,likelihood_noise,likelihood,HadamardGaussianLikelihood,0.006544567321385948,0.005648054177811536,0.007140151827120608
positive_beta_prior__component_scales_lengthscale_only,2025-08-29,3,lengthscale_only,component_scales,mean_constant,mean_module.base_means.0.raw_constant,Parameter,0.01579231166357136,0.01579231166357136,0.01579231166357136
positive_beta_prior__component_scales_lengthscale_only,2025-08-29,3,lengthscale_only,component_scales,mean_constant,mean_module.base_means.1.raw_constant,Parameter,0.011804188255655388,0.011804188255655388,0.011804188255655388
positive_beta_prior__component_scales_lengthscale_only,2025-08-29,3,lengthscale_only,component_scales,mean_constant,mean_module.base_means.2.raw_constant,Parameter,-0.007704269264198696,-0.007704269264198696,-0.007704269264198696
positive_beta_prior__component_scales_lengthscale_only,2025-08-29,3,lengthscale_only,component_scales,mean_constant,mean_module.base_means.3.raw_constant,Parameter,-0.050190244066841895,-0.050190244066841895,-0.050190244066841895
positive_beta_prior__component_scales_lengthscale_only,2025-08-29,3,lengthscale_only,component_scales,mean_constant,mean_module.base_means.4.raw_constant,Parameter,-0.05467717705704325,-0.05467717705704325,-0.05467717705704325
positive_beta_prior__component_scales_lengthscale_only,2025-08-29,3,lengthscale_only,component_scales,mean_constant,mean_module.base_means.5.raw_constant,Parameter,0.015842464338877177,0.015842464338877177,0.015842464338877177
positive_beta_prior__component_scales_lengthscale_only,2025-08-29,3,lengthscale_only,component_scales,mean_constant,mean_module.base_means.6.raw_constant,Parameter,-0.013052003259619055,-0.013052003259619055,-0.013052003259619055
positive_beta_prior__component_scales_lengthscale_only,2025-08-29,3,lengthscale_only,component_scales,mean_constant,mean_module.base_means.7.raw_constant,Parameter,0.024367120867845142,0.024367120867845142,0.024367120867845142
positive_beta_prior__component_scales_lengthscale_only,2025-08-29,3,lengthscale_only,component_scales,mean_constant,mean_module.base_means.8.raw_constant,Parameter,0.02074645786907646,0.02074645786907646,0.02074645786907646
positive_beta_prior__component_scales_lengthscale_only,2025-08-29,3,lengthscale_only,component_scales,mean_constant,mean_module.base_means.9.raw_constant,Parameter,-0.005066227891773597,-0.005066227891773597,-0.005066227891773597
positive_beta_prior__component_scales_lengthscale_only,2025-08-29,3,lengthscale_only,component_scales,mean_constant,mean_module.base_means.10.raw_constant,Parameter,0.04306414915647609,0.04306414915647609,0.04306414915647609
positive_beta_prior__component_scales_lengthscale_only,2025-08-29,3,lengthscale_only,component_scales,mean_constant,mean_module.base_means.11.raw_constant,Parameter,0.04562725526701991,0.04562725526701991,0.04562725526701991
positive_beta_prior__component_scales_lengthscale_only,2025-08-29,3,lengthscale_only,component_scales,mean_constant,mean_module.base_means.12.raw_constant,Parameter,-0.026725446109073188,-0.026725446109073188,-0.026725446109073188
positive_beta_prior__component_scales_lengthscale_only,2025-08-29,3,lengthscale_only,component_scales,mean_constant,mean_module.base_means.13.raw_constant,Parameter,0.03494097614583419,0.03494097614583419,0.03494097614583419
positive_beta_prior__component_scales_lengthscale_only,2025-08-29,3,lengthscale_only,component_scales,mean_constant,mean_module.base_means.14.raw_constant,Parameter,-0.02108192424024391,-0.02108192424024391,-0.02108192424024391
positive_beta_prior__component_scales_lengthscale_only,2025-08-29,3,lengthscale_only,component_scales,mean_constant,mean_module.base_means.15.raw_constant,Parameter,-0.021735565937216345,-0.021735565937216345,-0.021735565937216345
positive_beta_prior__component_scales_lengthscale_only,2025-08-29,3,lengthscale_only,component_scales,mean_constant,mean_module.base_means.16.raw_constant,Parameter,0.033100567365611996,0.033100567365611996,0.033100567365611996
positive_beta_prior__component_scales_lengthscale_only,2025-08-29,3,lengthscale_only,component_scales,mean_constant,mean_module.base_means.17.raw_constant,Parameter,0.03567148076375829,0.03567148076375829,0.03567148076375829
positive_beta_prior__component_scales_neither,2025-08-29,3,neither,component_scales,outputscale,covar_module.kernels.0.kernels.0,MaternKernel,0.011022955135684976,0.011022955135684976,0.011022955135684976
positive_beta_prior__component_scales_neither,2025-08-29,3,neither,component_scales,lengthscale,covar_module.kernels.0.kernels.0.base_kernel,MaternKernel,0.19596038506924457,0.19596038506924457,0.19596038506924457
positive_beta_prior__component_scales_neither,2025-08-29,3,neither,component_scales,outputscale,covar_module.kernels.0.kernels.1,MaternKernel,0.0021537365328556245,0.0021537365328556245,0.0021537365328556245
positive_beta_prior__component_scales_neither,2025-08-29,3,neither,component_scales,lengthscale,covar_module.kernels.0.kernels.1.base_kernel,MaternKernel,0.8875579840841975,0.33332745737471986,1.6650118239764764
positive_beta_prior__component_scales_neither,2025-08-29,3,neither,component_scales,outputscale,covar_module.kernels.0.kernels.2,MaternKernel,0.9999678287653962,0.9999678287653962,0.9999678287653962
positive_beta_prior__component_scales_neither,2025-08-29,3,neither,component_scales,lengthscale,covar_module.kernels.0.kernels.2.base_kernel,MaternKernel,0.4876577437141169,0.12346225792163366,0.9952579342378339
positive_beta_prior__component_scales_neither,2025-08-29,3,neither,component_scales,outputscale,covar_module.kernels.0.kernels.3,RQKernel,0.010910526795622143,0.010910526795622143,0.010910526795622143
positive_beta_prior__component_scales_neither,2025-08-29,3,neither,component_scales,lengthscale,covar_module.kernels.0.kernels.3.base_kernel,RQKernel,0.7643941477298462,0.5762892678390161,0.9002747639809183
positive_beta_prior__component_scales_neither,2025-08-29,3,neither,component_scales,outputscale,covar_module.kernels.0.kernels.4,LinearKernel,0.025762466175499182,0.025762466175499182,0.025762466175499182
positive_beta_prior__component_scales_neither,2025-08-29,3,neither,component_scales,outputscale,covar_module.kernels.0.kernels.5,ProductKernel,0.047997281988182726,0.047997281988182726,0.047997281988182726
positive_beta_prior__component_scales_neither,2025-08-29,3,neither,component_scales,lengthscale,covar_module.kernels.0.kernels.5.base_kernel.kernels.0,MaternKernel,0.03029427220414199,0.03029427220414199,0.03029427220414199
positive_beta_prior__component_scales_neither,2025-08-29,3,neither,component_scales,lengthscale,covar_module.kernels.0.kernels.5.base_kernel.kernels.1,MaternKernel,1.084783929853697,0.35198957584244117,2.5396120862348903
positive_beta_prior__component_scales_neither,2025-08-29,3,neither,component_scales,outputscale,covar_module.kernels.0.kernels.6,ProductKernel,0.01256741937200041,0.01256741937200041,0.01256741937200041
positive_beta_prior__component_scales_neither,2025-08-29,3,neither,component_scales,lengthscale,covar_module.kernels.0.kernels.6.base_kernel.kernels.0,MaternKernel,0.12039477448938068,0.12039477448938068,0.12039477448938068
positive_beta_prior__component_scales_neither,2025-08-29,3,neither,component_scales,lengthscale,covar_module.kernels.0.kernels.6.base_kernel.kernels.1.kernels.0,MaternKernel,0.7751364806125612,0.7066297021488877,0.8309373095777584
positive_beta_prior__component_scales_neither,2025-08-29,3,neither,component_scales,lengthscale,covar_module.kernels.0.kernels.6.base_kernel.kernels.1.kernels.1,RQKernel,0.7878225742932851,0.7139043033021532,0.8372275942449898
positive_beta_prior__component_scales_neither,2025-08-29,3,neither,component_scales,outputscale,covar_module.kernels.0.kernels.7,ProductKernel,0.0070540212786246136,0.0070540212786246136,0.0070540212786246136
positive_beta_prior__component_scales_neither,2025-08-29,3,neither,component_scales,lengthscale,covar_module.kernels.0.kernels.7.base_kernel.kernels.0.kernels.0,MaternKernel,0.723259620539394,0.6155811923129509,0.8581404783974824
positive_beta_prior__component_scales_neither,2025-08-29,3,neither,component_scales,lengthscale,covar_module.kernels.0.kernels.7.base_kernel.kernels.0.kernels.1,RQKernel,0.7113328518986111,0.575589331357984,0.8640956804325424
positive_beta_prior__component_scales_neither,2025-08-29,3,neither,component_scales,lengthscale,covar_module.kernels.0.kernels.7.base_kernel.kernels.1,MaternKernel,1.2198558048315293,0.39828522951494916,2.999739474354385
positive_beta_prior__component_scales_neither,2025-08-29,3,neither,component_scales,likelihood_noise,likelihood,HadamardGaussianLikelihood,0.006560758092464488,0.005621504766517147,0.007298602449630202
positive_beta_prior__component_scales_neither,2025-08-29,3,neither,component_scales,mean_constant,mean_module.base_means.0.raw_constant,Parameter,0.017544459318006723,0.017544459318006723,0.017544459318006723
positive_beta_prior__component_scales_neither,2025-08-29,3,neither,component_scales,mean_constant,mean_module.base_means.1.raw_constant,Parameter,0.012972732359587725,0.012972732359587725,0.012972732359587725
positive_beta_prior__component_scales_neither,2025-08-29,3,neither,component_scales,mean_constant,mean_module.base_means.2.raw_constant,Parameter,0.011523103802330133,0.011523103802330133,0.011523103802330133
positive_beta_prior__component_scales_neither,2025-08-29,3,neither,component_scales,mean_constant,mean_module.base_means.3.raw_constant,Parameter,-0.08385811282238434,-0.08385811282238434,-0.08385811282238434
positive_beta_prior__component_scales_neither,2025-08-29,3,neither,component_scales,mean_constant,mean_module.base_means.4.raw_constant,Parameter,-0.07638967728283443,-0.07638967728283443,-0.07638967728283443
positive_beta_prior__component_scales_neither,2025-08-29,3,neither,component_scales,mean_constant,mean_module.base_means.5.raw_constant,Parameter,0.0162251904365861,0.0162251904365861,0.0162251904365861
positive_beta_prior__component_scales_neither,2025-08-29,3,neither,component_scales,mean_constant,mean_module.base_means.6.raw_constant,Parameter,-0.030040312285519385,-0.030040312285519385,-0.030040312285519385
positive_beta_prior__component_scales_neither,2025-08-29,3,neither,component_scales,mean_constant,mean_module.base_means.7.raw_constant,Parameter,0.028383335716593662,0.028383335716593662,0.028383335716593662
positive_beta_prior__component_scales_neither,2025-08-29,3,neither,component_scales,mean_constant,mean_module.base_means.8.raw_constant,Parameter,0.02863193642378333,0.02863193642378333,0.02863193642378333
positive_beta_prior__component_scales_neither,2025-08-29,3,neither,component_scales,mean_constant,mean_module.base_means.9.raw_constant,Parameter,-0.005089780362779099,-0.005089780362779099,-0.005089780362779099
positive_beta_prior__component_scales_neither,2025-08-29,3,neither,component_scales,mean_constant,mean_module.base_means.10.raw_constant,Parameter,0.062264257250443725,0.062264257250443725,0.062264257250443725
positive_beta_prior__component_scales_neither,2025-08-29,3,neither,component_scales,mean_constant,mean_module.base_means.11.raw_constant,Parameter,0.07580889882655902,0.07580889882655902,0.07580889882655902
positive_beta_prior__component_scales_neither,2025-08-29,3,neither,component_scales,mean_constant,mean_module.base_means.12.raw_constant,Parameter,0.030326091414744672,0.030326091414744672,0.030326091414744672
positive_beta_prior__component_scales_neither,2025-08-29,3,neither,component_scales,mean_constant,mean_module.base_means.13.raw_constant,Parameter,0.04535698975049678,0.04535698975049678,0.04535698975049678
positive_beta_prior__component_scales_neither,2025-08-29,3,neither,component_scales,mean_constant,mean_module.base_means.14.raw_constant,Parameter,-0.024205095366849446,-0.024205095366849446,-0.024205095366849446
positive_beta_prior__component_scales_neither,2025-08-29,3,neither,component_scales,mean_constant,mean_module.base_means.15.raw_constant,Parameter,-0.015775819792153575,-0.015775819792153575,-0.015775819792153575
positive_beta_prior__component_scales_neither,2025-08-29,3,neither,component_scales,mean_constant,mean_module.base_means.16.raw_constant,Parameter,0.022660709904223933,0.022660709904223933,0.022660709904223933
positive_beta_prior__component_scales_neither,2025-08-29,3,neither,component_scales,mean_constant,mean_module.base_means.17.raw_constant,Parameter,0.027290266211979566,0.027290266211979566,0.027290266211979566
positive_beta_prior__no_component_scales_lengthscale_only,2025-08-29,3,lengthscale_only,no_component_scales,time_varying_effective_lengthscale_train,covar_module.kernels.0,_Module,0.0004470957954249171,2.8245573777687206e-05,0.0018586793293778507
positive_beta_prior__no_component_scales_lengthscale_only,2025-08-29,3,lengthscale_only,no_component_scales,time_varying_effective_lengthscale_eval,covar_module.kernels.0,_Module,2.606014372859709e-05,2.606014372859709e-05,2.606014372859709e-05
positive_beta_prior__no_component_scales_lengthscale_only,2025-08-29,3,lengthscale_only,no_component_scales,lengthscale,covar_module.kernels.0.base_kernel.kernels.0,MaternKernel,0.13274771264188795,0.13274771264188795,0.13274771264188795
positive_beta_prior__no_component_scales_lengthscale_only,2025-08-29,3,lengthscale_only,no_component_scales,lengthscale,covar_module.kernels.0.base_kernel.kernels.1,MaternKernel,2.589561345732195,1.0341718263298842,5.232337186827831
positive_beta_prior__no_component_scales_lengthscale_only,2025-08-29,3,lengthscale_only,no_component_scales,lengthscale,covar_module.kernels.0.base_kernel.kernels.2,MaternKernel,0.6474099307036167,0.24269648883981992,0.9236022071485763
positive_beta_prior__no_component_scales_lengthscale_only,2025-08-29,3,lengthscale_only,no_component_scales,lengthscale,covar_module.kernels.0.base_kernel.kernels.3,RQKernel,0.6985350930626264,0.23574713610407255,1.0022979324644146
positive_beta_prior__no_component_scales_lengthscale_only,2025-08-29,3,lengthscale_only,no_component_scales,lengthscale,covar_module.kernels.0.base_kernel.kernels.5.kernels.0,MaternKernel,0.03879719583766712,0.03879719583766712,0.03879719583766712
positive_beta_prior__no_component_scales_lengthscale_only,2025-08-29,3,lengthscale_only,no_component_scales,lengthscale,covar_module.kernels.0.base_kernel.kernels.5.kernels.1,MaternKernel,2.4236261137021495,0.8136640107626032,4.980578928772548
positive_beta_prior__no_component_scales_lengthscale_only,2025-08-29,3,lengthscale_only,no_component_scales,lengthscale,covar_module.kernels.0.base_kernel.kernels.6.kernels.0,MaternKernel,0.04435936965389396,0.04435936965389396,0.04435936965389396
positive_beta_prior__no_component_scales_lengthscale_only,2025-08-29,3,lengthscale_only,no_component_scales,lengthscale,covar_module.kernels.0.base_kernel.kernels.6.kernels.1.kernels.0,MaternKernel,0.7145356788156012,0.5785221608735993,0.8391389347183333
positive_beta_prior__no_component_scales_lengthscale_only,2025-08-29,3,lengthscale_only,no_component_scales,lengthscale,covar_module.kernels.0.base_kernel.kernels.6.kernels.1.kernels.1,RQKernel,0.7415502697907794,0.5910508712394783,0.8512683641582258
positive_beta_prior__no_component_scales_lengthscale_only,2025-08-29,3,lengthscale_only,no_component_scales,lengthscale,covar_module.kernels.0.base_kernel.kernels.7.kernels.0.kernels.0,MaternKernel,0.5851725526313403,0.33425337424956625,0.9537777670053504
positive_beta_prior__no_component_scales_lengthscale_only,2025-08-29,3,lengthscale_only,no_component_scales,lengthscale,covar_module.kernels.0.base_kernel.kernels.7.kernels.0.kernels.1,RQKernel,0.5855788429901954,0.23739890652751347,1.0111175215989228
positive_beta_prior__no_component_scales_lengthscale_only,2025-08-29,3,lengthscale_only,no_component_scales,lengthscale,covar_module.kernels.0.base_kernel.kernels.7.kernels.1,MaternKernel,3.58451111814655,1.3688829135692022,7.488525979828307
positive_beta_prior__no_component_scales_lengthscale_only,2025-08-29,3,lengthscale_only,no_component_scales,likelihood_noise,likelihood,HadamardGaussianLikelihood,0.006361417483588275,0.005508897398530716,0.007101108579525822
positive_beta_prior__no_component_scales_lengthscale_only,2025-08-29,3,lengthscale_only,no_component_scales,mean_constant,mean_module.base_means.0.raw_constant,Parameter,0.0038352750079084542,0.0038352750079084542,0.0038352750079084542
positive_beta_prior__no_component_scales_lengthscale_only,2025-08-29,3,lengthscale_only,no_component_scales,mean_constant,mean_module.base_means.1.raw_constant,Parameter,0.04877010345745335,0.04877010345745335,0.04877010345745335
positive_beta_prior__no_component_scales_lengthscale_only,2025-08-29,3,lengthscale_only,no_component_scales,mean_constant,mean_module.base_means.2.raw_constant,Parameter,0.08411537933992028,0.08411537933992028,0.08411537933992028
positive_beta_prior__no_component_scales_lengthscale_only,2025-08-29,3,lengthscale_only,no_component_scales,mean_constant,mean_module.base_means.3.raw_constant,Parameter,-0.07764601518325832,-0.07764601518325832,-0.07764601518325832
positive_beta_prior__no_component_scales_lengthscale_only,2025-08-29,3,lengthscale_only,no_component_scales,mean_constant,mean_module.base_means.4.raw_constant,Parameter,-0.07643970318268647,-0.07643970318268647,-0.07643970318268647
positive_beta_prior__no_component_scales_lengthscale_only,2025-08-29,3,lengthscale_only,no_component_scales,mean_constant,mean_module.base_means.5.raw_constant,Parameter,-0.06076208397493159,-0.06076208397493159,-0.06076208397493159
positive_beta_prior__no_component_scales_lengthscale_only,2025-08-29,3,lengthscale_only,no_component_scales,mean_constant,mean_module.base_means.6.raw_constant,Parameter,-0.06917645763039586,-0.06917645763039586,-0.06917645763039586
positive_beta_prior__no_component_scales_lengthscale_only,2025-08-29,3,lengthscale_only,no_component_scales,mean_constant,mean_module.base_means.7.raw_constant,Parameter,-0.027176013403219273,-0.027176013403219273,-0.027176013403219273
positive_beta_prior__no_component_scales_lengthscale_only,2025-08-29,3,lengthscale_only,no_component_scales,mean_constant,mean_module.base_means.8.raw_constant,Parameter,-0.05924686574175701,-0.05924686574175701,-0.05924686574175701
positive_beta_prior__no_component_scales_lengthscale_only,2025-08-29,3,lengthscale_only,no_component_scales,mean_constant,mean_module.base_means.9.raw_constant,Parameter,-0.06905880900375226,-0.06905880900375226,-0.06905880900375226
positive_beta_prior__no_component_scales_lengthscale_only,2025-08-29,3,lengthscale_only,no_component_scales,mean_constant,mean_module.base_means.10.raw_constant,Parameter,-0.0362590047784849,-0.0362590047784849,-0.0362590047784849
positive_beta_prior__no_component_scales_lengthscale_only,2025-08-29,3,lengthscale_only,no_component_scales,mean_constant,mean_module.base_means.11.raw_constant,Parameter,-0.053444972769900845,-0.053444972769900845,-0.053444972769900845
positive_beta_prior__no_component_scales_lengthscale_only,2025-08-29,3,lengthscale_only,no_component_scales,mean_constant,mean_module.base_means.12.raw_constant,Parameter,-0.1091935622825663,-0.1091935622825663,-0.1091935622825663
positive_beta_prior__no_component_scales_lengthscale_only,2025-08-29,3,lengthscale_only,no_component_scales,mean_constant,mean_module.base_means.13.raw_constant,Parameter,-0.06543947484028294,-0.06543947484028294,-0.06543947484028294
positive_beta_prior__no_component_scales_lengthscale_only,2025-08-29,3,lengthscale_only,no_component_scales,mean_constant,mean_module.base_means.14.raw_constant,Parameter,-0.013779390044448031,-0.013779390044448031,-0.013779390044448031
positive_beta_prior__no_component_scales_lengthscale_only,2025-08-29,3,lengthscale_only,no_component_scales,mean_constant,mean_module.base_means.15.raw_constant,Parameter,-0.02121668517998253,-0.02121668517998253,-0.02121668517998253
positive_beta_prior__no_component_scales_lengthscale_only,2025-08-29,3,lengthscale_only,no_component_scales,mean_constant,mean_module.base_means.16.raw_constant,Parameter,-0.03792969083301923,-0.03792969083301923,-0.03792969083301923
positive_beta_prior__no_component_scales_lengthscale_only,2025-08-29,3,lengthscale_only,no_component_scales,mean_constant,mean_module.base_means.17.raw_constant,Parameter,0.05786409576960022,0.05786409576960022,0.05786409576960022
positive_beta_prior__no_component_scales_neither,2025-08-29,3,neither,no_component_scales,lengthscale,covar_module.kernels.0.kernels.0,MaternKernel,0.047924565051526646,0.047924565051526646,0.047924565051526646
positive_beta_prior__no_component_scales_neither,2025-08-29,3,neither,no_component_scales,lengthscale,covar_module.kernels.0.kernels.1,MaternKernel,2.5691078689850997,0.8333256971688223,5.120408334199191
positive_beta_prior__no_component_scales_neither,2025-08-29,3,neither,no_component_scales,lengthscale,covar_module.kernels.0.kernels.2,MaternKernel,0.5947929941058376,0.2315056523964123,0.8748806492124614
positive_beta_prior__no_component_scales_neither,2025-08-29,3,neither,no_component_scales,lengthscale,covar_module.kernels.0.kernels.3,RQKernel,0.6463612918804907,0.2310085507008458,0.9923904005389931
positive_beta_prior__no_component_scales_neither,2025-08-29,3,neither,no_component_scales,lengthscale,covar_module.kernels.0.kernels.5.kernels.0,MaternKernel,0.025811113758111428,0.025811113758111428,0.025811113758111428
positive_beta_prior__no_component_scales_neither,2025-08-29,3,neither,no_component_scales,lengthscale,covar_module.kernels.0.kernels.5.kernels.1,MaternKernel,2.4026042412451734,1.0409075558302276,5.065559612061989
positive_beta_prior__no_component_scales_neither,2025-08-29,3,neither,no_component_scales,lengthscale,covar_module.kernels.0.kernels.6.kernels.0,MaternKernel,0.02559001356024214,0.02559001356024214,0.02559001356024214
positive_beta_prior__no_component_scales_neither,2025-08-29,3,neither,no_component_scales,lengthscale,covar_module.kernels.0.kernels.6.kernels.1.kernels.0,MaternKernel,0.6230565628497098,0.3535861884163336,0.8377364922105882
positive_beta_prior__no_component_scales_neither,2025-08-29,3,neither,no_component_scales,lengthscale,covar_module.kernels.0.kernels.6.kernels.1.kernels.1,RQKernel,0.6441305326175841,0.3335740499990649,0.8549102858167443
positive_beta_prior__no_component_scales_neither,2025-08-29,3,neither,no_component_scales,lengthscale,covar_module.kernels.0.kernels.7.kernels.0.kernels.0,MaternKernel,0.5609289692852103,0.29735918084922386,0.8497940239841092
positive_beta_prior__no_component_scales_neither,2025-08-29,3,neither,no_component_scales,lengthscale,covar_module.kernels.0.kernels.7.kernels.0.kernels.1,RQKernel,0.5699628451003058,0.27554577035974664,0.8910028780657299
positive_beta_prior__no_component_scales_neither,2025-08-29,3,neither,no_component_scales,lengthscale,covar_module.kernels.0.kernels.7.kernels.1,MaternKernel,3.697599827727167,1.970100719063297,8.17996883206266
positive_beta_prior__no_component_scales_neither,2025-08-29,3,neither,no_component_scales,likelihood_noise,likelihood,HadamardGaussianLikelihood,0.006393286505248738,0.0055683285139148655,0.007072536195675624
positive_beta_prior__no_component_scales_neither,2025-08-29,3,neither,no_component_scales,mean_constant,mean_module.base_means.0.raw_constant,Parameter,0.15950719455026818,0.15950719455026818,0.15950719455026818
positive_beta_prior__no_component_scales_neither,2025-08-29,3,neither,no_component_scales,mean_constant,mean_module.base_means.1.raw_constant,Parameter,0.08734385526968261,0.08734385526968261,0.08734385526968261
positive_beta_prior__no_component_scales_neither,2025-08-29,3,neither,no_component_scales,mean_constant,mean_module.base_means.2.raw_constant,Parameter,0.1346993522472386,0.1346993522472386,0.1346993522472386
positive_beta_prior__no_component_scales_neither,2025-08-29,3,neither,no_component_scales,mean_constant,mean_module.base_means.3.raw_constant,Parameter,0.08454285650047044,0.08454285650047044,0.08454285650047044
positive_beta_prior__no_component_scales_neither,2025-08-29,3,neither,no_component_scales,mean_constant,mean_module.base_means.4.raw_constant,Parameter,0.056345963534835716,0.056345963534835716,0.056345963534835716
positive_beta_prior__no_component_scales_neither,2025-08-29,3,neither,no_component_scales,mean_constant,mean_module.base_means.5.raw_constant,Parameter,0.0637768728992222,0.0637768728992222,0.0637768728992222
positive_beta_prior__no_component_scales_neither,2025-08-29,3,neither,no_component_scales,mean_constant,mean_module.base_means.6.raw_constant,Parameter,0.02978526588753694,0.02978526588753694,0.02978526588753694
positive_beta_prior__no_component_scales_neither,2025-08-29,3,neither,no_component_scales,mean_constant,mean_module.base_means.7.raw_constant,Parameter,0.08637085433037413,0.08637085433037413,0.08637085433037413
positive_beta_prior__no_component_scales_neither,2025-08-29,3,neither,no_component_scales,mean_constant,mean_module.base_means.8.raw_constant,Parameter,-0.03835098321879151,-0.03835098321879151,-0.03835098321879151
positive_beta_prior__no_component_scales_neither,2025-08-29,3,neither,no_component_scales,mean_constant,mean_module.base_means.9.raw_constant,Parameter,0.01981830456810736,0.01981830456810736,0.01981830456810736
positive_beta_prior__no_component_scales_neither,2025-08-29,3,neither,no_component_scales,mean_constant,mean_module.base_means.10.raw_constant,Parameter,0.06895943522760564,0.06895943522760564,0.06895943522760564
positive_beta_prior__no_component_scales_neither,2025-08-29,3,neither,no_component_scales,mean_constant,mean_module.base_means.11.raw_constant,Parameter,0.01051632178756555,0.01051632178756555,0.01051632178756555
positive_beta_prior__no_component_scales_neither,2025-08-29,3,neither,no_component_scales,mean_constant,mean_module.base_means.12.raw_constant,Parameter,0.0762820874688811,0.0762820874688811,0.0762820874688811
positive_beta_prior__no_component_scales_neither,2025-08-29,3,neither,no_component_scales,mean_constant,mean_module.base_means.13.raw_constant,Parameter,0.025225325135267495,0.025225325135267495,0.025225325135267495
positive_beta_prior__no_component_scales_neither,2025-08-29,3,neither,no_component_scales,mean_constant,mean_module.base_means.14.raw_constant,Parameter,0.153514093486668,0.153514093486668,0.153514093486668
positive_beta_prior__no_component_scales_neither,2025-08-29,3,neither,no_component_scales,mean_constant,mean_module.base_means.15.raw_constant,Parameter,-0.011977436936543871,-0.011977436936543871,-0.011977436936543871
positive_beta_prior__no_component_scales_neither,2025-08-29,3,neither,no_component_scales,mean_constant,mean_module.base_means.16.raw_constant,Parameter,0.06698530093193834,0.06698530093193834,0.06698530093193834
positive_beta_prior__no_component_scales_neither,2025-08-29,3,neither,no_component_scales,mean_constant,mean_module.base_means.17.raw_constant,Parameter,0.091383777242983,0.091383777242983,0.091383777242983
positive_beta_prior__global_scale_lengthscale_only,2025-08-29,3,lengthscale_only,global_scale,outputscale,covar_module.kernels.0,_Module,0.020218124975854044,0.020218124975854044,0.020218124975854044
positive_beta_prior__global_scale_lengthscale_only,2025-08-29,3,lengthscale_only,global_scale,time_varying_effective_lengthscale_train,covar_module.kernels.0.base_kernel,_Module,0.002512248041509166,0.0004876194055980006,0.00716534092765047
positive_beta_prior__global_scale_lengthscale_only,2025-08-29,3,lengthscale_only,global_scale,time_varying_effective_lengthscale_eval,covar_module.kernels.0.base_kernel,_Module,0.0004630342443552643,0.00046303424435526435,0.00046303424435526435
positive_beta_prior__global_scale_lengthscale_only,2025-08-29,3,lengthscale_only,global_scale,lengthscale,covar_module.kernels.0.base_kernel.base_kernel.kernels.0,MaternKernel,0.1364080804679239,0.1364080804679239,0.1364080804679239
positive_beta_prior__global_scale_lengthscale_only,2025-08-29,3,lengthscale_only,global_scale,lengthscale,covar_module.kernels.0.base_kernel.base_kernel.kernels.1,MaternKernel,1.0330654863439266,0.4459438479820556,2.053885528715348
positive_beta_prior__global_scale_lengthscale_only,2025-08-29,3,lengthscale_only,global_scale,lengthscale,covar_module.kernels.0.base_kernel.base_kernel.kernels.2,MaternKernel,0.7357148822671955,0.5899851299726857,0.8332565973270043
positive_beta_prior__global_scale_lengthscale_only,2025-08-29,3,lengthscale_only,global_scale,lengthscale,covar_module.kernels.0.base_kernel.base_kernel.kernels.3,RQKernel,0.7458819649048604,0.5768899282055636,0.8414310573360576
positive_beta_prior__global_scale_lengthscale_only,2025-08-29,3,lengthscale_only,global_scale,lengthscale,covar_module.kernels.0.base_kernel.base_kernel.kernels.5.kernels.0,MaternKernel,0.07789731987844817,0.07789731987844817,0.07789731987844817
positive_beta_prior__global_scale_lengthscale_only,2025-08-29,3,lengthscale_only,global_scale,lengthscale,covar_module.kernels.0.base_kernel.base_kernel.kernels.5.kernels.1,MaternKernel,0.9727881749273184,0.5351164610956822,2.133575213242852
positive_beta_prior__global_scale_lengthscale_only,2025-08-29,3,lengthscale_only,global_scale,lengthscale,covar_module.kernels.0.base_kernel.base_kernel.kernels.6.kernels.0,MaternKernel,0.041350025193912454,0.041350025193912454,0.041350025193912454
positive_beta_prior__global_scale_lengthscale_only,2025-08-29,3,lengthscale_only,global_scale,lengthscale,covar_module.kernels.0.base_kernel.base_kernel.kernels.6.kernels.1.kernels.0,MaternKernel,0.7800776268096161,0.7349247825388419,0.8230964050239243
positive_beta_prior__global_scale_lengthscale_only,2025-08-29,3,lengthscale_only,global_scale,lengthscale,covar_module.kernels.0.base_kernel.base_kernel.kernels.6.kernels.1.kernels.1,RQKernel,0.7868645281799505,0.7370906703025899,0.8253748662686695
positive_beta_prior__global_scale_lengthscale_only,2025-08-29,3,lengthscale_only,global_scale,lengthscale,covar_module.kernels.0.base_kernel.base_kernel.kernels.7.kernels.0.kernels.0,MaternKernel,0.7039689714551303,0.6133821281092929,0.8316034368918261
positive_beta_prior__global_scale_lengthscale_only,2025-08-29,3,lengthscale_only,global_scale,lengthscale,covar_module.kernels.0.base_kernel.base_kernel.kernels.7.kernels.0.kernels.1,RQKernel,0.6911012819502695,0.5655910477250935,0.839881082659627
positive_beta_prior__global_scale_lengthscale_only,2025-08-29,3,lengthscale_only,global_scale,lengthscale,covar_module.kernels.0.base_kernel.base_kernel.kernels.7.kernels.1,MaternKernel,1.4324579827842876,0.5294596501008915,3.6980042318362276
positive_beta_prior__global_scale_lengthscale_only,2025-08-29,3,lengthscale_only,global_scale,likelihood_noise,likelihood,HadamardGaussianLikelihood,0.006529545675277459,0.005849521104975388,0.00695178949595318
positive_beta_prior__global_scale_lengthscale_only,2025-08-29,3,lengthscale_only,global_scale,mean_constant,mean_module.base_means.0.raw_constant,Parameter,0.049634899412798826,0.049634899412798826,0.049634899412798826
positive_beta_prior__global_scale_lengthscale_only,2025-08-29,3,lengthscale_only,global_scale,mean_constant,mean_module.base_means.1.raw_constant,Parameter,0.04374862141728811,0.04374862141728811,0.04374862141728811
positive_beta_prior__global_scale_lengthscale_only,2025-08-29,3,lengthscale_only,global_scale,mean_constant,mean_module.base_means.2.raw_constant,Parameter,0.023200883653738506,0.023200883653738506,0.023200883653738506
positive_beta_prior__global_scale_lengthscale_only,2025-08-29,3,lengthscale_only,global_scale,mean_constant,mean_module.base_means.3.raw_constant,Parameter,-0.050392888760371346,-0.050392888760371346,-0.050392888760371346
positive_beta_prior__global_scale_lengthscale_only,2025-08-29,3,lengthscale_only,global_scale,mean_constant,mean_module.base_means.4.raw_constant,Parameter,-0.058664859128522026,-0.058664859128522026,-0.058664859128522026
positive_beta_prior__global_scale_lengthscale_only,2025-08-29,3,lengthscale_only,global_scale,mean_constant,mean_module.base_means.5.raw_constant,Parameter,-0.06169393954141452,-0.06169393954141452,-0.06169393954141452
positive_beta_prior__global_scale_lengthscale_only,2025-08-29,3,lengthscale_only,global_scale,mean_constant,mean_module.base_means.6.raw_constant,Parameter,-0.05760657097133625,-0.05760657097133625,-0.05760657097133625
positive_beta_prior__global_scale_lengthscale_only,2025-08-29,3,lengthscale_only,global_scale,mean_constant,mean_module.base_means.7.raw_constant,Parameter,-0.004878166377838697,-0.004878166377838697,-0.004878166377838697
positive_beta_prior__global_scale_lengthscale_only,2025-08-29,3,lengthscale_only,global_scale,mean_constant,mean_module.base_means.8.raw_constant,Parameter,-0.03133550112205339,-0.03133550112205339,-0.03133550112205339
positive_beta_prior__global_scale_lengthscale_only,2025-08-29,3,lengthscale_only,global_scale,mean_constant,mean_module.base_means.9.raw_constant,Parameter,-0.04425654369499867,-0.04425654369499867,-0.04425654369499867
positive_beta_prior__global_scale_lengthscale_only,2025-08-29,3,lengthscale_only,global_scale,mean_constant,mean_module.base_means.10.raw_constant,Parameter,-0.008217594748915716,-0.008217594748915716,-0.008217594748915716
positive_beta_prior__global_scale_lengthscale_only,2025-08-29,3,lengthscale_only,global_scale,mean_constant,mean_module.base_means.11.raw_constant,Parameter,-0.03426008391711544,-0.03426008391711544,-0.03426008391711544
positive_beta_prior__global_scale_lengthscale_only,2025-08-29,3,lengthscale_only,global_scale,mean_constant,mean_module.base_means.12.raw_constant,Parameter,-0.008762525012455941,-0.008762525012455941,-0.008762525012455941
positive_beta_prior__global_scale_lengthscale_only,2025-08-29,3,lengthscale_only,global_scale,mean_constant,mean_module.base_means.13.raw_constant,Parameter,-0.03388903506524656,-0.03388903506524656,-0.03388903506524656
positive_beta_prior__global_scale_lengthscale_only,2025-08-29,3,lengthscale_only,global_scale,mean_constant,mean_module.base_means.14.raw_constant,Parameter,0.005274245718793447,0.005274245718793447,0.005274245718793447
positive_beta_prior__global_scale_lengthscale_only,2025-08-29,3,lengthscale_only,global_scale,mean_constant,mean_module.base_means.15.raw_constant,Parameter,-0.009777386546843125,-0.009777386546843125,-0.009777386546843125
positive_beta_prior__global_scale_lengthscale_only,2025-08-29,3,lengthscale_only,global_scale,mean_constant,mean_module.base_means.16.raw_constant,Parameter,-0.00456776359294543,-0.00456776359294543,-0.00456776359294543
positive_beta_prior__global_scale_lengthscale_only,2025-08-29,3,lengthscale_only,global_scale,mean_constant,mean_module.base_means.17.raw_constant,Parameter,0.03056050472650461,0.03056050472650461,0.03056050472650461
positive_beta_prior__global_scale_neither,2025-08-29,3,neither,global_scale,outputscale,covar_module.kernels.0,AdditiveKernel,0.041158261597044485,0.041158261597044485,0.041158261597044485
positive_beta_prior__global_scale_neither,2025-08-29,3,neither,global_scale,lengthscale,covar_module.kernels.0.base_kernel.kernels.0,MaternKernel,0.05673831774573317,0.05673831774573317,0.05673831774573317
positive_beta_prior__global_scale_neither,2025-08-29,3,neither,global_scale,lengthscale,covar_module.kernels.0.base_kernel.kernels.1,MaternKernel,1.3306343630375257,0.28831503743439335,2.875460768822564
positive_beta_prior__global_scale_neither,2025-08-29,3,neither,global_scale,lengthscale,covar_module.kernels.0.base_kernel.kernels.2,MaternKernel,0.6571477928087879,0.441185726844299,0.8370453821024032
positive_beta_prior__global_scale_neither,2025-08-29,3,neither,global_scale,lengthscale,covar_module.kernels.0.base_kernel.kernels.3,RQKernel,0.6766157990136876,0.4216418862438651,0.8488286742569775
positive_beta_prior__global_scale_neither,2025-08-29,3,neither,global_scale,lengthscale,covar_module.kernels.0.base_kernel.kernels.5.kernels.0,MaternKernel,0.028720806147662654,0.028720806147662654,0.028720806147662654
positive_beta_prior__global_scale_neither,2025-08-29,3,neither,global_scale,lengthscale,covar_module.kernels.0.base_kernel.kernels.5.kernels.1,MaternKernel,1.1519632587133772,0.4318110120866863,2.5812555901419514
positive_beta_prior__global_scale_neither,2025-08-29,3,neither,global_scale,lengthscale,covar_module.kernels.0.base_kernel.kernels.6.kernels.0,MaternKernel,0.02506233406398089,0.02506233406398089,0.02506233406398089
positive_beta_prior__global_scale_neither,2025-08-29,3,neither,global_scale,lengthscale,covar_module.kernels.0.base_kernel.kernels.6.kernels.1.kernels.0,MaternKernel,0.6983238968673701,0.559794746642654,0.825471669822035
positive_beta_prior__global_scale_neither,2025-08-29,3,neither,global_scale,lengthscale,covar_module.kernels.0.base_kernel.kernels.6.kernels.1.kernels.1,RQKernel,0.7017823529752394,0.5506150219425404,0.8310566223855707
positive_beta_prior__global_scale_neither,2025-08-29,3,neither,global_scale,lengthscale,covar_module.kernels.0.base_kernel.kernels.7.kernels.0.kernels.0,MaternKernel,0.626101025624274,0.506220894121785,0.8226926372821283
positive_beta_prior__global_scale_neither,2025-08-29,3,neither,global_scale,lengthscale,covar_module.kernels.0.base_kernel.kernels.7.kernels.0.kernels.1,RQKernel,0.6077805046717438,0.43364787159682006,0.8374351651178492
positive_beta_prior__global_scale_neither,2025-08-29,3,neither,global_scale,lengthscale,covar_module.kernels.0.base_kernel.kernels.7.kernels.1,MaternKernel,1.749674632078384,0.46698827093671474,4.463427798596792
positive_beta_prior__global_scale_neither,2025-08-29,3,neither,global_scale,likelihood_noise,likelihood,HadamardGaussianLikelihood,0.006542291388912495,0.005726795741375095,0.007465500483418857
positive_beta_prior__global_scale_neither,2025-08-29,3,neither,global_scale,mean_constant,mean_module.base_means.0.raw_constant,Parameter,0.03223268147205979,0.03223268147205979,0.03223268147205979
positive_beta_prior__global_scale_neither,2025-08-29,3,neither,global_scale,mean_constant,mean_module.base_means.1.raw_constant,Parameter,0.042291040981452185,0.042291040981452185,0.042291040981452185
positive_beta_prior__global_scale_neither,2025-08-29,3,neither,global_scale,mean_constant,mean_module.base_means.2.raw_constant,Parameter,-0.010959011752712635,-0.010959011752712635,-0.010959011752712635
positive_beta_prior__global_scale_neither,2025-08-29,3,neither,global_scale,mean_constant,mean_module.base_means.3.raw_constant,Parameter,-0.05535517888636214,-0.05535517888636214,-0.05535517888636214
positive_beta_prior__global_scale_neither,2025-08-29,3,neither,global_scale,mean_constant,mean_module.base_means.4.raw_constant,Parameter,-0.06010404924103845,-0.06010404924103845,-0.06010404924103845
positive_beta_prior__global_scale_neither,2025-08-29,3,neither,global_scale,mean_constant,mean_module.base_means.5.raw_constant,Parameter,-0.05904530636675982,-0.05904530636675982,-0.05904530636675982
positive_beta_prior__global_scale_neither,2025-08-29,3,neither,global_scale,mean_constant,mean_module.base_means.6.raw_constant,Parameter,-0.07164150498421494,-0.07164150498421494,-0.07164150498421494
positive_beta_prior__global_scale_neither,2025-08-29,3,neither,global_scale,mean_constant,mean_module.base_means.7.raw_constant,Parameter,-0.02205321224444263,-0.02205321224444263,-0.02205321224444263
positive_beta_prior__global_scale_neither,2025-08-29,3,neither,global_scale,mean_constant,mean_module.base_means.8.raw_constant,Parameter,-0.048115648852310886,-0.048115648852310886,-0.048115648852310886
positive_beta_prior__global_scale_neither,2025-08-29,3,neither,global_scale,mean_constant,mean_module.base_means.9.raw_constant,Parameter,-0.08024268453984311,-0.08024268453984311,-0.08024268453984311
positive_beta_prior__global_scale_neither,2025-08-29,3,neither,global_scale,mean_constant,mean_module.base_means.10.raw_constant,Parameter,0.012637141445618836,0.012637141445618836,0.012637141445618836
positive_beta_prior__global_scale_neither,2025-08-29,3,neither,global_scale,mean_constant,mean_module.base_means.11.raw_constant,Parameter,0.0008467637878856252,0.0008467637878856252,0.0008467637878856252
positive_beta_prior__global_scale_neither,2025-08-29,3,neither,global_scale,mean_constant,mean_module.base_means.12.raw_constant,Parameter,-0.0392139120722432,-0.0392139120722432,-0.0392139120722432
positive_beta_prior__global_scale_neither,2025-08-29,3,neither,global_scale,mean_constant,mean_module.base_means.13.raw_constant,Parameter,-0.03565664888722944,-0.03565664888722944,-0.03565664888722944
positive_beta_prior__global_scale_neither,2025-08-29,3,neither,global_scale,mean_constant,mean_module.base_means.14.raw_constant,Parameter,-0.03365004270666218,-0.03365004270666218,-0.03365004270666218
positive_beta_prior__global_scale_neither,2025-08-29,3,neither,global_scale,mean_constant,mean_module.base_means.15.raw_constant,Parameter,-0.05881740511611999,-0.05881740511611999,-0.05881740511611999
positive_beta_prior__global_scale_neither,2025-08-29,3,neither,global_scale,mean_constant,mean_module.base_means.16.raw_constant,Parameter,-0.045784487311388594,-0.045784487311388594,-0.045784487311388594
positive_beta_prior__global_scale_neither,2025-08-29,3,neither,global_scale,mean_constant,mean_module.base_means.17.raw_constant,Parameter,-0.03138796498022633,-0.03138796498022633,-0.03138796498022633
positive_beta_prior__component_scales_lengthscale_only,2025-09-30,4,lengthscale_only,component_scales,time_varying_effective_lengthscale_train,covar_module.kernels.0,_Module,0.018544665275265142,0.006869524324694733,0.038733030409369554
positive_beta_prior__component_scales_lengthscale_only,2025-09-30,4,lengthscale_only,component_scales,time_varying_effective_lengthscale_eval,covar_module.kernels.0,_Module,0.006647695413295764,0.006647695413295764,0.006647695413295764
positive_beta_prior__component_scales_lengthscale_only,2025-09-30,4,lengthscale_only,component_scales,outputscale,covar_module.kernels.0.base_kernel.kernels.0,MaternKernel,0.07071149182761102,0.07071149182761102,0.07071149182761102
positive_beta_prior__component_scales_lengthscale_only,2025-09-30,4,lengthscale_only,component_scales,lengthscale,covar_module.kernels.0.base_kernel.kernels.0.base_kernel,MaternKernel,0.12760938806136707,0.12760938806136707,0.12760938806136707
positive_beta_prior__component_scales_lengthscale_only,2025-09-30,4,lengthscale_only,component_scales,outputscale,covar_module.kernels.0.base_kernel.kernels.1,MaternKernel,0.0015252295012328694,0.0015252295012328694,0.0015252295012328694
positive_beta_prior__component_scales_lengthscale_only,2025-09-30,4,lengthscale_only,component_scales,lengthscale,covar_module.kernels.0.base_kernel.kernels.1.base_kernel,MaternKernel,0.9180608984668491,0.3125252969600232,1.8750361461676868
positive_beta_prior__component_scales_lengthscale_only,2025-09-30,4,lengthscale_only,component_scales,outputscale,covar_module.kernels.0.base_kernel.kernels.2,MaternKernel,0.7426332327685156,0.7426332327685156,0.7426332327685156
positive_beta_prior__component_scales_lengthscale_only,2025-09-30,4,lengthscale_only,component_scales,lengthscale,covar_module.kernels.0.base_kernel.kernels.2.base_kernel,MaternKernel,0.5316189244171854,0.11125148838328713,1.0434464559874672
positive_beta_prior__component_scales_lengthscale_only,2025-09-30,4,lengthscale_only,component_scales,outputscale,covar_module.kernels.0.base_kernel.kernels.3,RQKernel,0.007895380659795155,0.007895380659795155,0.007895380659795155
positive_beta_prior__component_scales_lengthscale_only,2025-09-30,4,lengthscale_only,component_scales,lengthscale,covar_module.kernels.0.base_kernel.kernels.3.base_kernel,RQKernel,0.7620359579074714,0.5245473512468085,0.9095046150837813
positive_beta_prior__component_scales_lengthscale_only,2025-09-30,4,lengthscale_only,component_scales,outputscale,covar_module.kernels.0.base_kernel.kernels.4,LinearKernel,0.013170017820540612,0.013170017820540612,0.013170017820540612
positive_beta_prior__component_scales_lengthscale_only,2025-09-30,4,lengthscale_only,component_scales,outputscale,covar_module.kernels.0.base_kernel.kernels.5,ProductKernel,0.05543642393811848,0.05543642393811848,0.05543642393811848
positive_beta_prior__component_scales_lengthscale_only,2025-09-30,4,lengthscale_only,component_scales,lengthscale,covar_module.kernels.0.base_kernel.kernels.5.base_kernel.kernels.0,MaternKernel,0.037769291333588376,0.037769291333588376,0.037769291333588376
positive_beta_prior__component_scales_lengthscale_only,2025-09-30,4,lengthscale_only,component_scales,lengthscale,covar_module.kernels.0.base_kernel.kernels.5.base_kernel.kernels.1,MaternKernel,1.1417102988851604,0.35493918696855503,3.0123296677341056
positive_beta_prior__component_scales_lengthscale_only,2025-09-30,4,lengthscale_only,component_scales,outputscale,covar_module.kernels.0.base_kernel.kernels.6,ProductKernel,0.00429493789954847,0.00429493789954847,0.00429493789954847
positive_beta_prior__component_scales_lengthscale_only,2025-09-30,4,lengthscale_only,component_scales,lengthscale,covar_module.kernels.0.base_kernel.kernels.6.base_kernel.kernels.0,MaternKernel,0.25354412366259904,0.25354412366259904,0.25354412366259904
positive_beta_prior__component_scales_lengthscale_only,2025-09-30,4,lengthscale_only,component_scales,lengthscale,covar_module.kernels.0.base_kernel.kernels.6.base_kernel.kernels.1.kernels.0,MaternKernel,0.7906578818552388,0.7377829058634136,0.8350514620739264
positive_beta_prior__component_scales_lengthscale_only,2025-09-30,4,lengthscale_only,component_scales,lengthscale,covar_module.kernels.0.base_kernel.kernels.6.base_kernel.kernels.1.kernels.1,RQKernel,0.8012574605621272,0.7436812323386787,0.8433449087014836
positive_beta_prior__component_scales_lengthscale_only,2025-09-30,4,lengthscale_only,component_scales,outputscale,covar_module.kernels.0.base_kernel.kernels.7,ProductKernel,0.004206446096709864,0.004206446096709864,0.004206446096709864
positive_beta_prior__component_scales_lengthscale_only,2025-09-30,4,lengthscale_only,component_scales,lengthscale,covar_module.kernels.0.base_kernel.kernels.7.base_kernel.kernels.0.kernels.0,MaternKernel,0.7511881088045596,0.6877109849286105,0.8384841509610825
positive_beta_prior__component_scales_lengthscale_only,2025-09-30,4,lengthscale_only,component_scales,lengthscale,covar_module.kernels.0.base_kernel.kernels.7.base_kernel.kernels.0.kernels.1,RQKernel,0.7467251901934611,0.6620682960681279,0.8436930644809638
positive_beta_prior__component_scales_lengthscale_only,2025-09-30,4,lengthscale_only,component_scales,lengthscale,covar_module.kernels.0.base_kernel.kernels.7.base_kernel.kernels.1,MaternKernel,1.147235931382561,0.42903717201762664,3.229453915432246
positive_beta_prior__component_scales_lengthscale_only,2025-09-30,4,lengthscale_only,component_scales,likelihood_noise,likelihood,HadamardGaussianLikelihood,0.006521653919610256,0.005549851021718108,0.007087067664249741
positive_beta_prior__component_scales_lengthscale_only,2025-09-30,4,lengthscale_only,component_scales,mean_constant,mean_module.base_means.0.raw_constant,Parameter,-0.03685097024869591,-0.03685097024869591,-0.03685097024869591
positive_beta_prior__component_scales_lengthscale_only,2025-09-30,4,lengthscale_only,component_scales,mean_constant,mean_module.base_means.1.raw_constant,Parameter,-0.03563108604174217,-0.03563108604174217,-0.03563108604174217
positive_beta_prior__component_scales_lengthscale_only,2025-09-30,4,lengthscale_only,component_scales,mean_constant,mean_module.base_means.2.raw_constant,Parameter,-0.008023069195769061,-0.008023069195769061,-0.008023069195769061
positive_beta_prior__component_scales_lengthscale_only,2025-09-30,4,lengthscale_only,component_scales,mean_constant,mean_module.base_means.3.raw_constant,Parameter,-0.0740813275063456,-0.0740813275063456,-0.0740813275063456
positive_beta_prior__component_scales_lengthscale_only,2025-09-30,4,lengthscale_only,component_scales,mean_constant,mean_module.base_means.4.raw_constant,Parameter,-0.07970565469946735,-0.07970565469946735,-0.07970565469946735
positive_beta_prior__component_scales_lengthscale_only,2025-09-30,4,lengthscale_only,component_scales,mean_constant,mean_module.base_means.5.raw_constant,Parameter,-0.03394853166996853,-0.03394853166996853,-0.03394853166996853
positive_beta_prior__component_scales_lengthscale_only,2025-09-30,4,lengthscale_only,component_scales,mean_constant,mean_module.base_means.6.raw_constant,Parameter,-0.04047209533797549,-0.04047209533797549,-0.04047209533797549
positive_beta_prior__component_scales_lengthscale_only,2025-09-30,4,lengthscale_only,component_scales,mean_constant,mean_module.base_means.7.raw_constant,Parameter,-0.019622163794145494,-0.019622163794145494,-0.019622163794145494
positive_beta_prior__component_scales_lengthscale_only,2025-09-30,4,lengthscale_only,component_scales,mean_constant,mean_module.base_means.8.raw_constant,Parameter,-0.007538706030542738,-0.007538706030542738,-0.007538706030542738
positive_beta_prior__component_scales_lengthscale_only,2025-09-30,4,lengthscale_only,component_scales,mean_constant,mean_module.base_means.9.raw_constant,Parameter,-0.055117411889088475,-0.055117411889088475,-0.055117411889088475
positive_beta_prior__component_scales_lengthscale_only,2025-09-30,4,lengthscale_only,component_scales,mean_constant,mean_module.base_means.10.raw_constant,Parameter,-0.028257140623695047,-0.028257140623695047,-0.028257140623695047
positive_beta_prior__component_scales_lengthscale_only,2025-09-30,4,lengthscale_only,component_scales,mean_constant,mean_module.base_means.11.raw_constant,Parameter,-0.03285192039555591,-0.03285192039555591,-0.03285192039555591
positive_beta_prior__component_scales_lengthscale_only,2025-09-30,4,lengthscale_only,component_scales,mean_constant,mean_module.base_means.12.raw_constant,Parameter,-0.10180399171588532,-0.10180399171588532,-0.10180399171588532
positive_beta_prior__component_scales_lengthscale_only,2025-09-30,4,lengthscale_only,component_scales,mean_constant,mean_module.base_means.13.raw_constant,Parameter,-0.04686527832649249,-0.04686527832649249,-0.04686527832649249
positive_beta_prior__component_scales_lengthscale_only,2025-09-30,4,lengthscale_only,component_scales,mean_constant,mean_module.base_means.14.raw_constant,Parameter,-0.06407002939003145,-0.06407002939003145,-0.06407002939003145
positive_beta_prior__component_scales_lengthscale_only,2025-09-30,4,lengthscale_only,component_scales,mean_constant,mean_module.base_means.15.raw_constant,Parameter,-0.04292100259827277,-0.04292100259827277,-0.04292100259827277
positive_beta_prior__component_scales_lengthscale_only,2025-09-30,4,lengthscale_only,component_scales,mean_constant,mean_module.base_means.16.raw_constant,Parameter,-0.03182095033153929,-0.03182095033153929,-0.03182095033153929
positive_beta_prior__component_scales_lengthscale_only,2025-09-30,4,lengthscale_only,component_scales,mean_constant,mean_module.base_means.17.raw_constant,Parameter,-0.0215310587213155,-0.0215310587213155,-0.0215310587213155
positive_beta_prior__component_scales_neither,2025-09-30,4,neither,component_scales,outputscale,covar_module.kernels.0.kernels.0,MaternKernel,0.0037476611496827213,0.0037476611496827213,0.0037476611496827213
positive_beta_prior__component_scales_neither,2025-09-30,4,neither,component_scales,lengthscale,covar_module.kernels.0.kernels.0.base_kernel,MaternKernel,0.18630642720514023,0.18630642720514023,0.18630642720514023
positive_beta_prior__component_scales_neither,2025-09-30,4,neither,component_scales,outputscale,covar_module.kernels.0.kernels.1,MaternKernel,0.0007293573929680792,0.0007293573929680792,0.0007293573929680792
positive_beta_prior__component_scales_neither,2025-09-30,4,neither,component_scales,lengthscale,covar_module.kernels.0.kernels.1.base_kernel,MaternKernel,0.9916330062044575,0.19444495280121848,2.364712118318105
positive_beta_prior__component_scales_neither,2025-09-30,4,neither,component_scales,outputscale,covar_module.kernels.0.kernels.2,MaternKernel,1.1036154508731746,1.1036154508731746,1.1036154508731746
positive_beta_prior__component_scales_neither,2025-09-30,4,neither,component_scales,lengthscale,covar_module.kernels.0.kernels.2.base_kernel,MaternKernel,0.515744213576798,0.10616646079703161,1.0362961510976216
positive_beta_prior__component_scales_neither,2025-09-30,4,neither,component_scales,outputscale,covar_module.kernels.0.kernels.3,RQKernel,0.004655829092506908,0.004655829092506908,0.004655829092506908
positive_beta_prior__component_scales_neither,2025-09-30,4,neither,component_scales,lengthscale,covar_module.kernels.0.kernels.3.base_kernel,RQKernel,0.7204687438648374,0.419586779641155,0.9452657272749332
positive_beta_prior__component_scales_neither,2025-09-30,4,neither,component_scales,outputscale,covar_module.kernels.0.kernels.4,LinearKernel,0.004033297123647329,0.004033297123647329,0.004033297123647329
positive_beta_prior__component_scales_neither,2025-09-30,4,neither,component_scales,outputscale,covar_module.kernels.0.kernels.5,ProductKernel,0.03430296364825966,0.03430296364825966,0.03430296364825966
positive_beta_prior__component_scales_neither,2025-09-30,4,neither,component_scales,lengthscale,covar_module.kernels.0.kernels.5.base_kernel.kernels.0,MaternKernel,0.02600307893312418,0.02600307893312418,0.02600307893312418
positive_beta_prior__component_scales_neither,2025-09-30,4,neither,component_scales,lengthscale,covar_module.kernels.0.kernels.5.base_kernel.kernels.1,MaternKernel,1.1008007493234098,0.3831693703141891,3.169119694611992
positive_beta_prior__component_scales_neither,2025-09-30,4,neither,component_scales,outputscale,covar_module.kernels.0.kernels.6,ProductKernel,0.016809820876858922,0.016809820876858922,0.016809820876858922
positive_beta_prior__component_scales_neither,2025-09-30,4,neither,component_scales,lengthscale,covar_module.kernels.0.kernels.6.base_kernel.kernels.0,MaternKernel,0.04004268023932826,0.04004268023932826,0.04004268023932826
positive_beta_prior__component_scales_neither,2025-09-30,4,neither,component_scales,lengthscale,covar_module.kernels.0.kernels.6.base_kernel.kernels.1.kernels.0,MaternKernel,0.7199117982482715,0.5794174775450027,0.8393707401175685
positive_beta_prior__component_scales_neither,2025-09-30,4,neither,component_scales,lengthscale,covar_module.kernels.0.kernels.6.base_kernel.kernels.1.kernels.1,RQKernel,0.742553441562293,0.592927764581421,0.8517211722247058
positive_beta_prior__component_scales_neither,2025-09-30,4,neither,component_scales,outputscale,covar_module.kernels.0.kernels.7,ProductKernel,0.023096106410777473,0.023096106410777473,0.023096106410777473
positive_beta_prior__component_scales_neither,2025-09-30,4,neither,component_scales,lengthscale,covar_module.kernels.0.kernels.7.base_kernel.kernels.0.kernels.0,MaternKernel,0.6885221963162297,0.5823331890983144,0.8248340254851855
positive_beta_prior__component_scales_neither,2025-09-30,4,neither,component_scales,lengthscale,covar_module.kernels.0.kernels.7.base_kernel.kernels.0.kernels.1,RQKernel,0.6818017736127568,0.5280750260557682,0.8395926124927617
positive_beta_prior__component_scales_neither,2025-09-30,4,neither,component_scales,lengthscale,covar_module.kernels.0.kernels.7.base_kernel.kernels.1,MaternKernel,1.3867786320721471,0.4994432151615778,4.2386522078847
positive_beta_prior__component_scales_neither,2025-09-30,4,neither,component_scales,likelihood_noise,likelihood,HadamardGaussianLikelihood,0.006577769251034136,0.005498136254619966,0.0077919331886544055
positive_beta_prior__component_scales_neither,2025-09-30,4,neither,component_scales,mean_constant,mean_module.base_means.0.raw_constant,Parameter,0.05493173507650758,0.05493173507650758,0.05493173507650758
positive_beta_prior__component_scales_neither,2025-09-30,4,neither,component_scales,mean_constant,mean_module.base_means.1.raw_constant,Parameter,0.04881495353044729,0.04881495353044729,0.04881495353044729
positive_beta_prior__component_scales_neither,2025-09-30,4,neither,component_scales,mean_constant,mean_module.base_means.2.raw_constant,Parameter,0.05937728576892408,0.05937728576892408,0.05937728576892408
positive_beta_prior__component_scales_neither,2025-09-30,4,neither,component_scales,mean_constant,mean_module.base_means.3.raw_constant,Parameter,-0.028085082660328574,-0.028085082660328574,-0.028085082660328574
positive_beta_prior__component_scales_neither,2025-09-30,4,neither,component_scales,mean_constant,mean_module.base_means.4.raw_constant,Parameter,-0.03772466041094394,-0.03772466041094394,-0.03772466041094394
positive_beta_prior__component_scales_neither,2025-09-30,4,neither,component_scales,mean_constant,mean_module.base_means.5.raw_constant,Parameter,0.038104705278541984,0.038104705278541984,0.038104705278541984
positive_beta_prior__component_scales_neither,2025-09-30,4,neither,component_scales,mean_constant,mean_module.base_means.6.raw_constant,Parameter,0.0019692768896761273,0.0019692768896761273,0.0019692768896761273
positive_beta_prior__component_scales_neither,2025-09-30,4,neither,component_scales,mean_constant,mean_module.base_means.7.raw_constant,Parameter,0.05140589175877003,0.05140589175877003,0.05140589175877003
positive_beta_prior__component_scales_neither,2025-09-30,4,neither,component_scales,mean_constant,mean_module.base_means.8.raw_constant,Parameter,-0.031203135857506933,-0.031203135857506933,-0.031203135857506933
positive_beta_prior__component_scales_neither,2025-09-30,4,neither,component_scales,mean_constant,mean_module.base_means.9.raw_constant,Parameter,0.004332055467031476,0.004332055467031476,0.004332055467031476
positive_beta_prior__component_scales_neither,2025-09-30,4,neither,component_scales,mean_constant,mean_module.base_means.10.raw_constant,Parameter,0.04300865403628783,0.04300865403628783,0.04300865403628783
positive_beta_prior__component_scales_neither,2025-09-30,4,neither,component_scales,mean_constant,mean_module.base_means.11.raw_constant,Parameter,0.03860405072454007,0.03860405072454007,0.03860405072454007
positive_beta_prior__component_scales_neither,2025-09-30,4,neither,component_scales,mean_constant,mean_module.base_means.12.raw_constant,Parameter,0.006582125323878,0.006582125323878,0.006582125323878
positive_beta_prior__component_scales_neither,2025-09-30,4,neither,component_scales,mean_constant,mean_module.base_means.13.raw_constant,Parameter,0.020398697953161755,0.020398697953161755,0.020398697953161755
positive_beta_prior__component_scales_neither,2025-09-30,4,neither,component_scales,mean_constant,mean_module.base_means.14.raw_constant,Parameter,0.024475802495703754,0.024475802495703754,0.024475802495703754
positive_beta_prior__component_scales_neither,2025-09-30,4,neither,component_scales,mean_constant,mean_module.base_means.15.raw_constant,Parameter,-0.02148872027914462,-0.02148872027914462,-0.02148872027914462
positive_beta_prior__component_scales_neither,2025-09-30,4,neither,component_scales,mean_constant,mean_module.base_means.16.raw_constant,Parameter,0.023529024413713257,0.023529024413713257,0.023529024413713257
positive_beta_prior__component_scales_neither,2025-09-30,4,neither,component_scales,mean_constant,mean_module.base_means.17.raw_constant,Parameter,0.02095378999442648,0.02095378999442648,0.02095378999442648
positive_beta_prior__no_component_scales_lengthscale_only,2025-09-30,4,lengthscale_only,no_component_scales,time_varying_effective_lengthscale_train,covar_module.kernels.0,_Module,0.00029710083328204814,2.3798518990819604e-05,0.0011551631682990434
positive_beta_prior__no_component_scales_lengthscale_only,2025-09-30,4,lengthscale_only,no_component_scales,time_varying_effective_lengthscale_eval,covar_module.kernels.0,_Module,2.211732386982922e-05,2.211732386982922e-05,2.2117323869829225e-05
positive_beta_prior__no_component_scales_lengthscale_only,2025-09-30,4,lengthscale_only,no_component_scales,lengthscale,covar_module.kernels.0.base_kernel.kernels.0,MaternKernel,0.12517129421198137,0.12517129421198137,0.12517129421198137
positive_beta_prior__no_component_scales_lengthscale_only,2025-09-30,4,lengthscale_only,no_component_scales,lengthscale,covar_module.kernels.0.base_kernel.kernels.1,MaternKernel,2.6160031872811014,1.02036370995766,5.359409060791102
positive_beta_prior__no_component_scales_lengthscale_only,2025-09-30,4,lengthscale_only,no_component_scales,lengthscale,covar_module.kernels.0.base_kernel.kernels.2,MaternKernel,0.6587945776093561,0.2515150164118056,1.0166880684430522
positive_beta_prior__no_component_scales_lengthscale_only,2025-09-30,4,lengthscale_only,no_component_scales,lengthscale,covar_module.kernels.0.base_kernel.kernels.3,RQKernel,0.7077100736698418,0.2433293278115123,1.0814347694625368
positive_beta_prior__no_component_scales_lengthscale_only,2025-09-30,4,lengthscale_only,no_component_scales,lengthscale,covar_module.kernels.0.base_kernel.kernels.5.kernels.0,MaternKernel,0.03980330342815745,0.03980330342815745,0.03980330342815745
positive_beta_prior__no_component_scales_lengthscale_only,2025-09-30,4,lengthscale_only,no_component_scales,lengthscale,covar_module.kernels.0.base_kernel.kernels.5.kernels.1,MaternKernel,2.446842337550727,0.8566344977261191,5.171358565927106
positive_beta_prior__no_component_scales_lengthscale_only,2025-09-30,4,lengthscale_only,no_component_scales,lengthscale,covar_module.kernels.0.base_kernel.kernels.6.kernels.0,MaternKernel,0.04365372308102355,0.04365372308102355,0.04365372308102355
positive_beta_prior__no_component_scales_lengthscale_only,2025-09-30,4,lengthscale_only,no_component_scales,lengthscale,covar_module.kernels.0.base_kernel.kernels.6.kernels.1.kernels.0,MaternKernel,0.7297515546761011,0.6185833794487067,0.845155440673325
positive_beta_prior__no_component_scales_lengthscale_only,2025-09-30,4,lengthscale_only,no_component_scales,lengthscale,covar_module.kernels.0.base_kernel.kernels.6.kernels.1.kernels.1,RQKernel,0.7540951929296213,0.6328248804744163,0.8550565554117439
positive_beta_prior__no_component_scales_lengthscale_only,2025-09-30,4,lengthscale_only,no_component_scales,lengthscale,covar_module.kernels.0.base_kernel.kernels.7.kernels.0.kernels.0,MaternKernel,0.5845888548588396,0.3580117179231116,0.9677663620917415
positive_beta_prior__no_component_scales_lengthscale_only,2025-09-30,4,lengthscale_only,no_component_scales,lengthscale,covar_module.kernels.0.base_kernel.kernels.7.kernels.0.kernels.1,RQKernel,0.5802949138715882,0.2766683605602298,1.0217986129402334
positive_beta_prior__no_component_scales_lengthscale_only,2025-09-30,4,lengthscale_only,no_component_scales,lengthscale,covar_module.kernels.0.base_kernel.kernels.7.kernels.1,MaternKernel,3.654405934891801,1.5367512480345589,7.801313435900283
positive_beta_prior__no_component_scales_lengthscale_only,2025-09-30,4,lengthscale_only,no_component_scales,likelihood_noise,likelihood,HadamardGaussianLikelihood,0.006362932635560368,0.005533447599805101,0.0070897903579274614
positive_beta_prior__no_component_scales_lengthscale_only,2025-09-30,4,lengthscale_only,no_component_scales,mean_constant,mean_module.base_means.0.raw_constant,Parameter,0.038345869636877986,0.038345869636877986,0.038345869636877986
positive_beta_prior__no_component_scales_lengthscale_only,2025-09-30,4,lengthscale_only,no_component_scales,mean_constant,mean_module.base_means.1.raw_constant,Parameter,0.04439819226452732,0.04439819226452732,0.04439819226452732
positive_beta_prior__no_component_scales_lengthscale_only,2025-09-30,4,lengthscale_only,no_component_scales,mean_constant,mean_module.base_means.2.raw_constant,Parameter,0.07371242625948425,0.07371242625948425,0.07371242625948425
positive_beta_prior__no_component_scales_lengthscale_only,2025-09-30,4,lengthscale_only,no_component_scales,mean_constant,mean_module.base_means.3.raw_constant,Parameter,-0.02970152001817577,-0.02970152001817577,-0.02970152001817577
positive_beta_prior__no_component_scales_lengthscale_only,2025-09-30,4,lengthscale_only,no_component_scales,mean_constant,mean_module.base_means.4.raw_constant,Parameter,-0.047630995415315645,-0.047630995415315645,-0.047630995415315645
positive_beta_prior__no_component_scales_lengthscale_only,2025-09-30,4,lengthscale_only,no_component_scales,mean_constant,mean_module.base_means.5.raw_constant,Parameter,-0.009168665126260259,-0.009168665126260259,-0.009168665126260259
positive_beta_prior__no_component_scales_lengthscale_only,2025-09-30,4,lengthscale_only,no_component_scales,mean_constant,mean_module.base_means.6.raw_constant,Parameter,-0.09187282021505547,-0.09187282021505547,-0.09187282021505547
positive_beta_prior__no_component_scales_lengthscale_only,2025-09-30,4,lengthscale_only,no_component_scales,mean_constant,mean_module.base_means.7.raw_constant,Parameter,-0.039786755484050765,-0.039786755484050765,-0.039786755484050765
positive_beta_prior__no_component_scales_lengthscale_only,2025-09-30,4,lengthscale_only,no_component_scales,mean_constant,mean_module.base_means.8.raw_constant,Parameter,-0.07326515013022361,-0.07326515013022361,-0.07326515013022361
positive_beta_prior__no_component_scales_lengthscale_only,2025-09-30,4,lengthscale_only,no_component_scales,mean_constant,mean_module.base_means.9.raw_constant,Parameter,-0.11452750290792788,-0.11452750290792788,-0.11452750290792788
positive_beta_prior__no_component_scales_lengthscale_only,2025-09-30,4,lengthscale_only,no_component_scales,mean_constant,mean_module.base_means.10.raw_constant,Parameter,-0.0753812159284545,-0.0753812159284545,-0.0753812159284545
positive_beta_prior__no_component_scales_lengthscale_only,2025-09-30,4,lengthscale_only,no_component_scales,mean_constant,mean_module.base_means.11.raw_constant,Parameter,-0.07791299657573439,-0.07791299657573439,-0.07791299657573439
positive_beta_prior__no_component_scales_lengthscale_only,2025-09-30,4,lengthscale_only,no_component_scales,mean_constant,mean_module.base_means.12.raw_constant,Parameter,-0.12336624565342744,-0.12336624565342744,-0.12336624565342744
positive_beta_prior__no_component_scales_lengthscale_only,2025-09-30,4,lengthscale_only,no_component_scales,mean_constant,mean_module.base_means.13.raw_constant,Parameter,-0.09153405612940396,-0.09153405612940396,-0.09153405612940396
positive_beta_prior__no_component_scales_lengthscale_only,2025-09-30,4,lengthscale_only,no_component_scales,mean_constant,mean_module.base_means.14.raw_constant,Parameter,-0.05192343546031101,-0.05192343546031101,-0.05192343546031101
positive_beta_prior__no_component_scales_lengthscale_only,2025-09-30,4,lengthscale_only,no_component_scales,mean_constant,mean_module.base_means.15.raw_constant,Parameter,-0.09767408665715929,-0.09767408665715929,-0.09767408665715929
positive_beta_prior__no_component_scales_lengthscale_only,2025-09-30,4,lengthscale_only,no_component_scales,mean_constant,mean_module.base_means.16.raw_constant,Parameter,-0.08470279878628201,-0.08470279878628201,-0.08470279878628201
positive_beta_prior__no_component_scales_lengthscale_only,2025-09-30,4,lengthscale_only,no_component_scales,mean_constant,mean_module.base_means.17.raw_constant,Parameter,-0.02845109963012664,-0.02845109963012664,-0.02845109963012664
positive_beta_prior__no_component_scales_neither,2025-09-30,4,neither,no_component_scales,lengthscale,covar_module.kernels.0.kernels.0,MaternKernel,0.08901277937725396,0.08901277937725396,0.08901277937725396
positive_beta_prior__no_component_scales_neither,2025-09-30,4,neither,no_component_scales,lengthscale,covar_module.kernels.0.kernels.1,MaternKernel,2.730739340460387,0.8726076473450106,5.77376887451201
positive_beta_prior__no_component_scales_neither,2025-09-30,4,neither,no_component_scales,lengthscale,covar_module.kernels.0.kernels.2,MaternKernel,0.5977263918910939,0.21031789699193554,0.9748395104846854
positive_beta_prior__no_component_scales_neither,2025-09-30,4,neither,no_component_scales,lengthscale,covar_module.kernels.0.kernels.3,RQKernel,0.6670844470866705,0.21921998932460474,1.0042623242272444
positive_beta_prior__no_component_scales_neither,2025-09-30,4,neither,no_component_scales,lengthscale,covar_module.kernels.0.kernels.5.kernels.0,MaternKernel,0.025123056650350747,0.025123056650350747,0.025123056650350747
positive_beta_prior__no_component_scales_neither,2025-09-30,4,neither,no_component_scales,lengthscale,covar_module.kernels.0.kernels.5.kernels.1,MaternKernel,2.516370074926251,0.9230880915296507,5.953471071166726
positive_beta_prior__no_component_scales_neither,2025-09-30,4,neither,no_component_scales,lengthscale,covar_module.kernels.0.kernels.6.kernels.0,MaternKernel,0.025294257375205284,0.025294257375205284,0.025294257375205284
positive_beta_prior__no_component_scales_neither,2025-09-30,4,neither,no_component_scales,lengthscale,covar_module.kernels.0.kernels.6.kernels.1.kernels.0,MaternKernel,0.5990230993889747,0.3142079570926904,0.8614456916893917
positive_beta_prior__no_component_scales_neither,2025-09-30,4,neither,no_component_scales,lengthscale,covar_module.kernels.0.kernels.6.kernels.1.kernels.1,RQKernel,0.6361348680686139,0.3054795858658977,0.8851927346272056
positive_beta_prior__no_component_scales_neither,2025-09-30,4,neither,no_component_scales,lengthscale,covar_module.kernels.0.kernels.7.kernels.0.kernels.0,MaternKernel,0.5269459657327362,0.2557671595118387,0.8598999634815024
positive_beta_prior__no_component_scales_neither,2025-09-30,4,neither,no_component_scales,lengthscale,covar_module.kernels.0.kernels.7.kernels.0.kernels.1,RQKernel,0.5386120114280293,0.2621226872257173,0.8981137496327558
positive_beta_prior__no_component_scales_neither,2025-09-30,4,neither,no_component_scales,lengthscale,covar_module.kernels.0.kernels.7.kernels.1,MaternKernel,3.819941783976491,1.6884947720939005,8.711327292994845
positive_beta_prior__no_component_scales_neither,2025-09-30,4,neither,no_component_scales,likelihood_noise,likelihood,HadamardGaussianLikelihood,0.006457400116611719,0.0056351972758011395,0.007339839754192509
positive_beta_prior__no_component_scales_neither,2025-09-30,4,neither,no_component_scales,mean_constant,mean_module.base_means.0.raw_constant,Parameter,0.41135562462760705,0.41135562462760705,0.41135562462760705
positive_beta_prior__no_component_scales_neither,2025-09-30,4,neither,no_component_scales,mean_constant,mean_module.base_means.1.raw_constant,Parameter,0.17263710501548207,0.17263710501548207,0.17263710501548207
positive_beta_prior__no_component_scales_neither,2025-09-30,4,neither,no_component_scales,mean_constant,mean_module.base_means.2.raw_constant,Parameter,0.18042443612956388,0.18042443612956388,0.18042443612956388
positive_beta_prior__no_component_scales_neither,2025-09-30,4,neither,no_component_scales,mean_constant,mean_module.base_means.3.raw_constant,Parameter,0.03490131368544499,0.03490131368544499,0.03490131368544499
positive_beta_prior__no_component_scales_neither,2025-09-30,4,neither,no_component_scales,mean_constant,mean_module.base_means.4.raw_constant,Parameter,0.023751582013759986,0.023751582013759986,0.023751582013759986
positive_beta_prior__no_component_scales_neither,2025-09-30,4,neither,no_component_scales,mean_constant,mean_module.base_means.5.raw_constant,Parameter,0.05007157853482329,0.05007157853482329,0.05007157853482329
positive_beta_prior__no_component_scales_neither,2025-09-30,4,neither,no_component_scales,mean_constant,mean_module.base_means.6.raw_constant,Parameter,-0.06749049683123068,-0.06749049683123068,-0.06749049683123068
positive_beta_prior__no_component_scales_neither,2025-09-30,4,neither,no_component_scales,mean_constant,mean_module.base_means.7.raw_constant,Parameter,-0.018410242770439705,-0.018410242770439705,-0.018410242770439705
positive_beta_prior__no_component_scales_neither,2025-09-30,4,neither,no_component_scales,mean_constant,mean_module.base_means.8.raw_constant,Parameter,0.052949490537716276,0.052949490537716276,0.052949490537716276
positive_beta_prior__no_component_scales_neither,2025-09-30,4,neither,no_component_scales,mean_constant,mean_module.base_means.9.raw_constant,Parameter,-0.07918368709505971,-0.07918368709505971,-0.07918368709505971
positive_beta_prior__no_component_scales_neither,2025-09-30,4,neither,no_component_scales,mean_constant,mean_module.base_means.10.raw_constant,Parameter,-0.009172508511617454,-0.009172508511617454,-0.009172508511617454
positive_beta_prior__no_component_scales_neither,2025-09-30,4,neither,no_component_scales,mean_constant,mean_module.base_means.11.raw_constant,Parameter,-0.01944149437108804,-0.01944149437108804,-0.01944149437108804
positive_beta_prior__no_component_scales_neither,2025-09-30,4,neither,no_component_scales,mean_constant,mean_module.base_means.12.raw_constant,Parameter,-0.053314513223485925,-0.053314513223485925,-0.053314513223485925
positive_beta_prior__no_component_scales_neither,2025-09-30,4,neither,no_component_scales,mean_constant,mean_module.base_means.13.raw_constant,Parameter,0.0014324534196611905,0.0014324534196611905,0.0014324534196611905
positive_beta_prior__no_component_scales_neither,2025-09-30,4,neither,no_component_scales,mean_constant,mean_module.base_means.14.raw_constant,Parameter,0.0408017168509712,0.0408017168509712,0.0408017168509712
positive_beta_prior__no_component_scales_neither,2025-09-30,4,neither,no_component_scales,mean_constant,mean_module.base_means.15.raw_constant,Parameter,0.02617080760496967,0.02617080760496967,0.02617080760496967
positive_beta_prior__no_component_scales_neither,2025-09-30,4,neither,no_component_scales,mean_constant,mean_module.base_means.16.raw_constant,Parameter,0.01319893566191405,0.01319893566191405,0.01319893566191405
positive_beta_prior__no_component_scales_neither,2025-09-30,4,neither,no_component_scales,mean_constant,mean_module.base_means.17.raw_constant,Parameter,0.07948945662529355,0.07948945662529355,0.07948945662529355
positive_beta_prior__global_scale_lengthscale_only,2025-09-30,4,lengthscale_only,global_scale,outputscale,covar_module.kernels.0,_Module,0.023179915633909053,0.023179915633909053,0.023179915633909053
positive_beta_prior__global_scale_lengthscale_only,2025-09-30,4,lengthscale_only,global_scale,time_varying_effective_lengthscale_train,covar_module.kernels.0.base_kernel,_Module,0.0039076170642524475,0.0010440706249452887,0.009675652435749846
positive_beta_prior__global_scale_lengthscale_only,2025-09-30,4,lengthscale_only,global_scale,time_varying_effective_lengthscale_eval,covar_module.kernels.0.base_kernel,_Module,0.001001058541333196,0.001001058541333196,0.001001058541333196
positive_beta_prior__global_scale_lengthscale_only,2025-09-30,4,lengthscale_only,global_scale,lengthscale,covar_module.kernels.0.base_kernel.base_kernel.kernels.0,MaternKernel,0.13585230771716025,0.13585230771716025,0.13585230771716025
positive_beta_prior__global_scale_lengthscale_only,2025-09-30,4,lengthscale_only,global_scale,lengthscale,covar_module.kernels.0.base_kernel.base_kernel.kernels.1,MaternKernel,1.1132416218221195,0.3919427342027526,2.3467467339683616
positive_beta_prior__global_scale_lengthscale_only,2025-09-30,4,lengthscale_only,global_scale,lengthscale,covar_module.kernels.0.base_kernel.base_kernel.kernels.2,MaternKernel,0.7330168900751954,0.5547119896388059,0.8575716001063872
positive_beta_prior__global_scale_lengthscale_only,2025-09-30,4,lengthscale_only,global_scale,lengthscale,covar_module.kernels.0.base_kernel.base_kernel.kernels.3,RQKernel,0.7457877445223164,0.5442921784988148,0.8787710802674062
positive_beta_prior__global_scale_lengthscale_only,2025-09-30,4,lengthscale_only,global_scale,lengthscale,covar_module.kernels.0.base_kernel.base_kernel.kernels.5.kernels.0,MaternKernel,0.10186545295601898,0.10186545295601898,0.10186545295601898
positive_beta_prior__global_scale_lengthscale_only,2025-09-30,4,lengthscale_only,global_scale,lengthscale,covar_module.kernels.0.base_kernel.base_kernel.kernels.5.kernels.1,MaternKernel,1.0409581681504052,0.31275085376635403,2.2208827222265852
positive_beta_prior__global_scale_lengthscale_only,2025-09-30,4,lengthscale_only,global_scale,lengthscale,covar_module.kernels.0.base_kernel.base_kernel.kernels.6.kernels.0,MaternKernel,0.044629811916087975,0.044629811916087975,0.044629811916087975
positive_beta_prior__global_scale_lengthscale_only,2025-09-30,4,lengthscale_only,global_scale,lengthscale,covar_module.kernels.0.base_kernel.base_kernel.kernels.6.kernels.1.kernels.0,MaternKernel,0.7815634541302838,0.7378325827513302,0.8237667887511404
positive_beta_prior__global_scale_lengthscale_only,2025-09-30,4,lengthscale_only,global_scale,lengthscale,covar_module.kernels.0.base_kernel.base_kernel.kernels.6.kernels.1.kernels.1,RQKernel,0.7888442907337683,0.7424229885256607,0.8253887020789993
positive_beta_prior__global_scale_lengthscale_only,2025-09-30,4,lengthscale_only,global_scale,lengthscale,covar_module.kernels.0.base_kernel.base_kernel.kernels.7.kernels.0.kernels.0,MaternKernel,0.6914198397538426,0.5848386942737901,0.8538006486984954
positive_beta_prior__global_scale_lengthscale_only,2025-09-30,4,lengthscale_only,global_scale,lengthscale,covar_module.kernels.0.base_kernel.base_kernel.kernels.7.kernels.0.kernels.1,RQKernel,0.6713978841582771,0.521609540236728,0.8682864664361988
positive_beta_prior__global_scale_lengthscale_only,2025-09-30,4,lengthscale_only,global_scale,lengthscale,covar_module.kernels.0.base_kernel.base_kernel.kernels.7.kernels.1,MaternKernel,1.5245994860325267,0.4775552225042418,3.726024251439124
positive_beta_prior__global_scale_lengthscale_only,2025-09-30,4,lengthscale_only,global_scale,likelihood_noise,likelihood,HadamardGaussianLikelihood,0.006509352506201289,0.005735783123479251,0.007394432172715927
positive_beta_prior__global_scale_lengthscale_only,2025-09-30,4,lengthscale_only,global_scale,mean_constant,mean_module.base_means.0.raw_constant,Parameter,0.0242108879208004,0.0242108879208004,0.0242108879208004
positive_beta_prior__global_scale_lengthscale_only,2025-09-30,4,lengthscale_only,global_scale,mean_constant,mean_module.base_means.1.raw_constant,Parameter,0.012222079128410376,0.012222079128410376,0.012222079128410376
positive_beta_prior__global_scale_lengthscale_only,2025-09-30,4,lengthscale_only,global_scale,mean_constant,mean_module.base_means.2.raw_constant,Parameter,0.0357661702961446,0.0357661702961446,0.0357661702961446
positive_beta_prior__global_scale_lengthscale_only,2025-09-30,4,lengthscale_only,global_scale,mean_constant,mean_module.base_means.3.raw_constant,Parameter,-0.0169811567596945,-0.0169811567596945,-0.0169811567596945
positive_beta_prior__global_scale_lengthscale_only,2025-09-30,4,lengthscale_only,global_scale,mean_constant,mean_module.base_means.4.raw_constant,Parameter,-0.02499900931411407,-0.02499900931411407,-0.02499900931411407
positive_beta_prior__global_scale_lengthscale_only,2025-09-30,4,lengthscale_only,global_scale,mean_constant,mean_module.base_means.5.raw_constant,Parameter,-0.035088983751292165,-0.035088983751292165,-0.035088983751292165
positive_beta_prior__global_scale_lengthscale_only,2025-09-30,4,lengthscale_only,global_scale,mean_constant,mean_module.base_means.6.raw_constant,Parameter,-0.1087704165414309,-0.1087704165414309,-0.1087704165414309
positive_beta_prior__global_scale_lengthscale_only,2025-09-30,4,lengthscale_only,global_scale,mean_constant,mean_module.base_means.7.raw_constant,Parameter,-0.053668667831701156,-0.053668667831701156,-0.053668667831701156
positive_beta_prior__global_scale_lengthscale_only,2025-09-30,4,lengthscale_only,global_scale,mean_constant,mean_module.base_means.8.raw_constant,Parameter,-0.10688189100506612,-0.10688189100506612,-0.10688189100506612
positive_beta_prior__global_scale_lengthscale_only,2025-09-30,4,lengthscale_only,global_scale,mean_constant,mean_module.base_means.9.raw_constant,Parameter,-0.09549598686189137,-0.09549598686189137,-0.09549598686189137
positive_beta_prior__global_scale_lengthscale_only,2025-09-30,4,lengthscale_only,global_scale,mean_constant,mean_module.base_means.10.raw_constant,Parameter,-0.043690102674584244,-0.043690102674584244,-0.043690102674584244
positive_beta_prior__global_scale_lengthscale_only,2025-09-30,4,lengthscale_only,global_scale,mean_constant,mean_module.base_means.11.raw_constant,Parameter,-0.053291251019723596,-0.053291251019723596,-0.053291251019723596
positive_beta_prior__global_scale_lengthscale_only,2025-09-30,4,lengthscale_only,global_scale,mean_constant,mean_module.base_means.12.raw_constant,Parameter,-0.049358935532408776,-0.049358935532408776,-0.049358935532408776
positive_beta_prior__global_scale_lengthscale_only,2025-09-30,4,lengthscale_only,global_scale,mean_constant,mean_module.base_means.13.raw_constant,Parameter,-0.08225799773617991,-0.08225799773617991,-0.08225799773617991
positive_beta_prior__global_scale_lengthscale_only,2025-09-30,4,lengthscale_only,global_scale,mean_constant,mean_module.base_means.14.raw_constant,Parameter,-0.06118623649465321,-0.06118623649465321,-0.06118623649465321
positive_beta_prior__global_scale_lengthscale_only,2025-09-30,4,lengthscale_only,global_scale,mean_constant,mean_module.base_means.15.raw_constant,Parameter,-0.10018683669348748,-0.10018683669348748,-0.10018683669348748
positive_beta_prior__global_scale_lengthscale_only,2025-09-30,4,lengthscale_only,global_scale,mean_constant,mean_module.base_means.16.raw_constant,Parameter,-0.07896518654403896,-0.07896518654403896,-0.07896518654403896
positive_beta_prior__global_scale_lengthscale_only,2025-09-30,4,lengthscale_only,global_scale,mean_constant,mean_module.base_means.17.raw_constant,Parameter,-0.05347974699468039,-0.05347974699468039,-0.05347974699468039
positive_beta_prior__global_scale_neither,2025-09-30,4,neither,global_scale,outputscale,covar_module.kernels.0,AdditiveKernel,0.037835091852429656,0.037835091852429656,0.037835091852429656
positive_beta_prior__global_scale_neither,2025-09-30,4,neither,global_scale,lengthscale,covar_module.kernels.0.base_kernel.kernels.0,MaternKernel,0.05372185780094833,0.05372185780094833,0.05372185780094833
positive_beta_prior__global_scale_neither,2025-09-30,4,neither,global_scale,lengthscale,covar_module.kernels.0.base_kernel.kernels.1,MaternKernel,1.4192262454428393,0.28456025863678347,2.9337552464451764
positive_beta_prior__global_scale_neither,2025-09-30,4,neither,global_scale,lengthscale,covar_module.kernels.0.base_kernel.kernels.2,MaternKernel,0.6359945114188195,0.3849234754450208,0.8443695528768541
positive_beta_prior__global_scale_neither,2025-09-30,4,neither,global_scale,lengthscale,covar_module.kernels.0.base_kernel.kernels.3,RQKernel,0.6565633317262993,0.3581854989329085,0.8585540983914945
positive_beta_prior__global_scale_neither,2025-09-30,4,neither,global_scale,lengthscale,covar_module.kernels.0.base_kernel.kernels.5.kernels.0,MaternKernel,0.02648768182544792,0.02648768182544792,0.02648768182544792
positive_beta_prior__global_scale_neither,2025-09-30,4,neither,global_scale,lengthscale,covar_module.kernels.0.base_kernel.kernels.5.kernels.1,MaternKernel,1.2280901518880079,0.3707358192390398,2.8195318732858383
positive_beta_prior__global_scale_neither,2025-09-30,4,neither,global_scale,lengthscale,covar_module.kernels.0.base_kernel.kernels.6.kernels.0,MaternKernel,0.025078811640721965,0.025078811640721965,0.025078811640721965
positive_beta_prior__global_scale_neither,2025-09-30,4,neither,global_scale,lengthscale,covar_module.kernels.0.base_kernel.kernels.6.kernels.1.kernels.0,MaternKernel,0.6856852923630703,0.5402049845668262,0.8272106679073781
positive_beta_prior__global_scale_neither,2025-09-30,4,neither,global_scale,lengthscale,covar_module.kernels.0.base_kernel.kernels.6.kernels.1.kernels.1,RQKernel,0.6875225555879472,0.524346289164863,0.8332663360757329
positive_beta_prior__global_scale_neither,2025-09-30,4,neither,global_scale,lengthscale,covar_module.kernels.0.base_kernel.kernels.7.kernels.0.kernels.0,MaternKernel,0.5957065976310046,0.37699460106909977,0.8144742898702266
positive_beta_prior__global_scale_neither,2025-09-30,4,neither,global_scale,lengthscale,covar_module.kernels.0.base_kernel.kernels.7.kernels.0.kernels.1,RQKernel,0.5757222249484852,0.281905182898748,0.8299482447144384
positive_beta_prior__global_scale_neither,2025-09-30,4,neither,global_scale,lengthscale,covar_module.kernels.0.base_kernel.kernels.7.kernels.1,MaternKernel,1.8917193274489028,0.47475288102667285,4.676447176791926
positive_beta_prior__global_scale_neither,2025-09-30,4,neither,global_scale,likelihood_noise,likelihood,HadamardGaussianLikelihood,0.006529212799953079,0.005836231415653652,0.007572186113062285
positive_beta_prior__global_scale_neither,2025-09-30,4,neither,global_scale,mean_constant,mean_module.base_means.0.raw_constant,Parameter,0.04275139807082371,0.04275139807082371,0.04275139807082371
positive_beta_prior__global_scale_neither,2025-09-30,4,neither,global_scale,mean_constant,mean_module.base_means.1.raw_constant,Parameter,0.043017657901834455,0.043017657901834455,0.043017657901834455
positive_beta_prior__global_scale_neither,2025-09-30,4,neither,global_scale,mean_constant,mean_module.base_means.2.raw_constant,Parameter,-0.00034135354920432695,-0.00034135354920432695,-0.00034135354920432695
positive_beta_prior__global_scale_neither,2025-09-30,4,neither,global_scale,mean_constant,mean_module.base_means.3.raw_constant,Parameter,-0.002662296373290818,-0.002662296373290818,-0.002662296373290818
positive_beta_prior__global_scale_neither,2025-09-30,4,neither,global_scale,mean_constant,mean_module.base_means.4.raw_constant,Parameter,-0.008465123981332482,-0.008465123981332482,-0.008465123981332482
positive_beta_prior__global_scale_neither,2025-09-30,4,neither,global_scale,mean_constant,mean_module.base_means.5.raw_constant,Parameter,-0.012019517192473479,-0.012019517192473479,-0.012019517192473479
positive_beta_prior__global_scale_neither,2025-09-30,4,neither,global_scale,mean_constant,mean_module.base_means.6.raw_constant,Parameter,-0.05773000983063625,-0.05773000983063625,-0.05773000983063625
positive_beta_prior__global_scale_neither,2025-09-30,4,neither,global_scale,mean_constant,mean_module.base_means.7.raw_constant,Parameter,-0.0063791851666612845,-0.0063791851666612845,-0.0063791851666612845
positive_beta_prior__global_scale_neither,2025-09-30,4,neither,global_scale,mean_constant,mean_module.base_means.8.raw_constant,Parameter,-0.08414170725425477,-0.08414170725425477,-0.08414170725425477
positive_beta_prior__global_scale_neither,2025-09-30,4,neither,global_scale,mean_constant,mean_module.base_means.9.raw_constant,Parameter,-0.0598962570744096,-0.0598962570744096,-0.0598962570744096
positive_beta_prior__global_scale_neither,2025-09-30,4,neither,global_scale,mean_constant,mean_module.base_means.10.raw_constant,Parameter,0.061869288325019915,0.061869288325019915,0.061869288325019915
positive_beta_prior__global_scale_neither,2025-09-30,4,neither,global_scale,mean_constant,mean_module.base_means.11.raw_constant,Parameter,0.059669504008715395,0.059669504008715395,0.059669504008715395
positive_beta_prior__global_scale_neither,2025-09-30,4,neither,global_scale,mean_constant,mean_module.base_means.12.raw_constant,Parameter,0.02516532591058239,0.02516532591058239,0.02516532591058239
positive_beta_prior__global_scale_neither,2025-09-30,4,neither,global_scale,mean_constant,mean_module.base_means.13.raw_constant,Parameter,-0.00023201837263757408,-0.00023201837263757408,-0.00023201837263757408
positive_beta_prior__global_scale_neither,2025-09-30,4,neither,global_scale,mean_constant,mean_module.base_means.14.raw_constant,Parameter,0.01937346862533485,0.01937346862533485,0.01937346862533485
positive_beta_prior__global_scale_neither,2025-09-30,4,neither,global_scale,mean_constant,mean_module.base_means.15.raw_constant,Parameter,-0.07785224844285471,-0.07785224844285471,-0.07785224844285471
positive_beta_prior__global_scale_neither,2025-09-30,4,neither,global_scale,mean_constant,mean_module.base_means.16.raw_constant,Parameter,-0.016461079975790886,-0.016461079975790886,-0.016461079975790886
positive_beta_prior__global_scale_neither,2025-09-30,4,neither,global_scale,mean_constant,mean_module.base_means.17.raw_constant,Parameter,0.009671942276870949,0.009671942276870949,0.009671942276870949
positive_beta_prior__component_scales_lengthscale_only,2025-10-31,5,lengthscale_only,component_scales,time_varying_effective_lengthscale_train,covar_module.kernels.0,_Module,0.013185837041016866,0.00515046128312024,0.02676294305479253
positive_beta_prior__component_scales_lengthscale_only,2025-10-31,5,lengthscale_only,component_scales,time_varying_effective_lengthscale_eval,covar_module.kernels.0,_Module,0.004995043641099587,0.004995043641099586,0.004995043641099586
positive_beta_prior__component_scales_lengthscale_only,2025-10-31,5,lengthscale_only,component_scales,outputscale,covar_module.kernels.0.base_kernel.kernels.0,MaternKernel,0.12531527896508604,0.12531527896508604,0.12531527896508604
positive_beta_prior__component_scales_lengthscale_only,2025-10-31,5,lengthscale_only,component_scales,lengthscale,covar_module.kernels.0.base_kernel.kernels.0.base_kernel,MaternKernel,0.1441284838446583,0.1441284838446583,0.1441284838446583
positive_beta_prior__component_scales_lengthscale_only,2025-10-31,5,lengthscale_only,component_scales,outputscale,covar_module.kernels.0.base_kernel.kernels.1,MaternKernel,0.0025132354902442718,0.0025132354902442718,0.0025132354902442718
positive_beta_prior__component_scales_lengthscale_only,2025-10-31,5,lengthscale_only,component_scales,lengthscale,covar_module.kernels.0.base_kernel.kernels.1.base_kernel,MaternKernel,0.8785857626274894,0.364376557207604,1.6794178957817352
positive_beta_prior__component_scales_lengthscale_only,2025-10-31,5,lengthscale_only,component_scales,outputscale,covar_module.kernels.0.base_kernel.kernels.2,MaternKernel,0.47548541764718283,0.47548541764718283,0.47548541764718283
positive_beta_prior__component_scales_lengthscale_only,2025-10-31,5,lengthscale_only,component_scales,lengthscale,covar_module.kernels.0.base_kernel.kernels.2.base_kernel,MaternKernel,0.5841489856397835,0.12617154503459313,1.0650133245765587
positive_beta_prior__component_scales_lengthscale_only,2025-10-31,5,lengthscale_only,component_scales,outputscale,covar_module.kernels.0.base_kernel.kernels.3,RQKernel,0.013319344314893686,0.013319344314893686,0.013319344314893686
positive_beta_prior__component_scales_lengthscale_only,2025-10-31,5,lengthscale_only,component_scales,lengthscale,covar_module.kernels.0.base_kernel.kernels.3.base_kernel,RQKernel,0.7594657398518803,0.5147392211787626,0.9301535884689707
positive_beta_prior__component_scales_lengthscale_only,2025-10-31,5,lengthscale_only,component_scales,outputscale,covar_module.kernels.0.base_kernel.kernels.4,LinearKernel,0.019210365169229943,0.019210365169229943,0.019210365169229943
positive_beta_prior__component_scales_lengthscale_only,2025-10-31,5,lengthscale_only,component_scales,outputscale,covar_module.kernels.0.base_kernel.kernels.5,ProductKernel,0.03976487343050673,0.03976487343050673,0.03976487343050673
positive_beta_prior__component_scales_lengthscale_only,2025-10-31,5,lengthscale_only,component_scales,lengthscale,covar_module.kernels.0.base_kernel.kernels.5.base_kernel.kernels.0,MaternKernel,0.04430441099409476,0.04430441099409476,0.04430441099409476
positive_beta_prior__component_scales_lengthscale_only,2025-10-31,5,lengthscale_only,component_scales,lengthscale,covar_module.kernels.0.base_kernel.kernels.5.base_kernel.kernels.1,MaternKernel,1.0035449727135592,0.4413734339255071,2.4467523725129454
positive_beta_prior__component_scales_lengthscale_only,2025-10-31,5,lengthscale_only,component_scales,outputscale,covar_module.kernels.0.base_kernel.kernels.6,ProductKernel,0.18289177233775808,0.18289177233775808,0.18289177233775808
positive_beta_prior__component_scales_lengthscale_only,2025-10-31,5,lengthscale_only,component_scales,lengthscale,covar_module.kernels.0.base_kernel.kernels.6.base_kernel.kernels.0,MaternKernel,0.11920518810878766,0.11920518810878766,0.11920518810878766
positive_beta_prior__component_scales_lengthscale_only,2025-10-31,5,lengthscale_only,component_scales,lengthscale,covar_module.kernels.0.base_kernel.kernels.6.base_kernel.kernels.1.kernels.0,MaternKernel,0.7756708914445184,0.7008683285940034,0.8304299468125927
positive_beta_prior__component_scales_lengthscale_only,2025-10-31,5,lengthscale_only,component_scales,lengthscale,covar_module.kernels.0.base_kernel.kernels.6.base_kernel.kernels.1.kernels.1,RQKernel,0.7873149947857213,0.7110751868048856,0.8360053613076632
positive_beta_prior__component_scales_lengthscale_only,2025-10-31,5,lengthscale_only,component_scales,outputscale,covar_module.kernels.0.base_kernel.kernels.7,ProductKernel,0.006515901681269362,0.006515901681269362,0.006515901681269362
positive_beta_prior__component_scales_lengthscale_only,2025-10-31,5,lengthscale_only,component_scales,lengthscale,covar_module.kernels.0.base_kernel.kernels.7.base_kernel.kernels.0.kernels.0,MaternKernel,0.7491774958392494,0.6456439739769053,0.8566855626610179
positive_beta_prior__component_scales_lengthscale_only,2025-10-31,5,lengthscale_only,component_scales,lengthscale,covar_module.kernels.0.base_kernel.kernels.7.base_kernel.kernels.0.kernels.1,RQKernel,0.743582772444784,0.6176897733441021,0.868055756757742
positive_beta_prior__component_scales_lengthscale_only,2025-10-31,5,lengthscale_only,component_scales,lengthscale,covar_module.kernels.0.base_kernel.kernels.7.base_kernel.kernels.1,MaternKernel,1.0848365064477006,0.401710367850165,2.850929620841086
positive_beta_prior__component_scales_lengthscale_only,2025-10-31,5,lengthscale_only,component_scales,likelihood_noise,likelihood,HadamardGaussianLikelihood,0.006566659087204714,0.005654080458227451,0.007059225108429199
positive_beta_prior__component_scales_lengthscale_only,2025-10-31,5,lengthscale_only,component_scales,mean_constant,mean_module.base_means.0.raw_constant,Parameter,-0.037132987357571284,-0.037132987357571284,-0.037132987357571284
positive_beta_prior__component_scales_lengthscale_only,2025-10-31,5,lengthscale_only,component_scales,mean_constant,mean_module.base_means.1.raw_constant,Parameter,-0.03129744738529525,-0.03129744738529525,-0.03129744738529525
positive_beta_prior__component_scales_lengthscale_only,2025-10-31,5,lengthscale_only,component_scales,mean_constant,mean_module.base_means.2.raw_constant,Parameter,-0.05662573106943276,-0.05662573106943276,-0.05662573106943276
positive_beta_prior__component_scales_lengthscale_only,2025-10-31,5,lengthscale_only,component_scales,mean_constant,mean_module.base_means.3.raw_constant,Parameter,-0.07038742060612913,-0.07038742060612913,-0.07038742060612913
positive_beta_prior__component_scales_lengthscale_only,2025-10-31,5,lengthscale_only,component_scales,mean_constant,mean_module.base_means.4.raw_constant,Parameter,-0.07410263789566343,-0.07410263789566343,-0.07410263789566343
positive_beta_prior__component_scales_lengthscale_only,2025-10-31,5,lengthscale_only,component_scales,mean_constant,mean_module.base_means.5.raw_constant,Parameter,-0.002466889890892115,-0.002466889890892115,-0.002466889890892115
positive_beta_prior__component_scales_lengthscale_only,2025-10-31,5,lengthscale_only,component_scales,mean_constant,mean_module.base_means.6.raw_constant,Parameter,-0.0474936942605098,-0.0474936942605098,-0.0474936942605098
positive_beta_prior__component_scales_lengthscale_only,2025-10-31,5,lengthscale_only,component_scales,mean_constant,mean_module.base_means.7.raw_constant,Parameter,-0.039130049331010934,-0.039130049331010934,-0.039130049331010934
positive_beta_prior__component_scales_lengthscale_only,2025-10-31,5,lengthscale_only,component_scales,mean_constant,mean_module.base_means.8.raw_constant,Parameter,-0.01718381762685479,-0.01718381762685479,-0.01718381762685479
positive_beta_prior__component_scales_lengthscale_only,2025-10-31,5,lengthscale_only,component_scales,mean_constant,mean_module.base_means.9.raw_constant,Parameter,-0.0639782207275026,-0.0639782207275026,-0.0639782207275026
positive_beta_prior__component_scales_lengthscale_only,2025-10-31,5,lengthscale_only,component_scales,mean_constant,mean_module.base_means.10.raw_constant,Parameter,0.04208926864541671,0.04208926864541671,0.04208926864541671
positive_beta_prior__component_scales_lengthscale_only,2025-10-31,5,lengthscale_only,component_scales,mean_constant,mean_module.base_means.11.raw_constant,Parameter,0.048105983198440644,0.048105983198440644,0.048105983198440644
positive_beta_prior__component_scales_lengthscale_only,2025-10-31,5,lengthscale_only,component_scales,mean_constant,mean_module.base_means.12.raw_constant,Parameter,-0.00026155195373409393,-0.00026155195373409393,-0.00026155195373409393
positive_beta_prior__component_scales_lengthscale_only,2025-10-31,5,lengthscale_only,component_scales,mean_constant,mean_module.base_means.13.raw_constant,Parameter,0.0021373898172085863,0.0021373898172085863,0.0021373898172085863
positive_beta_prior__component_scales_lengthscale_only,2025-10-31,5,lengthscale_only,component_scales,mean_constant,mean_module.base_means.14.raw_constant,Parameter,-0.04080337901335431,-0.04080337901335431,-0.04080337901335431
positive_beta_prior__component_scales_lengthscale_only,2025-10-31,5,lengthscale_only,component_scales,mean_constant,mean_module.base_means.15.raw_constant,Parameter,-0.0605582842747841,-0.0605582842747841,-0.0605582842747841
positive_beta_prior__component_scales_lengthscale_only,2025-10-31,5,lengthscale_only,component_scales,mean_constant,mean_module.base_means.16.raw_constant,Parameter,-0.0207877589691096,-0.0207877589691096,-0.0207877589691096
positive_beta_prior__component_scales_lengthscale_only,2025-10-31,5,lengthscale_only,component_scales,mean_constant,mean_module.base_means.17.raw_constant,Parameter,-0.02322253363595408,-0.02322253363595408,-0.02322253363595408
positive_beta_prior__component_scales_neither,2025-10-31,5,neither,component_scales,outputscale,covar_module.kernels.0.kernels.0,MaternKernel,0.009656863511593786,0.009656863511593786,0.009656863511593786
positive_beta_prior__component_scales_neither,2025-10-31,5,neither,component_scales,lengthscale,covar_module.kernels.0.kernels.0.base_kernel,MaternKernel,0.2143322464903981,0.2143322464903981,0.2143322464903981
positive_beta_prior__component_scales_neither,2025-10-31,5,neither,component_scales,outputscale,covar_module.kernels.0.kernels.1,MaternKernel,0.0012727402515721438,0.0012727402515721438,0.0012727402515721438
positive_beta_prior__component_scales_neither,2025-10-31,5,neither,component_scales,lengthscale,covar_module.kernels.0.kernels.1.base_kernel,MaternKernel,0.9608171608970871,0.27189078401309585,1.9999284921640883
positive_beta_prior__component_scales_neither,2025-10-31,5,neither,component_scales,outputscale,covar_module.kernels.0.kernels.2,MaternKernel,1.0466928755365703,1.0466928755365703,1.0466928755365703
positive_beta_prior__component_scales_neither,2025-10-31,5,neither,component_scales,lengthscale,covar_module.kernels.0.kernels.2.base_kernel,MaternKernel,0.49369328826269854,0.11653957076110759,1.0121358752295728
positive_beta_prior__component_scales_neither,2025-10-31,5,neither,component_scales,outputscale,covar_module.kernels.0.kernels.3,RQKernel,0.009719953733036888,0.009719953733036888,0.009719953733036888
positive_beta_prior__component_scales_neither,2025-10-31,5,neither,component_scales,lengthscale,covar_module.kernels.0.kernels.3.base_kernel,RQKernel,0.74840486525951,0.5095291836927325,0.9251279493363289
positive_beta_prior__component_scales_neither,2025-10-31,5,neither,component_scales,outputscale,covar_module.kernels.0.kernels.4,LinearKernel,0.011834416824167047,0.011834416824167047,0.011834416824167047
positive_beta_prior__component_scales_neither,2025-10-31,5,neither,component_scales,outputscale,covar_module.kernels.0.kernels.5,ProductKernel,0.03260797773890975,0.03260797773890975,0.03260797773890975
positive_beta_prior__component_scales_neither,2025-10-31,5,neither,component_scales,lengthscale,covar_module.kernels.0.kernels.5.base_kernel.kernels.0,MaternKernel,0.029169486819931388,0.029169486819931388,0.029169486819931388
positive_beta_prior__component_scales_neither,2025-10-31,5,neither,component_scales,lengthscale,covar_module.kernels.0.kernels.5.base_kernel.kernels.1,MaternKernel,1.063903561280521,0.4243060182403729,2.7405309296844576
positive_beta_prior__component_scales_neither,2025-10-31,5,neither,component_scales,outputscale,covar_module.kernels.0.kernels.6,ProductKernel,0.009399131469173446,0.009399131469173446,0.009399131469173446
positive_beta_prior__component_scales_neither,2025-10-31,5,neither,component_scales,lengthscale,covar_module.kernels.0.kernels.6.base_kernel.kernels.0,MaternKernel,0.11754244365894706,0.11754244365894706,0.11754244365894706
positive_beta_prior__component_scales_neither,2025-10-31,5,neither,component_scales,lengthscale,covar_module.kernels.0.kernels.6.base_kernel.kernels.1.kernels.0,MaternKernel,0.7599993343937359,0.6594482254933481,0.8365928317871899
positive_beta_prior__component_scales_neither,2025-10-31,5,neither,component_scales,lengthscale,covar_module.kernels.0.kernels.6.base_kernel.kernels.1.kernels.1,RQKernel,0.7764321435989873,0.6678977490300273,0.8447217535634035
positive_beta_prior__component_scales_neither,2025-10-31,5,neither,component_scales,outputscale,covar_module.kernels.0.kernels.7,ProductKernel,0.012118640077044947,0.012118640077044947,0.012118640077044947
positive_beta_prior__component_scales_neither,2025-10-31,5,neither,component_scales,lengthscale,covar_module.kernels.0.kernels.7.base_kernel.kernels.0.kernels.0,MaternKernel,0.7245228684779648,0.583345106215515,0.8494617391126654
positive_beta_prior__component_scales_neither,2025-10-31,5,neither,component_scales,lengthscale,covar_module.kernels.0.kernels.7.base_kernel.kernels.0.kernels.1,RQKernel,0.719622889406766,0.5492932142982424,0.8648937147602134
positive_beta_prior__component_scales_neither,2025-10-31,5,neither,component_scales,lengthscale,covar_module.kernels.0.kernels.7.base_kernel.kernels.1,MaternKernel,1.29258507916996,0.4170344212521196,3.6500784914659077
positive_beta_prior__component_scales_neither,2025-10-31,5,neither,component_scales,likelihood_noise,likelihood,HadamardGaussianLikelihood,0.006543550169823885,0.005522035000600857,0.007171896605098109
positive_beta_prior__component_scales_neither,2025-10-31,5,neither,component_scales,mean_constant,mean_module.base_means.0.raw_constant,Parameter,0.0005063211556742565,0.0005063211556742565,0.0005063211556742565
positive_beta_prior__component_scales_neither,2025-10-31,5,neither,component_scales,mean_constant,mean_module.base_means.1.raw_constant,Parameter,0.00588432226184248,0.00588432226184248,0.00588432226184248
positive_beta_prior__component_scales_neither,2025-10-31,5,neither,component_scales,mean_constant,mean_module.base_means.2.raw_constant,Parameter,0.005714073632178679,0.005714073632178679,0.005714073632178679
positive_beta_prior__component_scales_neither,2025-10-31,5,neither,component_scales,mean_constant,mean_module.base_means.3.raw_constant,Parameter,-0.08380035727682185,-0.08380035727682185,-0.08380035727682185
positive_beta_prior__component_scales_neither,2025-10-31,5,neither,component_scales,mean_constant,mean_module.base_means.4.raw_constant,Parameter,-0.090459544332067,-0.090459544332067,-0.090459544332067
positive_beta_prior__component_scales_neither,2025-10-31,5,neither,component_scales,mean_constant,mean_module.base_means.5.raw_constant,Parameter,0.03563828918800136,0.03563828918800136,0.03563828918800136
positive_beta_prior__component_scales_neither,2025-10-31,5,neither,component_scales,mean_constant,mean_module.base_means.6.raw_constant,Parameter,0.001204107066410253,0.001204107066410253,0.001204107066410253
positive_beta_prior__component_scales_neither,2025-10-31,5,neither,component_scales,mean_constant,mean_module.base_means.7.raw_constant,Parameter,0.03326401306534415,0.03326401306534415,0.03326401306534415
positive_beta_prior__component_scales_neither,2025-10-31,5,neither,component_scales,mean_constant,mean_module.base_means.8.raw_constant,Parameter,0.016958660142508537,0.016958660142508537,0.016958660142508537
positive_beta_prior__component_scales_neither,2025-10-31,5,neither,component_scales,mean_constant,mean_module.base_means.9.raw_constant,Parameter,-0.0002764211723152882,-0.0002764211723152882,-0.0002764211723152882
positive_beta_prior__component_scales_neither,2025-10-31,5,neither,component_scales,mean_constant,mean_module.base_means.10.raw_constant,Parameter,0.07375646963393435,0.07375646963393435,0.07375646963393435
positive_beta_prior__component_scales_neither,2025-10-31,5,neither,component_scales,mean_constant,mean_module.base_means.11.raw_constant,Parameter,0.07666767718053813,0.07666767718053813,0.07666767718053813
positive_beta_prior__component_scales_neither,2025-10-31,5,neither,component_scales,mean_constant,mean_module.base_means.12.raw_constant,Parameter,0.002111162676364782,0.002111162676364782,0.002111162676364782
positive_beta_prior__component_scales_neither,2025-10-31,5,neither,component_scales,mean_constant,mean_module.base_means.13.raw_constant,Parameter,0.03669518435486229,0.03669518435486229,0.03669518435486229
positive_beta_prior__component_scales_neither,2025-10-31,5,neither,component_scales,mean_constant,mean_module.base_means.14.raw_constant,Parameter,-0.024448818462190706,-0.024448818462190706,-0.024448818462190706
positive_beta_prior__component_scales_neither,2025-10-31,5,neither,component_scales,mean_constant,mean_module.base_means.15.raw_constant,Parameter,-0.020385739780848074,-0.020385739780848074,-0.020385739780848074
positive_beta_prior__component_scales_neither,2025-10-31,5,neither,component_scales,mean_constant,mean_module.base_means.16.raw_constant,Parameter,0.03409814321480411,0.03409814321480411,0.03409814321480411
positive_beta_prior__component_scales_neither,2025-10-31,5,neither,component_scales,mean_constant,mean_module.base_means.17.raw_constant,Parameter,0.030313775687700627,0.030313775687700627,0.030313775687700627
positive_beta_prior__no_component_scales_lengthscale_only,2025-10-31,5,lengthscale_only,no_component_scales,time_varying_effective_lengthscale_train,covar_module.kernels.0,_Module,0.00021064615497217877,1.4361480751508922e-05,0.0008584174236021393
positive_beta_prior__no_component_scales_lengthscale_only,2025-10-31,5,lengthscale_only,no_component_scales,time_varying_effective_lengthscale_eval,covar_module.kernels.0,_Module,1.3313673993541458e-05,1.331367399354146e-05,1.3313673993541462e-05
positive_beta_prior__no_component_scales_lengthscale_only,2025-10-31,5,lengthscale_only,no_component_scales,lengthscale,covar_module.kernels.0.base_kernel.kernels.0,MaternKernel,0.09251866586915869,0.09251866586915869,0.09251866586915869
positive_beta_prior__no_component_scales_lengthscale_only,2025-10-31,5,lengthscale_only,no_component_scales,lengthscale,covar_module.kernels.0.base_kernel.kernels.1,MaternKernel,2.6381397770204544,0.9698480988684739,5.38862284398085
positive_beta_prior__no_component_scales_lengthscale_only,2025-10-31,5,lengthscale_only,no_component_scales,lengthscale,covar_module.kernels.0.base_kernel.kernels.2,MaternKernel,0.6243916035368144,0.21653727239602988,0.9487783852411646
positive_beta_prior__no_component_scales_lengthscale_only,2025-10-31,5,lengthscale_only,no_component_scales,lengthscale,covar_module.kernels.0.base_kernel.kernels.3,RQKernel,0.6754154431601633,0.2096323224989468,0.9993464833165212
positive_beta_prior__no_component_scales_lengthscale_only,2025-10-31,5,lengthscale_only,no_component_scales,lengthscale,covar_module.kernels.0.base_kernel.kernels.5.kernels.0,MaternKernel,0.03304388363123303,0.03304388363123303,0.03304388363123303
positive_beta_prior__no_component_scales_lengthscale_only,2025-10-31,5,lengthscale_only,no_component_scales,lengthscale,covar_module.kernels.0.base_kernel.kernels.5.kernels.1,MaternKernel,2.5399399952272472,0.9867467287478084,5.237430234613368
positive_beta_prior__no_component_scales_lengthscale_only,2025-10-31,5,lengthscale_only,no_component_scales,lengthscale,covar_module.kernels.0.base_kernel.kernels.6.kernels.0,MaternKernel,0.04498930484436414,0.04498930484436414,0.04498930484436414
positive_beta_prior__no_component_scales_lengthscale_only,2025-10-31,5,lengthscale_only,no_component_scales,lengthscale,covar_module.kernels.0.base_kernel.kernels.6.kernels.1.kernels.0,MaternKernel,0.6672318027145685,0.4684464807382809,0.8507051994481578
positive_beta_prior__no_component_scales_lengthscale_only,2025-10-31,5,lengthscale_only,no_component_scales,lengthscale,covar_module.kernels.0.base_kernel.kernels.6.kernels.1.kernels.1,RQKernel,0.7033526723167245,0.4857465968618705,0.8687922494294642
positive_beta_prior__no_component_scales_lengthscale_only,2025-10-31,5,lengthscale_only,no_component_scales,lengthscale,covar_module.kernels.0.base_kernel.kernels.7.kernels.0.kernels.0,MaternKernel,0.5855949362309769,0.31820890282069914,0.9169207906733388
positive_beta_prior__no_component_scales_lengthscale_only,2025-10-31,5,lengthscale_only,no_component_scales,lengthscale,covar_module.kernels.0.base_kernel.kernels.7.kernels.0.kernels.1,RQKernel,0.5933295644715822,0.2932510118212155,0.9979724150031682
positive_beta_prior__no_component_scales_lengthscale_only,2025-10-31,5,lengthscale_only,no_component_scales,lengthscale,covar_module.kernels.0.base_kernel.kernels.7.kernels.1,MaternKernel,3.8621739027518385,1.541459275167357,8.236432583102035
positive_beta_prior__no_component_scales_lengthscale_only,2025-10-31,5,lengthscale_only,no_component_scales,likelihood_noise,likelihood,HadamardGaussianLikelihood,0.006411876135905748,0.005455564888469813,0.007119929364181963
positive_beta_prior__no_component_scales_lengthscale_only,2025-10-31,5,lengthscale_only,no_component_scales,mean_constant,mean_module.base_means.0.raw_constant,Parameter,-0.17797867277328544,-0.17797867277328544,-0.17797867277328544
positive_beta_prior__no_component_scales_lengthscale_only,2025-10-31,5,lengthscale_only,no_component_scales,mean_constant,mean_module.base_means.1.raw_constant,Parameter,-0.05316087945453217,-0.05316087945453217,-0.05316087945453217
positive_beta_prior__no_component_scales_lengthscale_only,2025-10-31,5,lengthscale_only,no_component_scales,mean_constant,mean_module.base_means.2.raw_constant,Parameter,0.00437729947375465,0.00437729947375465,0.00437729947375465
positive_beta_prior__no_component_scales_lengthscale_only,2025-10-31,5,lengthscale_only,no_component_scales,mean_constant,mean_module.base_means.3.raw_constant,Parameter,-0.06701909744749193,-0.06701909744749193,-0.06701909744749193
positive_beta_prior__no_component_scales_lengthscale_only,2025-10-31,5,lengthscale_only,no_component_scales,mean_constant,mean_module.base_means.4.raw_constant,Parameter,-0.07396205228208973,-0.07396205228208973,-0.07396205228208973
positive_beta_prior__no_component_scales_lengthscale_only,2025-10-31,5,lengthscale_only,no_component_scales,mean_constant,mean_module.base_means.5.raw_constant,Parameter,0.008439989773751525,0.008439989773751525,0.008439989773751525
positive_beta_prior__no_component_scales_lengthscale_only,2025-10-31,5,lengthscale_only,no_component_scales,mean_constant,mean_module.base_means.6.raw_constant,Parameter,-0.011668184311763297,-0.011668184311763297,-0.011668184311763297
positive_beta_prior__no_component_scales_lengthscale_only,2025-10-31,5,lengthscale_only,no_component_scales,mean_constant,mean_module.base_means.7.raw_constant,Parameter,0.0556263161946055,0.0556263161946055,0.0556263161946055
positive_beta_prior__no_component_scales_lengthscale_only,2025-10-31,5,lengthscale_only,no_component_scales,mean_constant,mean_module.base_means.8.raw_constant,Parameter,-0.016573711160197978,-0.016573711160197978,-0.016573711160197978
positive_beta_prior__no_component_scales_lengthscale_only,2025-10-31,5,lengthscale_only,no_component_scales,mean_constant,mean_module.base_means.9.raw_constant,Parameter,-0.01752233216966403,-0.01752233216966403,-0.01752233216966403
positive_beta_prior__no_component_scales_lengthscale_only,2025-10-31,5,lengthscale_only,no_component_scales,mean_constant,mean_module.base_means.10.raw_constant,Parameter,0.08920369144200506,0.08920369144200506,0.08920369144200506
positive_beta_prior__no_component_scales_lengthscale_only,2025-10-31,5,lengthscale_only,no_component_scales,mean_constant,mean_module.base_means.11.raw_constant,Parameter,0.07557557531857863,0.07557557531857863,0.07557557531857863
positive_beta_prior__no_component_scales_lengthscale_only,2025-10-31,5,lengthscale_only,no_component_scales,mean_constant,mean_module.base_means.12.raw_constant,Parameter,-0.019849423532622913,-0.019849423532622913,-0.019849423532622913
positive_beta_prior__no_component_scales_lengthscale_only,2025-10-31,5,lengthscale_only,no_component_scales,mean_constant,mean_module.base_means.13.raw_constant,Parameter,0.04255162736058975,0.04255162736058975,0.04255162736058975
positive_beta_prior__no_component_scales_lengthscale_only,2025-10-31,5,lengthscale_only,no_component_scales,mean_constant,mean_module.base_means.14.raw_constant,Parameter,0.047482927143989745,0.047482927143989745,0.047482927143989745
positive_beta_prior__no_component_scales_lengthscale_only,2025-10-31,5,lengthscale_only,no_component_scales,mean_constant,mean_module.base_means.15.raw_constant,Parameter,-0.09501185485605468,-0.09501185485605468,-0.09501185485605468
positive_beta_prior__no_component_scales_lengthscale_only,2025-10-31,5,lengthscale_only,no_component_scales,mean_constant,mean_module.base_means.16.raw_constant,Parameter,0.03901045172537197,0.03901045172537197,0.03901045172537197
positive_beta_prior__no_component_scales_lengthscale_only,2025-10-31,5,lengthscale_only,no_component_scales,mean_constant,mean_module.base_means.17.raw_constant,Parameter,0.032974157247169816,0.032974157247169816,0.032974157247169816
positive_beta_prior__no_component_scales_neither,2025-10-31,5,neither,no_component_scales,lengthscale,covar_module.kernels.0.kernels.0,MaternKernel,0.0738496514762861,0.0738496514762861,0.0738496514762861
positive_beta_prior__no_component_scales_neither,2025-10-31,5,neither,no_component_scales,lengthscale,covar_module.kernels.0.kernels.1,MaternKernel,2.4643264456385685,0.8204352170114206,4.99267152331748
positive_beta_prior__no_component_scales_neither,2025-10-31,5,neither,no_component_scales,lengthscale,covar_module.kernels.0.kernels.2,MaternKernel,0.5993205905958141,0.22159852247765705,0.8780752965506905
positive_beta_prior__no_component_scales_neither,2025-10-31,5,neither,no_component_scales,lengthscale,covar_module.kernels.0.kernels.3,RQKernel,0.6491006083551396,0.21289321589450544,0.9159131050528364
positive_beta_prior__no_component_scales_neither,2025-10-31,5,neither,no_component_scales,lengthscale,covar_module.kernels.0.kernels.5.kernels.0,MaternKernel,0.02601269271176345,0.02601269271176345,0.02601269271176345
positive_beta_prior__no_component_scales_neither,2025-10-31,5,neither,no_component_scales,lengthscale,covar_module.kernels.0.kernels.5.kernels.1,MaternKernel,2.3290742178118307,0.9280285826306132,5.1683153664825525
positive_beta_prior__no_component_scales_neither,2025-10-31,5,neither,no_component_scales,lengthscale,covar_module.kernels.0.kernels.6.kernels.0,MaternKernel,0.02614924199686569,0.02614924199686569,0.02614924199686569
positive_beta_prior__no_component_scales_neither,2025-10-31,5,neither,no_component_scales,lengthscale,covar_module.kernels.0.kernels.6.kernels.1.kernels.0,MaternKernel,0.617414866853784,0.33129272107545626,0.8421432399465394
positive_beta_prior__no_component_scales_neither,2025-10-31,5,neither,no_component_scales,lengthscale,covar_module.kernels.0.kernels.6.kernels.1.kernels.1,RQKernel,0.6359173527019204,0.30327301455752237,0.8596832228926831
positive_beta_prior__no_component_scales_neither,2025-10-31,5,neither,no_component_scales,lengthscale,covar_module.kernels.0.kernels.7.kernels.0.kernels.0,MaternKernel,0.5657736426726281,0.31189080541204117,0.856316698084688
positive_beta_prior__no_component_scales_neither,2025-10-31,5,neither,no_component_scales,lengthscale,covar_module.kernels.0.kernels.7.kernels.0.kernels.1,RQKernel,0.5670203790752364,0.2786529143656816,0.8989507601227186
positive_beta_prior__no_component_scales_neither,2025-10-31,5,neither,no_component_scales,lengthscale,covar_module.kernels.0.kernels.7.kernels.1,MaternKernel,3.6614899011248396,1.6539832520348363,8.055733220075277
positive_beta_prior__no_component_scales_neither,2025-10-31,5,neither,no_component_scales,likelihood_noise,likelihood,HadamardGaussianLikelihood,0.006433138556173191,0.005558128841872549,0.007142499610673117
positive_beta_prior__no_component_scales_neither,2025-10-31,5,neither,no_component_scales,mean_constant,mean_module.base_means.0.raw_constant,Parameter,0.23117185587435835,0.23117185587435835,0.23117185587435835
positive_beta_prior__no_component_scales_neither,2025-10-31,5,neither,no_component_scales,mean_constant,mean_module.base_means.1.raw_constant,Parameter,0.1779952739119243,0.1779952739119243,0.1779952739119243
positive_beta_prior__no_component_scales_neither,2025-10-31,5,neither,no_component_scales,mean_constant,mean_module.base_means.2.raw_constant,Parameter,0.1688987678769368,0.1688987678769368,0.1688987678769368
positive_beta_prior__no_component_scales_neither,2025-10-31,5,neither,no_component_scales,mean_constant,mean_module.base_means.3.raw_constant,Parameter,-0.0022519703276102053,-0.0022519703276102053,-0.0022519703276102053
positive_beta_prior__no_component_scales_neither,2025-10-31,5,neither,no_component_scales,mean_constant,mean_module.base_means.4.raw_constant,Parameter,-0.0065053494676561175,-0.0065053494676561175,-0.0065053494676561175
positive_beta_prior__no_component_scales_neither,2025-10-31,5,neither,no_component_scales,mean_constant,mean_module.base_means.5.raw_constant,Parameter,0.10099232582904145,0.10099232582904145,0.10099232582904145
positive_beta_prior__no_component_scales_neither,2025-10-31,5,neither,no_component_scales,mean_constant,mean_module.base_means.6.raw_constant,Parameter,-0.025783222063017062,-0.025783222063017062,-0.025783222063017062
positive_beta_prior__no_component_scales_neither,2025-10-31,5,neither,no_component_scales,mean_constant,mean_module.base_means.7.raw_constant,Parameter,0.03856523848985155,0.03856523848985155,0.03856523848985155
positive_beta_prior__no_component_scales_neither,2025-10-31,5,neither,no_component_scales,mean_constant,mean_module.base_means.8.raw_constant,Parameter,0.0070789979842832765,0.0070789979842832765,0.0070789979842832765
positive_beta_prior__no_component_scales_neither,2025-10-31,5,neither,no_component_scales,mean_constant,mean_module.base_means.9.raw_constant,Parameter,-0.013777690292003241,-0.013777690292003241,-0.013777690292003241
positive_beta_prior__no_component_scales_neither,2025-10-31,5,neither,no_component_scales,mean_constant,mean_module.base_means.10.raw_constant,Parameter,0.04966603860179847,0.04966603860179847,0.04966603860179847
positive_beta_prior__no_component_scales_neither,2025-10-31,5,neither,no_component_scales,mean_constant,mean_module.base_means.11.raw_constant,Parameter,0.03149435598703193,0.03149435598703193,0.03149435598703193
positive_beta_prior__no_component_scales_neither,2025-10-31,5,neither,no_component_scales,mean_constant,mean_module.base_means.12.raw_constant,Parameter,0.04286095167139935,0.04286095167139935,0.04286095167139935
positive_beta_prior__no_component_scales_neither,2025-10-31,5,neither,no_component_scales,mean_constant,mean_module.base_means.13.raw_constant,Parameter,-0.0014296481524544878,-0.0014296481524544878,-0.0014296481524544878
positive_beta_prior__no_component_scales_neither,2025-10-31,5,neither,no_component_scales,mean_constant,mean_module.base_means.14.raw_constant,Parameter,0.056424041160556826,0.056424041160556826,0.056424041160556826
positive_beta_prior__no_component_scales_neither,2025-10-31,5,neither,no_component_scales,mean_constant,mean_module.base_means.15.raw_constant,Parameter,0.012754076202687956,0.012754076202687956,0.012754076202687956
positive_beta_prior__no_component_scales_neither,2025-10-31,5,neither,no_component_scales,mean_constant,mean_module.base_means.16.raw_constant,Parameter,0.023436095729111275,0.023436095729111275,0.023436095729111275
positive_beta_prior__no_component_scales_neither,2025-10-31,5,neither,no_component_scales,mean_constant,mean_module.base_means.17.raw_constant,Parameter,0.04086820366458187,0.04086820366458187,0.04086820366458187
positive_beta_prior__global_scale_lengthscale_only,2025-10-31,5,lengthscale_only,global_scale,outputscale,covar_module.kernels.0,_Module,0.021022401658438595,0.021022401658438595,0.021022401658438595
positive_beta_prior__global_scale_lengthscale_only,2025-10-31,5,lengthscale_only,global_scale,time_varying_effective_lengthscale_train,covar_module.kernels.0.base_kernel,_Module,9.098815064146667e-05,3.654168594218286e-06,0.0004253008132080288
positive_beta_prior__global_scale_lengthscale_only,2025-10-31,5,lengthscale_only,global_scale,time_varying_effective_lengthscale_eval,covar_module.kernels.0.base_kernel,_Module,3.346026708930781e-06,3.346026708930781e-06,3.346026708930781e-06
positive_beta_prior__global_scale_lengthscale_only,2025-10-31,5,lengthscale_only,global_scale,lengthscale,covar_module.kernels.0.base_kernel.base_kernel.kernels.0,MaternKernel,0.11102728904877757,0.11102728904877757,0.11102728904877757
positive_beta_prior__global_scale_lengthscale_only,2025-10-31,5,lengthscale_only,global_scale,lengthscale,covar_module.kernels.0.base_kernel.base_kernel.kernels.1,MaternKernel,1.1044323562195517,0.43788303443362125,2.357387098559835
positive_beta_prior__global_scale_lengthscale_only,2025-10-31,5,lengthscale_only,global_scale,lengthscale,covar_module.kernels.0.base_kernel.base_kernel.kernels.2,MaternKernel,0.7293341449142228,0.5609400354798237,0.841497385237489
positive_beta_prior__global_scale_lengthscale_only,2025-10-31,5,lengthscale_only,global_scale,lengthscale,covar_module.kernels.0.base_kernel.base_kernel.kernels.3,RQKernel,0.7396222732522753,0.5470098895488815,0.8511581848078029
positive_beta_prior__global_scale_lengthscale_only,2025-10-31,5,lengthscale_only,global_scale,lengthscale,covar_module.kernels.0.base_kernel.base_kernel.kernels.5.kernels.0,MaternKernel,0.06125621499377554,0.06125621499377554,0.06125621499377554
positive_beta_prior__global_scale_lengthscale_only,2025-10-31,5,lengthscale_only,global_scale,lengthscale,covar_module.kernels.0.base_kernel.base_kernel.kernels.5.kernels.1,MaternKernel,0.9943296236931943,0.47739509958240794,2.422293539843781
positive_beta_prior__global_scale_lengthscale_only,2025-10-31,5,lengthscale_only,global_scale,lengthscale,covar_module.kernels.0.base_kernel.base_kernel.kernels.6.kernels.0,MaternKernel,0.028279716547929545,0.028279716547929545,0.028279716547929545
positive_beta_prior__global_scale_lengthscale_only,2025-10-31,5,lengthscale_only,global_scale,lengthscale,covar_module.kernels.0.base_kernel.base_kernel.kernels.6.kernels.1.kernels.0,MaternKernel,0.7769697004657048,0.730026503819436,0.8234106263127305
positive_beta_prior__global_scale_lengthscale_only,2025-10-31,5,lengthscale_only,global_scale,lengthscale,covar_module.kernels.0.base_kernel.base_kernel.kernels.6.kernels.1.kernels.1,RQKernel,0.7832149145516792,0.7336364459821831,0.8255887947693369
positive_beta_prior__global_scale_lengthscale_only,2025-10-31,5,lengthscale_only,global_scale,lengthscale,covar_module.kernels.0.base_kernel.base_kernel.kernels.7.kernels.0.kernels.0,MaternKernel,0.6848344352671353,0.5797809148129431,0.8371993147591102
positive_beta_prior__global_scale_lengthscale_only,2025-10-31,5,lengthscale_only,global_scale,lengthscale,covar_module.kernels.0.base_kernel.base_kernel.kernels.7.kernels.0.kernels.1,RQKernel,0.6667408733996802,0.5229585425106605,0.8469851406315322
positive_beta_prior__global_scale_lengthscale_only,2025-10-31,5,lengthscale_only,global_scale,lengthscale,covar_module.kernels.0.base_kernel.base_kernel.kernels.7.kernels.1,MaternKernel,1.506362533290116,0.5012703567344479,4.092719984541158
positive_beta_prior__global_scale_lengthscale_only,2025-10-31,5,lengthscale_only,global_scale,likelihood_noise,likelihood,HadamardGaussianLikelihood,0.006552040193181488,0.005775768671125481,0.00738152815616035
positive_beta_prior__global_scale_lengthscale_only,2025-10-31,5,lengthscale_only,global_scale,mean_constant,mean_module.base_means.0.raw_constant,Parameter,0.0348932160822206,0.0348932160822206,0.0348932160822206
positive_beta_prior__global_scale_lengthscale_only,2025-10-31,5,lengthscale_only,global_scale,mean_constant,mean_module.base_means.1.raw_constant,Parameter,0.014730922929219854,0.014730922929219854,0.014730922929219854
positive_beta_prior__global_scale_lengthscale_only,2025-10-31,5,lengthscale_only,global_scale,mean_constant,mean_module.base_means.2.raw_constant,Parameter,0.04795912723487903,0.04795912723487903,0.04795912723487903
positive_beta_prior__global_scale_lengthscale_only,2025-10-31,5,lengthscale_only,global_scale,mean_constant,mean_module.base_means.3.raw_constant,Parameter,-0.004198803097447691,-0.004198803097447691,-0.004198803097447691
positive_beta_prior__global_scale_lengthscale_only,2025-10-31,5,lengthscale_only,global_scale,mean_constant,mean_module.base_means.4.raw_constant,Parameter,-0.009760596887721353,-0.009760596887721353,-0.009760596887721353
positive_beta_prior__global_scale_lengthscale_only,2025-10-31,5,lengthscale_only,global_scale,mean_constant,mean_module.base_means.5.raw_constant,Parameter,-0.04272676476760656,-0.04272676476760656,-0.04272676476760656
positive_beta_prior__global_scale_lengthscale_only,2025-10-31,5,lengthscale_only,global_scale,mean_constant,mean_module.base_means.6.raw_constant,Parameter,-0.060128252520911744,-0.060128252520911744,-0.060128252520911744
positive_beta_prior__global_scale_lengthscale_only,2025-10-31,5,lengthscale_only,global_scale,mean_constant,mean_module.base_means.7.raw_constant,Parameter,-0.0018163130386130103,-0.0018163130386130103,-0.0018163130386130103
positive_beta_prior__global_scale_lengthscale_only,2025-10-31,5,lengthscale_only,global_scale,mean_constant,mean_module.base_means.8.raw_constant,Parameter,-0.03160378162942079,-0.03160378162942079,-0.03160378162942079
positive_beta_prior__global_scale_lengthscale_only,2025-10-31,5,lengthscale_only,global_scale,mean_constant,mean_module.base_means.9.raw_constant,Parameter,-0.035136285834589054,-0.035136285834589054,-0.035136285834589054
positive_beta_prior__global_scale_lengthscale_only,2025-10-31,5,lengthscale_only,global_scale,mean_constant,mean_module.base_means.10.raw_constant,Parameter,0.021955169841791713,0.021955169841791713,0.021955169841791713
positive_beta_prior__global_scale_lengthscale_only,2025-10-31,5,lengthscale_only,global_scale,mean_constant,mean_module.base_means.11.raw_constant,Parameter,0.01862280468393851,0.01862280468393851,0.01862280468393851
positive_beta_prior__global_scale_lengthscale_only,2025-10-31,5,lengthscale_only,global_scale,mean_constant,mean_module.base_means.12.raw_constant,Parameter,0.003322983740550356,0.003322983740550356,0.003322983740550356
positive_beta_prior__global_scale_lengthscale_only,2025-10-31,5,lengthscale_only,global_scale,mean_constant,mean_module.base_means.13.raw_constant,Parameter,-0.012683868975127067,-0.012683868975127067,-0.012683868975127067
positive_beta_prior__global_scale_lengthscale_only,2025-10-31,5,lengthscale_only,global_scale,mean_constant,mean_module.base_means.14.raw_constant,Parameter,-0.013214808928686213,-0.013214808928686213,-0.013214808928686213
positive_beta_prior__global_scale_lengthscale_only,2025-10-31,5,lengthscale_only,global_scale,mean_constant,mean_module.base_means.15.raw_constant,Parameter,-0.009048811432728674,-0.009048811432728674,-0.009048811432728674
positive_beta_prior__global_scale_lengthscale_only,2025-10-31,5,lengthscale_only,global_scale,mean_constant,mean_module.base_means.16.raw_constant,Parameter,-0.008114583281209873,-0.008114583281209873,-0.008114583281209873
positive_beta_prior__global_scale_lengthscale_only,2025-10-31,5,lengthscale_only,global_scale,mean_constant,mean_module.base_means.17.raw_constant,Parameter,-0.008775985546187037,-0.008775985546187037,-0.008775985546187037
positive_beta_prior__global_scale_neither,2025-10-31,5,neither,global_scale,outputscale,covar_module.kernels.0,AdditiveKernel,0.0323756224726287,0.0323756224726287,0.0323756224726287
positive_beta_prior__global_scale_neither,2025-10-31,5,neither,global_scale,lengthscale,covar_module.kernels.0.base_kernel.kernels.0,MaternKernel,0.06158632515740447,0.06158632515740447,0.06158632515740447
positive_beta_prior__global_scale_neither,2025-10-31,5,neither,global_scale,lengthscale,covar_module.kernels.0.base_kernel.kernels.1,MaternKernel,1.3725543979262753,0.30202377265182967,2.9805243534243484
positive_beta_prior__global_scale_neither,2025-10-31,5,neither,global_scale,lengthscale,covar_module.kernels.0.base_kernel.kernels.2,MaternKernel,0.6555689768160489,0.42346838345088844,0.8342161857020669
positive_beta_prior__global_scale_neither,2025-10-31,5,neither,global_scale,lengthscale,covar_module.kernels.0.base_kernel.kernels.3,RQKernel,0.6689235350733744,0.3989409465412149,0.8446238243219176
positive_beta_prior__global_scale_neither,2025-10-31,5,neither,global_scale,lengthscale,covar_module.kernels.0.base_kernel.kernels.5.kernels.0,MaternKernel,0.029697683816280965,0.029697683816280965,0.029697683816280965
positive_beta_prior__global_scale_neither,2025-10-31,5,neither,global_scale,lengthscale,covar_module.kernels.0.base_kernel.kernels.5.kernels.1,MaternKernel,1.2164935110968933,0.3136335867047766,2.739939105565685
positive_beta_prior__global_scale_neither,2025-10-31,5,neither,global_scale,lengthscale,covar_module.kernels.0.base_kernel.kernels.6.kernels.0,MaternKernel,0.025051632412883027,0.025051632412883027,0.025051632412883027
positive_beta_prior__global_scale_neither,2025-10-31,5,neither,global_scale,lengthscale,covar_module.kernels.0.base_kernel.kernels.6.kernels.1.kernels.0,MaternKernel,0.6990168289377584,0.556190213130505,0.8226636811172192
positive_beta_prior__global_scale_neither,2025-10-31,5,neither,global_scale,lengthscale,covar_module.kernels.0.base_kernel.kernels.6.kernels.1.kernels.1,RQKernel,0.699009422905821,0.5389978478310978,0.8271557097803781
positive_beta_prior__global_scale_neither,2025-10-31,5,neither,global_scale,lengthscale,covar_module.kernels.0.base_kernel.kernels.7.kernels.0.kernels.0,MaternKernel,0.6448570502041208,0.48465718975952155,0.8304755713134178
positive_beta_prior__global_scale_neither,2025-10-31,5,neither,global_scale,lengthscale,covar_module.kernels.0.base_kernel.kernels.7.kernels.0.kernels.1,RQKernel,0.6317123595890657,0.4292670134860638,0.8463228954962811
positive_beta_prior__global_scale_neither,2025-10-31,5,neither,global_scale,lengthscale,covar_module.kernels.0.base_kernel.kernels.7.kernels.1,MaternKernel,1.858560301763233,0.7366977689063381,4.360980179373181
positive_beta_prior__global_scale_neither,2025-10-31,5,neither,global_scale,likelihood_noise,likelihood,HadamardGaussianLikelihood,0.006503981174556249,0.005705938891609128,0.007149023239807967
positive_beta_prior__global_scale_neither,2025-10-31,5,neither,global_scale,mean_constant,mean_module.base_means.0.raw_constant,Parameter,0.026834932746182174,0.026834932746182174,0.026834932746182174
positive_beta_prior__global_scale_neither,2025-10-31,5,neither,global_scale,mean_constant,mean_module.base_means.1.raw_constant,Parameter,0.04231289897367973,0.04231289897367973,0.04231289897367973
positive_beta_prior__global_scale_neither,2025-10-31,5,neither,global_scale,mean_constant,mean_module.base_means.2.raw_constant,Parameter,-0.029622701320451316,-0.029622701320451316,-0.029622701320451316
positive_beta_prior__global_scale_neither,2025-10-31,5,neither,global_scale,mean_constant,mean_module.base_means.3.raw_constant,Parameter,-0.09160408834425451,-0.09160408834425451,-0.09160408834425451
positive_beta_prior__global_scale_neither,2025-10-31,5,neither,global_scale,mean_constant,mean_module.base_means.4.raw_constant,Parameter,-0.08970492469180733,-0.08970492469180733,-0.08970492469180733
positive_beta_prior__global_scale_neither,2025-10-31,5,neither,global_scale,mean_constant,mean_module.base_means.5.raw_constant,Parameter,-0.0378620637686407,-0.0378620637686407,-0.0378620637686407
positive_beta_prior__global_scale_neither,2025-10-31,5,neither,global_scale,mean_constant,mean_module.base_means.6.raw_constant,Parameter,-0.10029241680270903,-0.10029241680270903,-0.10029241680270903
positive_beta_prior__global_scale_neither,2025-10-31,5,neither,global_scale,mean_constant,mean_module.base_means.7.raw_constant,Parameter,-0.034926457273206445,-0.034926457273206445,-0.034926457273206445
positive_beta_prior__global_scale_neither,2025-10-31,5,neither,global_scale,mean_constant,mean_module.base_means.8.raw_constant,Parameter,-0.025930243141956973,-0.025930243141956973,-0.025930243141956973
positive_beta_prior__global_scale_neither,2025-10-31,5,neither,global_scale,mean_constant,mean_module.base_means.9.raw_constant,Parameter,-0.07639183117341831,-0.07639183117341831,-0.07639183117341831
positive_beta_prior__global_scale_neither,2025-10-31,5,neither,global_scale,mean_constant,mean_module.base_means.10.raw_constant,Parameter,0.08899034264179116,0.08899034264179116,0.08899034264179116
positive_beta_prior__global_scale_neither,2025-10-31,5,neither,global_scale,mean_constant,mean_module.base_means.11.raw_constant,Parameter,0.09668665485994485,0.09668665485994485,0.09668665485994485
positive_beta_prior__global_scale_neither,2025-10-31,5,neither,global_scale,mean_constant,mean_module.base_means.12.raw_constant,Parameter,0.05658956012969504,0.05658956012969504,0.05658956012969504
positive_beta_prior__global_scale_neither,2025-10-31,5,neither,global_scale,mean_constant,mean_module.base_means.13.raw_constant,Parameter,0.033241373007858066,0.033241373007858066,0.033241373007858066
positive_beta_prior__global_scale_neither,2025-10-31,5,neither,global_scale,mean_constant,mean_module.base_means.14.raw_constant,Parameter,-0.02634806189058974,-0.02634806189058974,-0.02634806189058974
positive_beta_prior__global_scale_neither,2025-10-31,5,neither,global_scale,mean_constant,mean_module.base_means.15.raw_constant,Parameter,-0.0046201258781159455,-0.0046201258781159455,-0.0046201258781159455
positive_beta_prior__global_scale_neither,2025-10-31,5,neither,global_scale,mean_constant,mean_module.base_means.16.raw_constant,Parameter,-0.016470549610990145,-0.016470549610990145,-0.016470549610990145
positive_beta_prior__global_scale_neither,2025-10-31,5,neither,global_scale,mean_constant,mean_module.base_means.17.raw_constant,Parameter,-0.04287795779334991,-0.04287795779334991,-0.04287795779334991
positive_beta_prior__component_scales_lengthscale_only,2025-11-28,6,lengthscale_only,component_scales,time_varying_effective_lengthscale_train,covar_module.kernels.0,_Module,0.006799655840507228,0.002237103556525219,0.015174254127706201
positive_beta_prior__component_scales_lengthscale_only,2025-11-28,6,lengthscale_only,component_scales,time_varying_effective_lengthscale_eval,covar_module.kernels.0,_Module,0.0021604033777960097,0.0021604033777960097,0.0021604033777960097
positive_beta_prior__component_scales_lengthscale_only,2025-11-28,6,lengthscale_only,component_scales,outputscale,covar_module.kernels.0.base_kernel.kernels.0,MaternKernel,0.2535874003637208,0.2535874003637208,0.2535874003637208
positive_beta_prior__component_scales_lengthscale_only,2025-11-28,6,lengthscale_only,component_scales,lengthscale,covar_module.kernels.0.base_kernel.kernels.0.base_kernel,MaternKernel,0.14204773391167172,0.14204773391167172,0.14204773391167172
positive_beta_prior__component_scales_lengthscale_only,2025-11-28,6,lengthscale_only,component_scales,outputscale,covar_module.kernels.0.base_kernel.kernels.1,MaternKernel,0.0020151740973651877,0.0020151740973651877,0.0020151740973651877
positive_beta_prior__component_scales_lengthscale_only,2025-11-28,6,lengthscale_only,component_scales,lengthscale,covar_module.kernels.0.base_kernel.kernels.1.base_kernel,MaternKernel,0.9189333218082706,0.31841058732655003,1.7794074834037494
positive_beta_prior__component_scales_lengthscale_only,2025-11-28,6,lengthscale_only,component_scales,outputscale,covar_module.kernels.0.base_kernel.kernels.2,MaternKernel,0.3908423700313978,0.3908423700313978,0.3908423700313978
positive_beta_prior__component_scales_lengthscale_only,2025-11-28,6,lengthscale_only,component_scales,lengthscale,covar_module.kernels.0.base_kernel.kernels.2.base_kernel,MaternKernel,0.6046826520999229,0.12471721468139203,1.174229363912718
positive_beta_prior__component_scales_lengthscale_only,2025-11-28,6,lengthscale_only,component_scales,outputscale,covar_module.kernels.0.base_kernel.kernels.3,RQKernel,0.009584622388077333,0.009584622388077333,0.009584622388077333
positive_beta_prior__component_scales_lengthscale_only,2025-11-28,6,lengthscale_only,component_scales,lengthscale,covar_module.kernels.0.base_kernel.kernels.3.base_kernel,RQKernel,0.7473466592663393,0.48470945741605576,0.9270535515321598
positive_beta_prior__component_scales_lengthscale_only,2025-11-28,6,lengthscale_only,component_scales,outputscale,covar_module.kernels.0.base_kernel.kernels.4,LinearKernel,0.013109905821083522,0.013109905821083522,0.013109905821083522
positive_beta_prior__component_scales_lengthscale_only,2025-11-28,6,lengthscale_only,component_scales,outputscale,covar_module.kernels.0.base_kernel.kernels.5,ProductKernel,0.06644832734258344,0.06644832734258344,0.06644832734258344
positive_beta_prior__component_scales_lengthscale_only,2025-11-28,6,lengthscale_only,component_scales,lengthscale,covar_module.kernels.0.base_kernel.kernels.5.base_kernel.kernels.0,MaternKernel,0.03263710758914969,0.03263710758914969,0.03263710758914969
positive_beta_prior__component_scales_lengthscale_only,2025-11-28,6,lengthscale_only,component_scales,lengthscale,covar_module.kernels.0.base_kernel.kernels.5.base_kernel.kernels.1,MaternKernel,1.0799440419359927,0.37442672651867304,2.8598779816882547
positive_beta_prior__component_scales_lengthscale_only,2025-11-28,6,lengthscale_only,component_scales,outputscale,covar_module.kernels.0.base_kernel.kernels.6,ProductKernel,0.16547468656769124,0.16547468656769124,0.16547468656769124
positive_beta_prior__component_scales_lengthscale_only,2025-11-28,6,lengthscale_only,component_scales,lengthscale,covar_module.kernels.0.base_kernel.kernels.6.base_kernel.kernels.0,MaternKernel,0.14755509013563195,0.14755509013563195,0.14755509013563195
positive_beta_prior__component_scales_lengthscale_only,2025-11-28,6,lengthscale_only,component_scales,lengthscale,covar_module.kernels.0.base_kernel.kernels.6.base_kernel.kernels.1.kernels.0,MaternKernel,0.7771727341267449,0.7105128350375413,0.8357864014183315
positive_beta_prior__component_scales_lengthscale_only,2025-11-28,6,lengthscale_only,component_scales,lengthscale,covar_module.kernels.0.base_kernel.kernels.6.base_kernel.kernels.1.kernels.1,RQKernel,0.7898282459748227,0.7201373467871701,0.8396839171152032
positive_beta_prior__component_scales_lengthscale_only,2025-11-28,6,lengthscale_only,component_scales,outputscale,covar_module.kernels.0.base_kernel.kernels.7,ProductKernel,0.006643727463592939,0.006643727463592939,0.006643727463592939
positive_beta_prior__component_scales_lengthscale_only,2025-11-28,6,lengthscale_only,component_scales,lengthscale,covar_module.kernels.0.base_kernel.kernels.7.base_kernel.kernels.0.kernels.0,MaternKernel,0.7344955749630644,0.6596085650574111,0.8378800841607643
positive_beta_prior__component_scales_lengthscale_only,2025-11-28,6,lengthscale_only,component_scales,lengthscale,covar_module.kernels.0.base_kernel.kernels.7.base_kernel.kernels.0.kernels.1,RQKernel,0.7249073593749913,0.6284598139341789,0.8457876301113469
positive_beta_prior__component_scales_lengthscale_only,2025-11-28,6,lengthscale_only,component_scales,lengthscale,covar_module.kernels.0.base_kernel.kernels.7.base_kernel.kernels.1,MaternKernel,1.1788664332847325,0.483086517395363,3.2702830867442385
positive_beta_prior__component_scales_lengthscale_only,2025-11-28,6,lengthscale_only,component_scales,likelihood_noise,likelihood,HadamardGaussianLikelihood,0.006548314365113278,0.005582649275996575,0.006989524724202733
positive_beta_prior__component_scales_lengthscale_only,2025-11-28,6,lengthscale_only,component_scales,mean_constant,mean_module.base_means.0.raw_constant,Parameter,-0.02839059623623332,-0.02839059623623332,-0.02839059623623332
positive_beta_prior__component_scales_lengthscale_only,2025-11-28,6,lengthscale_only,component_scales,mean_constant,mean_module.base_means.1.raw_constant,Parameter,-0.01630247977331218,-0.01630247977331218,-0.01630247977331218
positive_beta_prior__component_scales_lengthscale_only,2025-11-28,6,lengthscale_only,component_scales,mean_constant,mean_module.base_means.2.raw_constant,Parameter,-0.02052072388932355,-0.02052072388932355,-0.02052072388932355
positive_beta_prior__component_scales_lengthscale_only,2025-11-28,6,lengthscale_only,component_scales,mean_constant,mean_module.base_means.3.raw_constant,Parameter,-0.09556531474936707,-0.09556531474936707,-0.09556531474936707
positive_beta_prior__component_scales_lengthscale_only,2025-11-28,6,lengthscale_only,component_scales,mean_constant,mean_module.base_means.4.raw_constant,Parameter,-0.09464304593700537,-0.09464304593700537,-0.09464304593700537
positive_beta_prior__component_scales_lengthscale_only,2025-11-28,6,lengthscale_only,component_scales,mean_constant,mean_module.base_means.5.raw_constant,Parameter,-0.021405438660352636,-0.021405438660352636,-0.021405438660352636
positive_beta_prior__component_scales_lengthscale_only,2025-11-28,6,lengthscale_only,component_scales,mean_constant,mean_module.base_means.6.raw_constant,Parameter,-0.051106694096079715,-0.051106694096079715,-0.051106694096079715
positive_beta_prior__component_scales_lengthscale_only,2025-11-28,6,lengthscale_only,component_scales,mean_constant,mean_module.base_means.7.raw_constant,Parameter,-0.027189908139537238,-0.027189908139537238,-0.027189908139537238
positive_beta_prior__component_scales_lengthscale_only,2025-11-28,6,lengthscale_only,component_scales,mean_constant,mean_module.base_means.8.raw_constant,Parameter,0.003383460951799554,0.003383460951799554,0.003383460951799554
positive_beta_prior__component_scales_lengthscale_only,2025-11-28,6,lengthscale_only,component_scales,mean_constant,mean_module.base_means.9.raw_constant,Parameter,-0.05313165633431767,-0.05313165633431767,-0.05313165633431767
positive_beta_prior__component_scales_lengthscale_only,2025-11-28,6,lengthscale_only,component_scales,mean_constant,mean_module.base_means.10.raw_constant,Parameter,-0.0010828278457409787,-0.0010828278457409787,-0.0010828278457409787
positive_beta_prior__component_scales_lengthscale_only,2025-11-28,6,lengthscale_only,component_scales,mean_constant,mean_module.base_means.11.raw_constant,Parameter,-0.003562114608651668,-0.003562114608651668,-0.003562114608651668
positive_beta_prior__component_scales_lengthscale_only,2025-11-28,6,lengthscale_only,component_scales,mean_constant,mean_module.base_means.12.raw_constant,Parameter,-0.06769794246932245,-0.06769794246932245,-0.06769794246932245
positive_beta_prior__component_scales_lengthscale_only,2025-11-28,6,lengthscale_only,component_scales,mean_constant,mean_module.base_means.13.raw_constant,Parameter,-0.02798226702512918,-0.02798226702512918,-0.02798226702512918
positive_beta_prior__component_scales_lengthscale_only,2025-11-28,6,lengthscale_only,component_scales,mean_constant,mean_module.base_means.14.raw_constant,Parameter,-0.06757570040077505,-0.06757570040077505,-0.06757570040077505
positive_beta_prior__component_scales_lengthscale_only,2025-11-28,6,lengthscale_only,component_scales,mean_constant,mean_module.base_means.15.raw_constant,Parameter,-0.01839466449136699,-0.01839466449136699,-0.01839466449136699
positive_beta_prior__component_scales_lengthscale_only,2025-11-28,6,lengthscale_only,component_scales,mean_constant,mean_module.base_means.16.raw_constant,Parameter,-0.015216291171231478,-0.015216291171231478,-0.015216291171231478
positive_beta_prior__component_scales_lengthscale_only,2025-11-28,6,lengthscale_only,component_scales,mean_constant,mean_module.base_means.17.raw_constant,Parameter,0.0016571399519146896,0.0016571399519146896,0.0016571399519146896
positive_beta_prior__component_scales_neither,2025-11-28,6,neither,component_scales,outputscale,covar_module.kernels.0.kernels.0,MaternKernel,0.007364648018716195,0.007364648018716195,0.007364648018716195
positive_beta_prior__component_scales_neither,2025-11-28,6,neither,component_scales,lengthscale,covar_module.kernels.0.kernels.0.base_kernel,MaternKernel,0.23957574031682866,0.23957574031682866,0.23957574031682866
positive_beta_prior__component_scales_neither,2025-11-28,6,neither,component_scales,outputscale,covar_module.kernels.0.kernels.1,MaternKernel,0.00102833147423194,0.00102833147423194,0.00102833147423194
positive_beta_prior__component_scales_neither,2025-11-28,6,neither,component_scales,lengthscale,covar_module.kernels.0.kernels.1.base_kernel,MaternKernel,0.9304280947257582,0.2890150136956218,1.881402441700282
positive_beta_prior__component_scales_neither,2025-11-28,6,neither,component_scales,outputscale,covar_module.kernels.0.kernels.2,MaternKernel,0.8931877735048063,0.8931877735048063,0.8931877735048063
positive_beta_prior__component_scales_neither,2025-11-28,6,neither,component_scales,lengthscale,covar_module.kernels.0.kernels.2.base_kernel,MaternKernel,0.5760611487957703,0.11919328261032718,1.2537019076888494
positive_beta_prior__component_scales_neither,2025-11-28,6,neither,component_scales,outputscale,covar_module.kernels.0.kernels.3,RQKernel,0.010411017212037833,0.010411017212037833,0.010411017212037833
positive_beta_prior__component_scales_neither,2025-11-28,6,neither,component_scales,lengthscale,covar_module.kernels.0.kernels.3.base_kernel,RQKernel,0.7414940502353262,0.47626584726842625,0.937659193107362
positive_beta_prior__component_scales_neither,2025-11-28,6,neither,component_scales,outputscale,covar_module.kernels.0.kernels.4,LinearKernel,0.006541702885068783,0.006541702885068783,0.006541702885068783
positive_beta_prior__component_scales_neither,2025-11-28,6,neither,component_scales,outputscale,covar_module.kernels.0.kernels.5,ProductKernel,0.030738203597256975,0.030738203597256975,0.030738203597256975
positive_beta_prior__component_scales_neither,2025-11-28,6,neither,component_scales,lengthscale,covar_module.kernels.0.kernels.5.base_kernel.kernels.0,MaternKernel,0.02617022422855893,0.02617022422855893,0.02617022422855893
positive_beta_prior__component_scales_neither,2025-11-28,6,neither,component_scales,lengthscale,covar_module.kernels.0.kernels.5.base_kernel.kernels.1,MaternKernel,1.0107341784743449,0.2777504202814356,2.7680738240152394
positive_beta_prior__component_scales_neither,2025-11-28,6,neither,component_scales,outputscale,covar_module.kernels.0.kernels.6,ProductKernel,0.008959159060898185,0.008959159060898185,0.008959159060898185
positive_beta_prior__component_scales_neither,2025-11-28,6,neither,component_scales,lengthscale,covar_module.kernels.0.kernels.6.base_kernel.kernels.0,MaternKernel,0.09215675572708748,0.09215675572708748,0.09215675572708748
positive_beta_prior__component_scales_neither,2025-11-28,6,neither,component_scales,lengthscale,covar_module.kernels.0.kernels.6.base_kernel.kernels.1.kernels.0,MaternKernel,0.7467440173451907,0.6345418946978927,0.8398608308856185
positive_beta_prior__component_scales_neither,2025-11-28,6,neither,component_scales,lengthscale,covar_module.kernels.0.kernels.6.base_kernel.kernels.1.kernels.1,RQKernel,0.7647090836392061,0.644673100145099,0.8485409293485229
positive_beta_prior__component_scales_neither,2025-11-28,6,neither,component_scales,outputscale,covar_module.kernels.0.kernels.7,ProductKernel,0.019328486274685745,0.019328486274685745,0.019328486274685745
positive_beta_prior__component_scales_neither,2025-11-28,6,neither,component_scales,lengthscale,covar_module.kernels.0.kernels.7.base_kernel.kernels.0.kernels.0,MaternKernel,0.6823018586210323,0.5252431729721523,0.8369429211683244
positive_beta_prior__component_scales_neither,2025-11-28,6,neither,component_scales,lengthscale,covar_module.kernels.0.kernels.7.base_kernel.kernels.0.kernels.1,RQKernel,0.6647781307316135,0.460963496404002,0.8501640439050339
positive_beta_prior__component_scales_neither,2025-11-28,6,neither,component_scales,lengthscale,covar_module.kernels.0.kernels.7.base_kernel.kernels.1,MaternKernel,1.295787057811375,0.3584961402154232,3.948383093903401
positive_beta_prior__component_scales_neither,2025-11-28,6,neither,component_scales,likelihood_noise,likelihood,HadamardGaussianLikelihood,0.006597739869828454,0.00559510580567214,0.0073120987316521915
positive_beta_prior__component_scales_neither,2025-11-28,6,neither,component_scales,mean_constant,mean_module.base_means.0.raw_constant,Parameter,-0.009792156363611592,-0.009792156363611592,-0.009792156363611592
positive_beta_prior__component_scales_neither,2025-11-28,6,neither,component_scales,mean_constant,mean_module.base_means.1.raw_constant,Parameter,0.0367541654363813,0.0367541654363813,0.0367541654363813
positive_beta_prior__component_scales_neither,2025-11-28,6,neither,component_scales,mean_constant,mean_module.base_means.2.raw_constant,Parameter,-0.035962897625436585,-0.035962897625436585,-0.035962897625436585
positive_beta_prior__component_scales_neither,2025-11-28,6,neither,component_scales,mean_constant,mean_module.base_means.3.raw_constant,Parameter,-0.11181649943423551,-0.11181649943423551,-0.11181649943423551
positive_beta_prior__component_scales_neither,2025-11-28,6,neither,component_scales,mean_constant,mean_module.base_means.4.raw_constant,Parameter,-0.10215007796192725,-0.10215007796192725,-0.10215007796192725
positive_beta_prior__component_scales_neither,2025-11-28,6,neither,component_scales,mean_constant,mean_module.base_means.5.raw_constant,Parameter,-0.013568678411641468,-0.013568678411641468,-0.013568678411641468
positive_beta_prior__component_scales_neither,2025-11-28,6,neither,component_scales,mean_constant,mean_module.base_means.6.raw_constant,Parameter,-0.1149712163011797,-0.1149712163011797,-0.1149712163011797
positive_beta_prior__component_scales_neither,2025-11-28,6,neither,component_scales,mean_constant,mean_module.base_means.7.raw_constant,Parameter,-0.08795406137918983,-0.08795406137918983,-0.08795406137918983
positive_beta_prior__component_scales_neither,2025-11-28,6,neither,component_scales,mean_constant,mean_module.base_means.8.raw_constant,Parameter,-0.06140235521616609,-0.06140235521616609,-0.06140235521616609
positive_beta_prior__component_scales_neither,2025-11-28,6,neither,component_scales,mean_constant,mean_module.base_means.9.raw_constant,Parameter,-0.11631112304953273,-0.11631112304953273,-0.11631112304953273
positive_beta_prior__component_scales_neither,2025-11-28,6,neither,component_scales,mean_constant,mean_module.base_means.10.raw_constant,Parameter,-0.03306987271865416,-0.03306987271865416,-0.03306987271865416
positive_beta_prior__component_scales_neither,2025-11-28,6,neither,component_scales,mean_constant,mean_module.base_means.11.raw_constant,Parameter,-0.02650338485586718,-0.02650338485586718,-0.02650338485586718
positive_beta_prior__component_scales_neither,2025-11-28,6,neither,component_scales,mean_constant,mean_module.base_means.12.raw_constant,Parameter,-0.055456923994009755,-0.055456923994009755,-0.055456923994009755
positive_beta_prior__component_scales_neither,2025-11-28,6,neither,component_scales,mean_constant,mean_module.base_means.13.raw_constant,Parameter,-0.04724579168125756,-0.04724579168125756,-0.04724579168125756
positive_beta_prior__component_scales_neither,2025-11-28,6,neither,component_scales,mean_constant,mean_module.base_means.14.raw_constant,Parameter,-0.11350104311729699,-0.11350104311729699,-0.11350104311729699
positive_beta_prior__component_scales_neither,2025-11-28,6,neither,component_scales,mean_constant,mean_module.base_means.15.raw_constant,Parameter,-0.09557703729747828,-0.09557703729747828,-0.09557703729747828
positive_beta_prior__component_scales_neither,2025-11-28,6,neither,component_scales,mean_constant,mean_module.base_means.16.raw_constant,Parameter,-0.0715118677049104,-0.0715118677049104,-0.0715118677049104
positive_beta_prior__component_scales_neither,2025-11-28,6,neither,component_scales,mean_constant,mean_module.base_means.17.raw_constant,Parameter,-0.0396034067847982,-0.0396034067847982,-0.0396034067847982
positive_beta_prior__no_component_scales_lengthscale_only,2025-11-28,6,lengthscale_only,no_component_scales,time_varying_effective_lengthscale_train,covar_module.kernels.0,_Module,0.0003142951080064837,4.794199122220267e-05,0.0009871069766126466
positive_beta_prior__no_component_scales_lengthscale_only,2025-11-28,6,lengthscale_only,no_component_scales,time_varying_effective_lengthscale_eval,covar_module.kernels.0,_Module,4.537622943227789e-05,4.537622943227789e-05,4.537622943227789e-05
positive_beta_prior__no_component_scales_lengthscale_only,2025-11-28,6,lengthscale_only,no_component_scales,lengthscale,covar_module.kernels.0.base_kernel.kernels.0,MaternKernel,0.10546296375526415,0.10546296375526415,0.10546296375526415
positive_beta_prior__no_component_scales_lengthscale_only,2025-11-28,6,lengthscale_only,no_component_scales,lengthscale,covar_module.kernels.0.base_kernel.kernels.1,MaternKernel,2.5115781344109753,1.2773701103733504,5.302216294890179
positive_beta_prior__no_component_scales_lengthscale_only,2025-11-28,6,lengthscale_only,no_component_scales,lengthscale,covar_module.kernels.0.base_kernel.kernels.2,MaternKernel,0.6342768037133031,0.2276305199575917,0.9436886759302527
positive_beta_prior__no_component_scales_lengthscale_only,2025-11-28,6,lengthscale_only,no_component_scales,lengthscale,covar_module.kernels.0.base_kernel.kernels.3,RQKernel,0.6757199584066584,0.20862679466791528,0.9567626728116827
positive_beta_prior__no_component_scales_lengthscale_only,2025-11-28,6,lengthscale_only,no_component_scales,lengthscale,covar_module.kernels.0.base_kernel.kernels.5.kernels.0,MaternKernel,0.0317549555294923,0.0317549555294923,0.0317549555294923
positive_beta_prior__no_component_scales_lengthscale_only,2025-11-28,6,lengthscale_only,no_component_scales,lengthscale,covar_module.kernels.0.base_kernel.kernels.5.kernels.1,MaternKernel,2.417204861424597,0.8745200909115192,5.044862679301892
positive_beta_prior__no_component_scales_lengthscale_only,2025-11-28,6,lengthscale_only,no_component_scales,lengthscale,covar_module.kernels.0.base_kernel.kernels.6.kernels.0,MaternKernel,0.04426905095681341,0.04426905095681341,0.04426905095681341
positive_beta_prior__no_component_scales_lengthscale_only,2025-11-28,6,lengthscale_only,no_component_scales,lengthscale,covar_module.kernels.0.base_kernel.kernels.6.kernels.1.kernels.0,MaternKernel,0.6888811973302057,0.5232708536285204,0.8478736928433716
positive_beta_prior__no_component_scales_lengthscale_only,2025-11-28,6,lengthscale_only,no_component_scales,lengthscale,covar_module.kernels.0.base_kernel.kernels.6.kernels.1.kernels.1,RQKernel,0.7179482647343487,0.5358763866607914,0.8613902285928603
positive_beta_prior__no_component_scales_lengthscale_only,2025-11-28,6,lengthscale_only,no_component_scales,lengthscale,covar_module.kernels.0.base_kernel.kernels.7.kernels.0.kernels.0,MaternKernel,0.5878630042591109,0.3109913807911358,0.906831560638737
positive_beta_prior__no_component_scales_lengthscale_only,2025-11-28,6,lengthscale_only,no_component_scales,lengthscale,covar_module.kernels.0.base_kernel.kernels.7.kernels.0.kernels.1,RQKernel,0.5853726299229256,0.26925256034022443,0.9660400722680763
positive_beta_prior__no_component_scales_lengthscale_only,2025-11-28,6,lengthscale_only,no_component_scales,lengthscale,covar_module.kernels.0.base_kernel.kernels.7.kernels.1,MaternKernel,3.4778110245668405,1.4586589893279893,7.422140859980207
positive_beta_prior__no_component_scales_lengthscale_only,2025-11-28,6,lengthscale_only,no_component_scales,likelihood_noise,likelihood,HadamardGaussianLikelihood,0.006397723746547605,0.005480444987555381,0.006991116387174713
positive_beta_prior__no_component_scales_lengthscale_only,2025-11-28,6,lengthscale_only,no_component_scales,mean_constant,mean_module.base_means.0.raw_constant,Parameter,0.005309030161861267,0.005309030161861267,0.005309030161861267
positive_beta_prior__no_component_scales_lengthscale_only,2025-11-28,6,lengthscale_only,no_component_scales,mean_constant,mean_module.base_means.1.raw_constant,Parameter,0.007470991000806506,0.007470991000806506,0.007470991000806506
positive_beta_prior__no_component_scales_lengthscale_only,2025-11-28,6,lengthscale_only,no_component_scales,mean_constant,mean_module.base_means.2.raw_constant,Parameter,0.07363782456181736,0.07363782456181736,0.07363782456181736
positive_beta_prior__no_component_scales_lengthscale_only,2025-11-28,6,lengthscale_only,no_component_scales,mean_constant,mean_module.base_means.3.raw_constant,Parameter,-0.0335974746790991,-0.0335974746790991,-0.0335974746790991
positive_beta_prior__no_component_scales_lengthscale_only,2025-11-28,6,lengthscale_only,no_component_scales,mean_constant,mean_module.base_means.4.raw_constant,Parameter,-0.0517381641922279,-0.0517381641922279,-0.0517381641922279
positive_beta_prior__no_component_scales_lengthscale_only,2025-11-28,6,lengthscale_only,no_component_scales,mean_constant,mean_module.base_means.5.raw_constant,Parameter,0.06417751097176289,0.06417751097176289,0.06417751097176289
positive_beta_prior__no_component_scales_lengthscale_only,2025-11-28,6,lengthscale_only,no_component_scales,mean_constant,mean_module.base_means.6.raw_constant,Parameter,-0.07373083442477676,-0.07373083442477676,-0.07373083442477676
positive_beta_prior__no_component_scales_lengthscale_only,2025-11-28,6,lengthscale_only,no_component_scales,mean_constant,mean_module.base_means.7.raw_constant,Parameter,-0.0016808723743529444,-0.0016808723743529444,-0.0016808723743529444
positive_beta_prior__no_component_scales_lengthscale_only,2025-11-28,6,lengthscale_only,no_component_scales,mean_constant,mean_module.base_means.8.raw_constant,Parameter,-0.06753517846802531,-0.06753517846802531,-0.06753517846802531
positive_beta_prior__no_component_scales_lengthscale_only,2025-11-28,6,lengthscale_only,no_component_scales,mean_constant,mean_module.base_means.9.raw_constant,Parameter,-0.0688010363446847,-0.0688010363446847,-0.0688010363446847
positive_beta_prior__no_component_scales_lengthscale_only,2025-11-28,6,lengthscale_only,no_component_scales,mean_constant,mean_module.base_means.10.raw_constant,Parameter,-0.005655365889862644,-0.005655365889862644,-0.005655365889862644
positive_beta_prior__no_component_scales_lengthscale_only,2025-11-28,6,lengthscale_only,no_component_scales,mean_constant,mean_module.base_means.11.raw_constant,Parameter,-0.0031974245478016677,-0.0031974245478016677,-0.0031974245478016677
positive_beta_prior__no_component_scales_lengthscale_only,2025-11-28,6,lengthscale_only,no_component_scales,mean_constant,mean_module.base_means.12.raw_constant,Parameter,-0.07931356965791338,-0.07931356965791338,-0.07931356965791338
positive_beta_prior__no_component_scales_lengthscale_only,2025-11-28,6,lengthscale_only,no_component_scales,mean_constant,mean_module.base_means.13.raw_constant,Parameter,-0.024726117799625323,-0.024726117799625323,-0.024726117799625323
positive_beta_prior__no_component_scales_lengthscale_only,2025-11-28,6,lengthscale_only,no_component_scales,mean_constant,mean_module.base_means.14.raw_constant,Parameter,-0.0366598976004191,-0.0366598976004191,-0.0366598976004191
positive_beta_prior__no_component_scales_lengthscale_only,2025-11-28,6,lengthscale_only,no_component_scales,mean_constant,mean_module.base_means.15.raw_constant,Parameter,-0.09110142763436502,-0.09110142763436502,-0.09110142763436502
positive_beta_prior__no_component_scales_lengthscale_only,2025-11-28,6,lengthscale_only,no_component_scales,mean_constant,mean_module.base_means.16.raw_constant,Parameter,-0.04069882110083405,-0.04069882110083405,-0.04069882110083405
positive_beta_prior__no_component_scales_lengthscale_only,2025-11-28,6,lengthscale_only,no_component_scales,mean_constant,mean_module.base_means.17.raw_constant,Parameter,-0.043076612082427274,-0.043076612082427274,-0.043076612082427274
positive_beta_prior__no_component_scales_neither,2025-11-28,6,neither,no_component_scales,lengthscale,covar_module.kernels.0.kernels.0,MaternKernel,0.12519154126436985,0.12519154126436985,0.12519154126436985
positive_beta_prior__no_component_scales_neither,2025-11-28,6,neither,no_component_scales,lengthscale,covar_module.kernels.0.kernels.1,MaternKernel,2.6590763241029034,0.7494482910759919,5.183775043617119
positive_beta_prior__no_component_scales_neither,2025-11-28,6,neither,no_component_scales,lengthscale,covar_module.kernels.0.kernels.2,MaternKernel,0.6055492593436872,0.19255702633243654,0.9640173399403206
positive_beta_prior__no_component_scales_neither,2025-11-28,6,neither,no_component_scales,lengthscale,covar_module.kernels.0.kernels.3,RQKernel,0.6588190711925572,0.18869199584957824,0.9894601884131257
positive_beta_prior__no_component_scales_neither,2025-11-28,6,neither,no_component_scales,lengthscale,covar_module.kernels.0.kernels.5.kernels.0,MaternKernel,0.025748244408831257,0.025748244408831257,0.025748244408831257
positive_beta_prior__no_component_scales_neither,2025-11-28,6,neither,no_component_scales,lengthscale,covar_module.kernels.0.kernels.5.kernels.1,MaternKernel,2.468963759419071,1.2448163968071024,5.052677566088697
positive_beta_prior__no_component_scales_neither,2025-11-28,6,neither,no_component_scales,lengthscale,covar_module.kernels.0.kernels.6.kernels.0,MaternKernel,0.025726122587879152,0.025726122587879152,0.025726122587879152
positive_beta_prior__no_component_scales_neither,2025-11-28,6,neither,no_component_scales,lengthscale,covar_module.kernels.0.kernels.6.kernels.1.kernels.0,MaternKernel,0.6155304659489655,0.28991644554547347,0.8510380756923263
positive_beta_prior__no_component_scales_neither,2025-11-28,6,neither,no_component_scales,lengthscale,covar_module.kernels.0.kernels.6.kernels.1.kernels.1,RQKernel,0.636098769749747,0.25864086317643975,0.8634385836933879
positive_beta_prior__no_component_scales_neither,2025-11-28,6,neither,no_component_scales,lengthscale,covar_module.kernels.0.kernels.7.kernels.0.kernels.0,MaternKernel,0.5440194150327136,0.26092237236122273,0.9316276397210512
positive_beta_prior__no_component_scales_neither,2025-11-28,6,neither,no_component_scales,lengthscale,covar_module.kernels.0.kernels.7.kernels.0.kernels.1,RQKernel,0.5311384259460523,0.26291088292087744,0.9731105175628832
positive_beta_prior__no_component_scales_neither,2025-11-28,6,neither,no_component_scales,lengthscale,covar_module.kernels.0.kernels.7.kernels.1,MaternKernel,3.761965978092036,2.003582525472782,7.8798365867590014
positive_beta_prior__no_component_scales_neither,2025-11-28,6,neither,no_component_scales,likelihood_noise,likelihood,HadamardGaussianLikelihood,0.0063936968998947585,0.005524177384394938,0.00733729464122347
positive_beta_prior__no_component_scales_neither,2025-11-28,6,neither,no_component_scales,mean_constant,mean_module.base_means.0.raw_constant,Parameter,0.09029115993425292,0.09029115993425292,0.09029115993425292
positive_beta_prior__no_component_scales_neither,2025-11-28,6,neither,no_component_scales,mean_constant,mean_module.base_means.1.raw_constant,Parameter,0.10958689923897595,0.10958689923897595,0.10958689923897595
positive_beta_prior__no_component_scales_neither,2025-11-28,6,neither,no_component_scales,mean_constant,mean_module.base_means.2.raw_constant,Parameter,0.12951137949834468,0.12951137949834468,0.12951137949834468
positive_beta_prior__no_component_scales_neither,2025-11-28,6,neither,no_component_scales,mean_constant,mean_module.base_means.3.raw_constant,Parameter,-0.005218795858489901,-0.005218795858489901,-0.005218795858489901
positive_beta_prior__no_component_scales_neither,2025-11-28,6,neither,no_component_scales,mean_constant,mean_module.base_means.4.raw_constant,Parameter,-0.04290520968759485,-0.04290520968759485,-0.04290520968759485
positive_beta_prior__no_component_scales_neither,2025-11-28,6,neither,no_component_scales,mean_constant,mean_module.base_means.5.raw_constant,Parameter,0.09701466383013425,0.09701466383013425,0.09701466383013425
positive_beta_prior__no_component_scales_neither,2025-11-28,6,neither,no_component_scales,mean_constant,mean_module.base_means.6.raw_constant,Parameter,0.06505795097333406,0.06505795097333406,0.06505795097333406
positive_beta_prior__no_component_scales_neither,2025-11-28,6,neither,no_component_scales,mean_constant,mean_module.base_means.7.raw_constant,Parameter,0.10725190020239932,0.10725190020239932,0.10725190020239932
positive_beta_prior__no_component_scales_neither,2025-11-28,6,neither,no_component_scales,mean_constant,mean_module.base_means.8.raw_constant,Parameter,-0.02451378882027122,-0.02451378882027122,-0.02451378882027122
positive_beta_prior__no_component_scales_neither,2025-11-28,6,neither,no_component_scales,mean_constant,mean_module.base_means.9.raw_constant,Parameter,0.027053691732793483,0.027053691732793483,0.027053691732793483
positive_beta_prior__no_component_scales_neither,2025-11-28,6,neither,no_component_scales,mean_constant,mean_module.base_means.10.raw_constant,Parameter,0.09713256830979163,0.09713256830979163,0.09713256830979163
positive_beta_prior__no_component_scales_neither,2025-11-28,6,neither,no_component_scales,mean_constant,mean_module.base_means.11.raw_constant,Parameter,0.09269663354109361,0.09269663354109361,0.09269663354109361
positive_beta_prior__no_component_scales_neither,2025-11-28,6,neither,no_component_scales,mean_constant,mean_module.base_means.12.raw_constant,Parameter,-0.0056062231760565595,-0.0056062231760565595,-0.0056062231760565595
positive_beta_prior__no_component_scales_neither,2025-11-28,6,neither,no_component_scales,mean_constant,mean_module.base_means.13.raw_constant,Parameter,0.02846843731066337,0.02846843731066337,0.02846843731066337
positive_beta_prior__no_component_scales_neither,2025-11-28,6,neither,no_component_scales,mean_constant,mean_module.base_means.14.raw_constant,Parameter,0.05590455564427427,0.05590455564427427,0.05590455564427427
positive_beta_prior__no_component_scales_neither,2025-11-28,6,neither,no_component_scales,mean_constant,mean_module.base_means.15.raw_constant,Parameter,-0.028139046764515285,-0.028139046764515285,-0.028139046764515285
positive_beta_prior__no_component_scales_neither,2025-11-28,6,neither,no_component_scales,mean_constant,mean_module.base_means.16.raw_constant,Parameter,0.01737451537698078,0.01737451537698078,0.01737451537698078
positive_beta_prior__no_component_scales_neither,2025-11-28,6,neither,no_component_scales,mean_constant,mean_module.base_means.17.raw_constant,Parameter,0.11338701552080872,0.11338701552080872,0.11338701552080872
positive_beta_prior__global_scale_lengthscale_only,2025-11-28,6,lengthscale_only,global_scale,outputscale,covar_module.kernels.0,_Module,0.026445863385257146,0.026445863385257146,0.026445863385257146
positive_beta_prior__global_scale_lengthscale_only,2025-11-28,6,lengthscale_only,global_scale,time_varying_effective_lengthscale_train,covar_module.kernels.0.base_kernel,_Module,0.0011811367491158641,0.0002841488142184412,0.0030740213566656203
positive_beta_prior__global_scale_lengthscale_only,2025-11-28,6,lengthscale_only,global_scale,time_varying_effective_lengthscale_eval,covar_module.kernels.0.base_kernel,_Module,0.0002721037443127972,0.0002721037443127972,0.0002721037443127972
positive_beta_prior__global_scale_lengthscale_only,2025-11-28,6,lengthscale_only,global_scale,lengthscale,covar_module.kernels.0.base_kernel.base_kernel.kernels.0,MaternKernel,0.12763818410410915,0.12763818410410915,0.12763818410410915
positive_beta_prior__global_scale_lengthscale_only,2025-11-28,6,lengthscale_only,global_scale,lengthscale,covar_module.kernels.0.base_kernel.base_kernel.kernels.1,MaternKernel,1.1223090525208854,0.34956512423518704,2.4902733390813077
positive_beta_prior__global_scale_lengthscale_only,2025-11-28,6,lengthscale_only,global_scale,lengthscale,covar_module.kernels.0.base_kernel.base_kernel.kernels.2,MaternKernel,0.722420349161024,0.5507313299543785,0.8483265466652085
positive_beta_prior__global_scale_lengthscale_only,2025-11-28,6,lengthscale_only,global_scale,lengthscale,covar_module.kernels.0.base_kernel.base_kernel.kernels.3,RQKernel,0.7341375348723088,0.5389355990522743,0.8652315019055642
positive_beta_prior__global_scale_lengthscale_only,2025-11-28,6,lengthscale_only,global_scale,lengthscale,covar_module.kernels.0.base_kernel.base_kernel.kernels.5.kernels.0,MaternKernel,0.0761853166253027,0.0761853166253027,0.0761853166253027
positive_beta_prior__global_scale_lengthscale_only,2025-11-28,6,lengthscale_only,global_scale,lengthscale,covar_module.kernels.0.base_kernel.base_kernel.kernels.5.kernels.1,MaternKernel,1.0232231546469472,0.2937199542768548,2.4537912967723567
positive_beta_prior__global_scale_lengthscale_only,2025-11-28,6,lengthscale_only,global_scale,lengthscale,covar_module.kernels.0.base_kernel.base_kernel.kernels.6.kernels.0,MaternKernel,0.03707461454693291,0.03707461454693291,0.03707461454693291
positive_beta_prior__global_scale_lengthscale_only,2025-11-28,6,lengthscale_only,global_scale,lengthscale,covar_module.kernels.0.base_kernel.base_kernel.kernels.6.kernels.1.kernels.0,MaternKernel,0.7741600455704225,0.726264868082736,0.8245647798922298
positive_beta_prior__global_scale_lengthscale_only,2025-11-28,6,lengthscale_only,global_scale,lengthscale,covar_module.kernels.0.base_kernel.base_kernel.kernels.6.kernels.1.kernels.1,RQKernel,0.7826520033268851,0.7302365966131784,0.8271338656428597
positive_beta_prior__global_scale_lengthscale_only,2025-11-28,6,lengthscale_only,global_scale,lengthscale,covar_module.kernels.0.base_kernel.base_kernel.kernels.7.kernels.0.kernels.0,MaternKernel,0.6688643768463544,0.5365742000998751,0.8294117435783428
positive_beta_prior__global_scale_lengthscale_only,2025-11-28,6,lengthscale_only,global_scale,lengthscale,covar_module.kernels.0.base_kernel.base_kernel.kernels.7.kernels.0.kernels.1,RQKernel,0.6439760972648039,0.45562426493865715,0.8379570470796893
positive_beta_prior__global_scale_lengthscale_only,2025-11-28,6,lengthscale_only,global_scale,lengthscale,covar_module.kernels.0.base_kernel.base_kernel.kernels.7.kernels.1,MaternKernel,1.5150712852193906,0.3723455185887873,4.202888221246418
positive_beta_prior__global_scale_lengthscale_only,2025-11-28,6,lengthscale_only,global_scale,likelihood_noise,likelihood,HadamardGaussianLikelihood,0.006505541212212691,0.005583543290871399,0.0072996371239794754
positive_beta_prior__global_scale_lengthscale_only,2025-11-28,6,lengthscale_only,global_scale,mean_constant,mean_module.base_means.0.raw_constant,Parameter,-0.012966169366413552,-0.012966169366413552,-0.012966169366413552
positive_beta_prior__global_scale_lengthscale_only,2025-11-28,6,lengthscale_only,global_scale,mean_constant,mean_module.base_means.1.raw_constant,Parameter,-0.025328420436567283,-0.025328420436567283,-0.025328420436567283
positive_beta_prior__global_scale_lengthscale_only,2025-11-28,6,lengthscale_only,global_scale,mean_constant,mean_module.base_means.2.raw_constant,Parameter,-0.007723674961443867,-0.007723674961443867,-0.007723674961443867
positive_beta_prior__global_scale_lengthscale_only,2025-11-28,6,lengthscale_only,global_scale,mean_constant,mean_module.base_means.3.raw_constant,Parameter,-0.028801681778397082,-0.028801681778397082,-0.028801681778397082
positive_beta_prior__global_scale_lengthscale_only,2025-11-28,6,lengthscale_only,global_scale,mean_constant,mean_module.base_means.4.raw_constant,Parameter,-0.02100673704656127,-0.02100673704656127,-0.02100673704656127
positive_beta_prior__global_scale_lengthscale_only,2025-11-28,6,lengthscale_only,global_scale,mean_constant,mean_module.base_means.5.raw_constant,Parameter,0.04490880361865705,0.04490880361865705,0.04490880361865705
positive_beta_prior__global_scale_lengthscale_only,2025-11-28,6,lengthscale_only,global_scale,mean_constant,mean_module.base_means.6.raw_constant,Parameter,-0.06884505060731448,-0.06884505060731448,-0.06884505060731448
positive_beta_prior__global_scale_lengthscale_only,2025-11-28,6,lengthscale_only,global_scale,mean_constant,mean_module.base_means.7.raw_constant,Parameter,-0.029220672476641087,-0.029220672476641087,-0.029220672476641087
positive_beta_prior__global_scale_lengthscale_only,2025-11-28,6,lengthscale_only,global_scale,mean_constant,mean_module.base_means.8.raw_constant,Parameter,-0.0667876543588413,-0.0667876543588413,-0.0667876543588413
positive_beta_prior__global_scale_lengthscale_only,2025-11-28,6,lengthscale_only,global_scale,mean_constant,mean_module.base_means.9.raw_constant,Parameter,-0.08436007803741367,-0.08436007803741367,-0.08436007803741367
positive_beta_prior__global_scale_lengthscale_only,2025-11-28,6,lengthscale_only,global_scale,mean_constant,mean_module.base_means.10.raw_constant,Parameter,-0.0393889563564122,-0.0393889563564122,-0.0393889563564122
positive_beta_prior__global_scale_lengthscale_only,2025-11-28,6,lengthscale_only,global_scale,mean_constant,mean_module.base_means.11.raw_constant,Parameter,-0.04583342073828698,-0.04583342073828698,-0.04583342073828698
positive_beta_prior__global_scale_lengthscale_only,2025-11-28,6,lengthscale_only,global_scale,mean_constant,mean_module.base_means.12.raw_constant,Parameter,-0.05310827753963555,-0.05310827753963555,-0.05310827753963555
positive_beta_prior__global_scale_lengthscale_only,2025-11-28,6,lengthscale_only,global_scale,mean_constant,mean_module.base_means.13.raw_constant,Parameter,-0.0937268272210771,-0.0937268272210771,-0.0937268272210771
positive_beta_prior__global_scale_lengthscale_only,2025-11-28,6,lengthscale_only,global_scale,mean_constant,mean_module.base_means.14.raw_constant,Parameter,-0.035206948895159726,-0.035206948895159726,-0.035206948895159726
positive_beta_prior__global_scale_lengthscale_only,2025-11-28,6,lengthscale_only,global_scale,mean_constant,mean_module.base_means.15.raw_constant,Parameter,-0.09323082115196052,-0.09323082115196052,-0.09323082115196052
positive_beta_prior__global_scale_lengthscale_only,2025-11-28,6,lengthscale_only,global_scale,mean_constant,mean_module.base_means.16.raw_constant,Parameter,-0.062152287126502496,-0.062152287126502496,-0.062152287126502496
positive_beta_prior__global_scale_lengthscale_only,2025-11-28,6,lengthscale_only,global_scale,mean_constant,mean_module.base_means.17.raw_constant,Parameter,-0.07008645921076888,-0.07008645921076888,-0.07008645921076888
positive_beta_prior__global_scale_neither,2025-11-28,6,neither,global_scale,outputscale,covar_module.kernels.0,AdditiveKernel,0.03901529817193862,0.03901529817193862,0.03901529817193862
positive_beta_prior__global_scale_neither,2025-11-28,6,neither,global_scale,lengthscale,covar_module.kernels.0.base_kernel.kernels.0,MaternKernel,0.05788322609668119,0.05788322609668119,0.05788322609668119
positive_beta_prior__global_scale_neither,2025-11-28,6,neither,global_scale,lengthscale,covar_module.kernels.0.base_kernel.kernels.1,MaternKernel,1.3444936829929615,0.22343460058865053,2.835858345656299
positive_beta_prior__global_scale_neither,2025-11-28,6,neither,global_scale,lengthscale,covar_module.kernels.0.base_kernel.kernels.2,MaternKernel,0.6531433709770054,0.4419914036702062,0.8477552460981481
positive_beta_prior__global_scale_neither,2025-11-28,6,neither,global_scale,lengthscale,covar_module.kernels.0.base_kernel.kernels.3,RQKernel,0.6671213915658774,0.42303398338360076,0.8567162001602984
positive_beta_prior__global_scale_neither,2025-11-28,6,neither,global_scale,lengthscale,covar_module.kernels.0.base_kernel.kernels.5.kernels.0,MaternKernel,0.02911114883340751,0.02911114883340751,0.02911114883340751
positive_beta_prior__global_scale_neither,2025-11-28,6,neither,global_scale,lengthscale,covar_module.kernels.0.base_kernel.kernels.5.kernels.1,MaternKernel,1.1723630809699008,0.4299708947072238,2.612510775947384
positive_beta_prior__global_scale_neither,2025-11-28,6,neither,global_scale,lengthscale,covar_module.kernels.0.base_kernel.kernels.6.kernels.0,MaternKernel,0.025088973158596067,0.025088973158596067,0.025088973158596067
positive_beta_prior__global_scale_neither,2025-11-28,6,neither,global_scale,lengthscale,covar_module.kernels.0.base_kernel.kernels.6.kernels.1.kernels.0,MaternKernel,0.6961278663105802,0.5601859855281408,0.827071653019472
positive_beta_prior__global_scale_neither,2025-11-28,6,neither,global_scale,lengthscale,covar_module.kernels.0.base_kernel.kernels.6.kernels.1.kernels.1,RQKernel,0.6996639833294469,0.5532166002362919,0.8323173617218583
positive_beta_prior__global_scale_neither,2025-11-28,6,neither,global_scale,lengthscale,covar_module.kernels.0.base_kernel.kernels.7.kernels.0.kernels.0,MaternKernel,0.6307126956974689,0.45990966790290677,0.8386324026823194
positive_beta_prior__global_scale_neither,2025-11-28,6,neither,global_scale,lengthscale,covar_module.kernels.0.base_kernel.kernels.7.kernels.0.kernels.1,RQKernel,0.618711826729369,0.434721669312487,0.8477684157112718
positive_beta_prior__global_scale_neither,2025-11-28,6,neither,global_scale,lengthscale,covar_module.kernels.0.base_kernel.kernels.7.kernels.1,MaternKernel,1.7760240803080762,0.685736467444336,4.540923393236838
positive_beta_prior__global_scale_neither,2025-11-28,6,neither,global_scale,likelihood_noise,likelihood,HadamardGaussianLikelihood,0.006533516986725046,0.005713452723341315,0.00754804843553766
positive_beta_prior__global_scale_neither,2025-11-28,6,neither,global_scale,mean_constant,mean_module.base_means.0.raw_constant,Parameter,0.03865545943986438,0.03865545943986438,0.03865545943986438
positive_beta_prior__global_scale_neither,2025-11-28,6,neither,global_scale,mean_constant,mean_module.base_means.1.raw_constant,Parameter,0.060905983420642205,0.060905983420642205,0.060905983420642205
positive_beta_prior__global_scale_neither,2025-11-28,6,neither,global_scale,mean_constant,mean_module.base_means.2.raw_constant,Parameter,-0.030798094132650247,-0.030798094132650247,-0.030798094132650247
positive_beta_prior__global_scale_neither,2025-11-28,6,neither,global_scale,mean_constant,mean_module.base_means.3.raw_constant,Parameter,-0.07240282272879828,-0.07240282272879828,-0.07240282272879828
positive_beta_prior__global_scale_neither,2025-11-28,6,neither,global_scale,mean_constant,mean_module.base_means.4.raw_constant,Parameter,-0.0517601355335986,-0.0517601355335986,-0.0517601355335986
positive_beta_prior__global_scale_neither,2025-11-28,6,neither,global_scale,mean_constant,mean_module.base_means.5.raw_constant,Parameter,-0.050383833925768826,-0.050383833925768826,-0.050383833925768826
positive_beta_prior__global_scale_neither,2025-11-28,6,neither,global_scale,mean_constant,mean_module.base_means.6.raw_constant,Parameter,-0.1166912765512052,-0.1166912765512052,-0.1166912765512052
positive_beta_prior__global_scale_neither,2025-11-28,6,neither,global_scale,mean_constant,mean_module.base_means.7.raw_constant,Parameter,-0.03581400307603538,-0.03581400307603538,-0.03581400307603538
positive_beta_prior__global_scale_neither,2025-11-28,6,neither,global_scale,mean_constant,mean_module.base_means.8.raw_constant,Parameter,-0.08323459922574289,-0.08323459922574289,-0.08323459922574289
positive_beta_prior__global_scale_neither,2025-11-28,6,neither,global_scale,mean_constant,mean_module.base_means.9.raw_constant,Parameter,-0.08975604845114699,-0.08975604845114699,-0.08975604845114699
positive_beta_prior__global_scale_neither,2025-11-28,6,neither,global_scale,mean_constant,mean_module.base_means.10.raw_constant,Parameter,0.03967973275523904,0.03967973275523904,0.03967973275523904
positive_beta_prior__global_scale_neither,2025-11-28,6,neither,global_scale,mean_constant,mean_module.base_means.11.raw_constant,Parameter,0.034283808039156156,0.034283808039156156,0.034283808039156156
positive_beta_prior__global_scale_neither,2025-11-28,6,neither,global_scale,mean_constant,mean_module.base_means.12.raw_constant,Parameter,0.062023179517969304,0.062023179517969304,0.062023179517969304
positive_beta_prior__global_scale_neither,2025-11-28,6,neither,global_scale,mean_constant,mean_module.base_means.13.raw_constant,Parameter,-0.014692484953958022,-0.014692484953958022,-0.014692484953958022
positive_beta_prior__global_scale_neither,2025-11-28,6,neither,global_scale,mean_constant,mean_module.base_means.14.raw_constant,Parameter,-0.007161980021125152,-0.007161980021125152,-0.007161980021125152
positive_beta_prior__global_scale_neither,2025-11-28,6,neither,global_scale,mean_constant,mean_module.base_means.15.raw_constant,Parameter,-0.06139318585861732,-0.06139318585861732,-0.06139318585861732
positive_beta_prior__global_scale_neither,2025-11-28,6,neither,global_scale,mean_constant,mean_module.base_means.16.raw_constant,Parameter,-0.04495435135770376,-0.04495435135770376,-0.04495435135770376
positive_beta_prior__global_scale_neither,2025-11-28,6,neither,global_scale,mean_constant,mean_module.base_means.17.raw_constant,Parameter,-0.03715521604366305,-0.03715521604366305,-0.03715521604366305
positive_beta_prior__component_scales_lengthscale_only,2025-12-31,7,lengthscale_only,component_scales,time_varying_effective_lengthscale_train,covar_module.kernels.0,_Module,0.008205536703288632,0.0035334924460152036,0.015748185219701758
positive_beta_prior__component_scales_lengthscale_only,2025-12-31,7,lengthscale_only,component_scales,time_varying_effective_lengthscale_eval,covar_module.kernels.0,_Module,0.003440228067157411,0.003440228067157411,0.003440228067157411
positive_beta_prior__component_scales_lengthscale_only,2025-12-31,7,lengthscale_only,component_scales,outputscale,covar_module.kernels.0.base_kernel.kernels.0,MaternKernel,0.11402031078141685,0.11402031078141685,0.11402031078141685
positive_beta_prior__component_scales_lengthscale_only,2025-12-31,7,lengthscale_only,component_scales,lengthscale,covar_module.kernels.0.base_kernel.kernels.0.base_kernel,MaternKernel,0.18620043316206508,0.18620043316206508,0.18620043316206508
positive_beta_prior__component_scales_lengthscale_only,2025-12-31,7,lengthscale_only,component_scales,outputscale,covar_module.kernels.0.base_kernel.kernels.1,MaternKernel,0.0018586310689259191,0.0018586310689259191,0.0018586310689259191
positive_beta_prior__component_scales_lengthscale_only,2025-12-31,7,lengthscale_only,component_scales,lengthscale,covar_module.kernels.0.base_kernel.kernels.1.base_kernel,MaternKernel,0.9051402438376431,0.3280680273172782,1.7481438605536614
positive_beta_prior__component_scales_lengthscale_only,2025-12-31,7,lengthscale_only,component_scales,outputscale,covar_module.kernels.0.base_kernel.kernels.2,MaternKernel,0.20822150364062586,0.20822150364062586,0.20822150364062586
positive_beta_prior__component_scales_lengthscale_only,2025-12-31,7,lengthscale_only,component_scales,lengthscale,covar_module.kernels.0.base_kernel.kernels.2.base_kernel,MaternKernel,0.6541433933964724,0.12870540820787896,1.2737714901056074
positive_beta_prior__component_scales_lengthscale_only,2025-12-31,7,lengthscale_only,component_scales,outputscale,covar_module.kernels.0.base_kernel.kernels.3,RQKernel,0.01014309739752322,0.01014309739752322,0.01014309739752322
positive_beta_prior__component_scales_lengthscale_only,2025-12-31,7,lengthscale_only,component_scales,lengthscale,covar_module.kernels.0.base_kernel.kernels.3.base_kernel,RQKernel,0.7572770266810007,0.4790476816472298,0.9794482948680778
positive_beta_prior__component_scales_lengthscale_only,2025-12-31,7,lengthscale_only,component_scales,outputscale,covar_module.kernels.0.base_kernel.kernels.4,LinearKernel,0.015548966275003101,0.015548966275003101,0.015548966275003101
positive_beta_prior__component_scales_lengthscale_only,2025-12-31,7,lengthscale_only,component_scales,outputscale,covar_module.kernels.0.base_kernel.kernels.5,ProductKernel,0.03412394544784679,0.03412394544784679,0.03412394544784679
positive_beta_prior__component_scales_lengthscale_only,2025-12-31,7,lengthscale_only,component_scales,lengthscale,covar_module.kernels.0.base_kernel.kernels.5.base_kernel.kernels.0,MaternKernel,0.029090338859886093,0.029090338859886093,0.029090338859886093
positive_beta_prior__component_scales_lengthscale_only,2025-12-31,7,lengthscale_only,component_scales,lengthscale,covar_module.kernels.0.base_kernel.kernels.5.base_kernel.kernels.1,MaternKernel,0.9581739895874682,0.38311794579675873,2.502860606700625
positive_beta_prior__component_scales_lengthscale_only,2025-12-31,7,lengthscale_only,component_scales,outputscale,covar_module.kernels.0.base_kernel.kernels.6,ProductKernel,0.2605132102160867,0.2605132102160867,0.2605132102160867
positive_beta_prior__component_scales_lengthscale_only,2025-12-31,7,lengthscale_only,component_scales,lengthscale,covar_module.kernels.0.base_kernel.kernels.6.base_kernel.kernels.0,MaternKernel,0.12721308755062866,0.12721308755062866,0.12721308755062866
positive_beta_prior__component_scales_lengthscale_only,2025-12-31,7,lengthscale_only,component_scales,lengthscale,covar_module.kernels.0.base_kernel.kernels.6.base_kernel.kernels.1.kernels.0,MaternKernel,0.7670123031180379,0.6864053655898493,0.8415290908465463
positive_beta_prior__component_scales_lengthscale_only,2025-12-31,7,lengthscale_only,component_scales,lengthscale,covar_module.kernels.0.base_kernel.kernels.6.base_kernel.kernels.1.kernels.1,RQKernel,0.7808340919940425,0.6980482011636516,0.8440298666880865
positive_beta_prior__component_scales_lengthscale_only,2025-12-31,7,lengthscale_only,component_scales,outputscale,covar_module.kernels.0.base_kernel.kernels.7,ProductKernel,0.016061029557343537,0.016061029557343537,0.016061029557343537
positive_beta_prior__component_scales_lengthscale_only,2025-12-31,7,lengthscale_only,component_scales,lengthscale,covar_module.kernels.0.base_kernel.kernels.7.base_kernel.kernels.0.kernels.0,MaternKernel,0.71354261574105,0.6026107663317068,0.8564903600129362
positive_beta_prior__component_scales_lengthscale_only,2025-12-31,7,lengthscale_only,component_scales,lengthscale,covar_module.kernels.0.base_kernel.kernels.7.base_kernel.kernels.0.kernels.1,RQKernel,0.7000350755003539,0.5563891255647162,0.872696017584416
positive_beta_prior__component_scales_lengthscale_only,2025-12-31,7,lengthscale_only,component_scales,lengthscale,covar_module.kernels.0.base_kernel.kernels.7.base_kernel.kernels.1,MaternKernel,1.1724548200013687,0.4744935919317536,3.436943012527519
positive_beta_prior__component_scales_lengthscale_only,2025-12-31,7,lengthscale_only,component_scales,likelihood_noise,likelihood,HadamardGaussianLikelihood,0.006589285745763893,0.005559258632086908,0.007416071240494036
positive_beta_prior__component_scales_lengthscale_only,2025-12-31,7,lengthscale_only,component_scales,mean_constant,mean_module.base_means.0.raw_constant,Parameter,-0.05972669058218431,-0.05972669058218431,-0.05972669058218431
positive_beta_prior__component_scales_lengthscale_only,2025-12-31,7,lengthscale_only,component_scales,mean_constant,mean_module.base_means.1.raw_constant,Parameter,-0.05761800208759407,-0.05761800208759407,-0.05761800208759407
positive_beta_prior__component_scales_lengthscale_only,2025-12-31,7,lengthscale_only,component_scales,mean_constant,mean_module.base_means.2.raw_constant,Parameter,-0.02790366067742226,-0.02790366067742226,-0.02790366067742226
positive_beta_prior__component_scales_lengthscale_only,2025-12-31,7,lengthscale_only,component_scales,mean_constant,mean_module.base_means.3.raw_constant,Parameter,-0.06272533341445723,-0.06272533341445723,-0.06272533341445723
positive_beta_prior__component_scales_lengthscale_only,2025-12-31,7,lengthscale_only,component_scales,mean_constant,mean_module.base_means.4.raw_constant,Parameter,-0.07134613553246913,-0.07134613553246913,-0.07134613553246913
positive_beta_prior__component_scales_lengthscale_only,2025-12-31,7,lengthscale_only,component_scales,mean_constant,mean_module.base_means.5.raw_constant,Parameter,-0.02188824363585181,-0.02188824363585181,-0.02188824363585181
positive_beta_prior__component_scales_lengthscale_only,2025-12-31,7,lengthscale_only,component_scales,mean_constant,mean_module.base_means.6.raw_constant,Parameter,-0.06340259414855517,-0.06340259414855517,-0.06340259414855517
positive_beta_prior__component_scales_lengthscale_only,2025-12-31,7,lengthscale_only,component_scales,mean_constant,mean_module.base_means.7.raw_constant,Parameter,-0.05566446193656244,-0.05566446193656244,-0.05566446193656244
positive_beta_prior__component_scales_lengthscale_only,2025-12-31,7,lengthscale_only,component_scales,mean_constant,mean_module.base_means.8.raw_constant,Parameter,-0.03374061523839177,-0.03374061523839177,-0.03374061523839177
positive_beta_prior__component_scales_lengthscale_only,2025-12-31,7,lengthscale_only,component_scales,mean_constant,mean_module.base_means.9.raw_constant,Parameter,-0.09687598617960148,-0.09687598617960148,-0.09687598617960148
positive_beta_prior__component_scales_lengthscale_only,2025-12-31,7,lengthscale_only,component_scales,mean_constant,mean_module.base_means.10.raw_constant,Parameter,0.009005428401409443,0.009005428401409443,0.009005428401409443
positive_beta_prior__component_scales_lengthscale_only,2025-12-31,7,lengthscale_only,component_scales,mean_constant,mean_module.base_means.11.raw_constant,Parameter,-0.0029551856931414504,-0.0029551856931414504,-0.0029551856931414504
positive_beta_prior__component_scales_lengthscale_only,2025-12-31,7,lengthscale_only,component_scales,mean_constant,mean_module.base_means.12.raw_constant,Parameter,-0.051470533905638924,-0.051470533905638924,-0.051470533905638924
positive_beta_prior__component_scales_lengthscale_only,2025-12-31,7,lengthscale_only,component_scales,mean_constant,mean_module.base_means.13.raw_constant,Parameter,-0.05056897836279441,-0.05056897836279441,-0.05056897836279441
positive_beta_prior__component_scales_lengthscale_only,2025-12-31,7,lengthscale_only,component_scales,mean_constant,mean_module.base_means.14.raw_constant,Parameter,-0.07721758072030216,-0.07721758072030216,-0.07721758072030216
positive_beta_prior__component_scales_lengthscale_only,2025-12-31,7,lengthscale_only,component_scales,mean_constant,mean_module.base_means.15.raw_constant,Parameter,-0.06579512592416921,-0.06579512592416921,-0.06579512592416921
positive_beta_prior__component_scales_lengthscale_only,2025-12-31,7,lengthscale_only,component_scales,mean_constant,mean_module.base_means.16.raw_constant,Parameter,-0.0383228935119651,-0.0383228935119651,-0.0383228935119651
positive_beta_prior__component_scales_lengthscale_only,2025-12-31,7,lengthscale_only,component_scales,mean_constant,mean_module.base_means.17.raw_constant,Parameter,-0.03382527165859067,-0.03382527165859067,-0.03382527165859067
positive_beta_prior__component_scales_neither,2025-12-31,7,neither,component_scales,outputscale,covar_module.kernels.0.kernels.0,MaternKernel,0.0071809268680352745,0.0071809268680352745,0.0071809268680352745
positive_beta_prior__component_scales_neither,2025-12-31,7,neither,component_scales,lengthscale,covar_module.kernels.0.kernels.0.base_kernel,MaternKernel,0.23611904835224262,0.23611904835224262,0.23611904835224262
positive_beta_prior__component_scales_neither,2025-12-31,7,neither,component_scales,outputscale,covar_module.kernels.0.kernels.1,MaternKernel,0.0012274988571418341,0.0012274988571418341,0.0012274988571418341
positive_beta_prior__component_scales_neither,2025-12-31,7,neither,component_scales,lengthscale,covar_module.kernels.0.kernels.1.base_kernel,MaternKernel,0.9286437229235471,0.24811746591700062,1.9450035193756519
positive_beta_prior__component_scales_neither,2025-12-31,7,neither,component_scales,outputscale,covar_module.kernels.0.kernels.2,MaternKernel,1.1312022626007838,1.1312022626007838,1.1312022626007838
positive_beta_prior__component_scales_neither,2025-12-31,7,neither,component_scales,lengthscale,covar_module.kernels.0.kernels.2.base_kernel,MaternKernel,0.5491272264584974,0.11673137093156546,1.1791685926555322
positive_beta_prior__component_scales_neither,2025-12-31,7,neither,component_scales,outputscale,covar_module.kernels.0.kernels.3,RQKernel,0.009273763217933906,0.009273763217933906,0.009273763217933906
positive_beta_prior__component_scales_neither,2025-12-31,7,neither,component_scales,lengthscale,covar_module.kernels.0.kernels.3.base_kernel,RQKernel,0.738325054836811,0.4796318420855017,0.9397489285942419
positive_beta_prior__component_scales_neither,2025-12-31,7,neither,component_scales,outputscale,covar_module.kernels.0.kernels.4,LinearKernel,0.007354995877337641,0.007354995877337641,0.007354995877337641
positive_beta_prior__component_scales_neither,2025-12-31,7,neither,component_scales,outputscale,covar_module.kernels.0.kernels.5,ProductKernel,0.04857222838270316,0.04857222838270316,0.04857222838270316
positive_beta_prior__component_scales_neither,2025-12-31,7,neither,component_scales,lengthscale,covar_module.kernels.0.kernels.5.base_kernel.kernels.0,MaternKernel,0.02626329095018037,0.02626329095018037,0.02626329095018037
positive_beta_prior__component_scales_neither,2025-12-31,7,neither,component_scales,lengthscale,covar_module.kernels.0.kernels.5.base_kernel.kernels.1,MaternKernel,1.0493942343593459,0.43781328211070564,2.7376993928267637
positive_beta_prior__component_scales_neither,2025-12-31,7,neither,component_scales,outputscale,covar_module.kernels.0.kernels.6,ProductKernel,0.012162223216076934,0.012162223216076934,0.012162223216076934
positive_beta_prior__component_scales_neither,2025-12-31,7,neither,component_scales,lengthscale,covar_module.kernels.0.kernels.6.base_kernel.kernels.0,MaternKernel,0.087212299785789,0.087212299785789,0.087212299785789
positive_beta_prior__component_scales_neither,2025-12-31,7,neither,component_scales,lengthscale,covar_module.kernels.0.kernels.6.base_kernel.kernels.1.kernels.0,MaternKernel,0.7425257904389104,0.6237805113121927,0.852369614118936
positive_beta_prior__component_scales_neither,2025-12-31,7,neither,component_scales,lengthscale,covar_module.kernels.0.kernels.6.base_kernel.kernels.1.kernels.1,RQKernel,0.7591770657735463,0.6330310357963973,0.8561205760973725
positive_beta_prior__component_scales_neither,2025-12-31,7,neither,component_scales,outputscale,covar_module.kernels.0.kernels.7,ProductKernel,0.012235586308035524,0.012235586308035524,0.012235586308035524
positive_beta_prior__component_scales_neither,2025-12-31,7,neither,component_scales,lengthscale,covar_module.kernels.0.kernels.7.base_kernel.kernels.0.kernels.0,MaternKernel,0.6991974602311521,0.5676646102996797,0.8438514732084743
positive_beta_prior__component_scales_neither,2025-12-31,7,neither,component_scales,lengthscale,covar_module.kernels.0.kernels.7.base_kernel.kernels.0.kernels.1,RQKernel,0.6890122099616732,0.5251805742001597,0.8611032639884936
positive_beta_prior__component_scales_neither,2025-12-31,7,neither,component_scales,lengthscale,covar_module.kernels.0.kernels.7.base_kernel.kernels.1,MaternKernel,1.3143381120511242,0.3699437765951995,3.7464898658045125
positive_beta_prior__component_scales_neither,2025-12-31,7,neither,component_scales,likelihood_noise,likelihood,HadamardGaussianLikelihood,0.006569161673121549,0.0055010672612301175,0.007368086373534566
positive_beta_prior__component_scales_neither,2025-12-31,7,neither,component_scales,mean_constant,mean_module.base_means.0.raw_constant,Parameter,0.01144709666574182,0.01144709666574182,0.01144709666574182
positive_beta_prior__component_scales_neither,2025-12-31,7,neither,component_scales,mean_constant,mean_module.base_means.1.raw_constant,Parameter,0.05769282438859034,0.05769282438859034,0.05769282438859034
positive_beta_prior__component_scales_neither,2025-12-31,7,neither,component_scales,mean_constant,mean_module.base_means.2.raw_constant,Parameter,-0.06246415012443413,-0.06246415012443413,-0.06246415012443413
positive_beta_prior__component_scales_neither,2025-12-31,7,neither,component_scales,mean_constant,mean_module.base_means.3.raw_constant,Parameter,-0.08427854871380444,-0.08427854871380444,-0.08427854871380444
positive_beta_prior__component_scales_neither,2025-12-31,7,neither,component_scales,mean_constant,mean_module.base_means.4.raw_constant,Parameter,-0.07744493476886039,-0.07744493476886039,-0.07744493476886039
positive_beta_prior__component_scales_neither,2025-12-31,7,neither,component_scales,mean_constant,mean_module.base_means.5.raw_constant,Parameter,-0.012196491921004162,-0.012196491921004162,-0.012196491921004162
positive_beta_prior__component_scales_neither,2025-12-31,7,neither,component_scales,mean_constant,mean_module.base_means.6.raw_constant,Parameter,-0.07586213726756537,-0.07586213726756537,-0.07586213726756537
positive_beta_prior__component_scales_neither,2025-12-31,7,neither,component_scales,mean_constant,mean_module.base_means.7.raw_constant,Parameter,-0.02847743238320076,-0.02847743238320076,-0.02847743238320076
positive_beta_prior__component_scales_neither,2025-12-31,7,neither,component_scales,mean_constant,mean_module.base_means.8.raw_constant,Parameter,-0.028173379078821732,-0.028173379078821732,-0.028173379078821732
positive_beta_prior__component_scales_neither,2025-12-31,7,neither,component_scales,mean_constant,mean_module.base_means.9.raw_constant,Parameter,-0.06544070386086408,-0.06544070386086408,-0.06544070386086408
positive_beta_prior__component_scales_neither,2025-12-31,7,neither,component_scales,mean_constant,mean_module.base_means.10.raw_constant,Parameter,0.08002101453776661,0.08002101453776661,0.08002101453776661
positive_beta_prior__component_scales_neither,2025-12-31,7,neither,component_scales,mean_constant,mean_module.base_means.11.raw_constant,Parameter,0.09418209858516179,0.09418209858516179,0.09418209858516179
positive_beta_prior__component_scales_neither,2025-12-31,7,neither,component_scales,mean_constant,mean_module.base_means.12.raw_constant,Parameter,0.002907749706458615,0.002907749706458615,0.002907749706458615
positive_beta_prior__component_scales_neither,2025-12-31,7,neither,component_scales,mean_constant,mean_module.base_means.13.raw_constant,Parameter,0.05508946277774491,0.05508946277774491,0.05508946277774491
positive_beta_prior__component_scales_neither,2025-12-31,7,neither,component_scales,mean_constant,mean_module.base_means.14.raw_constant,Parameter,-0.04299629282269073,-0.04299629282269073,-0.04299629282269073
positive_beta_prior__component_scales_neither,2025-12-31,7,neither,component_scales,mean_constant,mean_module.base_means.15.raw_constant,Parameter,-0.0685139944051278,-0.0685139944051278,-0.0685139944051278
positive_beta_prior__component_scales_neither,2025-12-31,7,neither,component_scales,mean_constant,mean_module.base_means.16.raw_constant,Parameter,0.006358296282770189,0.006358296282770189,0.006358296282770189
positive_beta_prior__component_scales_neither,2025-12-31,7,neither,component_scales,mean_constant,mean_module.base_means.17.raw_constant,Parameter,-0.06263553627048946,-0.06263553627048946,-0.06263553627048946
positive_beta_prior__no_component_scales_lengthscale_only,2025-12-31,7,lengthscale_only,no_component_scales,time_varying_effective_lengthscale_train,covar_module.kernels.0,_Module,0.0003436551167651029,5.513013510646576e-05,0.0010592241258011133
positive_beta_prior__no_component_scales_lengthscale_only,2025-12-31,7,lengthscale_only,no_component_scales,time_varying_effective_lengthscale_eval,covar_module.kernels.0,_Module,5.229550620518495e-05,5.229550620518495e-05,5.229550620518495e-05
positive_beta_prior__no_component_scales_lengthscale_only,2025-12-31,7,lengthscale_only,no_component_scales,lengthscale,covar_module.kernels.0.base_kernel.kernels.0,MaternKernel,0.09987340196388558,0.09987340196388558,0.09987340196388558
positive_beta_prior__no_component_scales_lengthscale_only,2025-12-31,7,lengthscale_only,no_component_scales,lengthscale,covar_module.kernels.0.base_kernel.kernels.1,MaternKernel,2.5872888009770176,1.1897890819884906,4.878361437679597
positive_beta_prior__no_component_scales_lengthscale_only,2025-12-31,7,lengthscale_only,no_component_scales,lengthscale,covar_module.kernels.0.base_kernel.kernels.2,MaternKernel,0.6356367820642915,0.2155704618093497,0.9406305154569042
positive_beta_prior__no_component_scales_lengthscale_only,2025-12-31,7,lengthscale_only,no_component_scales,lengthscale,covar_module.kernels.0.base_kernel.kernels.3,RQKernel,0.670606507653463,0.19706214375615075,0.965128073120112
positive_beta_prior__no_component_scales_lengthscale_only,2025-12-31,7,lengthscale_only,no_component_scales,lengthscale,covar_module.kernels.0.base_kernel.kernels.5.kernels.0,MaternKernel,0.038237078540128616,0.038237078540128616,0.038237078540128616
positive_beta_prior__no_component_scales_lengthscale_only,2025-12-31,7,lengthscale_only,no_component_scales,lengthscale,covar_module.kernels.0.base_kernel.kernels.5.kernels.1,MaternKernel,2.511111650917989,1.0114683012653893,4.949495085104207
positive_beta_prior__no_component_scales_lengthscale_only,2025-12-31,7,lengthscale_only,no_component_scales,lengthscale,covar_module.kernels.0.base_kernel.kernels.6.kernels.0,MaternKernel,0.04208153532726323,0.04208153532726323,0.04208153532726323
positive_beta_prior__no_component_scales_lengthscale_only,2025-12-31,7,lengthscale_only,no_component_scales,lengthscale,covar_module.kernels.0.base_kernel.kernels.6.kernels.1.kernels.0,MaternKernel,0.697586826528475,0.5240381446692669,0.8627673513263673
positive_beta_prior__no_component_scales_lengthscale_only,2025-12-31,7,lengthscale_only,no_component_scales,lengthscale,covar_module.kernels.0.base_kernel.kernels.6.kernels.1.kernels.1,RQKernel,0.7226553056597362,0.5358363644418584,0.8690634999242894
positive_beta_prior__no_component_scales_lengthscale_only,2025-12-31,7,lengthscale_only,no_component_scales,lengthscale,covar_module.kernels.0.base_kernel.kernels.7.kernels.0.kernels.0,MaternKernel,0.6016907326334986,0.3202427633763899,0.9519454874782228
positive_beta_prior__no_component_scales_lengthscale_only,2025-12-31,7,lengthscale_only,no_component_scales,lengthscale,covar_module.kernels.0.base_kernel.kernels.7.kernels.0.kernels.1,RQKernel,0.6009847097751968,0.2769380450835912,1.0025942901415468
positive_beta_prior__no_component_scales_lengthscale_only,2025-12-31,7,lengthscale_only,no_component_scales,lengthscale,covar_module.kernels.0.base_kernel.kernels.7.kernels.1,MaternKernel,3.6859935057518256,1.6445976212117008,7.1636184149289805
positive_beta_prior__no_component_scales_lengthscale_only,2025-12-31,7,lengthscale_only,no_component_scales,likelihood_noise,likelihood,HadamardGaussianLikelihood,0.006383262730723893,0.005448909259953185,0.007052772839118359
positive_beta_prior__no_component_scales_lengthscale_only,2025-12-31,7,lengthscale_only,no_component_scales,mean_constant,mean_module.base_means.0.raw_constant,Parameter,0.0683381712407436,0.0683381712407436,0.0683381712407436
positive_beta_prior__no_component_scales_lengthscale_only,2025-12-31,7,lengthscale_only,no_component_scales,mean_constant,mean_module.base_means.1.raw_constant,Parameter,-0.001031807998187667,-0.001031807998187667,-0.001031807998187667
positive_beta_prior__no_component_scales_lengthscale_only,2025-12-31,7,lengthscale_only,no_component_scales,mean_constant,mean_module.base_means.2.raw_constant,Parameter,0.02242362372630642,0.02242362372630642,0.02242362372630642
positive_beta_prior__no_component_scales_lengthscale_only,2025-12-31,7,lengthscale_only,no_component_scales,mean_constant,mean_module.base_means.3.raw_constant,Parameter,-0.08180985180927733,-0.08180985180927733,-0.08180985180927733
positive_beta_prior__no_component_scales_lengthscale_only,2025-12-31,7,lengthscale_only,no_component_scales,mean_constant,mean_module.base_means.4.raw_constant,Parameter,-0.07974372741582965,-0.07974372741582965,-0.07974372741582965
positive_beta_prior__no_component_scales_lengthscale_only,2025-12-31,7,lengthscale_only,no_component_scales,mean_constant,mean_module.base_means.5.raw_constant,Parameter,-0.0012580244734007283,-0.0012580244734007283,-0.0012580244734007283
positive_beta_prior__no_component_scales_lengthscale_only,2025-12-31,7,lengthscale_only,no_component_scales,mean_constant,mean_module.base_means.6.raw_constant,Parameter,-0.028889505407621426,-0.028889505407621426,-0.028889505407621426
positive_beta_prior__no_component_scales_lengthscale_only,2025-12-31,7,lengthscale_only,no_component_scales,mean_constant,mean_module.base_means.7.raw_constant,Parameter,-0.0026723313906342368,-0.0026723313906342368,-0.0026723313906342368
positive_beta_prior__no_component_scales_lengthscale_only,2025-12-31,7,lengthscale_only,no_component_scales,mean_constant,mean_module.base_means.8.raw_constant,Parameter,-0.03834166544081247,-0.03834166544081247,-0.03834166544081247
positive_beta_prior__no_component_scales_lengthscale_only,2025-12-31,7,lengthscale_only,no_component_scales,mean_constant,mean_module.base_means.9.raw_constant,Parameter,-0.048547963425672386,-0.048547963425672386,-0.048547963425672386
positive_beta_prior__no_component_scales_lengthscale_only,2025-12-31,7,lengthscale_only,no_component_scales,mean_constant,mean_module.base_means.10.raw_constant,Parameter,0.048494233011264834,0.048494233011264834,0.048494233011264834
positive_beta_prior__no_component_scales_lengthscale_only,2025-12-31,7,lengthscale_only,no_component_scales,mean_constant,mean_module.base_means.11.raw_constant,Parameter,0.06273261631184165,0.06273261631184165,0.06273261631184165
positive_beta_prior__no_component_scales_lengthscale_only,2025-12-31,7,lengthscale_only,no_component_scales,mean_constant,mean_module.base_means.12.raw_constant,Parameter,0.01020337762393209,0.01020337762393209,0.01020337762393209
positive_beta_prior__no_component_scales_lengthscale_only,2025-12-31,7,lengthscale_only,no_component_scales,mean_constant,mean_module.base_means.13.raw_constant,Parameter,0.011569122433026865,0.011569122433026865,0.011569122433026865
positive_beta_prior__no_component_scales_lengthscale_only,2025-12-31,7,lengthscale_only,no_component_scales,mean_constant,mean_module.base_means.14.raw_constant,Parameter,0.035346124978749976,0.035346124978749976,0.035346124978749976
positive_beta_prior__no_component_scales_lengthscale_only,2025-12-31,7,lengthscale_only,no_component_scales,mean_constant,mean_module.base_means.15.raw_constant,Parameter,-0.01884627363142031,-0.01884627363142031,-0.01884627363142031
positive_beta_prior__no_component_scales_lengthscale_only,2025-12-31,7,lengthscale_only,no_component_scales,mean_constant,mean_module.base_means.16.raw_constant,Parameter,0.04229643820871596,0.04229643820871596,0.04229643820871596
positive_beta_prior__no_component_scales_lengthscale_only,2025-12-31,7,lengthscale_only,no_component_scales,mean_constant,mean_module.base_means.17.raw_constant,Parameter,0.08003850182147412,0.08003850182147412,0.08003850182147412
positive_beta_prior__no_component_scales_neither,2025-12-31,7,neither,no_component_scales,lengthscale,covar_module.kernels.0.kernels.0,MaternKernel,0.04618450784174488,0.04618450784174488,0.04618450784174488
positive_beta_prior__no_component_scales_neither,2025-12-31,7,neither,no_component_scales,lengthscale,covar_module.kernels.0.kernels.1,MaternKernel,2.730354592404682,1.038556432577766,5.267883408301357
positive_beta_prior__no_component_scales_neither,2025-12-31,7,neither,no_component_scales,lengthscale,covar_module.kernels.0.kernels.2,MaternKernel,0.5822536898954576,0.18757501828128542,0.9342058455877233
positive_beta_prior__no_component_scales_neither,2025-12-31,7,neither,no_component_scales,lengthscale,covar_module.kernels.0.kernels.3,RQKernel,0.629387694878625,0.1767594299385411,0.9587836204751531
positive_beta_prior__no_component_scales_neither,2025-12-31,7,neither,no_component_scales,lengthscale,covar_module.kernels.0.kernels.5.kernels.0,MaternKernel,0.025686973752980152,0.025686973752980152,0.025686973752980152
positive_beta_prior__no_component_scales_neither,2025-12-31,7,neither,no_component_scales,lengthscale,covar_module.kernels.0.kernels.5.kernels.1,MaternKernel,2.5302258040506747,1.0615607891815895,5.40711295397102
positive_beta_prior__no_component_scales_neither,2025-12-31,7,neither,no_component_scales,lengthscale,covar_module.kernels.0.kernels.6.kernels.0,MaternKernel,0.02518261620882516,0.02518261620882516,0.02518261620882516
positive_beta_prior__no_component_scales_neither,2025-12-31,7,neither,no_component_scales,lengthscale,covar_module.kernels.0.kernels.6.kernels.1.kernels.0,MaternKernel,0.60939369976834,0.3155949145433966,0.8635683906281215
positive_beta_prior__no_component_scales_neither,2025-12-31,7,neither,no_component_scales,lengthscale,covar_module.kernels.0.kernels.6.kernels.1.kernels.1,RQKernel,0.6229035531411663,0.29060680781978365,0.8718318621026702
positive_beta_prior__no_component_scales_neither,2025-12-31,7,neither,no_component_scales,lengthscale,covar_module.kernels.0.kernels.7.kernels.0.kernels.0,MaternKernel,0.5552833297685345,0.2750841181918473,0.9365701829353936
positive_beta_prior__no_component_scales_neither,2025-12-31,7,neither,no_component_scales,lengthscale,covar_module.kernels.0.kernels.7.kernels.0.kernels.1,RQKernel,0.5525987860686501,0.26439323427135397,0.9763844325567314
positive_beta_prior__no_component_scales_neither,2025-12-31,7,neither,no_component_scales,lengthscale,covar_module.kernels.0.kernels.7.kernels.1,MaternKernel,3.8786765892460213,1.4976348613558121,8.452755476554405
positive_beta_prior__no_component_scales_neither,2025-12-31,7,neither,no_component_scales,likelihood_noise,likelihood,HadamardGaussianLikelihood,0.0064108324326050065,0.005446658294810577,0.0072375362461880146
positive_beta_prior__no_component_scales_neither,2025-12-31,7,neither,no_component_scales,mean_constant,mean_module.base_means.0.raw_constant,Parameter,-0.17576063388698407,-0.17576063388698407,-0.17576063388698407
positive_beta_prior__no_component_scales_neither,2025-12-31,7,neither,no_component_scales,mean_constant,mean_module.base_means.1.raw_constant,Parameter,-0.03023467233269338,-0.03023467233269338,-0.03023467233269338
positive_beta_prior__no_component_scales_neither,2025-12-31,7,neither,no_component_scales,mean_constant,mean_module.base_means.2.raw_constant,Parameter,0.05698752272371445,0.05698752272371445,0.05698752272371445
positive_beta_prior__no_component_scales_neither,2025-12-31,7,neither,no_component_scales,mean_constant,mean_module.base_means.3.raw_constant,Parameter,-0.03495168497902051,-0.03495168497902051,-0.03495168497902051
positive_beta_prior__no_component_scales_neither,2025-12-31,7,neither,no_component_scales,mean_constant,mean_module.base_means.4.raw_constant,Parameter,-0.056319035879097805,-0.056319035879097805,-0.056319035879097805
positive_beta_prior__no_component_scales_neither,2025-12-31,7,neither,no_component_scales,mean_constant,mean_module.base_means.5.raw_constant,Parameter,0.07473209053942234,0.07473209053942234,0.07473209053942234
positive_beta_prior__no_component_scales_neither,2025-12-31,7,neither,no_component_scales,mean_constant,mean_module.base_means.6.raw_constant,Parameter,0.05041824506527552,0.05041824506527552,0.05041824506527552
positive_beta_prior__no_component_scales_neither,2025-12-31,7,neither,no_component_scales,mean_constant,mean_module.base_means.7.raw_constant,Parameter,0.08162756836999513,0.08162756836999513,0.08162756836999513
positive_beta_prior__no_component_scales_neither,2025-12-31,7,neither,no_component_scales,mean_constant,mean_module.base_means.8.raw_constant,Parameter,-0.06416610505621564,-0.06416610505621564,-0.06416610505621564
positive_beta_prior__no_component_scales_neither,2025-12-31,7,neither,no_component_scales,mean_constant,mean_module.base_means.9.raw_constant,Parameter,-0.0075595746732243785,-0.0075595746732243785,-0.0075595746732243785
positive_beta_prior__no_component_scales_neither,2025-12-31,7,neither,no_component_scales,mean_constant,mean_module.base_means.10.raw_constant,Parameter,0.08953493250740706,0.08953493250740706,0.08953493250740706
positive_beta_prior__no_component_scales_neither,2025-12-31,7,neither,no_component_scales,mean_constant,mean_module.base_means.11.raw_constant,Parameter,0.06148041313593402,0.06148041313593402,0.06148041313593402
positive_beta_prior__no_component_scales_neither,2025-12-31,7,neither,no_component_scales,mean_constant,mean_module.base_means.12.raw_constant,Parameter,-0.14419892482018837,-0.14419892482018837,-0.14419892482018837
positive_beta_prior__no_component_scales_neither,2025-12-31,7,neither,no_component_scales,mean_constant,mean_module.base_means.13.raw_constant,Parameter,0.020799248754012678,0.020799248754012678,0.020799248754012678
positive_beta_prior__no_component_scales_neither,2025-12-31,7,neither,no_component_scales,mean_constant,mean_module.base_means.14.raw_constant,Parameter,0.014380287717322773,0.014380287717322773,0.014380287717322773
positive_beta_prior__no_component_scales_neither,2025-12-31,7,neither,no_component_scales,mean_constant,mean_module.base_means.15.raw_constant,Parameter,-0.07144308675226282,-0.07144308675226282,-0.07144308675226282
positive_beta_prior__no_component_scales_neither,2025-12-31,7,neither,no_component_scales,mean_constant,mean_module.base_means.16.raw_constant,Parameter,0.06975824127868052,0.06975824127868052,0.06975824127868052
positive_beta_prior__no_component_scales_neither,2025-12-31,7,neither,no_component_scales,mean_constant,mean_module.base_means.17.raw_constant,Parameter,0.13837092836923523,0.13837092836923523,0.13837092836923523
positive_beta_prior__global_scale_lengthscale_only,2025-12-31,7,lengthscale_only,global_scale,outputscale,covar_module.kernels.0,_Module,0.023547406499019694,0.023547406499019694,0.023547406499019694
positive_beta_prior__global_scale_lengthscale_only,2025-12-31,7,lengthscale_only,global_scale,time_varying_effective_lengthscale_train,covar_module.kernels.0.base_kernel,_Module,2.0319174573343702e-05,3.812562902725263e-07,0.0001121286307432818
positive_beta_prior__global_scale_lengthscale_only,2025-12-31,7,lengthscale_only,global_scale,time_varying_effective_lengthscale_eval,covar_module.kernels.0.base_kernel,_Module,3.44457975050755e-07,3.44457975050755e-07,3.44457975050755e-07
positive_beta_prior__global_scale_lengthscale_only,2025-12-31,7,lengthscale_only,global_scale,lengthscale,covar_module.kernels.0.base_kernel.base_kernel.kernels.0,MaternKernel,0.10170234579108253,0.10170234579108253,0.10170234579108253
positive_beta_prior__global_scale_lengthscale_only,2025-12-31,7,lengthscale_only,global_scale,lengthscale,covar_module.kernels.0.base_kernel.base_kernel.kernels.1,MaternKernel,1.115858902140188,0.4510439216272045,2.3718098278715103
positive_beta_prior__global_scale_lengthscale_only,2025-12-31,7,lengthscale_only,global_scale,lengthscale,covar_module.kernels.0.base_kernel.base_kernel.kernels.2,MaternKernel,0.7234705188939327,0.5403505810344166,0.8582804897710934
positive_beta_prior__global_scale_lengthscale_only,2025-12-31,7,lengthscale_only,global_scale,lengthscale,covar_module.kernels.0.base_kernel.base_kernel.kernels.3,RQKernel,0.735855577319567,0.5250100752873376,0.8643588321588537
positive_beta_prior__global_scale_lengthscale_only,2025-12-31,7,lengthscale_only,global_scale,lengthscale,covar_module.kernels.0.base_kernel.base_kernel.kernels.5.kernels.0,MaternKernel,0.052327373154302026,0.052327373154302026,0.052327373154302026
positive_beta_prior__global_scale_lengthscale_only,2025-12-31,7,lengthscale_only,global_scale,lengthscale,covar_module.kernels.0.base_kernel.base_kernel.kernels.5.kernels.1,MaternKernel,1.0014580255517833,0.43009142702026515,2.5117891524978138
positive_beta_prior__global_scale_lengthscale_only,2025-12-31,7,lengthscale_only,global_scale,lengthscale,covar_module.kernels.0.base_kernel.base_kernel.kernels.6.kernels.0,MaternKernel,0.026202301249278144,0.026202301249278144,0.026202301249278144
positive_beta_prior__global_scale_lengthscale_only,2025-12-31,7,lengthscale_only,global_scale,lengthscale,covar_module.kernels.0.base_kernel.base_kernel.kernels.6.kernels.1.kernels.0,MaternKernel,0.7689141800154331,0.7141600677147397,0.8286349990064561
positive_beta_prior__global_scale_lengthscale_only,2025-12-31,7,lengthscale_only,global_scale,lengthscale,covar_module.kernels.0.base_kernel.base_kernel.kernels.6.kernels.1.kernels.1,RQKernel,0.7747085155112573,0.7184347443612876,0.8292233317258307
positive_beta_prior__global_scale_lengthscale_only,2025-12-31,7,lengthscale_only,global_scale,lengthscale,covar_module.kernels.0.base_kernel.base_kernel.kernels.7.kernels.0.kernels.0,MaternKernel,0.6607741661099347,0.5247649457212007,0.8322714741004732
positive_beta_prior__global_scale_lengthscale_only,2025-12-31,7,lengthscale_only,global_scale,lengthscale,covar_module.kernels.0.base_kernel.base_kernel.kernels.7.kernels.0.kernels.1,RQKernel,0.6382506940116023,0.45460603013071854,0.840942671600006
positive_beta_prior__global_scale_lengthscale_only,2025-12-31,7,lengthscale_only,global_scale,lengthscale,covar_module.kernels.0.base_kernel.base_kernel.kernels.7.kernels.1,MaternKernel,1.5110594500988836,0.516443783145679,4.228726421190405
positive_beta_prior__global_scale_lengthscale_only,2025-12-31,7,lengthscale_only,global_scale,likelihood_noise,likelihood,HadamardGaussianLikelihood,0.006549000998880468,0.005838737730351726,0.007070487476492376
positive_beta_prior__global_scale_lengthscale_only,2025-12-31,7,lengthscale_only,global_scale,mean_constant,mean_module.base_means.0.raw_constant,Parameter,0.002156142123783532,0.002156142123783532,0.002156142123783532
positive_beta_prior__global_scale_lengthscale_only,2025-12-31,7,lengthscale_only,global_scale,mean_constant,mean_module.base_means.1.raw_constant,Parameter,0.013947604618856281,0.013947604618856281,0.013947604618856281
positive_beta_prior__global_scale_lengthscale_only,2025-12-31,7,lengthscale_only,global_scale,mean_constant,mean_module.base_means.2.raw_constant,Parameter,-0.025456579862042486,-0.025456579862042486,-0.025456579862042486
positive_beta_prior__global_scale_lengthscale_only,2025-12-31,7,lengthscale_only,global_scale,mean_constant,mean_module.base_means.3.raw_constant,Parameter,-0.07787853815826325,-0.07787853815826325,-0.07787853815826325
positive_beta_prior__global_scale_lengthscale_only,2025-12-31,7,lengthscale_only,global_scale,mean_constant,mean_module.base_means.4.raw_constant,Parameter,-0.06024579138532214,-0.06024579138532214,-0.06024579138532214
positive_beta_prior__global_scale_lengthscale_only,2025-12-31,7,lengthscale_only,global_scale,mean_constant,mean_module.base_means.5.raw_constant,Parameter,-0.04880065864457673,-0.04880065864457673,-0.04880065864457673
positive_beta_prior__global_scale_lengthscale_only,2025-12-31,7,lengthscale_only,global_scale,mean_constant,mean_module.base_means.6.raw_constant,Parameter,-0.06763680264452167,-0.06763680264452167,-0.06763680264452167
positive_beta_prior__global_scale_lengthscale_only,2025-12-31,7,lengthscale_only,global_scale,mean_constant,mean_module.base_means.7.raw_constant,Parameter,-0.020248957609180405,-0.020248957609180405,-0.020248957609180405
positive_beta_prior__global_scale_lengthscale_only,2025-12-31,7,lengthscale_only,global_scale,mean_constant,mean_module.base_means.8.raw_constant,Parameter,-0.044203303090475925,-0.044203303090475925,-0.044203303090475925
positive_beta_prior__global_scale_lengthscale_only,2025-12-31,7,lengthscale_only,global_scale,mean_constant,mean_module.base_means.9.raw_constant,Parameter,-0.06912879655631031,-0.06912879655631031,-0.06912879655631031
positive_beta_prior__global_scale_lengthscale_only,2025-12-31,7,lengthscale_only,global_scale,mean_constant,mean_module.base_means.10.raw_constant,Parameter,-0.023323598444032603,-0.023323598444032603,-0.023323598444032603
positive_beta_prior__global_scale_lengthscale_only,2025-12-31,7,lengthscale_only,global_scale,mean_constant,mean_module.base_means.11.raw_constant,Parameter,-0.046900767624062104,-0.046900767624062104,-0.046900767624062104
positive_beta_prior__global_scale_lengthscale_only,2025-12-31,7,lengthscale_only,global_scale,mean_constant,mean_module.base_means.12.raw_constant,Parameter,-0.014024299890296833,-0.014024299890296833,-0.014024299890296833
positive_beta_prior__global_scale_lengthscale_only,2025-12-31,7,lengthscale_only,global_scale,mean_constant,mean_module.base_means.13.raw_constant,Parameter,-0.041508092578165824,-0.041508092578165824,-0.041508092578165824
positive_beta_prior__global_scale_lengthscale_only,2025-12-31,7,lengthscale_only,global_scale,mean_constant,mean_module.base_means.14.raw_constant,Parameter,-0.08203857928215522,-0.08203857928215522,-0.08203857928215522
positive_beta_prior__global_scale_lengthscale_only,2025-12-31,7,lengthscale_only,global_scale,mean_constant,mean_module.base_means.15.raw_constant,Parameter,-0.051072354861371246,-0.051072354861371246,-0.051072354861371246
positive_beta_prior__global_scale_lengthscale_only,2025-12-31,7,lengthscale_only,global_scale,mean_constant,mean_module.base_means.16.raw_constant,Parameter,-0.03773421590896389,-0.03773421590896389,-0.03773421590896389
positive_beta_prior__global_scale_lengthscale_only,2025-12-31,7,lengthscale_only,global_scale,mean_constant,mean_module.base_means.17.raw_constant,Parameter,-0.007883863806947725,-0.007883863806947725,-0.007883863806947725
positive_beta_prior__global_scale_neither,2025-12-31,7,neither,global_scale,outputscale,covar_module.kernels.0,AdditiveKernel,0.03842724915477348,0.03842724915477348,0.03842724915477348
positive_beta_prior__global_scale_neither,2025-12-31,7,neither,global_scale,lengthscale,covar_module.kernels.0.base_kernel.kernels.0,MaternKernel,0.05376752408269793,0.05376752408269793,0.05376752408269793
positive_beta_prior__global_scale_neither,2025-12-31,7,neither,global_scale,lengthscale,covar_module.kernels.0.base_kernel.kernels.1,MaternKernel,1.4343222051124858,0.2673361530476154,3.117765387489459
positive_beta_prior__global_scale_neither,2025-12-31,7,neither,global_scale,lengthscale,covar_module.kernels.0.base_kernel.kernels.2,MaternKernel,0.6325555792150575,0.36303792653550304,0.8667862103654459
positive_beta_prior__global_scale_neither,2025-12-31,7,neither,global_scale,lengthscale,covar_module.kernels.0.base_kernel.kernels.3,RQKernel,0.6517752137489461,0.3379680365893819,0.8743769421498534
positive_beta_prior__global_scale_neither,2025-12-31,7,neither,global_scale,lengthscale,covar_module.kernels.0.base_kernel.kernels.5.kernels.0,MaternKernel,0.027356106101741547,0.027356106101741547,0.027356106101741547
positive_beta_prior__global_scale_neither,2025-12-31,7,neither,global_scale,lengthscale,covar_module.kernels.0.base_kernel.kernels.5.kernels.1,MaternKernel,1.2937171464799335,0.24461716369528375,2.8504978152578224
positive_beta_prior__global_scale_neither,2025-12-31,7,neither,global_scale,lengthscale,covar_module.kernels.0.base_kernel.kernels.6.kernels.0,MaternKernel,0.025136224662264315,0.025136224662264315,0.025136224662264315
positive_beta_prior__global_scale_neither,2025-12-31,7,neither,global_scale,lengthscale,covar_module.kernels.0.base_kernel.kernels.6.kernels.1.kernels.0,MaternKernel,0.6818979930157569,0.5145861321989085,0.8370149915186494
positive_beta_prior__global_scale_neither,2025-12-31,7,neither,global_scale,lengthscale,covar_module.kernels.0.base_kernel.kernels.6.kernels.1.kernels.1,RQKernel,0.6823287166490792,0.49063438575912377,0.8387558101139146
positive_beta_prior__global_scale_neither,2025-12-31,7,neither,global_scale,lengthscale,covar_module.kernels.0.base_kernel.kernels.7.kernels.0.kernels.0,MaternKernel,0.6080146319059941,0.46328910349600627,0.8679548197441248
positive_beta_prior__global_scale_neither,2025-12-31,7,neither,global_scale,lengthscale,covar_module.kernels.0.base_kernel.kernels.7.kernels.0.kernels.1,RQKernel,0.5891989207433427,0.3969825697446471,0.8880678028698022
positive_beta_prior__global_scale_neither,2025-12-31,7,neither,global_scale,lengthscale,covar_module.kernels.0.base_kernel.kernels.7.kernels.1,MaternKernel,1.9671169244776776,0.5108711849163923,4.8515361236523535
positive_beta_prior__global_scale_neither,2025-12-31,7,neither,global_scale,likelihood_noise,likelihood,HadamardGaussianLikelihood,0.006514136123665674,0.00571980597748266,0.007142937942340304
positive_beta_prior__global_scale_neither,2025-12-31,7,neither,global_scale,mean_constant,mean_module.base_means.0.raw_constant,Parameter,0.031171084565642857,0.031171084565642857,0.031171084565642857
positive_beta_prior__global_scale_neither,2025-12-31,7,neither,global_scale,mean_constant,mean_module.base_means.1.raw_constant,Parameter,0.03446839685284502,0.03446839685284502,0.03446839685284502
positive_beta_prior__global_scale_neither,2025-12-31,7,neither,global_scale,mean_constant,mean_module.base_means.2.raw_constant,Parameter,-0.0010101183609130104,-0.0010101183609130104,-0.0010101183609130104
positive_beta_prior__global_scale_neither,2025-12-31,7,neither,global_scale,mean_constant,mean_module.base_means.3.raw_constant,Parameter,-0.035669194628338854,-0.035669194628338854,-0.035669194628338854
positive_beta_prior__global_scale_neither,2025-12-31,7,neither,global_scale,mean_constant,mean_module.base_means.4.raw_constant,Parameter,-0.04027678916493898,-0.04027678916493898,-0.04027678916493898
positive_beta_prior__global_scale_neither,2025-12-31,7,neither,global_scale,mean_constant,mean_module.base_means.5.raw_constant,Parameter,-0.005154078947844364,-0.005154078947844364,-0.005154078947844364
positive_beta_prior__global_scale_neither,2025-12-31,7,neither,global_scale,mean_constant,mean_module.base_means.6.raw_constant,Parameter,-0.07490480965335003,-0.07490480965335003,-0.07490480965335003
positive_beta_prior__global_scale_neither,2025-12-31,7,neither,global_scale,mean_constant,mean_module.base_means.7.raw_constant,Parameter,-0.023154410217365452,-0.023154410217365452,-0.023154410217365452
positive_beta_prior__global_scale_neither,2025-12-31,7,neither,global_scale,mean_constant,mean_module.base_means.8.raw_constant,Parameter,-0.04787773540884916,-0.04787773540884916,-0.04787773540884916
positive_beta_prior__global_scale_neither,2025-12-31,7,neither,global_scale,mean_constant,mean_module.base_means.9.raw_constant,Parameter,-0.08441528350186135,-0.08441528350186135,-0.08441528350186135
positive_beta_prior__global_scale_neither,2025-12-31,7,neither,global_scale,mean_constant,mean_module.base_means.10.raw_constant,Parameter,0.02520364166639409,0.02520364166639409,0.02520364166639409
positive_beta_prior__global_scale_neither,2025-12-31,7,neither,global_scale,mean_constant,mean_module.base_means.11.raw_constant,Parameter,0.03275328710650102,0.03275328710650102,0.03275328710650102
positive_beta_prior__global_scale_neither,2025-12-31,7,neither,global_scale,mean_constant,mean_module.base_means.12.raw_constant,Parameter,0.031325141809298705,0.031325141809298705,0.031325141809298705
positive_beta_prior__global_scale_neither,2025-12-31,7,neither,global_scale,mean_constant,mean_module.base_means.13.raw_constant,Parameter,-0.022125153847537184,-0.022125153847537184,-0.022125153847537184
positive_beta_prior__global_scale_neither,2025-12-31,7,neither,global_scale,mean_constant,mean_module.base_means.14.raw_constant,Parameter,-0.07600198704480407,-0.07600198704480407,-0.07600198704480407
positive_beta_prior__global_scale_neither,2025-12-31,7,neither,global_scale,mean_constant,mean_module.base_means.15.raw_constant,Parameter,-0.06901756657870872,-0.06901756657870872,-0.06901756657870872
positive_beta_prior__global_scale_neither,2025-12-31,7,neither,global_scale,mean_constant,mean_module.base_means.16.raw_constant,Parameter,-0.05379123018007454,-0.05379123018007454,-0.05379123018007454
positive_beta_prior__global_scale_neither,2025-12-31,7,neither,global_scale,mean_constant,mean_module.base_means.17.raw_constant,Parameter,-0.08380673256655359,-0.08380673256655359,-0.08380673256655359
positive_beta_prior__component_scales_lengthscale_only,2026-01-30,8,lengthscale_only,component_scales,time_varying_effective_lengthscale_train,covar_module.kernels.0,_Module,0.010169025804339331,0.005336657764071654,0.017218677737508337
positive_beta_prior__component_scales_lengthscale_only,2026-01-30,8,lengthscale_only,component_scales,time_varying_effective_lengthscale_eval,covar_module.kernels.0,_Module,0.005227843232791074,0.005227843232791074,0.005227843232791075
positive_beta_prior__component_scales_lengthscale_only,2026-01-30,8,lengthscale_only,component_scales,outputscale,covar_module.kernels.0.base_kernel.kernels.0,MaternKernel,0.07340862303581237,0.07340862303581237,0.07340862303581237
positive_beta_prior__component_scales_lengthscale_only,2026-01-30,8,lengthscale_only,component_scales,lengthscale,covar_module.kernels.0.base_kernel.kernels.0.base_kernel,MaternKernel,0.14605391868531356,0.14605391868531356,0.14605391868531356
positive_beta_prior__component_scales_lengthscale_only,2026-01-30,8,lengthscale_only,component_scales,outputscale,covar_module.kernels.0.base_kernel.kernels.1,MaternKernel,0.0016046511736568182,0.0016046511736568182,0.0016046511736568182
positive_beta_prior__component_scales_lengthscale_only,2026-01-30,8,lengthscale_only,component_scales,lengthscale,covar_module.kernels.0.base_kernel.kernels.1.base_kernel,MaternKernel,0.8927345624868805,0.2817261926311019,1.6850690865264122
positive_beta_prior__component_scales_lengthscale_only,2026-01-30,8,lengthscale_only,component_scales,outputscale,covar_module.kernels.0.base_kernel.kernels.2,MaternKernel,0.6085325622482162,0.6085325622482162,0.6085325622482162
positive_beta_prior__component_scales_lengthscale_only,2026-01-30,8,lengthscale_only,component_scales,lengthscale,covar_module.kernels.0.base_kernel.kernels.2.base_kernel,MaternKernel,0.619205980868057,0.12289927231212022,1.19894775286904
positive_beta_prior__component_scales_lengthscale_only,2026-01-30,8,lengthscale_only,component_scales,outputscale,covar_module.kernels.0.base_kernel.kernels.3,RQKernel,0.010300961770772785,0.010300961770772785,0.010300961770772785
positive_beta_prior__component_scales_lengthscale_only,2026-01-30,8,lengthscale_only,component_scales,lengthscale,covar_module.kernels.0.base_kernel.kernels.3.base_kernel,RQKernel,0.7580145024640772,0.5087056983569423,0.9477676022768156
positive_beta_prior__component_scales_lengthscale_only,2026-01-30,8,lengthscale_only,component_scales,outputscale,covar_module.kernels.0.base_kernel.kernels.4,LinearKernel,0.016772282430839523,0.016772282430839523,0.016772282430839523
positive_beta_prior__component_scales_lengthscale_only,2026-01-30,8,lengthscale_only,component_scales,outputscale,covar_module.kernels.0.base_kernel.kernels.5,ProductKernel,0.0615764939947863,0.0615764939947863,0.0615764939947863
positive_beta_prior__component_scales_lengthscale_only,2026-01-30,8,lengthscale_only,component_scales,lengthscale,covar_module.kernels.0.base_kernel.kernels.5.base_kernel.kernels.0,MaternKernel,0.03792092465671575,0.03792092465671575,0.03792092465671575
positive_beta_prior__component_scales_lengthscale_only,2026-01-30,8,lengthscale_only,component_scales,lengthscale,covar_module.kernels.0.base_kernel.kernels.5.base_kernel.kernels.1,MaternKernel,1.1417697710630057,0.4359682178247446,3.0518668937300735
positive_beta_prior__component_scales_lengthscale_only,2026-01-30,8,lengthscale_only,component_scales,outputscale,covar_module.kernels.0.base_kernel.kernels.6,ProductKernel,0.11027812301911276,0.11027812301911276,0.11027812301911276
positive_beta_prior__component_scales_lengthscale_only,2026-01-30,8,lengthscale_only,component_scales,lengthscale,covar_module.kernels.0.base_kernel.kernels.6.base_kernel.kernels.0,MaternKernel,0.1139823558210879,0.1139823558210879,0.1139823558210879
positive_beta_prior__component_scales_lengthscale_only,2026-01-30,8,lengthscale_only,component_scales,lengthscale,covar_module.kernels.0.base_kernel.kernels.6.base_kernel.kernels.1.kernels.0,MaternKernel,0.7714976562227904,0.7014386092130478,0.8399884538582382
positive_beta_prior__component_scales_lengthscale_only,2026-01-30,8,lengthscale_only,component_scales,lengthscale,covar_module.kernels.0.base_kernel.kernels.6.base_kernel.kernels.1.kernels.1,RQKernel,0.7838841740476965,0.7119115304769625,0.8429144014820676
positive_beta_prior__component_scales_lengthscale_only,2026-01-30,8,lengthscale_only,component_scales,outputscale,covar_module.kernels.0.base_kernel.kernels.7,ProductKernel,0.004163764115859275,0.004163764115859275,0.004163764115859275
positive_beta_prior__component_scales_lengthscale_only,2026-01-30,8,lengthscale_only,component_scales,lengthscale,covar_module.kernels.0.base_kernel.kernels.7.base_kernel.kernels.0.kernels.0,MaternKernel,0.7298797365543354,0.6414178168503419,0.830905126937371
positive_beta_prior__component_scales_lengthscale_only,2026-01-30,8,lengthscale_only,component_scales,lengthscale,covar_module.kernels.0.base_kernel.kernels.7.base_kernel.kernels.0.kernels.1,RQKernel,0.7222324238761533,0.6064190367750903,0.8366396389701024
positive_beta_prior__component_scales_lengthscale_only,2026-01-30,8,lengthscale_only,component_scales,lengthscale,covar_module.kernels.0.base_kernel.kernels.7.base_kernel.kernels.1,MaternKernel,1.1707339923828497,0.4189167347095547,3.174479665583247
positive_beta_prior__component_scales_lengthscale_only,2026-01-30,8,lengthscale_only,component_scales,likelihood_noise,likelihood,HadamardGaussianLikelihood,0.0065705141827036755,0.005625443887453973,0.00720744699744701
positive_beta_prior__component_scales_lengthscale_only,2026-01-30,8,lengthscale_only,component_scales,mean_constant,mean_module.base_means.0.raw_constant,Parameter,-0.08930854374890687,-0.08930854374890687,-0.08930854374890687
positive_beta_prior__component_scales_lengthscale_only,2026-01-30,8,lengthscale_only,component_scales,mean_constant,mean_module.base_means.1.raw_constant,Parameter,-0.03967409183056347,-0.03967409183056347,-0.03967409183056347
positive_beta_prior__component_scales_lengthscale_only,2026-01-30,8,lengthscale_only,component_scales,mean_constant,mean_module.base_means.2.raw_constant,Parameter,-0.08725318125124953,-0.08725318125124953,-0.08725318125124953
positive_beta_prior__component_scales_lengthscale_only,2026-01-30,8,lengthscale_only,component_scales,mean_constant,mean_module.base_means.3.raw_constant,Parameter,-0.17002524730588803,-0.17002524730588803,-0.17002524730588803
positive_beta_prior__component_scales_lengthscale_only,2026-01-30,8,lengthscale_only,component_scales,mean_constant,mean_module.base_means.4.raw_constant,Parameter,-0.17936448420951775,-0.17936448420951775,-0.17936448420951775
positive_beta_prior__component_scales_lengthscale_only,2026-01-30,8,lengthscale_only,component_scales,mean_constant,mean_module.base_means.5.raw_constant,Parameter,-0.02115612174315082,-0.02115612174315082,-0.02115612174315082
positive_beta_prior__component_scales_lengthscale_only,2026-01-30,8,lengthscale_only,component_scales,mean_constant,mean_module.base_means.6.raw_constant,Parameter,-0.002089707365124557,-0.002089707365124557,-0.002089707365124557
positive_beta_prior__component_scales_lengthscale_only,2026-01-30,8,lengthscale_only,component_scales,mean_constant,mean_module.base_means.7.raw_constant,Parameter,-0.049956474199210774,-0.049956474199210774,-0.049956474199210774
positive_beta_prior__component_scales_lengthscale_only,2026-01-30,8,lengthscale_only,component_scales,mean_constant,mean_module.base_means.8.raw_constant,Parameter,-0.0030473230018669183,-0.0030473230018669183,-0.0030473230018669183
positive_beta_prior__component_scales_lengthscale_only,2026-01-30,8,lengthscale_only,component_scales,mean_constant,mean_module.base_means.9.raw_constant,Parameter,-0.09585976594449436,-0.09585976594449436,-0.09585976594449436
positive_beta_prior__component_scales_lengthscale_only,2026-01-30,8,lengthscale_only,component_scales,mean_constant,mean_module.base_means.10.raw_constant,Parameter,0.08147873928651225,0.08147873928651225,0.08147873928651225
positive_beta_prior__component_scales_lengthscale_only,2026-01-30,8,lengthscale_only,component_scales,mean_constant,mean_module.base_means.11.raw_constant,Parameter,0.09354903252666608,0.09354903252666608,0.09354903252666608
positive_beta_prior__component_scales_lengthscale_only,2026-01-30,8,lengthscale_only,component_scales,mean_constant,mean_module.base_means.12.raw_constant,Parameter,0.009730676230592311,0.009730676230592311,0.009730676230592311
positive_beta_prior__component_scales_lengthscale_only,2026-01-30,8,lengthscale_only,component_scales,mean_constant,mean_module.base_means.13.raw_constant,Parameter,0.03711463824734301,0.03711463824734301,0.03711463824734301
positive_beta_prior__component_scales_lengthscale_only,2026-01-30,8,lengthscale_only,component_scales,mean_constant,mean_module.base_means.14.raw_constant,Parameter,-0.041586946127513846,-0.041586946127513846,-0.041586946127513846
positive_beta_prior__component_scales_lengthscale_only,2026-01-30,8,lengthscale_only,component_scales,mean_constant,mean_module.base_means.15.raw_constant,Parameter,-0.05520615674194606,-0.05520615674194606,-0.05520615674194606
positive_beta_prior__component_scales_lengthscale_only,2026-01-30,8,lengthscale_only,component_scales,mean_constant,mean_module.base_means.16.raw_constant,Parameter,-0.002961639618416397,-0.002961639618416397,-0.002961639618416397
positive_beta_prior__component_scales_lengthscale_only,2026-01-30,8,lengthscale_only,component_scales,mean_constant,mean_module.base_means.17.raw_constant,Parameter,0.0213380780378888,0.0213380780378888,0.0213380780378888
positive_beta_prior__component_scales_neither,2026-01-30,8,neither,component_scales,outputscale,covar_module.kernels.0.kernels.0,MaternKernel,0.006536368795827278,0.006536368795827278,0.006536368795827278
positive_beta_prior__component_scales_neither,2026-01-30,8,neither,component_scales,lengthscale,covar_module.kernels.0.kernels.0.base_kernel,MaternKernel,0.2758546360834089,0.2758546360834089,0.2758546360834089
positive_beta_prior__component_scales_neither,2026-01-30,8,neither,component_scales,outputscale,covar_module.kernels.0.kernels.1,MaternKernel,0.0007741177593050951,0.0007741177593050951,0.0007741177593050951
positive_beta_prior__component_scales_neither,2026-01-30,8,neither,component_scales,lengthscale,covar_module.kernels.0.kernels.1.base_kernel,MaternKernel,0.9593183611570963,0.2680675889552,2.017257179333212
positive_beta_prior__component_scales_neither,2026-01-30,8,neither,component_scales,outputscale,covar_module.kernels.0.kernels.2,MaternKernel,0.840434358084643,0.840434358084643,0.840434358084643
positive_beta_prior__component_scales_neither,2026-01-30,8,neither,component_scales,lengthscale,covar_module.kernels.0.kernels.2.base_kernel,MaternKernel,0.5724511157028749,0.11333774495200416,1.3382577181226085
positive_beta_prior__component_scales_neither,2026-01-30,8,neither,component_scales,outputscale,covar_module.kernels.0.kernels.3,RQKernel,0.006967197625924297,0.006967197625924297,0.006967197625924297
positive_beta_prior__component_scales_neither,2026-01-30,8,neither,component_scales,lengthscale,covar_module.kernels.0.kernels.3.base_kernel,RQKernel,0.751975008279816,0.474712267515755,0.9504996876470037
positive_beta_prior__component_scales_neither,2026-01-30,8,neither,component_scales,outputscale,covar_module.kernels.0.kernels.4,LinearKernel,0.009205634287044535,0.009205634287044535,0.009205634287044535
positive_beta_prior__component_scales_neither,2026-01-30,8,neither,component_scales,outputscale,covar_module.kernels.0.kernels.5,ProductKernel,0.006705592594859212,0.006705592594859212,0.006705592594859212
positive_beta_prior__component_scales_neither,2026-01-30,8,neither,component_scales,lengthscale,covar_module.kernels.0.kernels.5.base_kernel.kernels.0,MaternKernel,0.02926463536458103,0.02926463536458103,0.02926463536458103
positive_beta_prior__component_scales_neither,2026-01-30,8,neither,component_scales,lengthscale,covar_module.kernels.0.kernels.5.base_kernel.kernels.1,MaternKernel,1.0195904591813487,0.31158784144263885,2.8156313782468887
positive_beta_prior__component_scales_neither,2026-01-30,8,neither,component_scales,outputscale,covar_module.kernels.0.kernels.6,ProductKernel,0.004851895413555238,0.004851895413555238,0.004851895413555238
positive_beta_prior__component_scales_neither,2026-01-30,8,neither,component_scales,lengthscale,covar_module.kernels.0.kernels.6.base_kernel.kernels.0,MaternKernel,0.16816023044848222,0.16816023044848222,0.16816023044848222
positive_beta_prior__component_scales_neither,2026-01-30,8,neither,component_scales,lengthscale,covar_module.kernels.0.kernels.6.base_kernel.kernels.1.kernels.0,MaternKernel,0.7583320007610188,0.6518109390006773,0.8489311429283831
positive_beta_prior__component_scales_neither,2026-01-30,8,neither,component_scales,lengthscale,covar_module.kernels.0.kernels.6.base_kernel.kernels.1.kernels.1,RQKernel,0.7753278266729897,0.6625417331425978,0.8522654392526428
positive_beta_prior__component_scales_neither,2026-01-30,8,neither,component_scales,outputscale,covar_module.kernels.0.kernels.7,ProductKernel,0.03163897329255118,0.03163897329255118,0.03163897329255118
positive_beta_prior__component_scales_neither,2026-01-30,8,neither,component_scales,lengthscale,covar_module.kernels.0.kernels.7.base_kernel.kernels.0.kernels.0,MaternKernel,0.6927727078491419,0.5819985437751009,0.8812929253679516
positive_beta_prior__component_scales_neither,2026-01-30,8,neither,component_scales,lengthscale,covar_module.kernels.0.kernels.7.base_kernel.kernels.0.kernels.1,RQKernel,0.6705913461090329,0.4972772001202628,0.8983638118849827
positive_beta_prior__component_scales_neither,2026-01-30,8,neither,component_scales,lengthscale,covar_module.kernels.0.kernels.7.base_kernel.kernels.1,MaternKernel,1.3223197311848853,0.2817916897218635,3.9965008645617415
positive_beta_prior__component_scales_neither,2026-01-30,8,neither,component_scales,likelihood_noise,likelihood,HadamardGaussianLikelihood,0.006548229900558204,0.0055448723064040525,0.007064475676916111
positive_beta_prior__component_scales_neither,2026-01-30,8,neither,component_scales,mean_constant,mean_module.base_means.0.raw_constant,Parameter,-0.07163179052535414,-0.07163179052535414,-0.07163179052535414
positive_beta_prior__component_scales_neither,2026-01-30,8,neither,component_scales,mean_constant,mean_module.base_means.1.raw_constant,Parameter,-0.05525549203124127,-0.05525549203124127,-0.05525549203124127
positive_beta_prior__component_scales_neither,2026-01-30,8,neither,component_scales,mean_constant,mean_module.base_means.2.raw_constant,Parameter,-0.05705602091526838,-0.05705602091526838,-0.05705602091526838
positive_beta_prior__component_scales_neither,2026-01-30,8,neither,component_scales,mean_constant,mean_module.base_means.3.raw_constant,Parameter,-0.09839083649042596,-0.09839083649042596,-0.09839083649042596
positive_beta_prior__component_scales_neither,2026-01-30,8,neither,component_scales,mean_constant,mean_module.base_means.4.raw_constant,Parameter,-0.10203486487750213,-0.10203486487750213,-0.10203486487750213
positive_beta_prior__component_scales_neither,2026-01-30,8,neither,component_scales,mean_constant,mean_module.base_means.5.raw_constant,Parameter,0.003004081153127285,0.003004081153127285,0.003004081153127285
positive_beta_prior__component_scales_neither,2026-01-30,8,neither,component_scales,mean_constant,mean_module.base_means.6.raw_constant,Parameter,-0.0873213405061394,-0.0873213405061394,-0.0873213405061394
positive_beta_prior__component_scales_neither,2026-01-30,8,neither,component_scales,mean_constant,mean_module.base_means.7.raw_constant,Parameter,-0.05096393554405812,-0.05096393554405812,-0.05096393554405812
positive_beta_prior__component_scales_neither,2026-01-30,8,neither,component_scales,mean_constant,mean_module.base_means.8.raw_constant,Parameter,-0.04850436827559188,-0.04850436827559188,-0.04850436827559188
positive_beta_prior__component_scales_neither,2026-01-30,8,neither,component_scales,mean_constant,mean_module.base_means.9.raw_constant,Parameter,-0.09005860006598701,-0.09005860006598701,-0.09005860006598701
positive_beta_prior__component_scales_neither,2026-01-30,8,neither,component_scales,mean_constant,mean_module.base_means.10.raw_constant,Parameter,0.026074072121866083,0.026074072121866083,0.026074072121866083
positive_beta_prior__component_scales_neither,2026-01-30,8,neither,component_scales,mean_constant,mean_module.base_means.11.raw_constant,Parameter,0.04297194288947543,0.04297194288947543,0.04297194288947543
positive_beta_prior__component_scales_neither,2026-01-30,8,neither,component_scales,mean_constant,mean_module.base_means.12.raw_constant,Parameter,-0.07713436981570546,-0.07713436981570546,-0.07713436981570546
positive_beta_prior__component_scales_neither,2026-01-30,8,neither,component_scales,mean_constant,mean_module.base_means.13.raw_constant,Parameter,-0.008486654567077149,-0.008486654567077149,-0.008486654567077149
positive_beta_prior__component_scales_neither,2026-01-30,8,neither,component_scales,mean_constant,mean_module.base_means.14.raw_constant,Parameter,-0.0784288661029785,-0.0784288661029785,-0.0784288661029785
positive_beta_prior__component_scales_neither,2026-01-30,8,neither,component_scales,mean_constant,mean_module.base_means.15.raw_constant,Parameter,-0.08380270960954497,-0.08380270960954497,-0.08380270960954497
positive_beta_prior__component_scales_neither,2026-01-30,8,neither,component_scales,mean_constant,mean_module.base_means.16.raw_constant,Parameter,-0.02868495658210868,-0.02868495658210868,-0.02868495658210868
positive_beta_prior__component_scales_neither,2026-01-30,8,neither,component_scales,mean_constant,mean_module.base_means.17.raw_constant,Parameter,-0.03673825619517703,-0.03673825619517703,-0.03673825619517703
positive_beta_prior__no_component_scales_lengthscale_only,2026-01-30,8,lengthscale_only,no_component_scales,time_varying_effective_lengthscale_train,covar_module.kernels.0,_Module,6.661551923327958e-05,4.367938433815514e-06,0.00027485237046786625
positive_beta_prior__no_component_scales_lengthscale_only,2026-01-30,8,lengthscale_only,no_component_scales,time_varying_effective_lengthscale_eval,covar_module.kernels.0,_Module,4.0617879467062475e-06,4.0617879467062475e-06,4.0617879467062475e-06
positive_beta_prior__no_component_scales_lengthscale_only,2026-01-30,8,lengthscale_only,no_component_scales,lengthscale,covar_module.kernels.0.base_kernel.kernels.0,MaternKernel,0.0836306079715905,0.0836306079715905,0.0836306079715905
positive_beta_prior__no_component_scales_lengthscale_only,2026-01-30,8,lengthscale_only,no_component_scales,lengthscale,covar_module.kernels.0.base_kernel.kernels.1,MaternKernel,2.7207652192400222,1.0206468105391808,5.535227053736616
positive_beta_prior__no_component_scales_lengthscale_only,2026-01-30,8,lengthscale_only,no_component_scales,lengthscale,covar_module.kernels.0.base_kernel.kernels.2,MaternKernel,0.6411897683247672,0.20367013662419653,0.9523088129738696
positive_beta_prior__no_component_scales_lengthscale_only,2026-01-30,8,lengthscale_only,no_component_scales,lengthscale,covar_module.kernels.0.base_kernel.kernels.3,RQKernel,0.6819153108123992,0.1881245860615061,1.0123098280519218
positive_beta_prior__no_component_scales_lengthscale_only,2026-01-30,8,lengthscale_only,no_component_scales,lengthscale,covar_module.kernels.0.base_kernel.kernels.5.kernels.0,MaternKernel,0.03270584613552119,0.03270584613552119,0.03270584613552119
positive_beta_prior__no_component_scales_lengthscale_only,2026-01-30,8,lengthscale_only,no_component_scales,lengthscale,covar_module.kernels.0.base_kernel.kernels.5.kernels.1,MaternKernel,2.610799002492444,0.6896362610750291,5.637313874634326
positive_beta_prior__no_component_scales_lengthscale_only,2026-01-30,8,lengthscale_only,no_component_scales,lengthscale,covar_module.kernels.0.base_kernel.kernels.6.kernels.0,MaternKernel,0.036084417876316235,0.036084417876316235,0.036084417876316235
positive_beta_prior__no_component_scales_lengthscale_only,2026-01-30,8,lengthscale_only,no_component_scales,lengthscale,covar_module.kernels.0.base_kernel.kernels.6.kernels.1.kernels.0,MaternKernel,0.6947900184736091,0.5270918226210768,0.8546095010230568
positive_beta_prior__no_component_scales_lengthscale_only,2026-01-30,8,lengthscale_only,no_component_scales,lengthscale,covar_module.kernels.0.base_kernel.kernels.6.kernels.1.kernels.1,RQKernel,0.7229790007723107,0.5432258082404934,0.8632862306234679
positive_beta_prior__no_component_scales_lengthscale_only,2026-01-30,8,lengthscale_only,no_component_scales,lengthscale,covar_module.kernels.0.base_kernel.kernels.7.kernels.0.kernels.0,MaternKernel,0.5914130927361985,0.3213028371901995,0.9519443942176843
positive_beta_prior__no_component_scales_lengthscale_only,2026-01-30,8,lengthscale_only,no_component_scales,lengthscale,covar_module.kernels.0.base_kernel.kernels.7.kernels.0.kernels.1,RQKernel,0.5904296064952945,0.26990224169273114,1.0029780770380423
positive_beta_prior__no_component_scales_lengthscale_only,2026-01-30,8,lengthscale_only,no_component_scales,lengthscale,covar_module.kernels.0.base_kernel.kernels.7.kernels.1,MaternKernel,3.9620558546523124,1.447401354019079,8.653394810884157
positive_beta_prior__no_component_scales_lengthscale_only,2026-01-30,8,lengthscale_only,no_component_scales,likelihood_noise,likelihood,HadamardGaussianLikelihood,0.006379185741349345,0.005433313817824417,0.007128405775875627
positive_beta_prior__no_component_scales_lengthscale_only,2026-01-30,8,lengthscale_only,no_component_scales,mean_constant,mean_module.base_means.0.raw_constant,Parameter,0.200632698713213,0.200632698713213,0.200632698713213
positive_beta_prior__no_component_scales_lengthscale_only,2026-01-30,8,lengthscale_only,no_component_scales,mean_constant,mean_module.base_means.1.raw_constant,Parameter,0.08037641903002515,0.08037641903002515,0.08037641903002515
positive_beta_prior__no_component_scales_lengthscale_only,2026-01-30,8,lengthscale_only,no_component_scales,mean_constant,mean_module.base_means.2.raw_constant,Parameter,0.06217461510759413,0.06217461510759413,0.06217461510759413
positive_beta_prior__no_component_scales_lengthscale_only,2026-01-30,8,lengthscale_only,no_component_scales,mean_constant,mean_module.base_means.3.raw_constant,Parameter,-0.06913907645032139,-0.06913907645032139,-0.06913907645032139
positive_beta_prior__no_component_scales_lengthscale_only,2026-01-30,8,lengthscale_only,no_component_scales,mean_constant,mean_module.base_means.4.raw_constant,Parameter,-0.09076151283553209,-0.09076151283553209,-0.09076151283553209
positive_beta_prior__no_component_scales_lengthscale_only,2026-01-30,8,lengthscale_only,no_component_scales,mean_constant,mean_module.base_means.5.raw_constant,Parameter,0.053486421580847335,0.053486421580847335,0.053486421580847335
positive_beta_prior__no_component_scales_lengthscale_only,2026-01-30,8,lengthscale_only,no_component_scales,mean_constant,mean_module.base_means.6.raw_constant,Parameter,-0.07162135090173496,-0.07162135090173496,-0.07162135090173496
positive_beta_prior__no_component_scales_lengthscale_only,2026-01-30,8,lengthscale_only,no_component_scales,mean_constant,mean_module.base_means.7.raw_constant,Parameter,-0.05416231442652648,-0.05416231442652648,-0.05416231442652648
positive_beta_prior__no_component_scales_lengthscale_only,2026-01-30,8,lengthscale_only,no_component_scales,mean_constant,mean_module.base_means.8.raw_constant,Parameter,-0.021894883741058,-0.021894883741058,-0.021894883741058
positive_beta_prior__no_component_scales_lengthscale_only,2026-01-30,8,lengthscale_only,no_component_scales,mean_constant,mean_module.base_means.9.raw_constant,Parameter,-0.10643692270399091,-0.10643692270399091,-0.10643692270399091
positive_beta_prior__no_component_scales_lengthscale_only,2026-01-30,8,lengthscale_only,no_component_scales,mean_constant,mean_module.base_means.10.raw_constant,Parameter,0.023427759855718495,0.023427759855718495,0.023427759855718495
positive_beta_prior__no_component_scales_lengthscale_only,2026-01-30,8,lengthscale_only,no_component_scales,mean_constant,mean_module.base_means.11.raw_constant,Parameter,0.01639947736799232,0.01639947736799232,0.01639947736799232
positive_beta_prior__no_component_scales_lengthscale_only,2026-01-30,8,lengthscale_only,no_component_scales,mean_constant,mean_module.base_means.12.raw_constant,Parameter,-0.062369354563499194,-0.062369354563499194,-0.062369354563499194
positive_beta_prior__no_component_scales_lengthscale_only,2026-01-30,8,lengthscale_only,no_component_scales,mean_constant,mean_module.base_means.13.raw_constant,Parameter,-0.00643753374013761,-0.00643753374013761,-0.00643753374013761
positive_beta_prior__no_component_scales_lengthscale_only,2026-01-30,8,lengthscale_only,no_component_scales,mean_constant,mean_module.base_means.14.raw_constant,Parameter,-0.06400460318299298,-0.06400460318299298,-0.06400460318299298
positive_beta_prior__no_component_scales_lengthscale_only,2026-01-30,8,lengthscale_only,no_component_scales,mean_constant,mean_module.base_means.15.raw_constant,Parameter,-0.04189718948144454,-0.04189718948144454,-0.04189718948144454
positive_beta_prior__no_component_scales_lengthscale_only,2026-01-30,8,lengthscale_only,no_component_scales,mean_constant,mean_module.base_means.16.raw_constant,Parameter,-0.009705386404475833,-0.009705386404475833,-0.009705386404475833
positive_beta_prior__no_component_scales_lengthscale_only,2026-01-30,8,lengthscale_only,no_component_scales,mean_constant,mean_module.base_means.17.raw_constant,Parameter,0.006978570792417146,0.006978570792417146,0.006978570792417146
positive_beta_prior__no_component_scales_neither,2026-01-30,8,neither,no_component_scales,lengthscale,covar_module.kernels.0.kernels.0,MaternKernel,0.0979887101199558,0.0979887101199558,0.0979887101199558
positive_beta_prior__no_component_scales_neither,2026-01-30,8,neither,no_component_scales,lengthscale,covar_module.kernels.0.kernels.1,MaternKernel,2.5497479374050047,0.7992738472696657,4.971605418950859
positive_beta_prior__no_component_scales_neither,2026-01-30,8,neither,no_component_scales,lengthscale,covar_module.kernels.0.kernels.2,MaternKernel,0.6148147929046874,0.22316407356530737,0.9345958688592121
positive_beta_prior__no_component_scales_neither,2026-01-30,8,neither,no_component_scales,lengthscale,covar_module.kernels.0.kernels.3,RQKernel,0.6584162998641547,0.20830135151979107,0.9822987656839204
positive_beta_prior__no_component_scales_neither,2026-01-30,8,neither,no_component_scales,lengthscale,covar_module.kernels.0.kernels.5.kernels.0,MaternKernel,0.025597579439740063,0.025597579439740063,0.025597579439740063
positive_beta_prior__no_component_scales_neither,2026-01-30,8,neither,no_component_scales,lengthscale,covar_module.kernels.0.kernels.5.kernels.1,MaternKernel,2.3211978046947443,0.8918589846790288,5.007167390182964
positive_beta_prior__no_component_scales_neither,2026-01-30,8,neither,no_component_scales,lengthscale,covar_module.kernels.0.kernels.6.kernels.0,MaternKernel,0.027364523715462077,0.027364523715462077,0.027364523715462077
positive_beta_prior__no_component_scales_neither,2026-01-30,8,neither,no_component_scales,lengthscale,covar_module.kernels.0.kernels.6.kernels.1.kernels.0,MaternKernel,0.6194575685444204,0.31600948685089597,0.8772612246242597
positive_beta_prior__no_component_scales_neither,2026-01-30,8,neither,no_component_scales,lengthscale,covar_module.kernels.0.kernels.6.kernels.1.kernels.1,RQKernel,0.6400775612842646,0.2845468210471051,0.8801065496304229
positive_beta_prior__no_component_scales_neither,2026-01-30,8,neither,no_component_scales,lengthscale,covar_module.kernels.0.kernels.7.kernels.0.kernels.0,MaternKernel,0.5471602005280369,0.2668442119974545,0.9206671920587666
positive_beta_prior__no_component_scales_neither,2026-01-30,8,neither,no_component_scales,lengthscale,covar_module.kernels.0.kernels.7.kernels.0.kernels.1,RQKernel,0.5257835725259947,0.26119636780372857,0.943874156991139
positive_beta_prior__no_component_scales_neither,2026-01-30,8,neither,no_component_scales,lengthscale,covar_module.kernels.0.kernels.7.kernels.1,MaternKernel,3.5153038210037106,1.484682332942238,7.3316286360139555
positive_beta_prior__no_component_scales_neither,2026-01-30,8,neither,no_component_scales,likelihood_noise,likelihood,HadamardGaussianLikelihood,0.006413724029462406,0.0055464486787187,0.007152514165317557
positive_beta_prior__no_component_scales_neither,2026-01-30,8,neither,no_component_scales,mean_constant,mean_module.base_means.0.raw_constant,Parameter,0.37090073577727595,0.37090073577727595,0.37090073577727595
positive_beta_prior__no_component_scales_neither,2026-01-30,8,neither,no_component_scales,mean_constant,mean_module.base_means.1.raw_constant,Parameter,0.22051769830473952,0.22051769830473952,0.22051769830473952
positive_beta_prior__no_component_scales_neither,2026-01-30,8,neither,no_component_scales,mean_constant,mean_module.base_means.2.raw_constant,Parameter,0.16660045370357873,0.16660045370357873,0.16660045370357873
positive_beta_prior__no_component_scales_neither,2026-01-30,8,neither,no_component_scales,mean_constant,mean_module.base_means.3.raw_constant,Parameter,0.05805661063350856,0.05805661063350856,0.05805661063350856
positive_beta_prior__no_component_scales_neither,2026-01-30,8,neither,no_component_scales,mean_constant,mean_module.base_means.4.raw_constant,Parameter,0.0407997436589571,0.0407997436589571,0.0407997436589571
positive_beta_prior__no_component_scales_neither,2026-01-30,8,neither,no_component_scales,mean_constant,mean_module.base_means.5.raw_constant,Parameter,0.06646959197904048,0.06646959197904048,0.06646959197904048
positive_beta_prior__no_component_scales_neither,2026-01-30,8,neither,no_component_scales,mean_constant,mean_module.base_means.6.raw_constant,Parameter,0.008669647718469616,0.008669647718469616,0.008669647718469616
positive_beta_prior__no_component_scales_neither,2026-01-30,8,neither,no_component_scales,mean_constant,mean_module.base_means.7.raw_constant,Parameter,0.057634142615918434,0.057634142615918434,0.057634142615918434
positive_beta_prior__no_component_scales_neither,2026-01-30,8,neither,no_component_scales,mean_constant,mean_module.base_means.8.raw_constant,Parameter,0.01860546678348028,0.01860546678348028,0.01860546678348028
positive_beta_prior__no_component_scales_neither,2026-01-30,8,neither,no_component_scales,mean_constant,mean_module.base_means.9.raw_constant,Parameter,0.007887702968129934,0.007887702968129934,0.007887702968129934
positive_beta_prior__no_component_scales_neither,2026-01-30,8,neither,no_component_scales,mean_constant,mean_module.base_means.10.raw_constant,Parameter,0.03687807752169153,0.03687807752169153,0.03687807752169153
positive_beta_prior__no_component_scales_neither,2026-01-30,8,neither,no_component_scales,mean_constant,mean_module.base_means.11.raw_constant,Parameter,0.026560702163456084,0.026560702163456084,0.026560702163456084
positive_beta_prior__no_component_scales_neither,2026-01-30,8,neither,no_component_scales,mean_constant,mean_module.base_means.12.raw_constant,Parameter,0.005688485518939696,0.005688485518939696,0.005688485518939696
positive_beta_prior__no_component_scales_neither,2026-01-30,8,neither,no_component_scales,mean_constant,mean_module.base_means.13.raw_constant,Parameter,0.030882006749064418,0.030882006749064418,0.030882006749064418
positive_beta_prior__no_component_scales_neither,2026-01-30,8,neither,no_component_scales,mean_constant,mean_module.base_means.14.raw_constant,Parameter,0.04132625657244005,0.04132625657244005,0.04132625657244005
positive_beta_prior__no_component_scales_neither,2026-01-30,8,neither,no_component_scales,mean_constant,mean_module.base_means.15.raw_constant,Parameter,0.06933106387622406,0.06933106387622406,0.06933106387622406
positive_beta_prior__no_component_scales_neither,2026-01-30,8,neither,no_component_scales,mean_constant,mean_module.base_means.16.raw_constant,Parameter,0.057046005094890356,0.057046005094890356,0.057046005094890356
positive_beta_prior__no_component_scales_neither,2026-01-30,8,neither,no_component_scales,mean_constant,mean_module.base_means.17.raw_constant,Parameter,0.10615980612420278,0.10615980612420278,0.10615980612420278
positive_beta_prior__global_scale_lengthscale_only,2026-01-30,8,lengthscale_only,global_scale,outputscale,covar_module.kernels.0,_Module,0.02150802725926532,0.02150802725926532,0.02150802725926532
positive_beta_prior__global_scale_lengthscale_only,2026-01-30,8,lengthscale_only,global_scale,time_varying_effective_lengthscale_train,covar_module.kernels.0.base_kernel,_Module,2.9962067032504065e-05,9.085868062608081e-07,0.00014968417618818023
positive_beta_prior__global_scale_lengthscale_only,2026-01-30,8,lengthscale_only,global_scale,time_varying_effective_lengthscale_eval,covar_module.kernels.0.base_kernel,_Module,8.30757904216911e-07,8.30757904216911e-07,8.30757904216911e-07
positive_beta_prior__global_scale_lengthscale_only,2026-01-30,8,lengthscale_only,global_scale,lengthscale,covar_module.kernels.0.base_kernel.base_kernel.kernels.0,MaternKernel,0.10428241767428895,0.10428241767428895,0.10428241767428895
positive_beta_prior__global_scale_lengthscale_only,2026-01-30,8,lengthscale_only,global_scale,lengthscale,covar_module.kernels.0.base_kernel.base_kernel.kernels.1,MaternKernel,1.2121419290054918,0.42076780803239067,2.6805530489044544
positive_beta_prior__global_scale_lengthscale_only,2026-01-30,8,lengthscale_only,global_scale,lengthscale,covar_module.kernels.0.base_kernel.base_kernel.kernels.2,MaternKernel,0.7142178622237829,0.48694043582306834,0.860348808503452
positive_beta_prior__global_scale_lengthscale_only,2026-01-30,8,lengthscale_only,global_scale,lengthscale,covar_module.kernels.0.base_kernel.base_kernel.kernels.3,RQKernel,0.7235871677557538,0.4659455170947213,0.8678117253553502
positive_beta_prior__global_scale_lengthscale_only,2026-01-30,8,lengthscale_only,global_scale,lengthscale,covar_module.kernels.0.base_kernel.base_kernel.kernels.5.kernels.0,MaternKernel,0.05201499638983001,0.05201499638983001,0.05201499638983001
positive_beta_prior__global_scale_lengthscale_only,2026-01-30,8,lengthscale_only,global_scale,lengthscale,covar_module.kernels.0.base_kernel.base_kernel.kernels.5.kernels.1,MaternKernel,1.1433038361717192,0.2568948780170749,2.68665477994192
positive_beta_prior__global_scale_lengthscale_only,2026-01-30,8,lengthscale_only,global_scale,lengthscale,covar_module.kernels.0.base_kernel.base_kernel.kernels.6.kernels.0,MaternKernel,0.027014929232352592,0.027014929232352592,0.027014929232352592
positive_beta_prior__global_scale_lengthscale_only,2026-01-30,8,lengthscale_only,global_scale,lengthscale,covar_module.kernels.0.base_kernel.base_kernel.kernels.6.kernels.1.kernels.0,MaternKernel,0.7711635382375428,0.7175179090755814,0.8260927567052538
positive_beta_prior__global_scale_lengthscale_only,2026-01-30,8,lengthscale_only,global_scale,lengthscale,covar_module.kernels.0.base_kernel.base_kernel.kernels.6.kernels.1.kernels.1,RQKernel,0.7771821492830979,0.7212386798171752,0.8271552962698281
positive_beta_prior__global_scale_lengthscale_only,2026-01-30,8,lengthscale_only,global_scale,lengthscale,covar_module.kernels.0.base_kernel.base_kernel.kernels.7.kernels.0.kernels.0,MaternKernel,0.6606420769206403,0.5382501149006322,0.8746467066496271
positive_beta_prior__global_scale_lengthscale_only,2026-01-30,8,lengthscale_only,global_scale,lengthscale,covar_module.kernels.0.base_kernel.base_kernel.kernels.7.kernels.0.kernels.1,RQKernel,0.6318662085167251,0.46042342671952274,0.8861171879470263
positive_beta_prior__global_scale_lengthscale_only,2026-01-30,8,lengthscale_only,global_scale,lengthscale,covar_module.kernels.0.base_kernel.base_kernel.kernels.7.kernels.1,MaternKernel,1.7341961476814887,0.32159448621175535,4.662745726557313
positive_beta_prior__global_scale_lengthscale_only,2026-01-30,8,lengthscale_only,global_scale,likelihood_noise,likelihood,HadamardGaussianLikelihood,0.006491538552004089,0.005615063423220666,0.0070110021425351925
positive_beta_prior__global_scale_lengthscale_only,2026-01-30,8,lengthscale_only,global_scale,mean_constant,mean_module.base_means.0.raw_constant,Parameter,-0.03501053977003083,-0.03501053977003083,-0.03501053977003083
positive_beta_prior__global_scale_lengthscale_only,2026-01-30,8,lengthscale_only,global_scale,mean_constant,mean_module.base_means.1.raw_constant,Parameter,-0.03737221383107374,-0.03737221383107374,-0.03737221383107374
positive_beta_prior__global_scale_lengthscale_only,2026-01-30,8,lengthscale_only,global_scale,mean_constant,mean_module.base_means.2.raw_constant,Parameter,-0.010542183383197972,-0.010542183383197972,-0.010542183383197972
positive_beta_prior__global_scale_lengthscale_only,2026-01-30,8,lengthscale_only,global_scale,mean_constant,mean_module.base_means.3.raw_constant,Parameter,-0.037842868416196926,-0.037842868416196926,-0.037842868416196926
positive_beta_prior__global_scale_lengthscale_only,2026-01-30,8,lengthscale_only,global_scale,mean_constant,mean_module.base_means.4.raw_constant,Parameter,-0.05114166383796118,-0.05114166383796118,-0.05114166383796118
positive_beta_prior__global_scale_lengthscale_only,2026-01-30,8,lengthscale_only,global_scale,mean_constant,mean_module.base_means.5.raw_constant,Parameter,-0.06499761973733457,-0.06499761973733457,-0.06499761973733457
positive_beta_prior__global_scale_lengthscale_only,2026-01-30,8,lengthscale_only,global_scale,mean_constant,mean_module.base_means.6.raw_constant,Parameter,-0.09266261120167296,-0.09266261120167296,-0.09266261120167296
positive_beta_prior__global_scale_lengthscale_only,2026-01-30,8,lengthscale_only,global_scale,mean_constant,mean_module.base_means.7.raw_constant,Parameter,-0.061312411952719276,-0.061312411952719276,-0.061312411952719276
positive_beta_prior__global_scale_lengthscale_only,2026-01-30,8,lengthscale_only,global_scale,mean_constant,mean_module.base_means.8.raw_constant,Parameter,-0.04192100374935209,-0.04192100374935209,-0.04192100374935209
positive_beta_prior__global_scale_lengthscale_only,2026-01-30,8,lengthscale_only,global_scale,mean_constant,mean_module.base_means.9.raw_constant,Parameter,-0.09068006299773834,-0.09068006299773834,-0.09068006299773834
positive_beta_prior__global_scale_lengthscale_only,2026-01-30,8,lengthscale_only,global_scale,mean_constant,mean_module.base_means.10.raw_constant,Parameter,-0.07525615158896062,-0.07525615158896062,-0.07525615158896062
positive_beta_prior__global_scale_lengthscale_only,2026-01-30,8,lengthscale_only,global_scale,mean_constant,mean_module.base_means.11.raw_constant,Parameter,-0.069626982627518,-0.069626982627518,-0.069626982627518
positive_beta_prior__global_scale_lengthscale_only,2026-01-30,8,lengthscale_only,global_scale,mean_constant,mean_module.base_means.12.raw_constant,Parameter,-0.1238743606314743,-0.1238743606314743,-0.1238743606314743
positive_beta_prior__global_scale_lengthscale_only,2026-01-30,8,lengthscale_only,global_scale,mean_constant,mean_module.base_means.13.raw_constant,Parameter,-0.0976165449495432,-0.0976165449495432,-0.0976165449495432
positive_beta_prior__global_scale_lengthscale_only,2026-01-30,8,lengthscale_only,global_scale,mean_constant,mean_module.base_means.14.raw_constant,Parameter,-0.12756581788181626,-0.12756581788181626,-0.12756581788181626
positive_beta_prior__global_scale_lengthscale_only,2026-01-30,8,lengthscale_only,global_scale,mean_constant,mean_module.base_means.15.raw_constant,Parameter,-0.061672066163643534,-0.061672066163643534,-0.061672066163643534
positive_beta_prior__global_scale_lengthscale_only,2026-01-30,8,lengthscale_only,global_scale,mean_constant,mean_module.base_means.16.raw_constant,Parameter,-0.0921282543469728,-0.0921282543469728,-0.0921282543469728
positive_beta_prior__global_scale_lengthscale_only,2026-01-30,8,lengthscale_only,global_scale,mean_constant,mean_module.base_means.17.raw_constant,Parameter,-0.04785666682315047,-0.04785666682315047,-0.04785666682315047
positive_beta_prior__global_scale_neither,2026-01-30,8,neither,global_scale,outputscale,covar_module.kernels.0,AdditiveKernel,0.05638447161270542,0.05638447161270542,0.05638447161270542
positive_beta_prior__global_scale_neither,2026-01-30,8,neither,global_scale,lengthscale,covar_module.kernels.0.base_kernel.kernels.0,MaternKernel,0.05794247315824038,0.05794247315824038,0.05794247315824038
positive_beta_prior__global_scale_neither,2026-01-30,8,neither,global_scale,lengthscale,covar_module.kernels.0.base_kernel.kernels.1,MaternKernel,1.4521437846866418,0.3243712889367284,3.367071151136005
positive_beta_prior__global_scale_neither,2026-01-30,8,neither,global_scale,lengthscale,covar_module.kernels.0.base_kernel.kernels.2,MaternKernel,0.6279346107617083,0.3640874344822451,0.8651398072857607
positive_beta_prior__global_scale_neither,2026-01-30,8,neither,global_scale,lengthscale,covar_module.kernels.0.base_kernel.kernels.3,RQKernel,0.6467823416314825,0.32994137342822555,0.8742943742113746
positive_beta_prior__global_scale_neither,2026-01-30,8,neither,global_scale,lengthscale,covar_module.kernels.0.base_kernel.kernels.5.kernels.0,MaternKernel,0.02645404221859829,0.02645404221859829,0.02645404221859829
positive_beta_prior__global_scale_neither,2026-01-30,8,neither,global_scale,lengthscale,covar_module.kernels.0.base_kernel.kernels.5.kernels.1,MaternKernel,1.2664465276716654,0.4514041374466989,3.267287276513029
positive_beta_prior__global_scale_neither,2026-01-30,8,neither,global_scale,lengthscale,covar_module.kernels.0.base_kernel.kernels.6.kernels.0,MaternKernel,0.025092464377636278,0.025092464377636278,0.025092464377636278
positive_beta_prior__global_scale_neither,2026-01-30,8,neither,global_scale,lengthscale,covar_module.kernels.0.base_kernel.kernels.6.kernels.1.kernels.0,MaternKernel,0.6753669741753774,0.518774305128223,0.8366604199729659
positive_beta_prior__global_scale_neither,2026-01-30,8,neither,global_scale,lengthscale,covar_module.kernels.0.base_kernel.kernels.6.kernels.1.kernels.1,RQKernel,0.6768793999235494,0.5018645541108677,0.8383064693226002
positive_beta_prior__global_scale_neither,2026-01-30,8,neither,global_scale,lengthscale,covar_module.kernels.0.base_kernel.kernels.7.kernels.0.kernels.0,MaternKernel,0.5768843130948775,0.3588018594561707,0.8661775874443918
positive_beta_prior__global_scale_neither,2026-01-30,8,neither,global_scale,lengthscale,covar_module.kernels.0.base_kernel.kernels.7.kernels.0.kernels.1,RQKernel,0.546764834298416,0.30817405253396907,0.8850683506960729
positive_beta_prior__global_scale_neither,2026-01-30,8,neither,global_scale,lengthscale,covar_module.kernels.0.base_kernel.kernels.7.kernels.1,MaternKernel,2.068910170906323,0.30287964400172196,5.662885859196025
positive_beta_prior__global_scale_neither,2026-01-30,8,neither,global_scale,likelihood_noise,likelihood,HadamardGaussianLikelihood,0.006510607371457969,0.0057052692345256,0.007173954727032354
positive_beta_prior__global_scale_neither,2026-01-30,8,neither,global_scale,mean_constant,mean_module.base_means.0.raw_constant,Parameter,0.020499260291061295,0.020499260291061295,0.020499260291061295
positive_beta_prior__global_scale_neither,2026-01-30,8,neither,global_scale,mean_constant,mean_module.base_means.1.raw_constant,Parameter,-0.05966058023577932,-0.05966058023577932,-0.05966058023577932
positive_beta_prior__global_scale_neither,2026-01-30,8,neither,global_scale,mean_constant,mean_module.base_means.2.raw_constant,Parameter,0.01823107092639705,0.01823107092639705,0.01823107092639705
positive_beta_prior__global_scale_neither,2026-01-30,8,neither,global_scale,mean_constant,mean_module.base_means.3.raw_constant,Parameter,-0.0839129770106305,-0.0839129770106305,-0.0839129770106305
positive_beta_prior__global_scale_neither,2026-01-30,8,neither,global_scale,mean_constant,mean_module.base_means.4.raw_constant,Parameter,-0.08849140689054194,-0.08849140689054194,-0.08849140689054194
positive_beta_prior__global_scale_neither,2026-01-30,8,neither,global_scale,mean_constant,mean_module.base_means.5.raw_constant,Parameter,-0.059945276596211974,-0.059945276596211974,-0.059945276596211974
positive_beta_prior__global_scale_neither,2026-01-30,8,neither,global_scale,mean_constant,mean_module.base_means.6.raw_constant,Parameter,-0.07285969170480523,-0.07285969170480523,-0.07285969170480523
positive_beta_prior__global_scale_neither,2026-01-30,8,neither,global_scale,mean_constant,mean_module.base_means.7.raw_constant,Parameter,-0.01656824814029736,-0.01656824814029736,-0.01656824814029736
positive_beta_prior__global_scale_neither,2026-01-30,8,neither,global_scale,mean_constant,mean_module.base_means.8.raw_constant,Parameter,-0.06830012559386427,-0.06830012559386427,-0.06830012559386427
positive_beta_prior__global_scale_neither,2026-01-30,8,neither,global_scale,mean_constant,mean_module.base_means.9.raw_constant,Parameter,-0.05655738725424291,-0.05655738725424291,-0.05655738725424291
positive_beta_prior__global_scale_neither,2026-01-30,8,neither,global_scale,mean_constant,mean_module.base_means.10.raw_constant,Parameter,-0.03837696046217894,-0.03837696046217894,-0.03837696046217894
positive_beta_prior__global_scale_neither,2026-01-30,8,neither,global_scale,mean_constant,mean_module.base_means.11.raw_constant,Parameter,-0.05319900632225004,-0.05319900632225004,-0.05319900632225004
positive_beta_prior__global_scale_neither,2026-01-30,8,neither,global_scale,mean_constant,mean_module.base_means.12.raw_constant,Parameter,0.0006072204307148252,0.0006072204307148252,0.0006072204307148252
positive_beta_prior__global_scale_neither,2026-01-30,8,neither,global_scale,mean_constant,mean_module.base_means.13.raw_constant,Parameter,-0.07042837121781564,-0.07042837121781564,-0.07042837121781564
positive_beta_prior__global_scale_neither,2026-01-30,8,neither,global_scale,mean_constant,mean_module.base_means.14.raw_constant,Parameter,-0.02928922159420097,-0.02928922159420097,-0.02928922159420097
positive_beta_prior__global_scale_neither,2026-01-30,8,neither,global_scale,mean_constant,mean_module.base_means.15.raw_constant,Parameter,0.04159680540168309,0.04159680540168309,0.04159680540168309
positive_beta_prior__global_scale_neither,2026-01-30,8,neither,global_scale,mean_constant,mean_module.base_means.16.raw_constant,Parameter,-0.039779746087574924,-0.039779746087574924,-0.039779746087574924
positive_beta_prior__global_scale_neither,2026-01-30,8,neither,global_scale,mean_constant,mean_module.base_means.17.raw_constant,Parameter,-0.034812440299357775,-0.034812440299357775,-0.034812440299357775
positive_beta_prior__component_scales_lengthscale_only,2026-02-27,9,lengthscale_only,component_scales,time_varying_effective_lengthscale_train,covar_module.kernels.0,_Module,0.012101655457174098,0.007279675354615227,0.018636685422318857
positive_beta_prior__component_scales_lengthscale_only,2026-02-27,9,lengthscale_only,component_scales,time_varying_effective_lengthscale_eval,covar_module.kernels.0,_Module,0.007162357562457138,0.007162357562457139,0.007162357562457139
positive_beta_prior__component_scales_lengthscale_only,2026-02-27,9,lengthscale_only,component_scales,outputscale,covar_module.kernels.0.base_kernel.kernels.0,MaternKernel,0.05670521388901106,0.05670521388901106,0.05670521388901106
positive_beta_prior__component_scales_lengthscale_only,2026-02-27,9,lengthscale_only,component_scales,lengthscale,covar_module.kernels.0.base_kernel.kernels.0.base_kernel,MaternKernel,0.1530449842628186,0.1530449842628186,0.1530449842628186
positive_beta_prior__component_scales_lengthscale_only,2026-02-27,9,lengthscale_only,component_scales,outputscale,covar_module.kernels.0.base_kernel.kernels.1,MaternKernel,0.001901583747895145,0.001901583747895145,0.001901583747895145
positive_beta_prior__component_scales_lengthscale_only,2026-02-27,9,lengthscale_only,component_scales,lengthscale,covar_module.kernels.0.base_kernel.kernels.1.base_kernel,MaternKernel,0.8906828777487857,0.34845276838160566,1.6735604800911736
positive_beta_prior__component_scales_lengthscale_only,2026-02-27,9,lengthscale_only,component_scales,outputscale,covar_module.kernels.0.base_kernel.kernels.2,MaternKernel,0.5594861201611494,0.5594861201611494,0.5594861201611494
positive_beta_prior__component_scales_lengthscale_only,2026-02-27,9,lengthscale_only,component_scales,lengthscale,covar_module.kernels.0.base_kernel.kernels.2.base_kernel,MaternKernel,0.6202442320908905,0.12348993444945708,1.3757193397590401
positive_beta_prior__component_scales_lengthscale_only,2026-02-27,9,lengthscale_only,component_scales,outputscale,covar_module.kernels.0.base_kernel.kernels.3,RQKernel,0.01133572641765361,0.01133572641765361,0.01133572641765361
positive_beta_prior__component_scales_lengthscale_only,2026-02-27,9,lengthscale_only,component_scales,lengthscale,covar_module.kernels.0.base_kernel.kernels.3.base_kernel,RQKernel,0.7582443372121892,0.4860832463144582,0.9706293760917835
positive_beta_prior__component_scales_lengthscale_only,2026-02-27,9,lengthscale_only,component_scales,outputscale,covar_module.kernels.0.base_kernel.kernels.4,LinearKernel,0.023169263290774286,0.023169263290774286,0.023169263290774286
positive_beta_prior__component_scales_lengthscale_only,2026-02-27,9,lengthscale_only,component_scales,outputscale,covar_module.kernels.0.base_kernel.kernels.5,ProductKernel,0.044518978207294,0.044518978207294,0.044518978207294
positive_beta_prior__component_scales_lengthscale_only,2026-02-27,9,lengthscale_only,component_scales,lengthscale,covar_module.kernels.0.base_kernel.kernels.5.base_kernel.kernels.0,MaternKernel,0.04009604562118628,0.04009604562118628,0.04009604562118628
positive_beta_prior__component_scales_lengthscale_only,2026-02-27,9,lengthscale_only,component_scales,lengthscale,covar_module.kernels.0.base_kernel.kernels.5.base_kernel.kernels.1,MaternKernel,1.0059890806946914,0.3524365808544966,2.538627533192518
positive_beta_prior__component_scales_lengthscale_only,2026-02-27,9,lengthscale_only,component_scales,outputscale,covar_module.kernels.0.base_kernel.kernels.6,ProductKernel,0.14718391745810325,0.14718391745810325,0.14718391745810325
positive_beta_prior__component_scales_lengthscale_only,2026-02-27,9,lengthscale_only,component_scales,lengthscale,covar_module.kernels.0.base_kernel.kernels.6.base_kernel.kernels.0,MaternKernel,0.10382575694352741,0.10382575694352741,0.10382575694352741
positive_beta_prior__component_scales_lengthscale_only,2026-02-27,9,lengthscale_only,component_scales,lengthscale,covar_module.kernels.0.base_kernel.kernels.6.base_kernel.kernels.1.kernels.0,MaternKernel,0.7752334453827163,0.700906298932686,0.8410191637575284
positive_beta_prior__component_scales_lengthscale_only,2026-02-27,9,lengthscale_only,component_scales,lengthscale,covar_module.kernels.0.base_kernel.kernels.6.base_kernel.kernels.1.kernels.1,RQKernel,0.784686326437778,0.7089050139032153,0.842277960700429
positive_beta_prior__component_scales_lengthscale_only,2026-02-27,9,lengthscale_only,component_scales,outputscale,covar_module.kernels.0.base_kernel.kernels.7,ProductKernel,0.00981647426307697,0.00981647426307697,0.00981647426307697
positive_beta_prior__component_scales_lengthscale_only,2026-02-27,9,lengthscale_only,component_scales,lengthscale,covar_module.kernels.0.base_kernel.kernels.7.base_kernel.kernels.0.kernels.0,MaternKernel,0.7305389018357002,0.6594238333597293,0.8697649045235467
positive_beta_prior__component_scales_lengthscale_only,2026-02-27,9,lengthscale_only,component_scales,lengthscale,covar_module.kernels.0.base_kernel.kernels.7.base_kernel.kernels.0.kernels.1,RQKernel,0.7181925431333014,0.6124495319062142,0.8816782144685194
positive_beta_prior__component_scales_lengthscale_only,2026-02-27,9,lengthscale_only,component_scales,lengthscale,covar_module.kernels.0.base_kernel.kernels.7.base_kernel.kernels.1,MaternKernel,1.2117929599384647,0.25134413764123786,3.1683720383606184
positive_beta_prior__component_scales_lengthscale_only,2026-02-27,9,lengthscale_only,component_scales,likelihood_noise,likelihood,HadamardGaussianLikelihood,0.006564080444761071,0.0055972626582730415,0.007157002697637147
positive_beta_prior__component_scales_lengthscale_only,2026-02-27,9,lengthscale_only,component_scales,mean_constant,mean_module.base_means.0.raw_constant,Parameter,-0.027064310330877882,-0.027064310330877882,-0.027064310330877882
positive_beta_prior__component_scales_lengthscale_only,2026-02-27,9,lengthscale_only,component_scales,mean_constant,mean_module.base_means.1.raw_constant,Parameter,0.015155393190291024,0.015155393190291024,0.015155393190291024
positive_beta_prior__component_scales_lengthscale_only,2026-02-27,9,lengthscale_only,component_scales,mean_constant,mean_module.base_means.2.raw_constant,Parameter,-0.04438911122292154,-0.04438911122292154,-0.04438911122292154
positive_beta_prior__component_scales_lengthscale_only,2026-02-27,9,lengthscale_only,component_scales,mean_constant,mean_module.base_means.3.raw_constant,Parameter,-0.11082968165131275,-0.11082968165131275,-0.11082968165131275
positive_beta_prior__component_scales_lengthscale_only,2026-02-27,9,lengthscale_only,component_scales,mean_constant,mean_module.base_means.4.raw_constant,Parameter,-0.10555534892174342,-0.10555534892174342,-0.10555534892174342
positive_beta_prior__component_scales_lengthscale_only,2026-02-27,9,lengthscale_only,component_scales,mean_constant,mean_module.base_means.5.raw_constant,Parameter,-0.013580836405776075,-0.013580836405776075,-0.013580836405776075
positive_beta_prior__component_scales_lengthscale_only,2026-02-27,9,lengthscale_only,component_scales,mean_constant,mean_module.base_means.6.raw_constant,Parameter,-0.05742738275724532,-0.05742738275724532,-0.05742738275724532
positive_beta_prior__component_scales_lengthscale_only,2026-02-27,9,lengthscale_only,component_scales,mean_constant,mean_module.base_means.7.raw_constant,Parameter,-0.07237925307669195,-0.07237925307669195,-0.07237925307669195
positive_beta_prior__component_scales_lengthscale_only,2026-02-27,9,lengthscale_only,component_scales,mean_constant,mean_module.base_means.8.raw_constant,Parameter,-0.01143582845263923,-0.01143582845263923,-0.01143582845263923
positive_beta_prior__component_scales_lengthscale_only,2026-02-27,9,lengthscale_only,component_scales,mean_constant,mean_module.base_means.9.raw_constant,Parameter,-0.09075451216330682,-0.09075451216330682,-0.09075451216330682
positive_beta_prior__component_scales_lengthscale_only,2026-02-27,9,lengthscale_only,component_scales,mean_constant,mean_module.base_means.10.raw_constant,Parameter,0.06337323360779185,0.06337323360779185,0.06337323360779185
positive_beta_prior__component_scales_lengthscale_only,2026-02-27,9,lengthscale_only,component_scales,mean_constant,mean_module.base_means.11.raw_constant,Parameter,0.07521067729551957,0.07521067729551957,0.07521067729551957
positive_beta_prior__component_scales_lengthscale_only,2026-02-27,9,lengthscale_only,component_scales,mean_constant,mean_module.base_means.12.raw_constant,Parameter,0.01660768930679596,0.01660768930679596,0.01660768930679596
positive_beta_prior__component_scales_lengthscale_only,2026-02-27,9,lengthscale_only,component_scales,mean_constant,mean_module.base_means.13.raw_constant,Parameter,0.034361220130346905,0.034361220130346905,0.034361220130346905
positive_beta_prior__component_scales_lengthscale_only,2026-02-27,9,lengthscale_only,component_scales,mean_constant,mean_module.base_means.14.raw_constant,Parameter,-0.04577173891908088,-0.04577173891908088,-0.04577173891908088
positive_beta_prior__component_scales_lengthscale_only,2026-02-27,9,lengthscale_only,component_scales,mean_constant,mean_module.base_means.15.raw_constant,Parameter,-0.05478048657243913,-0.05478048657243913,-0.05478048657243913
positive_beta_prior__component_scales_lengthscale_only,2026-02-27,9,lengthscale_only,component_scales,mean_constant,mean_module.base_means.16.raw_constant,Parameter,-0.010007076810483274,-0.010007076810483274,-0.010007076810483274
positive_beta_prior__component_scales_lengthscale_only,2026-02-27,9,lengthscale_only,component_scales,mean_constant,mean_module.base_means.17.raw_constant,Parameter,-0.012070227290404457,-0.012070227290404457,-0.012070227290404457
positive_beta_prior__component_scales_neither,2026-02-27,9,neither,component_scales,outputscale,covar_module.kernels.0.kernels.0,MaternKernel,0.00879874552903732,0.00879874552903732,0.00879874552903732
positive_beta_prior__component_scales_neither,2026-02-27,9,neither,component_scales,lengthscale,covar_module.kernels.0.kernels.0.base_kernel,MaternKernel,0.22633022050381457,0.22633022050381457,0.22633022050381457
positive_beta_prior__component_scales_neither,2026-02-27,9,neither,component_scales,outputscale,covar_module.kernels.0.kernels.1,MaternKernel,0.0016652073181792548,0.0016652073181792548,0.0016652073181792548
positive_beta_prior__component_scales_neither,2026-02-27,9,neither,component_scales,lengthscale,covar_module.kernels.0.kernels.1.base_kernel,MaternKernel,0.8885287703607421,0.394871785092819,1.617734321569006
positive_beta_prior__component_scales_neither,2026-02-27,9,neither,component_scales,outputscale,covar_module.kernels.0.kernels.2,MaternKernel,0.8839862516215875,0.8839862516215875,0.8839862516215875
positive_beta_prior__component_scales_neither,2026-02-27,9,neither,component_scales,lengthscale,covar_module.kernels.0.kernels.2.base_kernel,MaternKernel,0.5677700275752406,0.11764640857492276,1.2686155386409463
positive_beta_prior__component_scales_neither,2026-02-27,9,neither,component_scales,outputscale,covar_module.kernels.0.kernels.3,RQKernel,0.009080114188297059,0.009080114188297059,0.009080114188297059
positive_beta_prior__component_scales_neither,2026-02-27,9,neither,component_scales,lengthscale,covar_module.kernels.0.kernels.3.base_kernel,RQKernel,0.752991305869179,0.5038648813870058,0.9678374737945808
positive_beta_prior__component_scales_neither,2026-02-27,9,neither,component_scales,outputscale,covar_module.kernels.0.kernels.4,LinearKernel,0.024549654172215357,0.024549654172215357,0.024549654172215357
positive_beta_prior__component_scales_neither,2026-02-27,9,neither,component_scales,outputscale,covar_module.kernels.0.kernels.5,ProductKernel,0.03432786891959822,0.03432786891959822,0.03432786891959822
positive_beta_prior__component_scales_neither,2026-02-27,9,neither,component_scales,lengthscale,covar_module.kernels.0.kernels.5.base_kernel.kernels.0,MaternKernel,0.030549609415972366,0.030549609415972366,0.030549609415972366
positive_beta_prior__component_scales_neither,2026-02-27,9,neither,component_scales,lengthscale,covar_module.kernels.0.kernels.5.base_kernel.kernels.1,MaternKernel,1.01323627074083,0.24881879439480534,2.5701303652144376
positive_beta_prior__component_scales_neither,2026-02-27,9,neither,component_scales,outputscale,covar_module.kernels.0.kernels.6,ProductKernel,0.010044263302251806,0.010044263302251806,0.010044263302251806
positive_beta_prior__component_scales_neither,2026-02-27,9,neither,component_scales,lengthscale,covar_module.kernels.0.kernels.6.base_kernel.kernels.0,MaternKernel,0.18407323630014263,0.18407323630014263,0.18407323630014263
positive_beta_prior__component_scales_neither,2026-02-27,9,neither,component_scales,lengthscale,covar_module.kernels.0.kernels.6.base_kernel.kernels.1.kernels.0,MaternKernel,0.7720862697269255,0.6834385054418921,0.8433861126277911
positive_beta_prior__component_scales_neither,2026-02-27,9,neither,component_scales,lengthscale,covar_module.kernels.0.kernels.6.base_kernel.kernels.1.kernels.1,RQKernel,0.7845087084880654,0.6905550689640172,0.8464977555657593
positive_beta_prior__component_scales_neither,2026-02-27,9,neither,component_scales,outputscale,covar_module.kernels.0.kernels.7,ProductKernel,0.014312953078359487,0.014312953078359487,0.014312953078359487
positive_beta_prior__component_scales_neither,2026-02-27,9,neither,component_scales,lengthscale,covar_module.kernels.0.kernels.7.base_kernel.kernels.0.kernels.0,MaternKernel,0.7160704998274594,0.609074440720441,0.8681091948503651
positive_beta_prior__component_scales_neither,2026-02-27,9,neither,component_scales,lengthscale,covar_module.kernels.0.kernels.7.base_kernel.kernels.0.kernels.1,RQKernel,0.6981025266150902,0.5323048764474623,0.881032229241747
positive_beta_prior__component_scales_neither,2026-02-27,9,neither,component_scales,lengthscale,covar_module.kernels.0.kernels.7.base_kernel.kernels.1,MaternKernel,1.236064231145275,0.30885987979664814,3.3637476779914564
positive_beta_prior__component_scales_neither,2026-02-27,9,neither,component_scales,likelihood_noise,likelihood,HadamardGaussianLikelihood,0.0065546931728007445,0.00554326627886375,0.007095317681847435
positive_beta_prior__component_scales_neither,2026-02-27,9,neither,component_scales,mean_constant,mean_module.base_means.0.raw_constant,Parameter,0.010302588926270603,0.010302588926270603,0.010302588926270603
positive_beta_prior__component_scales_neither,2026-02-27,9,neither,component_scales,mean_constant,mean_module.base_means.1.raw_constant,Parameter,0.05163018003256794,0.05163018003256794,0.05163018003256794
positive_beta_prior__component_scales_neither,2026-02-27,9,neither,component_scales,mean_constant,mean_module.base_means.2.raw_constant,Parameter,-0.040578568854141614,-0.040578568854141614,-0.040578568854141614
positive_beta_prior__component_scales_neither,2026-02-27,9,neither,component_scales,mean_constant,mean_module.base_means.3.raw_constant,Parameter,-0.09100769277737866,-0.09100769277737866,-0.09100769277737866
positive_beta_prior__component_scales_neither,2026-02-27,9,neither,component_scales,mean_constant,mean_module.base_means.4.raw_constant,Parameter,-0.08425536979108908,-0.08425536979108908,-0.08425536979108908
positive_beta_prior__component_scales_neither,2026-02-27,9,neither,component_scales,mean_constant,mean_module.base_means.5.raw_constant,Parameter,0.021077897100273055,0.021077897100273055,0.021077897100273055
positive_beta_prior__component_scales_neither,2026-02-27,9,neither,component_scales,mean_constant,mean_module.base_means.6.raw_constant,Parameter,-0.0512465629486801,-0.0512465629486801,-0.0512465629486801
positive_beta_prior__component_scales_neither,2026-02-27,9,neither,component_scales,mean_constant,mean_module.base_means.7.raw_constant,Parameter,-0.03358004916999679,-0.03358004916999679,-0.03358004916999679
positive_beta_prior__component_scales_neither,2026-02-27,9,neither,component_scales,mean_constant,mean_module.base_means.8.raw_constant,Parameter,-0.022457824401360363,-0.022457824401360363,-0.022457824401360363
positive_beta_prior__component_scales_neither,2026-02-27,9,neither,component_scales,mean_constant,mean_module.base_means.9.raw_constant,Parameter,-0.06298131660212819,-0.06298131660212819,-0.06298131660212819
positive_beta_prior__component_scales_neither,2026-02-27,9,neither,component_scales,mean_constant,mean_module.base_means.10.raw_constant,Parameter,0.06650100823402323,0.06650100823402323,0.06650100823402323
positive_beta_prior__component_scales_neither,2026-02-27,9,neither,component_scales,mean_constant,mean_module.base_means.11.raw_constant,Parameter,0.07386481515483048,0.07386481515483048,0.07386481515483048
positive_beta_prior__component_scales_neither,2026-02-27,9,neither,component_scales,mean_constant,mean_module.base_means.12.raw_constant,Parameter,-0.011802785619854584,-0.011802785619854584,-0.011802785619854584
positive_beta_prior__component_scales_neither,2026-02-27,9,neither,component_scales,mean_constant,mean_module.base_means.13.raw_constant,Parameter,0.03862470199356664,0.03862470199356664,0.03862470199356664
positive_beta_prior__component_scales_neither,2026-02-27,9,neither,component_scales,mean_constant,mean_module.base_means.14.raw_constant,Parameter,-0.021127485676835984,-0.021127485676835984,-0.021127485676835984
positive_beta_prior__component_scales_neither,2026-02-27,9,neither,component_scales,mean_constant,mean_module.base_means.15.raw_constant,Parameter,-0.03269231850806541,-0.03269231850806541,-0.03269231850806541
positive_beta_prior__component_scales_neither,2026-02-27,9,neither,component_scales,mean_constant,mean_module.base_means.16.raw_constant,Parameter,0.021923921410624988,0.021923921410624988,0.021923921410624988
positive_beta_prior__component_scales_neither,2026-02-27,9,neither,component_scales,mean_constant,mean_module.base_means.17.raw_constant,Parameter,0.001903859439274243,0.001903859439274243,0.001903859439274243
positive_beta_prior__no_component_scales_lengthscale_only,2026-02-27,9,lengthscale_only,no_component_scales,time_varying_effective_lengthscale_train,covar_module.kernels.0,_Module,0.00021961776515039738,5.9715920956390786e-05,0.000540299265492143
positive_beta_prior__no_component_scales_lengthscale_only,2026-02-27,9,lengthscale_only,no_component_scales,time_varying_effective_lengthscale_eval,covar_module.kernels.0,_Module,5.7490578169931006e-05,5.7490578169931e-05,5.7490578169931e-05
positive_beta_prior__no_component_scales_lengthscale_only,2026-02-27,9,lengthscale_only,no_component_scales,lengthscale,covar_module.kernels.0.base_kernel.kernels.0,MaternKernel,0.09179089625544498,0.09179089625544498,0.09179089625544498
positive_beta_prior__no_component_scales_lengthscale_only,2026-02-27,9,lengthscale_only,no_component_scales,lengthscale,covar_module.kernels.0.base_kernel.kernels.1,MaternKernel,2.6237875010711944,0.987651932996928,5.508832465886244
positive_beta_prior__no_component_scales_lengthscale_only,2026-02-27,9,lengthscale_only,no_component_scales,lengthscale,covar_module.kernels.0.base_kernel.kernels.2,MaternKernel,0.6519109381820286,0.2254056654549764,0.9609741789820084
positive_beta_prior__no_component_scales_lengthscale_only,2026-02-27,9,lengthscale_only,no_component_scales,lengthscale,covar_module.kernels.0.base_kernel.kernels.3,RQKernel,0.7020782452663308,0.22287517525567807,1.0084502236318391
positive_beta_prior__no_component_scales_lengthscale_only,2026-02-27,9,lengthscale_only,no_component_scales,lengthscale,covar_module.kernels.0.base_kernel.kernels.5.kernels.0,MaternKernel,0.03034750554160801,0.03034750554160801,0.03034750554160801
positive_beta_prior__no_component_scales_lengthscale_only,2026-02-27,9,lengthscale_only,no_component_scales,lengthscale,covar_module.kernels.0.base_kernel.kernels.5.kernels.1,MaternKernel,2.3869249394516587,1.1648407953893063,5.280115468233001
positive_beta_prior__no_component_scales_lengthscale_only,2026-02-27,9,lengthscale_only,no_component_scales,lengthscale,covar_module.kernels.0.base_kernel.kernels.6.kernels.0,MaternKernel,0.03800103617137213,0.03800103617137213,0.03800103617137213
positive_beta_prior__no_component_scales_lengthscale_only,2026-02-27,9,lengthscale_only,no_component_scales,lengthscale,covar_module.kernels.0.base_kernel.kernels.6.kernels.1.kernels.0,MaternKernel,0.6759692870850579,0.4767391193579289,0.8747551736426828
positive_beta_prior__no_component_scales_lengthscale_only,2026-02-27,9,lengthscale_only,no_component_scales,lengthscale,covar_module.kernels.0.base_kernel.kernels.6.kernels.1.kernels.1,RQKernel,0.7092802694166094,0.4935373026710279,0.885582689393961
positive_beta_prior__no_component_scales_lengthscale_only,2026-02-27,9,lengthscale_only,no_component_scales,lengthscale,covar_module.kernels.0.base_kernel.kernels.7.kernels.0.kernels.0,MaternKernel,0.582949624851048,0.3261442193551122,0.9698634105413096
positive_beta_prior__no_component_scales_lengthscale_only,2026-02-27,9,lengthscale_only,no_component_scales,lengthscale,covar_module.kernels.0.base_kernel.kernels.7.kernels.0.kernels.1,RQKernel,0.5689925776596788,0.253182903526565,1.0046452020719137
positive_beta_prior__no_component_scales_lengthscale_only,2026-02-27,9,lengthscale_only,no_component_scales,lengthscale,covar_module.kernels.0.base_kernel.kernels.7.kernels.1,MaternKernel,3.585341220585083,1.4377249189544565,8.087824879016368
positive_beta_prior__no_component_scales_lengthscale_only,2026-02-27,9,lengthscale_only,no_component_scales,likelihood_noise,likelihood,HadamardGaussianLikelihood,0.006437772358020424,0.0054602730584280825,0.007455711960623079
positive_beta_prior__no_component_scales_lengthscale_only,2026-02-27,9,lengthscale_only,no_component_scales,mean_constant,mean_module.base_means.0.raw_constant,Parameter,0.04045489849360867,0.04045489849360867,0.04045489849360867
positive_beta_prior__no_component_scales_lengthscale_only,2026-02-27,9,lengthscale_only,no_component_scales,mean_constant,mean_module.base_means.1.raw_constant,Parameter,0.051563261161695045,0.051563261161695045,0.051563261161695045
positive_beta_prior__no_component_scales_lengthscale_only,2026-02-27,9,lengthscale_only,no_component_scales,mean_constant,mean_module.base_means.2.raw_constant,Parameter,0.021011408826146452,0.021011408826146452,0.021011408826146452
positive_beta_prior__no_component_scales_lengthscale_only,2026-02-27,9,lengthscale_only,no_component_scales,mean_constant,mean_module.base_means.3.raw_constant,Parameter,-0.09664352936224624,-0.09664352936224624,-0.09664352936224624
positive_beta_prior__no_component_scales_lengthscale_only,2026-02-27,9,lengthscale_only,no_component_scales,mean_constant,mean_module.base_means.4.raw_constant,Parameter,-0.09204012165551544,-0.09204012165551544,-0.09204012165551544
positive_beta_prior__no_component_scales_lengthscale_only,2026-02-27,9,lengthscale_only,no_component_scales,mean_constant,mean_module.base_means.5.raw_constant,Parameter,-0.0026125060577401305,-0.0026125060577401305,-0.0026125060577401305
positive_beta_prior__no_component_scales_lengthscale_only,2026-02-27,9,lengthscale_only,no_component_scales,mean_constant,mean_module.base_means.6.raw_constant,Parameter,-0.03955717714274919,-0.03955717714274919,-0.03955717714274919
positive_beta_prior__no_component_scales_lengthscale_only,2026-02-27,9,lengthscale_only,no_component_scales,mean_constant,mean_module.base_means.7.raw_constant,Parameter,-0.015760546944400176,-0.015760546944400176,-0.015760546944400176
positive_beta_prior__no_component_scales_lengthscale_only,2026-02-27,9,lengthscale_only,no_component_scales,mean_constant,mean_module.base_means.8.raw_constant,Parameter,-0.052246374586105815,-0.052246374586105815,-0.052246374586105815
positive_beta_prior__no_component_scales_lengthscale_only,2026-02-27,9,lengthscale_only,no_component_scales,mean_constant,mean_module.base_means.9.raw_constant,Parameter,-0.06102775947804815,-0.06102775947804815,-0.06102775947804815
positive_beta_prior__no_component_scales_lengthscale_only,2026-02-27,9,lengthscale_only,no_component_scales,mean_constant,mean_module.base_means.10.raw_constant,Parameter,0.05246992810286097,0.05246992810286097,0.05246992810286097
positive_beta_prior__no_component_scales_lengthscale_only,2026-02-27,9,lengthscale_only,no_component_scales,mean_constant,mean_module.base_means.11.raw_constant,Parameter,0.040168124934672825,0.040168124934672825,0.040168124934672825
positive_beta_prior__no_component_scales_lengthscale_only,2026-02-27,9,lengthscale_only,no_component_scales,mean_constant,mean_module.base_means.12.raw_constant,Parameter,-0.03959758438989103,-0.03959758438989103,-0.03959758438989103
positive_beta_prior__no_component_scales_lengthscale_only,2026-02-27,9,lengthscale_only,no_component_scales,mean_constant,mean_module.base_means.13.raw_constant,Parameter,0.0019022366490405948,0.0019022366490405948,0.0019022366490405948
positive_beta_prior__no_component_scales_lengthscale_only,2026-02-27,9,lengthscale_only,no_component_scales,mean_constant,mean_module.base_means.14.raw_constant,Parameter,0.059998222812089864,0.059998222812089864,0.059998222812089864
positive_beta_prior__no_component_scales_lengthscale_only,2026-02-27,9,lengthscale_only,no_component_scales,mean_constant,mean_module.base_means.15.raw_constant,Parameter,-0.00589648161480231,-0.00589648161480231,-0.00589648161480231
positive_beta_prior__no_component_scales_lengthscale_only,2026-02-27,9,lengthscale_only,no_component_scales,mean_constant,mean_module.base_means.16.raw_constant,Parameter,0.01453288641785973,0.01453288641785973,0.01453288641785973
positive_beta_prior__no_component_scales_lengthscale_only,2026-02-27,9,lengthscale_only,no_component_scales,mean_constant,mean_module.base_means.17.raw_constant,Parameter,0.039582075139817915,0.039582075139817915,0.039582075139817915
positive_beta_prior__no_component_scales_neither,2026-02-27,9,neither,no_component_scales,lengthscale,covar_module.kernels.0.kernels.0,MaternKernel,0.08848153531462805,0.08848153531462805,0.08848153531462805
positive_beta_prior__no_component_scales_neither,2026-02-27,9,neither,no_component_scales,lengthscale,covar_module.kernels.0.kernels.1,MaternKernel,2.813792003819114,0.7830299601523081,5.654305133513188
positive_beta_prior__no_component_scales_neither,2026-02-27,9,neither,no_component_scales,lengthscale,covar_module.kernels.0.kernels.2,MaternKernel,0.6021238108569942,0.18797223734084578,0.9646109179572192
positive_beta_prior__no_component_scales_neither,2026-02-27,9,neither,no_component_scales,lengthscale,covar_module.kernels.0.kernels.3,RQKernel,0.6483514639529216,0.1832435578137812,0.9864536787094688
positive_beta_prior__no_component_scales_neither,2026-02-27,9,neither,no_component_scales,lengthscale,covar_module.kernels.0.kernels.5.kernels.0,MaternKernel,0.02569211661198756,0.02569211661198756,0.02569211661198756
positive_beta_prior__no_component_scales_neither,2026-02-27,9,neither,no_component_scales,lengthscale,covar_module.kernels.0.kernels.5.kernels.1,MaternKernel,2.5994208333389044,0.7431178577346784,5.7475397959930286
positive_beta_prior__no_component_scales_neither,2026-02-27,9,neither,no_component_scales,lengthscale,covar_module.kernels.0.kernels.6.kernels.0,MaternKernel,0.02620913376909826,0.02620913376909826,0.02620913376909826
positive_beta_prior__no_component_scales_neither,2026-02-27,9,neither,no_component_scales,lengthscale,covar_module.kernels.0.kernels.6.kernels.1.kernels.0,MaternKernel,0.6022124353849148,0.28950486383751206,0.8824586239639084
positive_beta_prior__no_component_scales_neither,2026-02-27,9,neither,no_component_scales,lengthscale,covar_module.kernels.0.kernels.6.kernels.1.kernels.1,RQKernel,0.6211233792729991,0.2709420918595593,0.8887408607501901
positive_beta_prior__no_component_scales_neither,2026-02-27,9,neither,no_component_scales,lengthscale,covar_module.kernels.0.kernels.7.kernels.0.kernels.0,MaternKernel,0.5701338387126386,0.2829739044543079,0.9773944477879333
positive_beta_prior__no_component_scales_neither,2026-02-27,9,neither,no_component_scales,lengthscale,covar_module.kernels.0.kernels.7.kernels.0.kernels.1,RQKernel,0.5664375011876995,0.28675958818081737,1.0057872934483307
positive_beta_prior__no_component_scales_neither,2026-02-27,9,neither,no_component_scales,lengthscale,covar_module.kernels.0.kernels.7.kernels.1,MaternKernel,4.2089234170710865,1.7919412471731062,8.97672741424615
positive_beta_prior__no_component_scales_neither,2026-02-27,9,neither,no_component_scales,likelihood_noise,likelihood,HadamardGaussianLikelihood,0.006404167061155673,0.005494944367371164,0.0073270666774859754
positive_beta_prior__no_component_scales_neither,2026-02-27,9,neither,no_component_scales,mean_constant,mean_module.base_means.0.raw_constant,Parameter,0.05015170085024973,0.05015170085024973,0.05015170085024973
positive_beta_prior__no_component_scales_neither,2026-02-27,9,neither,no_component_scales,mean_constant,mean_module.base_means.1.raw_constant,Parameter,0.11102706461910104,0.11102706461910104,0.11102706461910104
positive_beta_prior__no_component_scales_neither,2026-02-27,9,neither,no_component_scales,mean_constant,mean_module.base_means.2.raw_constant,Parameter,0.09274102230107026,0.09274102230107026,0.09274102230107026
positive_beta_prior__no_component_scales_neither,2026-02-27,9,neither,no_component_scales,mean_constant,mean_module.base_means.3.raw_constant,Parameter,0.04131839243257472,0.04131839243257472,0.04131839243257472
positive_beta_prior__no_component_scales_neither,2026-02-27,9,neither,no_component_scales,mean_constant,mean_module.base_means.4.raw_constant,Parameter,0.02888128052305089,0.02888128052305089,0.02888128052305089
positive_beta_prior__no_component_scales_neither,2026-02-27,9,neither,no_component_scales,mean_constant,mean_module.base_means.5.raw_constant,Parameter,0.12811901143751767,0.12811901143751767,0.12811901143751767
positive_beta_prior__no_component_scales_neither,2026-02-27,9,neither,no_component_scales,mean_constant,mean_module.base_means.6.raw_constant,Parameter,0.057495111400293564,0.057495111400293564,0.057495111400293564
positive_beta_prior__no_component_scales_neither,2026-02-27,9,neither,no_component_scales,mean_constant,mean_module.base_means.7.raw_constant,Parameter,0.06587751474461805,0.06587751474461805,0.06587751474461805
positive_beta_prior__no_component_scales_neither,2026-02-27,9,neither,no_component_scales,mean_constant,mean_module.base_means.8.raw_constant,Parameter,-0.019869851765824148,-0.019869851765824148,-0.019869851765824148
positive_beta_prior__no_component_scales_neither,2026-02-27,9,neither,no_component_scales,mean_constant,mean_module.base_means.9.raw_constant,Parameter,0.01930506458980418,0.01930506458980418,0.01930506458980418
positive_beta_prior__no_component_scales_neither,2026-02-27,9,neither,no_component_scales,mean_constant,mean_module.base_means.10.raw_constant,Parameter,0.14411894210978626,0.14411894210978626,0.14411894210978626
positive_beta_prior__no_component_scales_neither,2026-02-27,9,neither,no_component_scales,mean_constant,mean_module.base_means.11.raw_constant,Parameter,0.15827209128999414,0.15827209128999414,0.15827209128999414
positive_beta_prior__no_component_scales_neither,2026-02-27,9,neither,no_component_scales,mean_constant,mean_module.base_means.12.raw_constant,Parameter,0.05828451709393945,0.05828451709393945,0.05828451709393945
positive_beta_prior__no_component_scales_neither,2026-02-27,9,neither,no_component_scales,mean_constant,mean_module.base_means.13.raw_constant,Parameter,0.08486951890251966,0.08486951890251966,0.08486951890251966
positive_beta_prior__no_component_scales_neither,2026-02-27,9,neither,no_component_scales,mean_constant,mean_module.base_means.14.raw_constant,Parameter,0.03609588067965437,0.03609588067965437,0.03609588067965437
positive_beta_prior__no_component_scales_neither,2026-02-27,9,neither,no_component_scales,mean_constant,mean_module.base_means.15.raw_constant,Parameter,-0.040434071336163634,-0.040434071336163634,-0.040434071336163634
positive_beta_prior__no_component_scales_neither,2026-02-27,9,neither,no_component_scales,mean_constant,mean_module.base_means.16.raw_constant,Parameter,0.026428923762405757,0.026428923762405757,0.026428923762405757
positive_beta_prior__no_component_scales_neither,2026-02-27,9,neither,no_component_scales,mean_constant,mean_module.base_means.17.raw_constant,Parameter,0.012400403829562635,0.012400403829562635,0.012400403829562635
positive_beta_prior__global_scale_lengthscale_only,2026-02-27,9,lengthscale_only,global_scale,outputscale,covar_module.kernels.0,_Module,0.022193634093914085,0.022193634093914085,0.022193634093914085
positive_beta_prior__global_scale_lengthscale_only,2026-02-27,9,lengthscale_only,global_scale,time_varying_effective_lengthscale_train,covar_module.kernels.0.base_kernel,_Module,0.0002990173277725832,5.089460813625102e-05,0.0009012558644447844
positive_beta_prior__global_scale_lengthscale_only,2026-02-27,9,lengthscale_only,global_scale,time_varying_effective_lengthscale_eval,covar_module.kernels.0.base_kernel,_Module,4.8433833418605045e-05,4.8433833418605045e-05,4.8433833418605045e-05
positive_beta_prior__global_scale_lengthscale_only,2026-02-27,9,lengthscale_only,global_scale,lengthscale,covar_module.kernels.0.base_kernel.base_kernel.kernels.0,MaternKernel,0.10695538452708533,0.10695538452708533,0.10695538452708533
positive_beta_prior__global_scale_lengthscale_only,2026-02-27,9,lengthscale_only,global_scale,lengthscale,covar_module.kernels.0.base_kernel.base_kernel.kernels.1,MaternKernel,1.0578682970837574,0.4701586116441732,2.2491141074275145
positive_beta_prior__global_scale_lengthscale_only,2026-02-27,9,lengthscale_only,global_scale,lengthscale,covar_module.kernels.0.base_kernel.base_kernel.kernels.2,MaternKernel,0.7301874267470833,0.5593959576342279,0.8532248821389944
positive_beta_prior__global_scale_lengthscale_only,2026-02-27,9,lengthscale_only,global_scale,lengthscale,covar_module.kernels.0.base_kernel.base_kernel.kernels.3,RQKernel,0.7372670916343962,0.5357954667831172,0.8595724710770958
positive_beta_prior__global_scale_lengthscale_only,2026-02-27,9,lengthscale_only,global_scale,lengthscale,covar_module.kernels.0.base_kernel.base_kernel.kernels.5.kernels.0,MaternKernel,0.08595693203432028,0.08595693203432028,0.08595693203432028
positive_beta_prior__global_scale_lengthscale_only,2026-02-27,9,lengthscale_only,global_scale,lengthscale,covar_module.kernels.0.base_kernel.base_kernel.kernels.5.kernels.1,MaternKernel,0.9726057357940779,0.48033079331366696,2.28837207868613
positive_beta_prior__global_scale_lengthscale_only,2026-02-27,9,lengthscale_only,global_scale,lengthscale,covar_module.kernels.0.base_kernel.base_kernel.kernels.6.kernels.0,MaternKernel,0.03006541916018169,0.03006541916018169,0.03006541916018169
positive_beta_prior__global_scale_lengthscale_only,2026-02-27,9,lengthscale_only,global_scale,lengthscale,covar_module.kernels.0.base_kernel.base_kernel.kernels.6.kernels.1.kernels.0,MaternKernel,0.7786108934516587,0.7324375529664445,0.8266129642820647
positive_beta_prior__global_scale_lengthscale_only,2026-02-27,9,lengthscale_only,global_scale,lengthscale,covar_module.kernels.0.base_kernel.base_kernel.kernels.6.kernels.1.kernels.1,RQKernel,0.7852315351170963,0.7415340910223877,0.8281339627127753
positive_beta_prior__global_scale_lengthscale_only,2026-02-27,9,lengthscale_only,global_scale,lengthscale,covar_module.kernels.0.base_kernel.base_kernel.kernels.7.kernels.0.kernels.0,MaternKernel,0.6974540947772941,0.6141679511639054,0.8585378078616671
positive_beta_prior__global_scale_lengthscale_only,2026-02-27,9,lengthscale_only,global_scale,lengthscale,covar_module.kernels.0.base_kernel.base_kernel.kernels.7.kernels.0.kernels.1,RQKernel,0.6776209999170469,0.5405640910303986,0.8646565852403618
positive_beta_prior__global_scale_lengthscale_only,2026-02-27,9,lengthscale_only,global_scale,lengthscale,covar_module.kernels.0.base_kernel.base_kernel.kernels.7.kernels.1,MaternKernel,1.4357573347144716,0.4449328711411877,3.8877619123263867
positive_beta_prior__global_scale_lengthscale_only,2026-02-27,9,lengthscale_only,global_scale,likelihood_noise,likelihood,HadamardGaussianLikelihood,0.006539683194764683,0.005715154453076557,0.007024052803634227
positive_beta_prior__global_scale_lengthscale_only,2026-02-27,9,lengthscale_only,global_scale,mean_constant,mean_module.base_means.0.raw_constant,Parameter,0.016919621811194396,0.016919621811194396,0.016919621811194396
positive_beta_prior__global_scale_lengthscale_only,2026-02-27,9,lengthscale_only,global_scale,mean_constant,mean_module.base_means.1.raw_constant,Parameter,0.028460249185692586,0.028460249185692586,0.028460249185692586
positive_beta_prior__global_scale_lengthscale_only,2026-02-27,9,lengthscale_only,global_scale,mean_constant,mean_module.base_means.2.raw_constant,Parameter,-0.015638056452622652,-0.015638056452622652,-0.015638056452622652
positive_beta_prior__global_scale_lengthscale_only,2026-02-27,9,lengthscale_only,global_scale,mean_constant,mean_module.base_means.3.raw_constant,Parameter,-0.07175028751484333,-0.07175028751484333,-0.07175028751484333
positive_beta_prior__global_scale_lengthscale_only,2026-02-27,9,lengthscale_only,global_scale,mean_constant,mean_module.base_means.4.raw_constant,Parameter,-0.07629717698822171,-0.07629717698822171,-0.07629717698822171
positive_beta_prior__global_scale_lengthscale_only,2026-02-27,9,lengthscale_only,global_scale,mean_constant,mean_module.base_means.5.raw_constant,Parameter,-0.04882786409904942,-0.04882786409904942,-0.04882786409904942
positive_beta_prior__global_scale_lengthscale_only,2026-02-27,9,lengthscale_only,global_scale,mean_constant,mean_module.base_means.6.raw_constant,Parameter,-0.044699867273783694,-0.044699867273783694,-0.044699867273783694
positive_beta_prior__global_scale_lengthscale_only,2026-02-27,9,lengthscale_only,global_scale,mean_constant,mean_module.base_means.7.raw_constant,Parameter,-0.02409579956695754,-0.02409579956695754,-0.02409579956695754
positive_beta_prior__global_scale_lengthscale_only,2026-02-27,9,lengthscale_only,global_scale,mean_constant,mean_module.base_means.8.raw_constant,Parameter,-0.02830988830808652,-0.02830988830808652,-0.02830988830808652
positive_beta_prior__global_scale_lengthscale_only,2026-02-27,9,lengthscale_only,global_scale,mean_constant,mean_module.base_means.9.raw_constant,Parameter,-0.05457989203925477,-0.05457989203925477,-0.05457989203925477
positive_beta_prior__global_scale_lengthscale_only,2026-02-27,9,lengthscale_only,global_scale,mean_constant,mean_module.base_means.10.raw_constant,Parameter,0.007537457486618577,0.007537457486618577,0.007537457486618577
positive_beta_prior__global_scale_lengthscale_only,2026-02-27,9,lengthscale_only,global_scale,mean_constant,mean_module.base_means.11.raw_constant,Parameter,-0.004534858125522335,-0.004534858125522335,-0.004534858125522335
positive_beta_prior__global_scale_lengthscale_only,2026-02-27,9,lengthscale_only,global_scale,mean_constant,mean_module.base_means.12.raw_constant,Parameter,-0.036565216762813546,-0.036565216762813546,-0.036565216762813546
positive_beta_prior__global_scale_lengthscale_only,2026-02-27,9,lengthscale_only,global_scale,mean_constant,mean_module.base_means.13.raw_constant,Parameter,-0.023216967981384968,-0.023216967981384968,-0.023216967981384968
positive_beta_prior__global_scale_lengthscale_only,2026-02-27,9,lengthscale_only,global_scale,mean_constant,mean_module.base_means.14.raw_constant,Parameter,0.024151989381998907,0.024151989381998907,0.024151989381998907
positive_beta_prior__global_scale_lengthscale_only,2026-02-27,9,lengthscale_only,global_scale,mean_constant,mean_module.base_means.15.raw_constant,Parameter,0.004162812540353292,0.004162812540353292,0.004162812540353292
positive_beta_prior__global_scale_lengthscale_only,2026-02-27,9,lengthscale_only,global_scale,mean_constant,mean_module.base_means.16.raw_constant,Parameter,-0.0023979140531834708,-0.0023979140531834708,-0.0023979140531834708
positive_beta_prior__global_scale_lengthscale_only,2026-02-27,9,lengthscale_only,global_scale,mean_constant,mean_module.base_means.17.raw_constant,Parameter,-0.027168336106696188,-0.027168336106696188,-0.027168336106696188
positive_beta_prior__global_scale_neither,2026-02-27,9,neither,global_scale,outputscale,covar_module.kernels.0,AdditiveKernel,0.037725639085368703,0.037725639085368703,0.037725639085368703
positive_beta_prior__global_scale_neither,2026-02-27,9,neither,global_scale,lengthscale,covar_module.kernels.0.base_kernel.kernels.0,MaternKernel,0.0542604566304127,0.0542604566304127,0.0542604566304127
positive_beta_prior__global_scale_neither,2026-02-27,9,neither,global_scale,lengthscale,covar_module.kernels.0.base_kernel.kernels.1,MaternKernel,1.4767450662660702,0.25011759823445684,3.188713399661642
positive_beta_prior__global_scale_neither,2026-02-27,9,neither,global_scale,lengthscale,covar_module.kernels.0.base_kernel.kernels.2,MaternKernel,0.6384696807763597,0.3772306009992016,0.8627960655681471
positive_beta_prior__global_scale_neither,2026-02-27,9,neither,global_scale,lengthscale,covar_module.kernels.0.base_kernel.kernels.3,RQKernel,0.6520767223676495,0.3466180999315621,0.8718278570982778
positive_beta_prior__global_scale_neither,2026-02-27,9,neither,global_scale,lengthscale,covar_module.kernels.0.base_kernel.kernels.5.kernels.0,MaternKernel,0.028796592832041425,0.028796592832041425,0.028796592832041425
positive_beta_prior__global_scale_neither,2026-02-27,9,neither,global_scale,lengthscale,covar_module.kernels.0.base_kernel.kernels.5.kernels.1,MaternKernel,1.2409875506972587,0.3647324334395811,3.006252507234903
positive_beta_prior__global_scale_neither,2026-02-27,9,neither,global_scale,lengthscale,covar_module.kernels.0.base_kernel.kernels.6.kernels.0,MaternKernel,0.025075987002871395,0.025075987002871395,0.025075987002871395
positive_beta_prior__global_scale_neither,2026-02-27,9,neither,global_scale,lengthscale,covar_module.kernels.0.base_kernel.kernels.6.kernels.1.kernels.0,MaternKernel,0.6829815544627065,0.5421618290139008,0.8327634787056863
positive_beta_prior__global_scale_neither,2026-02-27,9,neither,global_scale,lengthscale,covar_module.kernels.0.base_kernel.kernels.6.kernels.1.kernels.1,RQKernel,0.6831369225175079,0.522343936667413,0.835053757539085
positive_beta_prior__global_scale_neither,2026-02-27,9,neither,global_scale,lengthscale,covar_module.kernels.0.base_kernel.kernels.7.kernels.0.kernels.0,MaternKernel,0.6061855954939899,0.42971058702129716,0.8712381494418722
positive_beta_prior__global_scale_neither,2026-02-27,9,neither,global_scale,lengthscale,covar_module.kernels.0.base_kernel.kernels.7.kernels.0.kernels.1,RQKernel,0.5780912810707889,0.34797802221117424,0.8843690535849859
positive_beta_prior__global_scale_neither,2026-02-27,9,neither,global_scale,lengthscale,covar_module.kernels.0.base_kernel.kernels.7.kernels.1,MaternKernel,1.9276128519989983,0.7335834344731968,4.758254751804855
positive_beta_prior__global_scale_neither,2026-02-27,9,neither,global_scale,likelihood_noise,likelihood,HadamardGaussianLikelihood,0.006524731612231398,0.005693216560580109,0.00763468211687243
positive_beta_prior__global_scale_neither,2026-02-27,9,neither,global_scale,mean_constant,mean_module.base_means.0.raw_constant,Parameter,0.05144836093151012,0.05144836093151012,0.05144836093151012
positive_beta_prior__global_scale_neither,2026-02-27,9,neither,global_scale,mean_constant,mean_module.base_means.1.raw_constant,Parameter,0.0853771441873016,0.0853771441873016,0.0853771441873016
positive_beta_prior__global_scale_neither,2026-02-27,9,neither,global_scale,mean_constant,mean_module.base_means.2.raw_constant,Parameter,-0.022448987461344164,-0.022448987461344164,-0.022448987461344164
positive_beta_prior__global_scale_neither,2026-02-27,9,neither,global_scale,mean_constant,mean_module.base_means.3.raw_constant,Parameter,-0.03191124165604291,-0.03191124165604291,-0.03191124165604291
positive_beta_prior__global_scale_neither,2026-02-27,9,neither,global_scale,mean_constant,mean_module.base_means.4.raw_constant,Parameter,-0.06431101905469623,-0.06431101905469623,-0.06431101905469623
positive_beta_prior__global_scale_neither,2026-02-27,9,neither,global_scale,mean_constant,mean_module.base_means.5.raw_constant,Parameter,0.009386234368559487,0.009386234368559487,0.009386234368559487
positive_beta_prior__global_scale_neither,2026-02-27,9,neither,global_scale,mean_constant,mean_module.base_means.6.raw_constant,Parameter,-0.02296910137411799,-0.02296910137411799,-0.02296910137411799
positive_beta_prior__global_scale_neither,2026-02-27,9,neither,global_scale,mean_constant,mean_module.base_means.7.raw_constant,Parameter,0.015457813960701648,0.015457813960701648,0.015457813960701648
positive_beta_prior__global_scale_neither,2026-02-27,9,neither,global_scale,mean_constant,mean_module.base_means.8.raw_constant,Parameter,-0.02712791522231993,-0.02712791522231993,-0.02712791522231993
positive_beta_prior__global_scale_neither,2026-02-27,9,neither,global_scale,mean_constant,mean_module.base_means.9.raw_constant,Parameter,-0.05947072831449085,-0.05947072831449085,-0.05947072831449085
positive_beta_prior__global_scale_neither,2026-02-27,9,neither,global_scale,mean_constant,mean_module.base_means.10.raw_constant,Parameter,0.07251185016149207,0.07251185016149207,0.07251185016149207
positive_beta_prior__global_scale_neither,2026-02-27,9,neither,global_scale,mean_constant,mean_module.base_means.11.raw_constant,Parameter,0.05847740092478691,0.05847740092478691,0.05847740092478691
positive_beta_prior__global_scale_neither,2026-02-27,9,neither,global_scale,mean_constant,mean_module.base_means.12.raw_constant,Parameter,0.09313093713521636,0.09313093713521636,0.09313093713521636
positive_beta_prior__global_scale_neither,2026-02-27,9,neither,global_scale,mean_constant,mean_module.base_means.13.raw_constant,Parameter,0.025676910570869488,0.025676910570869488,0.025676910570869488
positive_beta_prior__global_scale_neither,2026-02-27,9,neither,global_scale,mean_constant,mean_module.base_means.14.raw_constant,Parameter,0.0401254365025049,0.0401254365025049,0.0401254365025049
positive_beta_prior__global_scale_neither,2026-02-27,9,neither,global_scale,mean_constant,mean_module.base_means.15.raw_constant,Parameter,-0.04134205131710462,-0.04134205131710462,-0.04134205131710462
positive_beta_prior__global_scale_neither,2026-02-27,9,neither,global_scale,mean_constant,mean_module.base_means.16.raw_constant,Parameter,0.02603872701585599,0.02603872701585599,0.02603872701585599
positive_beta_prior__global_scale_neither,2026-02-27,9,neither,global_scale,mean_constant,mean_module.base_means.17.raw_constant,Parameter,0.02981744612824028,0.02981744612824028,0.02981744612824028
positive_beta_prior__component_scales_lengthscale_only,2026-03-31,10,lengthscale_only,component_scales,time_varying_effective_lengthscale_train,covar_module.kernels.0,_Module,0.015205177552821652,0.008230380343256525,0.025207047266279623
positive_beta_prior__component_scales_lengthscale_only,2026-03-31,10,lengthscale_only,component_scales,time_varying_effective_lengthscale_eval,covar_module.kernels.0,_Module,0.008075175675477855,0.008075175675477855,0.008075175675477855
positive_beta_prior__component_scales_lengthscale_only,2026-03-31,10,lengthscale_only,component_scales,outputscale,covar_module.kernels.0.base_kernel.kernels.0,MaternKernel,0.016906132304893958,0.016906132304893958,0.016906132304893958
positive_beta_prior__component_scales_lengthscale_only,2026-03-31,10,lengthscale_only,component_scales,lengthscale,covar_module.kernels.0.base_kernel.kernels.0.base_kernel,MaternKernel,0.20264122502586587,0.20264122502586587,0.20264122502586587
positive_beta_prior__component_scales_lengthscale_only,2026-03-31,10,lengthscale_only,component_scales,outputscale,covar_module.kernels.0.base_kernel.kernels.1,MaternKernel,0.0005153034222065162,0.0005153034222065162,0.0005153034222065162
positive_beta_prior__component_scales_lengthscale_only,2026-03-31,10,lengthscale_only,component_scales,lengthscale,covar_module.kernels.0.base_kernel.kernels.1.base_kernel,MaternKernel,0.9533395442258022,0.35289020446175046,1.8028680264852863
positive_beta_prior__component_scales_lengthscale_only,2026-03-31,10,lengthscale_only,component_scales,outputscale,covar_module.kernels.0.base_kernel.kernels.2,MaternKernel,0.8480290415264248,0.8480290415264248,0.8480290415264248
positive_beta_prior__component_scales_lengthscale_only,2026-03-31,10,lengthscale_only,component_scales,lengthscale,covar_module.kernels.0.base_kernel.kernels.2.base_kernel,MaternKernel,0.6258330622155319,0.11856299833993504,1.4470009797069492
positive_beta_prior__component_scales_lengthscale_only,2026-03-31,10,lengthscale_only,component_scales,outputscale,covar_module.kernels.0.base_kernel.kernels.3,RQKernel,0.00832353227802857,0.00832353227802857,0.00832353227802857
positive_beta_prior__component_scales_lengthscale_only,2026-03-31,10,lengthscale_only,component_scales,lengthscale,covar_module.kernels.0.base_kernel.kernels.3.base_kernel,RQKernel,0.7577665406126388,0.4151266661167079,0.9806042591772722
positive_beta_prior__component_scales_lengthscale_only,2026-03-31,10,lengthscale_only,component_scales,outputscale,covar_module.kernels.0.base_kernel.kernels.4,LinearKernel,0.010801319681761583,0.010801319681761583,0.010801319681761583
positive_beta_prior__component_scales_lengthscale_only,2026-03-31,10,lengthscale_only,component_scales,outputscale,covar_module.kernels.0.base_kernel.kernels.5,ProductKernel,0.09270012231681515,0.09270012231681515,0.09270012231681515
positive_beta_prior__component_scales_lengthscale_only,2026-03-31,10,lengthscale_only,component_scales,lengthscale,covar_module.kernels.0.base_kernel.kernels.5.base_kernel.kernels.0,MaternKernel,0.02785572735546296,0.02785572735546296,0.02785572735546296
positive_beta_prior__component_scales_lengthscale_only,2026-03-31,10,lengthscale_only,component_scales,lengthscale,covar_module.kernels.0.base_kernel.kernels.5.base_kernel.kernels.1,MaternKernel,1.3459675287479973,0.3090875472973805,3.560343695563906
positive_beta_prior__component_scales_lengthscale_only,2026-03-31,10,lengthscale_only,component_scales,outputscale,covar_module.kernels.0.base_kernel.kernels.6,ProductKernel,0.001508184136947922,0.001508184136947922,0.001508184136947922
positive_beta_prior__component_scales_lengthscale_only,2026-03-31,10,lengthscale_only,component_scales,lengthscale,covar_module.kernels.0.base_kernel.kernels.6.base_kernel.kernels.0,MaternKernel,0.3417044873688762,0.3417044873688762,0.3417044873688762
positive_beta_prior__component_scales_lengthscale_only,2026-03-31,10,lengthscale_only,component_scales,lengthscale,covar_module.kernels.0.base_kernel.kernels.6.base_kernel.kernels.1.kernels.0,MaternKernel,0.7861835202140253,0.6990534290087935,0.8521289155875215
positive_beta_prior__component_scales_lengthscale_only,2026-03-31,10,lengthscale_only,component_scales,lengthscale,covar_module.kernels.0.base_kernel.kernels.6.base_kernel.kernels.1.kernels.1,RQKernel,0.7962158331852527,0.7048720630847828,0.8633285801509254
positive_beta_prior__component_scales_lengthscale_only,2026-03-31,10,lengthscale_only,component_scales,outputscale,covar_module.kernels.0.base_kernel.kernels.7,ProductKernel,0.002922300385012458,0.002922300385012458,0.002922300385012458
positive_beta_prior__component_scales_lengthscale_only,2026-03-31,10,lengthscale_only,component_scales,lengthscale,covar_module.kernels.0.base_kernel.kernels.7.base_kernel.kernels.0.kernels.0,MaternKernel,0.7375565932146935,0.6702227190966009,0.8384203944132614
positive_beta_prior__component_scales_lengthscale_only,2026-03-31,10,lengthscale_only,component_scales,lengthscale,covar_module.kernels.0.base_kernel.kernels.7.base_kernel.kernels.0.kernels.1,RQKernel,0.7289912405781328,0.6056358592088934,0.8388412638021845
positive_beta_prior__component_scales_lengthscale_only,2026-03-31,10,lengthscale_only,component_scales,lengthscale,covar_module.kernels.0.base_kernel.kernels.7.base_kernel.kernels.1,MaternKernel,1.2072829932053286,0.27738562642774034,3.377770205122548
positive_beta_prior__component_scales_lengthscale_only,2026-03-31,10,lengthscale_only,component_scales,likelihood_noise,likelihood,HadamardGaussianLikelihood,0.006573885339000963,0.005666451691517876,0.007510782533274418
positive_beta_prior__component_scales_lengthscale_only,2026-03-31,10,lengthscale_only,component_scales,mean_constant,mean_module.base_means.0.raw_constant,Parameter,-0.055413748248032836,-0.055413748248032836,-0.055413748248032836
positive_beta_prior__component_scales_lengthscale_only,2026-03-31,10,lengthscale_only,component_scales,mean_constant,mean_module.base_means.1.raw_constant,Parameter,-0.03559320788975838,-0.03559320788975838,-0.03559320788975838
positive_beta_prior__component_scales_lengthscale_only,2026-03-31,10,lengthscale_only,component_scales,mean_constant,mean_module.base_means.2.raw_constant,Parameter,-0.037310996589695285,-0.037310996589695285,-0.037310996589695285
positive_beta_prior__component_scales_lengthscale_only,2026-03-31,10,lengthscale_only,component_scales,mean_constant,mean_module.base_means.3.raw_constant,Parameter,-0.0830475557625906,-0.0830475557625906,-0.0830475557625906
positive_beta_prior__component_scales_lengthscale_only,2026-03-31,10,lengthscale_only,component_scales,mean_constant,mean_module.base_means.4.raw_constant,Parameter,-0.07501776928936672,-0.07501776928936672,-0.07501776928936672
positive_beta_prior__component_scales_lengthscale_only,2026-03-31,10,lengthscale_only,component_scales,mean_constant,mean_module.base_means.5.raw_constant,Parameter,-0.03815148505226425,-0.03815148505226425,-0.03815148505226425
positive_beta_prior__component_scales_lengthscale_only,2026-03-31,10,lengthscale_only,component_scales,mean_constant,mean_module.base_means.6.raw_constant,Parameter,-0.03248894142462435,-0.03248894142462435,-0.03248894142462435
positive_beta_prior__component_scales_lengthscale_only,2026-03-31,10,lengthscale_only,component_scales,mean_constant,mean_module.base_means.7.raw_constant,Parameter,-0.040946287548067645,-0.040946287548067645,-0.040946287548067645
positive_beta_prior__component_scales_lengthscale_only,2026-03-31,10,lengthscale_only,component_scales,mean_constant,mean_module.base_means.8.raw_constant,Parameter,0.01674146235897429,0.01674146235897429,0.01674146235897429
positive_beta_prior__component_scales_lengthscale_only,2026-03-31,10,lengthscale_only,component_scales,mean_constant,mean_module.base_means.9.raw_constant,Parameter,-0.03998368035146874,-0.03998368035146874,-0.03998368035146874
positive_beta_prior__component_scales_lengthscale_only,2026-03-31,10,lengthscale_only,component_scales,mean_constant,mean_module.base_means.10.raw_constant,Parameter,0.008150805739785537,0.008150805739785537,0.008150805739785537
positive_beta_prior__component_scales_lengthscale_only,2026-03-31,10,lengthscale_only,component_scales,mean_constant,mean_module.base_means.11.raw_constant,Parameter,0.023815319871234614,0.023815319871234614,0.023815319871234614
positive_beta_prior__component_scales_lengthscale_only,2026-03-31,10,lengthscale_only,component_scales,mean_constant,mean_module.base_means.12.raw_constant,Parameter,-0.06716617836740556,-0.06716617836740556,-0.06716617836740556
positive_beta_prior__component_scales_lengthscale_only,2026-03-31,10,lengthscale_only,component_scales,mean_constant,mean_module.base_means.13.raw_constant,Parameter,-0.003874276111068938,-0.003874276111068938,-0.003874276111068938
positive_beta_prior__component_scales_lengthscale_only,2026-03-31,10,lengthscale_only,component_scales,mean_constant,mean_module.base_means.14.raw_constant,Parameter,-0.0371979802280011,-0.0371979802280011,-0.0371979802280011
positive_beta_prior__component_scales_lengthscale_only,2026-03-31,10,lengthscale_only,component_scales,mean_constant,mean_module.base_means.15.raw_constant,Parameter,-0.052225770124509914,-0.052225770124509914,-0.052225770124509914
positive_beta_prior__component_scales_lengthscale_only,2026-03-31,10,lengthscale_only,component_scales,mean_constant,mean_module.base_means.16.raw_constant,Parameter,-0.010360781753328703,-0.010360781753328703,-0.010360781753328703
positive_beta_prior__component_scales_lengthscale_only,2026-03-31,10,lengthscale_only,component_scales,mean_constant,mean_module.base_means.17.raw_constant,Parameter,-0.0022089586628441476,-0.0022089586628441476,-0.0022089586628441476
positive_beta_prior__component_scales_neither,2026-03-31,10,neither,component_scales,outputscale,covar_module.kernels.0.kernels.0,MaternKernel,0.005064883896023766,0.005064883896023766,0.005064883896023766
positive_beta_prior__component_scales_neither,2026-03-31,10,neither,component_scales,lengthscale,covar_module.kernels.0.kernels.0.base_kernel,MaternKernel,0.21831978169514882,0.21831978169514882,0.21831978169514882
positive_beta_prior__component_scales_neither,2026-03-31,10,neither,component_scales,outputscale,covar_module.kernels.0.kernels.1,MaternKernel,0.001091550775835548,0.001091550775835548,0.001091550775835548
positive_beta_prior__component_scales_neither,2026-03-31,10,neither,component_scales,lengthscale,covar_module.kernels.0.kernels.1.base_kernel,MaternKernel,0.9649071924012005,0.23288013997444781,2.041424119938198
positive_beta_prior__component_scales_neither,2026-03-31,10,neither,component_scales,outputscale,covar_module.kernels.0.kernels.2,MaternKernel,0.9103085597083583,0.9103085597083583,0.9103085597083583
positive_beta_prior__component_scales_neither,2026-03-31,10,neither,component_scales,lengthscale,covar_module.kernels.0.kernels.2.base_kernel,MaternKernel,0.6142244768549867,0.11165015436314987,1.5539972667371824
positive_beta_prior__component_scales_neither,2026-03-31,10,neither,component_scales,outputscale,covar_module.kernels.0.kernels.3,RQKernel,0.007666201547395566,0.007666201547395566,0.007666201547395566
positive_beta_prior__component_scales_neither,2026-03-31,10,neither,component_scales,lengthscale,covar_module.kernels.0.kernels.3.base_kernel,RQKernel,0.7295555595028907,0.3689491594698241,0.9953652915104988
positive_beta_prior__component_scales_neither,2026-03-31,10,neither,component_scales,outputscale,covar_module.kernels.0.kernels.4,LinearKernel,0.006763716555701374,0.006763716555701374,0.006763716555701374
positive_beta_prior__component_scales_neither,2026-03-31,10,neither,component_scales,outputscale,covar_module.kernels.0.kernels.5,ProductKernel,0.05964595271851587,0.05964595271851587,0.05964595271851587
positive_beta_prior__component_scales_neither,2026-03-31,10,neither,component_scales,lengthscale,covar_module.kernels.0.kernels.5.base_kernel.kernels.0,MaternKernel,0.02602763803389719,0.02602763803389719,0.02602763803389719
positive_beta_prior__component_scales_neither,2026-03-31,10,neither,component_scales,lengthscale,covar_module.kernels.0.kernels.5.base_kernel.kernels.1,MaternKernel,1.1407747029030313,0.22557106469985938,3.0836742120217937
positive_beta_prior__component_scales_neither,2026-03-31,10,neither,component_scales,outputscale,covar_module.kernels.0.kernels.6,ProductKernel,0.009971999601304774,0.009971999601304774,0.009971999601304774
positive_beta_prior__component_scales_neither,2026-03-31,10,neither,component_scales,lengthscale,covar_module.kernels.0.kernels.6.base_kernel.kernels.0,MaternKernel,0.075027459869301,0.075027459869301,0.075027459869301
positive_beta_prior__component_scales_neither,2026-03-31,10,neither,component_scales,lengthscale,covar_module.kernels.0.kernels.6.base_kernel.kernels.1.kernels.0,MaternKernel,0.7329575513120836,0.5728513403438646,0.8529884116728988
positive_beta_prior__component_scales_neither,2026-03-31,10,neither,component_scales,lengthscale,covar_module.kernels.0.kernels.6.base_kernel.kernels.1.kernels.1,RQKernel,0.7526181089381602,0.584858814613949,0.8594322631530975
positive_beta_prior__component_scales_neither,2026-03-31,10,neither,component_scales,outputscale,covar_module.kernels.0.kernels.7,ProductKernel,0.019068819086192033,0.019068819086192033,0.019068819086192033
positive_beta_prior__component_scales_neither,2026-03-31,10,neither,component_scales,lengthscale,covar_module.kernels.0.kernels.7.base_kernel.kernels.0.kernels.0,MaternKernel,0.6609842079680159,0.5145378892396528,0.8374984680091164
positive_beta_prior__component_scales_neither,2026-03-31,10,neither,component_scales,lengthscale,covar_module.kernels.0.kernels.7.base_kernel.kernels.0.kernels.1,RQKernel,0.6497560605867655,0.4557977827685692,0.8470893897544401
positive_beta_prior__component_scales_neither,2026-03-31,10,neither,component_scales,lengthscale,covar_module.kernels.0.kernels.7.base_kernel.kernels.1,MaternKernel,1.4289614292988075,0.3671512346524117,4.0548170935062045
positive_beta_prior__component_scales_neither,2026-03-31,10,neither,component_scales,likelihood_noise,likelihood,HadamardGaussianLikelihood,0.006569614780432057,0.005565387391495958,0.007142722424866602
positive_beta_prior__component_scales_neither,2026-03-31,10,neither,component_scales,mean_constant,mean_module.base_means.0.raw_constant,Parameter,-0.0101962905220156,-0.0101962905220156,-0.0101962905220156
positive_beta_prior__component_scales_neither,2026-03-31,10,neither,component_scales,mean_constant,mean_module.base_means.1.raw_constant,Parameter,0.040185063818230476,0.040185063818230476,0.040185063818230476
positive_beta_prior__component_scales_neither,2026-03-31,10,neither,component_scales,mean_constant,mean_module.base_means.2.raw_constant,Parameter,-0.07094225054910003,-0.07094225054910003,-0.07094225054910003
positive_beta_prior__component_scales_neither,2026-03-31,10,neither,component_scales,mean_constant,mean_module.base_means.3.raw_constant,Parameter,-0.10283783953068593,-0.10283783953068593,-0.10283783953068593
positive_beta_prior__component_scales_neither,2026-03-31,10,neither,component_scales,mean_constant,mean_module.base_means.4.raw_constant,Parameter,-0.0878085844602244,-0.0878085844602244,-0.0878085844602244
positive_beta_prior__component_scales_neither,2026-03-31,10,neither,component_scales,mean_constant,mean_module.base_means.5.raw_constant,Parameter,-0.02350069513072448,-0.02350069513072448,-0.02350069513072448
positive_beta_prior__component_scales_neither,2026-03-31,10,neither,component_scales,mean_constant,mean_module.base_means.6.raw_constant,Parameter,-0.09762879670809392,-0.09762879670809392,-0.09762879670809392
positive_beta_prior__component_scales_neither,2026-03-31,10,neither,component_scales,mean_constant,mean_module.base_means.7.raw_constant,Parameter,-0.0802645445674931,-0.0802645445674931,-0.0802645445674931
positive_beta_prior__component_scales_neither,2026-03-31,10,neither,component_scales,mean_constant,mean_module.base_means.8.raw_constant,Parameter,-0.04734357943462526,-0.04734357943462526,-0.04734357943462526
positive_beta_prior__component_scales_neither,2026-03-31,10,neither,component_scales,mean_constant,mean_module.base_means.9.raw_constant,Parameter,-0.10341813934667186,-0.10341813934667186,-0.10341813934667186
positive_beta_prior__component_scales_neither,2026-03-31,10,neither,component_scales,mean_constant,mean_module.base_means.10.raw_constant,Parameter,0.027527385654776373,0.027527385654776373,0.027527385654776373
positive_beta_prior__component_scales_neither,2026-03-31,10,neither,component_scales,mean_constant,mean_module.base_means.11.raw_constant,Parameter,0.03170030960737144,0.03170030960737144,0.03170030960737144
positive_beta_prior__component_scales_neither,2026-03-31,10,neither,component_scales,mean_constant,mean_module.base_means.12.raw_constant,Parameter,-0.005705714633789027,-0.005705714633789027,-0.005705714633789027
positive_beta_prior__component_scales_neither,2026-03-31,10,neither,component_scales,mean_constant,mean_module.base_means.13.raw_constant,Parameter,-0.001126759097846688,-0.001126759097846688,-0.001126759097846688
positive_beta_prior__component_scales_neither,2026-03-31,10,neither,component_scales,mean_constant,mean_module.base_means.14.raw_constant,Parameter,-0.07161764940882134,-0.07161764940882134,-0.07161764940882134
positive_beta_prior__component_scales_neither,2026-03-31,10,neither,component_scales,mean_constant,mean_module.base_means.15.raw_constant,Parameter,-0.019963944384166526,-0.019963944384166526,-0.019963944384166526
positive_beta_prior__component_scales_neither,2026-03-31,10,neither,component_scales,mean_constant,mean_module.base_means.16.raw_constant,Parameter,-0.03515670346386032,-0.03515670346386032,-0.03515670346386032
positive_beta_prior__component_scales_neither,2026-03-31,10,neither,component_scales,mean_constant,mean_module.base_means.17.raw_constant,Parameter,-0.06521723834045952,-0.06521723834045952,-0.06521723834045952
positive_beta_prior__no_component_scales_lengthscale_only,2026-03-31,10,lengthscale_only,no_component_scales,time_varying_effective_lengthscale_train,covar_module.kernels.0,_Module,0.00019272084983211485,3.593286335718732e-05,0.0005602600746424152
positive_beta_prior__no_component_scales_lengthscale_only,2026-03-31,10,lengthscale_only,no_component_scales,time_varying_effective_lengthscale_eval,covar_module.kernels.0,_Module,3.4298224870297475e-05,3.4298224870297475e-05,3.429822487029748e-05
positive_beta_prior__no_component_scales_lengthscale_only,2026-03-31,10,lengthscale_only,no_component_scales,lengthscale,covar_module.kernels.0.base_kernel.kernels.0,MaternKernel,0.08442738801393165,0.08442738801393165,0.08442738801393165
positive_beta_prior__no_component_scales_lengthscale_only,2026-03-31,10,lengthscale_only,no_component_scales,lengthscale,covar_module.kernels.0.base_kernel.kernels.1,MaternKernel,2.687628605875903,1.0371848717129464,5.482326481667261
positive_beta_prior__no_component_scales_lengthscale_only,2026-03-31,10,lengthscale_only,no_component_scales,lengthscale,covar_module.kernels.0.base_kernel.kernels.2,MaternKernel,0.6556346819571361,0.18848900835062554,1.0796261290140894
positive_beta_prior__no_component_scales_lengthscale_only,2026-03-31,10,lengthscale_only,no_component_scales,lengthscale,covar_module.kernels.0.base_kernel.kernels.3,RQKernel,0.7022570638756943,0.17704929137459935,1.1188967644124297
positive_beta_prior__no_component_scales_lengthscale_only,2026-03-31,10,lengthscale_only,no_component_scales,lengthscale,covar_module.kernels.0.base_kernel.kernels.5.kernels.0,MaternKernel,0.032629914819871694,0.032629914819871694,0.032629914819871694
positive_beta_prior__no_component_scales_lengthscale_only,2026-03-31,10,lengthscale_only,no_component_scales,lengthscale,covar_module.kernels.0.base_kernel.kernels.5.kernels.1,MaternKernel,2.5032350703358706,0.9730933862497275,5.563101906894057
positive_beta_prior__no_component_scales_lengthscale_only,2026-03-31,10,lengthscale_only,no_component_scales,lengthscale,covar_module.kernels.0.base_kernel.kernels.6.kernels.0,MaternKernel,0.03721840353465364,0.03721840353465364,0.03721840353465364
positive_beta_prior__no_component_scales_lengthscale_only,2026-03-31,10,lengthscale_only,no_component_scales,lengthscale,covar_module.kernels.0.base_kernel.kernels.6.kernels.1.kernels.0,MaternKernel,0.6817498088515613,0.44835884376893265,0.8643068161522317
positive_beta_prior__no_component_scales_lengthscale_only,2026-03-31,10,lengthscale_only,no_component_scales,lengthscale,covar_module.kernels.0.base_kernel.kernels.6.kernels.1.kernels.1,RQKernel,0.7121708678552441,0.46248733898734695,0.8755003082828553
positive_beta_prior__no_component_scales_lengthscale_only,2026-03-31,10,lengthscale_only,no_component_scales,lengthscale,covar_module.kernels.0.base_kernel.kernels.7.kernels.0.kernels.0,MaternKernel,0.5808352119922999,0.24971388611837803,0.9656986154281811
positive_beta_prior__no_component_scales_lengthscale_only,2026-03-31,10,lengthscale_only,no_component_scales,lengthscale,covar_module.kernels.0.base_kernel.kernels.7.kernels.0.kernels.1,RQKernel,0.576953033259727,0.22456590166643536,0.9871259357254265
positive_beta_prior__no_component_scales_lengthscale_only,2026-03-31,10,lengthscale_only,no_component_scales,lengthscale,covar_module.kernels.0.base_kernel.kernels.7.kernels.1,MaternKernel,3.8229925761418,1.9448634709984012,8.349860991260766
positive_beta_prior__no_component_scales_lengthscale_only,2026-03-31,10,lengthscale_only,no_component_scales,likelihood_noise,likelihood,HadamardGaussianLikelihood,0.006385029079544353,0.005519636293812018,0.007011895320795351
positive_beta_prior__no_component_scales_lengthscale_only,2026-03-31,10,lengthscale_only,no_component_scales,mean_constant,mean_module.base_means.0.raw_constant,Parameter,-0.2520436020621927,-0.2520436020621927,-0.2520436020621927
positive_beta_prior__no_component_scales_lengthscale_only,2026-03-31,10,lengthscale_only,no_component_scales,mean_constant,mean_module.base_means.1.raw_constant,Parameter,-0.005765084378159167,-0.005765084378159167,-0.005765084378159167
positive_beta_prior__no_component_scales_lengthscale_only,2026-03-31,10,lengthscale_only,no_component_scales,mean_constant,mean_module.base_means.2.raw_constant,Parameter,0.01866932490946826,0.01866932490946826,0.01866932490946826
positive_beta_prior__no_component_scales_lengthscale_only,2026-03-31,10,lengthscale_only,no_component_scales,mean_constant,mean_module.base_means.3.raw_constant,Parameter,-0.06419465262367176,-0.06419465262367176,-0.06419465262367176
positive_beta_prior__no_component_scales_lengthscale_only,2026-03-31,10,lengthscale_only,no_component_scales,mean_constant,mean_module.base_means.4.raw_constant,Parameter,-0.07811428609069483,-0.07811428609069483,-0.07811428609069483
positive_beta_prior__no_component_scales_lengthscale_only,2026-03-31,10,lengthscale_only,no_component_scales,mean_constant,mean_module.base_means.5.raw_constant,Parameter,0.015121791832062612,0.015121791832062612,0.015121791832062612
positive_beta_prior__no_component_scales_lengthscale_only,2026-03-31,10,lengthscale_only,no_component_scales,mean_constant,mean_module.base_means.6.raw_constant,Parameter,0.027036236771035328,0.027036236771035328,0.027036236771035328
positive_beta_prior__no_component_scales_lengthscale_only,2026-03-31,10,lengthscale_only,no_component_scales,mean_constant,mean_module.base_means.7.raw_constant,Parameter,0.09710961531885995,0.09710961531885995,0.09710961531885995
positive_beta_prior__no_component_scales_lengthscale_only,2026-03-31,10,lengthscale_only,no_component_scales,mean_constant,mean_module.base_means.8.raw_constant,Parameter,-0.06754679573461712,-0.06754679573461712,-0.06754679573461712
positive_beta_prior__no_component_scales_lengthscale_only,2026-03-31,10,lengthscale_only,no_component_scales,mean_constant,mean_module.base_means.9.raw_constant,Parameter,0.0027637373430022378,0.0027637373430022378,0.0027637373430022378
positive_beta_prior__no_component_scales_lengthscale_only,2026-03-31,10,lengthscale_only,no_component_scales,mean_constant,mean_module.base_means.10.raw_constant,Parameter,0.01436419221878347,0.01436419221878347,0.01436419221878347
positive_beta_prior__no_component_scales_lengthscale_only,2026-03-31,10,lengthscale_only,no_component_scales,mean_constant,mean_module.base_means.11.raw_constant,Parameter,-0.0025442037844248516,-0.0025442037844248516,-0.0025442037844248516
positive_beta_prior__no_component_scales_lengthscale_only,2026-03-31,10,lengthscale_only,no_component_scales,mean_constant,mean_module.base_means.12.raw_constant,Parameter,-0.11481090285517359,-0.11481090285517359,-0.11481090285517359
positive_beta_prior__no_component_scales_lengthscale_only,2026-03-31,10,lengthscale_only,no_component_scales,mean_constant,mean_module.base_means.13.raw_constant,Parameter,-0.029384630130880905,-0.029384630130880905,-0.029384630130880905
positive_beta_prior__no_component_scales_lengthscale_only,2026-03-31,10,lengthscale_only,no_component_scales,mean_constant,mean_module.base_means.14.raw_constant,Parameter,-0.034169239321788746,-0.034169239321788746,-0.034169239321788746
positive_beta_prior__no_component_scales_lengthscale_only,2026-03-31,10,lengthscale_only,no_component_scales,mean_constant,mean_module.base_means.15.raw_constant,Parameter,-0.10647420004155585,-0.10647420004155585,-0.10647420004155585
positive_beta_prior__no_component_scales_lengthscale_only,2026-03-31,10,lengthscale_only,no_component_scales,mean_constant,mean_module.base_means.16.raw_constant,Parameter,-0.004126088758301263,-0.004126088758301263,-0.004126088758301263
positive_beta_prior__no_component_scales_lengthscale_only,2026-03-31,10,lengthscale_only,no_component_scales,mean_constant,mean_module.base_means.17.raw_constant,Parameter,0.07948483837081058,0.07948483837081058,0.07948483837081058
positive_beta_prior__no_component_scales_neither,2026-03-31,10,neither,no_component_scales,lengthscale,covar_module.kernels.0.kernels.0,MaternKernel,0.13535023800620355,0.13535023800620355,0.13535023800620355
positive_beta_prior__no_component_scales_neither,2026-03-31,10,neither,no_component_scales,lengthscale,covar_module.kernels.0.kernels.1,MaternKernel,3.2526533555375114,1.4401273091930664,6.504679506297501
positive_beta_prior__no_component_scales_neither,2026-03-31,10,neither,no_component_scales,lengthscale,covar_module.kernels.0.kernels.2,MaternKernel,0.6136263423607335,0.14894072759260807,1.0839479945741093
positive_beta_prior__no_component_scales_neither,2026-03-31,10,neither,no_component_scales,lengthscale,covar_module.kernels.0.kernels.3,RQKernel,0.6756924201304619,0.14113320491598771,1.1314138969844096
positive_beta_prior__no_component_scales_neither,2026-03-31,10,neither,no_component_scales,lengthscale,covar_module.kernels.0.kernels.5.kernels.0,MaternKernel,0.025142255716874493,0.025142255716874493,0.025142255716874493
positive_beta_prior__no_component_scales_neither,2026-03-31,10,neither,no_component_scales,lengthscale,covar_module.kernels.0.kernels.5.kernels.1,MaternKernel,2.8142271583157665,0.7297822718936438,6.565929635034192
positive_beta_prior__no_component_scales_neither,2026-03-31,10,neither,no_component_scales,lengthscale,covar_module.kernels.0.kernels.6.kernels.0,MaternKernel,0.025642006049474465,0.025642006049474465,0.025642006049474465
positive_beta_prior__no_component_scales_neither,2026-03-31,10,neither,no_component_scales,lengthscale,covar_module.kernels.0.kernels.6.kernels.1.kernels.0,MaternKernel,0.5891009093741855,0.22243327478873948,0.8754835903888005
positive_beta_prior__no_component_scales_neither,2026-03-31,10,neither,no_component_scales,lengthscale,covar_module.kernels.0.kernels.6.kernels.1.kernels.1,RQKernel,0.6159500698847309,0.19164475838014405,0.912052725832524
positive_beta_prior__no_component_scales_neither,2026-03-31,10,neither,no_component_scales,lengthscale,covar_module.kernels.0.kernels.7.kernels.0.kernels.0,MaternKernel,0.495456743505334,0.19496609268992257,0.9772026334951853
positive_beta_prior__no_component_scales_neither,2026-03-31,10,neither,no_component_scales,lengthscale,covar_module.kernels.0.kernels.7.kernels.0.kernels.1,RQKernel,0.4706092413954013,0.1737900315227534,1.0066420393957314
positive_beta_prior__no_component_scales_neither,2026-03-31,10,neither,no_component_scales,lengthscale,covar_module.kernels.0.kernels.7.kernels.1,MaternKernel,4.373143079680065,1.004876469050474,9.99961819937632
positive_beta_prior__no_component_scales_neither,2026-03-31,10,neither,no_component_scales,likelihood_noise,likelihood,HadamardGaussianLikelihood,0.006335549289233117,0.005432932946608793,0.007312876933826179
positive_beta_prior__no_component_scales_neither,2026-03-31,10,neither,no_component_scales,mean_constant,mean_module.base_means.0.raw_constant,Parameter,0.15341659337926697,0.15341659337926697,0.15341659337926697
positive_beta_prior__no_component_scales_neither,2026-03-31,10,neither,no_component_scales,mean_constant,mean_module.base_means.1.raw_constant,Parameter,0.2174631153744598,0.2174631153744598,0.2174631153744598
positive_beta_prior__no_component_scales_neither,2026-03-31,10,neither,no_component_scales,mean_constant,mean_module.base_means.2.raw_constant,Parameter,0.12321868309635159,0.12321868309635159,0.12321868309635159
positive_beta_prior__no_component_scales_neither,2026-03-31,10,neither,no_component_scales,mean_constant,mean_module.base_means.3.raw_constant,Parameter,0.11335469987141716,0.11335469987141716,0.11335469987141716
positive_beta_prior__no_component_scales_neither,2026-03-31,10,neither,no_component_scales,mean_constant,mean_module.base_means.4.raw_constant,Parameter,0.08882917131993658,0.08882917131993658,0.08882917131993658
positive_beta_prior__no_component_scales_neither,2026-03-31,10,neither,no_component_scales,mean_constant,mean_module.base_means.5.raw_constant,Parameter,0.05058955944040394,0.05058955944040394,0.05058955944040394
positive_beta_prior__no_component_scales_neither,2026-03-31,10,neither,no_component_scales,mean_constant,mean_module.base_means.6.raw_constant,Parameter,-0.006254181467044468,-0.006254181467044468,-0.006254181467044468
positive_beta_prior__no_component_scales_neither,2026-03-31,10,neither,no_component_scales,mean_constant,mean_module.base_means.7.raw_constant,Parameter,0.09864058562931904,0.09864058562931904,0.09864058562931904
positive_beta_prior__no_component_scales_neither,2026-03-31,10,neither,no_component_scales,mean_constant,mean_module.base_means.8.raw_constant,Parameter,-0.05017658485770293,-0.05017658485770293,-0.05017658485770293
positive_beta_prior__no_component_scales_neither,2026-03-31,10,neither,no_component_scales,mean_constant,mean_module.base_means.9.raw_constant,Parameter,0.10881621696206487,0.10881621696206487,0.10881621696206487
positive_beta_prior__no_component_scales_neither,2026-03-31,10,neither,no_component_scales,mean_constant,mean_module.base_means.10.raw_constant,Parameter,-0.19819211689593988,-0.19819211689593988,-0.19819211689593988
positive_beta_prior__no_component_scales_neither,2026-03-31,10,neither,no_component_scales,mean_constant,mean_module.base_means.11.raw_constant,Parameter,-0.22677933075424825,-0.22677933075424825,-0.22677933075424825
positive_beta_prior__no_component_scales_neither,2026-03-31,10,neither,no_component_scales,mean_constant,mean_module.base_means.12.raw_constant,Parameter,-0.1382510459094054,-0.1382510459094054,-0.1382510459094054
positive_beta_prior__no_component_scales_neither,2026-03-31,10,neither,no_component_scales,mean_constant,mean_module.base_means.13.raw_constant,Parameter,-0.17307121160335637,-0.17307121160335637,-0.17307121160335637
positive_beta_prior__no_component_scales_neither,2026-03-31,10,neither,no_component_scales,mean_constant,mean_module.base_means.14.raw_constant,Parameter,0.09644148131051425,0.09644148131051425,0.09644148131051425
positive_beta_prior__no_component_scales_neither,2026-03-31,10,neither,no_component_scales,mean_constant,mean_module.base_means.15.raw_constant,Parameter,0.12933414277943694,0.12933414277943694,0.12933414277943694
positive_beta_prior__no_component_scales_neither,2026-03-31,10,neither,no_component_scales,mean_constant,mean_module.base_means.16.raw_constant,Parameter,-0.048995454687023106,-0.048995454687023106,-0.048995454687023106
positive_beta_prior__no_component_scales_neither,2026-03-31,10,neither,no_component_scales,mean_constant,mean_module.base_means.17.raw_constant,Parameter,-0.02764027436643477,-0.02764027436643477,-0.02764027436643477
positive_beta_prior__global_scale_lengthscale_only,2026-03-31,10,lengthscale_only,global_scale,outputscale,covar_module.kernels.0,_Module,0.024997793770610528,0.024997793770610528,0.024997793770610528
positive_beta_prior__global_scale_lengthscale_only,2026-03-31,10,lengthscale_only,global_scale,time_varying_effective_lengthscale_train,covar_module.kernels.0.base_kernel,_Module,9.559846506314788e-05,3.2209225296688624e-06,0.0004668890873479248
positive_beta_prior__global_scale_lengthscale_only,2026-03-31,10,lengthscale_only,global_scale,time_varying_effective_lengthscale_eval,covar_module.kernels.0.base_kernel,_Module,2.9603806296530544e-06,2.9603806296530535e-06,2.960380629653054e-06
positive_beta_prior__global_scale_lengthscale_only,2026-03-31,10,lengthscale_only,global_scale,lengthscale,covar_module.kernels.0.base_kernel.base_kernel.kernels.0,MaternKernel,0.12354630444893824,0.12354630444893824,0.12354630444893824
positive_beta_prior__global_scale_lengthscale_only,2026-03-31,10,lengthscale_only,global_scale,lengthscale,covar_module.kernels.0.base_kernel.base_kernel.kernels.1,MaternKernel,1.125366774582468,0.3849363017578808,2.3582392395699325
positive_beta_prior__global_scale_lengthscale_only,2026-03-31,10,lengthscale_only,global_scale,lengthscale,covar_module.kernels.0.base_kernel.base_kernel.kernels.2,MaternKernel,0.7326892308841382,0.5151676318516958,0.8699476726930554
positive_beta_prior__global_scale_lengthscale_only,2026-03-31,10,lengthscale_only,global_scale,lengthscale,covar_module.kernels.0.base_kernel.base_kernel.kernels.3,RQKernel,0.7453639149686209,0.49868912606580307,0.8809597284199657
positive_beta_prior__global_scale_lengthscale_only,2026-03-31,10,lengthscale_only,global_scale,lengthscale,covar_module.kernels.0.base_kernel.base_kernel.kernels.5.kernels.0,MaternKernel,0.05764307343578535,0.05764307343578535,0.05764307343578535
positive_beta_prior__global_scale_lengthscale_only,2026-03-31,10,lengthscale_only,global_scale,lengthscale,covar_module.kernels.0.base_kernel.base_kernel.kernels.5.kernels.1,MaternKernel,1.030724835370411,0.3587384479490612,2.4347588120814203
positive_beta_prior__global_scale_lengthscale_only,2026-03-31,10,lengthscale_only,global_scale,lengthscale,covar_module.kernels.0.base_kernel.base_kernel.kernels.6.kernels.0,MaternKernel,0.027923630424696227,0.027923630424696227,0.027923630424696227
positive_beta_prior__global_scale_lengthscale_only,2026-03-31,10,lengthscale_only,global_scale,lengthscale,covar_module.kernels.0.base_kernel.base_kernel.kernels.6.kernels.1.kernels.0,MaternKernel,0.7745815854967486,0.7201285881851052,0.8269910149875598
positive_beta_prior__global_scale_lengthscale_only,2026-03-31,10,lengthscale_only,global_scale,lengthscale,covar_module.kernels.0.base_kernel.base_kernel.kernels.6.kernels.1.kernels.1,RQKernel,0.7801109037698367,0.7233377016569892,0.8286233844278361
positive_beta_prior__global_scale_lengthscale_only,2026-03-31,10,lengthscale_only,global_scale,lengthscale,covar_module.kernels.0.base_kernel.base_kernel.kernels.7.kernels.0.kernels.0,MaternKernel,0.6733653982091771,0.5680466307036517,0.8577328738090376
positive_beta_prior__global_scale_lengthscale_only,2026-03-31,10,lengthscale_only,global_scale,lengthscale,covar_module.kernels.0.base_kernel.base_kernel.kernels.7.kernels.0.kernels.1,RQKernel,0.6547801038796894,0.5192166240462239,0.8619398810831758
positive_beta_prior__global_scale_lengthscale_only,2026-03-31,10,lengthscale_only,global_scale,lengthscale,covar_module.kernels.0.base_kernel.base_kernel.kernels.7.kernels.1,MaternKernel,1.5254848662797071,0.5020680962031709,4.021607991516431
positive_beta_prior__global_scale_lengthscale_only,2026-03-31,10,lengthscale_only,global_scale,likelihood_noise,likelihood,HadamardGaussianLikelihood,0.00652687592497306,0.00572622053897587,0.007030093900095534
positive_beta_prior__global_scale_lengthscale_only,2026-03-31,10,lengthscale_only,global_scale,mean_constant,mean_module.base_means.0.raw_constant,Parameter,0.06171144600605385,0.06171144600605385,0.06171144600605385
positive_beta_prior__global_scale_lengthscale_only,2026-03-31,10,lengthscale_only,global_scale,mean_constant,mean_module.base_means.1.raw_constant,Parameter,0.06093955760486161,0.06093955760486161,0.06093955760486161
positive_beta_prior__global_scale_lengthscale_only,2026-03-31,10,lengthscale_only,global_scale,mean_constant,mean_module.base_means.2.raw_constant,Parameter,0.0065044255576957345,0.0065044255576957345,0.0065044255576957345
positive_beta_prior__global_scale_lengthscale_only,2026-03-31,10,lengthscale_only,global_scale,mean_constant,mean_module.base_means.3.raw_constant,Parameter,-0.05028184552876719,-0.05028184552876719,-0.05028184552876719
positive_beta_prior__global_scale_lengthscale_only,2026-03-31,10,lengthscale_only,global_scale,mean_constant,mean_module.base_means.4.raw_constant,Parameter,-0.04422708008180588,-0.04422708008180588,-0.04422708008180588
positive_beta_prior__global_scale_lengthscale_only,2026-03-31,10,lengthscale_only,global_scale,mean_constant,mean_module.base_means.5.raw_constant,Parameter,-0.04344255883208666,-0.04344255883208666,-0.04344255883208666
positive_beta_prior__global_scale_lengthscale_only,2026-03-31,10,lengthscale_only,global_scale,mean_constant,mean_module.base_means.6.raw_constant,Parameter,-0.052680235990442636,-0.052680235990442636,-0.052680235990442636
positive_beta_prior__global_scale_lengthscale_only,2026-03-31,10,lengthscale_only,global_scale,mean_constant,mean_module.base_means.7.raw_constant,Parameter,-0.00847765163857531,-0.00847765163857531,-0.00847765163857531
positive_beta_prior__global_scale_lengthscale_only,2026-03-31,10,lengthscale_only,global_scale,mean_constant,mean_module.base_means.8.raw_constant,Parameter,-0.027696447428537184,-0.027696447428537184,-0.027696447428537184
positive_beta_prior__global_scale_lengthscale_only,2026-03-31,10,lengthscale_only,global_scale,mean_constant,mean_module.base_means.9.raw_constant,Parameter,-0.04055078917972865,-0.04055078917972865,-0.04055078917972865
positive_beta_prior__global_scale_lengthscale_only,2026-03-31,10,lengthscale_only,global_scale,mean_constant,mean_module.base_means.10.raw_constant,Parameter,-0.03604354769349813,-0.03604354769349813,-0.03604354769349813
positive_beta_prior__global_scale_lengthscale_only,2026-03-31,10,lengthscale_only,global_scale,mean_constant,mean_module.base_means.11.raw_constant,Parameter,-0.05442484397027859,-0.05442484397027859,-0.05442484397027859
positive_beta_prior__global_scale_lengthscale_only,2026-03-31,10,lengthscale_only,global_scale,mean_constant,mean_module.base_means.12.raw_constant,Parameter,-0.015340258183665639,-0.015340258183665639,-0.015340258183665639
positive_beta_prior__global_scale_lengthscale_only,2026-03-31,10,lengthscale_only,global_scale,mean_constant,mean_module.base_means.13.raw_constant,Parameter,-0.0418034675855823,-0.0418034675855823,-0.0418034675855823
positive_beta_prior__global_scale_lengthscale_only,2026-03-31,10,lengthscale_only,global_scale,mean_constant,mean_module.base_means.14.raw_constant,Parameter,-0.001107948403752751,-0.001107948403752751,-0.001107948403752751
positive_beta_prior__global_scale_lengthscale_only,2026-03-31,10,lengthscale_only,global_scale,mean_constant,mean_module.base_means.15.raw_constant,Parameter,0.03103290110956619,0.03103290110956619,0.03103290110956619
positive_beta_prior__global_scale_lengthscale_only,2026-03-31,10,lengthscale_only,global_scale,mean_constant,mean_module.base_means.16.raw_constant,Parameter,-0.011874384492813368,-0.011874384492813368,-0.011874384492813368
positive_beta_prior__global_scale_lengthscale_only,2026-03-31,10,lengthscale_only,global_scale,mean_constant,mean_module.base_means.17.raw_constant,Parameter,0.016127425175533085,0.016127425175533085,0.016127425175533085
positive_beta_prior__global_scale_neither,2026-03-31,10,neither,global_scale,outputscale,covar_module.kernels.0,AdditiveKernel,0.04327507409721153,0.04327507409721153,0.04327507409721153
positive_beta_prior__global_scale_neither,2026-03-31,10,neither,global_scale,lengthscale,covar_module.kernels.0.base_kernel.kernels.0,MaternKernel,0.04513825847084497,0.04513825847084497,0.04513825847084497
positive_beta_prior__global_scale_neither,2026-03-31,10,neither,global_scale,lengthscale,covar_module.kernels.0.base_kernel.kernels.1,MaternKernel,1.5640300746742535,0.27472761191323164,3.3272173158357345
positive_beta_prior__global_scale_neither,2026-03-31,10,neither,global_scale,lengthscale,covar_module.kernels.0.base_kernel.kernels.2,MaternKernel,0.6280609930490761,0.26236312639875403,0.914290100158982
positive_beta_prior__global_scale_neither,2026-03-31,10,neither,global_scale,lengthscale,covar_module.kernels.0.base_kernel.kernels.3,RQKernel,0.6475883761015759,0.226493116221919,0.9409723756056769
positive_beta_prior__global_scale_neither,2026-03-31,10,neither,global_scale,lengthscale,covar_module.kernels.0.base_kernel.kernels.5.kernels.0,MaternKernel,0.026773146409392923,0.026773146409392923,0.026773146409392923
positive_beta_prior__global_scale_neither,2026-03-31,10,neither,global_scale,lengthscale,covar_module.kernels.0.base_kernel.kernels.5.kernels.1,MaternKernel,1.357623641992205,0.28338365144753935,3.1089703983715444
positive_beta_prior__global_scale_neither,2026-03-31,10,neither,global_scale,lengthscale,covar_module.kernels.0.base_kernel.kernels.6.kernels.0,MaternKernel,0.025081198974007537,0.025081198974007537,0.025081198974007537
positive_beta_prior__global_scale_neither,2026-03-31,10,neither,global_scale,lengthscale,covar_module.kernels.0.base_kernel.kernels.6.kernels.1.kernels.0,MaternKernel,0.6655661428857602,0.46889166241527835,0.8289899790450631
positive_beta_prior__global_scale_neither,2026-03-31,10,neither,global_scale,lengthscale,covar_module.kernels.0.base_kernel.kernels.6.kernels.1.kernels.1,RQKernel,0.6664045079653274,0.44757512502685814,0.8324700249488194
positive_beta_prior__global_scale_neither,2026-03-31,10,neither,global_scale,lengthscale,covar_module.kernels.0.base_kernel.kernels.7.kernels.0.kernels.0,MaternKernel,0.5823542696981809,0.368098304811057,0.8756441056209072
positive_beta_prior__global_scale_neither,2026-03-31,10,neither,global_scale,lengthscale,covar_module.kernels.0.base_kernel.kernels.7.kernels.0.kernels.1,RQKernel,0.561996204062446,0.2886581398428315,0.8919001354818259
positive_beta_prior__global_scale_neither,2026-03-31,10,neither,global_scale,lengthscale,covar_module.kernels.0.base_kernel.kernels.7.kernels.1,MaternKernel,2.1305851462049348,0.6731033024015292,5.46642675773041
positive_beta_prior__global_scale_neither,2026-03-31,10,neither,global_scale,likelihood_noise,likelihood,HadamardGaussianLikelihood,0.006474454250993807,0.005657457581847532,0.0071891630333092826
positive_beta_prior__global_scale_neither,2026-03-31,10,neither,global_scale,mean_constant,mean_module.base_means.0.raw_constant,Parameter,0.05059467443401235,0.05059467443401235,0.05059467443401235
positive_beta_prior__global_scale_neither,2026-03-31,10,neither,global_scale,mean_constant,mean_module.base_means.1.raw_constant,Parameter,0.08304077288026364,0.08304077288026364,0.08304077288026364
positive_beta_prior__global_scale_neither,2026-03-31,10,neither,global_scale,mean_constant,mean_module.base_means.2.raw_constant,Parameter,-0.0002672673566954699,-0.0002672673566954699,-0.0002672673566954699
positive_beta_prior__global_scale_neither,2026-03-31,10,neither,global_scale,mean_constant,mean_module.base_means.3.raw_constant,Parameter,-0.06994525523832638,-0.06994525523832638,-0.06994525523832638
positive_beta_prior__global_scale_neither,2026-03-31,10,neither,global_scale,mean_constant,mean_module.base_means.4.raw_constant,Parameter,-0.07572741176007072,-0.07572741176007072,-0.07572741176007072
positive_beta_prior__global_scale_neither,2026-03-31,10,neither,global_scale,mean_constant,mean_module.base_means.5.raw_constant,Parameter,-0.027030920155868523,-0.027030920155868523,-0.027030920155868523
positive_beta_prior__global_scale_neither,2026-03-31,10,neither,global_scale,mean_constant,mean_module.base_means.6.raw_constant,Parameter,-0.05923103311733534,-0.05923103311733534,-0.05923103311733534
positive_beta_prior__global_scale_neither,2026-03-31,10,neither,global_scale,mean_constant,mean_module.base_means.7.raw_constant,Parameter,-0.009622625560059845,-0.009622625560059845,-0.009622625560059845
positive_beta_prior__global_scale_neither,2026-03-31,10,neither,global_scale,mean_constant,mean_module.base_means.8.raw_constant,Parameter,-0.05491042545642487,-0.05491042545642487,-0.05491042545642487
positive_beta_prior__global_scale_neither,2026-03-31,10,neither,global_scale,mean_constant,mean_module.base_means.9.raw_constant,Parameter,-0.06446289566222942,-0.06446289566222942,-0.06446289566222942
positive_beta_prior__global_scale_neither,2026-03-31,10,neither,global_scale,mean_constant,mean_module.base_means.10.raw_constant,Parameter,0.0449702760020589,0.0449702760020589,0.0449702760020589
positive_beta_prior__global_scale_neither,2026-03-31,10,neither,global_scale,mean_constant,mean_module.base_means.11.raw_constant,Parameter,0.045774917481811436,0.045774917481811436,0.045774917481811436
positive_beta_prior__global_scale_neither,2026-03-31,10,neither,global_scale,mean_constant,mean_module.base_means.12.raw_constant,Parameter,0.07426970370912847,0.07426970370912847,0.07426970370912847
positive_beta_prior__global_scale_neither,2026-03-31,10,neither,global_scale,mean_constant,mean_module.base_means.13.raw_constant,Parameter,0.0067888651965420386,0.0067888651965420386,0.0067888651965420386
positive_beta_prior__global_scale_neither,2026-03-31,10,neither,global_scale,mean_constant,mean_module.base_means.14.raw_constant,Parameter,0.011665982268097792,0.011665982268097792,0.011665982268097792
positive_beta_prior__global_scale_neither,2026-03-31,10,neither,global_scale,mean_constant,mean_module.base_means.15.raw_constant,Parameter,-0.02589877979815622,-0.02589877979815622,-0.02589877979815622
positive_beta_prior__global_scale_neither,2026-03-31,10,neither,global_scale,mean_constant,mean_module.base_means.16.raw_constant,Parameter,-0.016797000734281243,-0.016797000734281243,-0.016797000734281243
positive_beta_prior__global_scale_neither,2026-03-31,10,neither,global_scale,mean_constant,mean_module.base_means.17.raw_constant,Parameter,0.019229377195782296,0.019229377195782296,0.019229377195782296
positive_beta_prior__component_scales_lengthscale_only,2026-04-30,11,lengthscale_only,component_scales,time_varying_effective_lengthscale_train,covar_module.kernels.0,_Module,0.007223471052204448,0.0023125489035208512,0.016359869493756517
positive_beta_prior__component_scales_lengthscale_only,2026-04-30,11,lengthscale_only,component_scales,time_varying_effective_lengthscale_eval,covar_module.kernels.0,_Module,0.002238178301999425,0.002238178301999425,0.002238178301999425
positive_beta_prior__component_scales_lengthscale_only,2026-04-30,11,lengthscale_only,component_scales,outputscale,covar_module.kernels.0.base_kernel.kernels.0,MaternKernel,0.03561813628624075,0.03561813628624075,0.03561813628624075
positive_beta_prior__component_scales_lengthscale_only,2026-04-30,11,lengthscale_only,component_scales,lengthscale,covar_module.kernels.0.base_kernel.kernels.0.base_kernel,MaternKernel,0.18030846189429578,0.18030846189429578,0.18030846189429578
positive_beta_prior__component_scales_lengthscale_only,2026-04-30,11,lengthscale_only,component_scales,outputscale,covar_module.kernels.0.base_kernel.kernels.1,MaternKernel,0.001078960901933104,0.001078960901933104,0.001078960901933104
positive_beta_prior__component_scales_lengthscale_only,2026-04-30,11,lengthscale_only,component_scales,lengthscale,covar_module.kernels.0.base_kernel.kernels.1.base_kernel,MaternKernel,0.937927879483268,0.3151254812857468,2.0919912546404045
positive_beta_prior__component_scales_lengthscale_only,2026-04-30,11,lengthscale_only,component_scales,outputscale,covar_module.kernels.0.base_kernel.kernels.2,MaternKernel,0.3596554516017702,0.3596554516017702,0.3596554516017702
positive_beta_prior__component_scales_lengthscale_only,2026-04-30,11,lengthscale_only,component_scales,lengthscale,covar_module.kernels.0.base_kernel.kernels.2.base_kernel,MaternKernel,0.6548236090762807,0.10830345617805742,1.5830065995435896
positive_beta_prior__component_scales_lengthscale_only,2026-04-30,11,lengthscale_only,component_scales,outputscale,covar_module.kernels.0.base_kernel.kernels.3,RQKernel,0.006225439676924094,0.006225439676924094,0.006225439676924094
positive_beta_prior__component_scales_lengthscale_only,2026-04-30,11,lengthscale_only,component_scales,lengthscale,covar_module.kernels.0.base_kernel.kernels.3.base_kernel,RQKernel,0.7372934364250461,0.37060243160622586,0.9707984631835073
positive_beta_prior__component_scales_lengthscale_only,2026-04-30,11,lengthscale_only,component_scales,outputscale,covar_module.kernels.0.base_kernel.kernels.4,LinearKernel,0.010710900064763742,0.010710900064763742,0.010710900064763742
positive_beta_prior__component_scales_lengthscale_only,2026-04-30,11,lengthscale_only,component_scales,outputscale,covar_module.kernels.0.base_kernel.kernels.5,ProductKernel,0.08725475682649281,0.08725475682649281,0.08725475682649281
positive_beta_prior__component_scales_lengthscale_only,2026-04-30,11,lengthscale_only,component_scales,lengthscale,covar_module.kernels.0.base_kernel.kernels.5.base_kernel.kernels.0,MaternKernel,0.03038894412331304,0.03038894412331304,0.03038894412331304
positive_beta_prior__component_scales_lengthscale_only,2026-04-30,11,lengthscale_only,component_scales,lengthscale,covar_module.kernels.0.base_kernel.kernels.5.base_kernel.kernels.1,MaternKernel,1.1837661297100295,0.24513852237312214,3.2004083945326722
positive_beta_prior__component_scales_lengthscale_only,2026-04-30,11,lengthscale_only,component_scales,outputscale,covar_module.kernels.0.base_kernel.kernels.6,ProductKernel,0.23012426297571129,0.23012426297571129,0.23012426297571129
positive_beta_prior__component_scales_lengthscale_only,2026-04-30,11,lengthscale_only,component_scales,lengthscale,covar_module.kernels.0.base_kernel.kernels.6.base_kernel.kernels.0,MaternKernel,0.10101658397293506,0.10101658397293506,0.10101658397293506
positive_beta_prior__component_scales_lengthscale_only,2026-04-30,11,lengthscale_only,component_scales,lengthscale,covar_module.kernels.0.base_kernel.kernels.6.base_kernel.kernels.1.kernels.0,MaternKernel,0.7547365064615328,0.6478899687636137,0.8268094373208511
positive_beta_prior__component_scales_lengthscale_only,2026-04-30,11,lengthscale_only,component_scales,lengthscale,covar_module.kernels.0.base_kernel.kernels.6.base_kernel.kernels.1.kernels.1,RQKernel,0.7690531593201718,0.6586758257934505,0.8334320711577573
positive_beta_prior__component_scales_lengthscale_only,2026-04-30,11,lengthscale_only,component_scales,outputscale,covar_module.kernels.0.base_kernel.kernels.7,ProductKernel,0.003411388066909167,0.003411388066909167,0.003411388066909167
positive_beta_prior__component_scales_lengthscale_only,2026-04-30,11,lengthscale_only,component_scales,lengthscale,covar_module.kernels.0.base_kernel.kernels.7.base_kernel.kernels.0.kernels.0,MaternKernel,0.7092245033610856,0.633179742751319,0.8136408511914437
positive_beta_prior__component_scales_lengthscale_only,2026-04-30,11,lengthscale_only,component_scales,lengthscale,covar_module.kernels.0.base_kernel.kernels.7.base_kernel.kernels.0.kernels.1,RQKernel,0.7032945101734958,0.6077339251982948,0.8128725987847307
positive_beta_prior__component_scales_lengthscale_only,2026-04-30,11,lengthscale_only,component_scales,lengthscale,covar_module.kernels.0.base_kernel.kernels.7.base_kernel.kernels.1,MaternKernel,1.2885079445549708,0.3397109503019758,3.745297079909104
positive_beta_prior__component_scales_lengthscale_only,2026-04-30,11,lengthscale_only,component_scales,likelihood_noise,likelihood,HadamardGaussianLikelihood,0.006523717800480305,0.005534837226836247,0.007128561398167998
positive_beta_prior__component_scales_lengthscale_only,2026-04-30,11,lengthscale_only,component_scales,mean_constant,mean_module.base_means.0.raw_constant,Parameter,-0.047250505702115135,-0.047250505702115135,-0.047250505702115135
positive_beta_prior__component_scales_lengthscale_only,2026-04-30,11,lengthscale_only,component_scales,mean_constant,mean_module.base_means.1.raw_constant,Parameter,-0.019511880815454224,-0.019511880815454224,-0.019511880815454224
positive_beta_prior__component_scales_lengthscale_only,2026-04-30,11,lengthscale_only,component_scales,mean_constant,mean_module.base_means.2.raw_constant,Parameter,-0.05661062581277969,-0.05661062581277969,-0.05661062581277969
positive_beta_prior__component_scales_lengthscale_only,2026-04-30,11,lengthscale_only,component_scales,mean_constant,mean_module.base_means.3.raw_constant,Parameter,-0.10478917296035996,-0.10478917296035996,-0.10478917296035996
positive_beta_prior__component_scales_lengthscale_only,2026-04-30,11,lengthscale_only,component_scales,mean_constant,mean_module.base_means.4.raw_constant,Parameter,-0.06977037270552944,-0.06977037270552944,-0.06977037270552944
positive_beta_prior__component_scales_lengthscale_only,2026-04-30,11,lengthscale_only,component_scales,mean_constant,mean_module.base_means.5.raw_constant,Parameter,-0.029074059819134274,-0.029074059819134274,-0.029074059819134274
positive_beta_prior__component_scales_lengthscale_only,2026-04-30,11,lengthscale_only,component_scales,mean_constant,mean_module.base_means.6.raw_constant,Parameter,-0.07823576926315527,-0.07823576926315527,-0.07823576926315527
positive_beta_prior__component_scales_lengthscale_only,2026-04-30,11,lengthscale_only,component_scales,mean_constant,mean_module.base_means.7.raw_constant,Parameter,-0.06909636916255218,-0.06909636916255218,-0.06909636916255218
positive_beta_prior__component_scales_lengthscale_only,2026-04-30,11,lengthscale_only,component_scales,mean_constant,mean_module.base_means.8.raw_constant,Parameter,-0.047711180316208066,-0.047711180316208066,-0.047711180316208066
positive_beta_prior__component_scales_lengthscale_only,2026-04-30,11,lengthscale_only,component_scales,mean_constant,mean_module.base_means.9.raw_constant,Parameter,-0.07637989750487051,-0.07637989750487051,-0.07637989750487051
positive_beta_prior__component_scales_lengthscale_only,2026-04-30,11,lengthscale_only,component_scales,mean_constant,mean_module.base_means.10.raw_constant,Parameter,-0.01185039035932931,-0.01185039035932931,-0.01185039035932931
positive_beta_prior__component_scales_lengthscale_only,2026-04-30,11,lengthscale_only,component_scales,mean_constant,mean_module.base_means.11.raw_constant,Parameter,-0.018757642731323753,-0.018757642731323753,-0.018757642731323753
positive_beta_prior__component_scales_lengthscale_only,2026-04-30,11,lengthscale_only,component_scales,mean_constant,mean_module.base_means.12.raw_constant,Parameter,-0.05697697992019873,-0.05697697992019873,-0.05697697992019873
positive_beta_prior__component_scales_lengthscale_only,2026-04-30,11,lengthscale_only,component_scales,mean_constant,mean_module.base_means.13.raw_constant,Parameter,-0.025227119619637403,-0.025227119619637403,-0.025227119619637403
positive_beta_prior__component_scales_lengthscale_only,2026-04-30,11,lengthscale_only,component_scales,mean_constant,mean_module.base_means.14.raw_constant,Parameter,-0.06276732022404162,-0.06276732022404162,-0.06276732022404162
positive_beta_prior__component_scales_lengthscale_only,2026-04-30,11,lengthscale_only,component_scales,mean_constant,mean_module.base_means.15.raw_constant,Parameter,-0.0341616624929125,-0.0341616624929125,-0.0341616624929125
positive_beta_prior__component_scales_lengthscale_only,2026-04-30,11,lengthscale_only,component_scales,mean_constant,mean_module.base_means.16.raw_constant,Parameter,-0.045395143626501926,-0.045395143626501926,-0.045395143626501926
positive_beta_prior__component_scales_lengthscale_only,2026-04-30,11,lengthscale_only,component_scales,mean_constant,mean_module.base_means.17.raw_constant,Parameter,-0.021026713828606065,-0.021026713828606065,-0.021026713828606065
positive_beta_prior__component_scales_neither,2026-04-30,11,neither,component_scales,outputscale,covar_module.kernels.0.kernels.0,MaternKernel,0.004332064857370042,0.004332064857370042,0.004332064857370042
positive_beta_prior__component_scales_neither,2026-04-30,11,neither,component_scales,lengthscale,covar_module.kernels.0.kernels.0.base_kernel,MaternKernel,0.2692082547372605,0.2692082547372605,0.2692082547372605
positive_beta_prior__component_scales_neither,2026-04-30,11,neither,component_scales,outputscale,covar_module.kernels.0.kernels.1,MaternKernel,0.0008710039038373036,0.0008710039038373036,0.0008710039038373036
positive_beta_prior__component_scales_neither,2026-04-30,11,neither,component_scales,lengthscale,covar_module.kernels.0.kernels.1.base_kernel,MaternKernel,0.9291005668988032,0.30843641812831324,1.9467702445376225
positive_beta_prior__component_scales_neither,2026-04-30,11,neither,component_scales,outputscale,covar_module.kernels.0.kernels.2,MaternKernel,0.8713417166595407,0.8713417166595407,0.8713417166595407
positive_beta_prior__component_scales_neither,2026-04-30,11,neither,component_scales,lengthscale,covar_module.kernels.0.kernels.2.base_kernel,MaternKernel,0.6450683666254103,0.10744555661112182,1.6460829408938904
positive_beta_prior__component_scales_neither,2026-04-30,11,neither,component_scales,outputscale,covar_module.kernels.0.kernels.3,RQKernel,0.0062893742730993395,0.0062893742730993395,0.0062893742730993395
positive_beta_prior__component_scales_neither,2026-04-30,11,neither,component_scales,lengthscale,covar_module.kernels.0.kernels.3.base_kernel,RQKernel,0.7648560518202063,0.40751046042882144,0.9993162623117074
positive_beta_prior__component_scales_neither,2026-04-30,11,neither,component_scales,outputscale,covar_module.kernels.0.kernels.4,LinearKernel,0.013698484800253331,0.013698484800253331,0.013698484800253331
positive_beta_prior__component_scales_neither,2026-04-30,11,neither,component_scales,outputscale,covar_module.kernels.0.kernels.5,ProductKernel,0.0462883875687376,0.0462883875687376,0.0462883875687376
positive_beta_prior__component_scales_neither,2026-04-30,11,neither,component_scales,lengthscale,covar_module.kernels.0.kernels.5.base_kernel.kernels.0,MaternKernel,0.026676376907370684,0.026676376907370684,0.026676376907370684
positive_beta_prior__component_scales_neither,2026-04-30,11,neither,component_scales,lengthscale,covar_module.kernels.0.kernels.5.base_kernel.kernels.1,MaternKernel,1.119225475569666,0.19036225724114292,3.0049591324691782
positive_beta_prior__component_scales_neither,2026-04-30,11,neither,component_scales,outputscale,covar_module.kernels.0.kernels.6,ProductKernel,0.004506034317992434,0.004506034317992434,0.004506034317992434
positive_beta_prior__component_scales_neither,2026-04-30,11,neither,component_scales,lengthscale,covar_module.kernels.0.kernels.6.base_kernel.kernels.0,MaternKernel,0.17859640344979205,0.17859640344979205,0.17859640344979205
positive_beta_prior__component_scales_neither,2026-04-30,11,neither,component_scales,lengthscale,covar_module.kernels.0.kernels.6.base_kernel.kernels.1.kernels.0,MaternKernel,0.7663159709037215,0.6472754081254726,0.8352670877783522
positive_beta_prior__component_scales_neither,2026-04-30,11,neither,component_scales,lengthscale,covar_module.kernels.0.kernels.6.base_kernel.kernels.1.kernels.1,RQKernel,0.7818069427896063,0.656470017724164,0.8401436169124131
positive_beta_prior__component_scales_neither,2026-04-30,11,neither,component_scales,outputscale,covar_module.kernels.0.kernels.7,ProductKernel,0.015376088404687441,0.015376088404687441,0.015376088404687441
positive_beta_prior__component_scales_neither,2026-04-30,11,neither,component_scales,lengthscale,covar_module.kernels.0.kernels.7.base_kernel.kernels.0.kernels.0,MaternKernel,0.6621914081195039,0.5538161090660403,0.8237192007972155
positive_beta_prior__component_scales_neither,2026-04-30,11,neither,component_scales,lengthscale,covar_module.kernels.0.kernels.7.base_kernel.kernels.0.kernels.1,RQKernel,0.6461681885821705,0.5075448227527205,0.8247657155086329
positive_beta_prior__component_scales_neither,2026-04-30,11,neither,component_scales,lengthscale,covar_module.kernels.0.kernels.7.base_kernel.kernels.1,MaternKernel,1.3135125894703557,0.29909068889218304,3.8000060721930597
positive_beta_prior__component_scales_neither,2026-04-30,11,neither,component_scales,likelihood_noise,likelihood,HadamardGaussianLikelihood,0.006565782536338918,0.005563682192372349,0.007331210018924686
positive_beta_prior__component_scales_neither,2026-04-30,11,neither,component_scales,mean_constant,mean_module.base_means.0.raw_constant,Parameter,-0.057914737365439166,-0.057914737365439166,-0.057914737365439166
positive_beta_prior__component_scales_neither,2026-04-30,11,neither,component_scales,mean_constant,mean_module.base_means.1.raw_constant,Parameter,-0.030332168865149528,-0.030332168865149528,-0.030332168865149528
positive_beta_prior__component_scales_neither,2026-04-30,11,neither,component_scales,mean_constant,mean_module.base_means.2.raw_constant,Parameter,-0.046766214964107496,-0.046766214964107496,-0.046766214964107496
positive_beta_prior__component_scales_neither,2026-04-30,11,neither,component_scales,mean_constant,mean_module.base_means.3.raw_constant,Parameter,-0.12102415371809234,-0.12102415371809234,-0.12102415371809234
positive_beta_prior__component_scales_neither,2026-04-30,11,neither,component_scales,mean_constant,mean_module.base_means.4.raw_constant,Parameter,-0.11418102970139293,-0.11418102970139293,-0.11418102970139293
positive_beta_prior__component_scales_neither,2026-04-30,11,neither,component_scales,mean_constant,mean_module.base_means.5.raw_constant,Parameter,-0.021104151391857888,-0.021104151391857888,-0.021104151391857888
positive_beta_prior__component_scales_neither,2026-04-30,11,neither,component_scales,mean_constant,mean_module.base_means.6.raw_constant,Parameter,-0.09465628036256217,-0.09465628036256217,-0.09465628036256217
positive_beta_prior__component_scales_neither,2026-04-30,11,neither,component_scales,mean_constant,mean_module.base_means.7.raw_constant,Parameter,-0.05766098508443698,-0.05766098508443698,-0.05766098508443698
positive_beta_prior__component_scales_neither,2026-04-30,11,neither,component_scales,mean_constant,mean_module.base_means.8.raw_constant,Parameter,-0.04933696935237974,-0.04933696935237974,-0.04933696935237974
positive_beta_prior__component_scales_neither,2026-04-30,11,neither,component_scales,mean_constant,mean_module.base_means.9.raw_constant,Parameter,-0.09377981677625212,-0.09377981677625212,-0.09377981677625212
positive_beta_prior__component_scales_neither,2026-04-30,11,neither,component_scales,mean_constant,mean_module.base_means.10.raw_constant,Parameter,0.00999717429055247,0.00999717429055247,0.00999717429055247
positive_beta_prior__component_scales_neither,2026-04-30,11,neither,component_scales,mean_constant,mean_module.base_means.11.raw_constant,Parameter,0.02406568878855717,0.02406568878855717,0.02406568878855717
positive_beta_prior__component_scales_neither,2026-04-30,11,neither,component_scales,mean_constant,mean_module.base_means.12.raw_constant,Parameter,-0.08500958465437475,-0.08500958465437475,-0.08500958465437475
positive_beta_prior__component_scales_neither,2026-04-30,11,neither,component_scales,mean_constant,mean_module.base_means.13.raw_constant,Parameter,-0.01550477687980143,-0.01550477687980143,-0.01550477687980143
positive_beta_prior__component_scales_neither,2026-04-30,11,neither,component_scales,mean_constant,mean_module.base_means.14.raw_constant,Parameter,-0.07058327324400124,-0.07058327324400124,-0.07058327324400124
positive_beta_prior__component_scales_neither,2026-04-30,11,neither,component_scales,mean_constant,mean_module.base_means.15.raw_constant,Parameter,-0.06895467479418244,-0.06895467479418244,-0.06895467479418244
positive_beta_prior__component_scales_neither,2026-04-30,11,neither,component_scales,mean_constant,mean_module.base_means.16.raw_constant,Parameter,-0.025147318331890205,-0.025147318331890205,-0.025147318331890205
positive_beta_prior__component_scales_neither,2026-04-30,11,neither,component_scales,mean_constant,mean_module.base_means.17.raw_constant,Parameter,-0.01572280287934759,-0.01572280287934759,-0.01572280287934759
positive_beta_prior__no_component_scales_lengthscale_only,2026-04-30,11,lengthscale_only,no_component_scales,time_varying_effective_lengthscale_train,covar_module.kernels.0,_Module,0.0006048873736066286,0.00017926830715542453,0.0014269501390072857
positive_beta_prior__no_component_scales_lengthscale_only,2026-04-30,11,lengthscale_only,no_component_scales,time_varying_effective_lengthscale_eval,covar_module.kernels.0,_Module,0.000173175016017744,0.000173175016017744,0.000173175016017744
positive_beta_prior__no_component_scales_lengthscale_only,2026-04-30,11,lengthscale_only,no_component_scales,lengthscale,covar_module.kernels.0.base_kernel.kernels.0,MaternKernel,0.12427956915163557,0.12427956915163557,0.12427956915163557
positive_beta_prior__no_component_scales_lengthscale_only,2026-04-30,11,lengthscale_only,no_component_scales,lengthscale,covar_module.kernels.0.base_kernel.kernels.1,MaternKernel,2.6942433010224405,1.1491885492505727,5.3271780575394025
positive_beta_prior__no_component_scales_lengthscale_only,2026-04-30,11,lengthscale_only,no_component_scales,lengthscale,covar_module.kernels.0.base_kernel.kernels.2,MaternKernel,0.6579449310510359,0.174022577158507,1.1285293750800955
positive_beta_prior__no_component_scales_lengthscale_only,2026-04-30,11,lengthscale_only,no_component_scales,lengthscale,covar_module.kernels.0.base_kernel.kernels.3,RQKernel,0.7130035727906507,0.1646217392783919,1.164169353424785
positive_beta_prior__no_component_scales_lengthscale_only,2026-04-30,11,lengthscale_only,no_component_scales,lengthscale,covar_module.kernels.0.base_kernel.kernels.5.kernels.0,MaternKernel,0.0286748487623773,0.0286748487623773,0.0286748487623773
positive_beta_prior__no_component_scales_lengthscale_only,2026-04-30,11,lengthscale_only,no_component_scales,lengthscale,covar_module.kernels.0.base_kernel.kernels.5.kernels.1,MaternKernel,2.509046137394179,1.0100890834024703,5.357030186371534
positive_beta_prior__no_component_scales_lengthscale_only,2026-04-30,11,lengthscale_only,no_component_scales,lengthscale,covar_module.kernels.0.base_kernel.kernels.6.kernels.0,MaternKernel,0.051509779329515254,0.051509779329515254,0.051509779329515254
positive_beta_prior__no_component_scales_lengthscale_only,2026-04-30,11,lengthscale_only,no_component_scales,lengthscale,covar_module.kernels.0.base_kernel.kernels.6.kernels.1.kernels.0,MaternKernel,0.666978381972614,0.4263273576899488,0.8644890175035208
positive_beta_prior__no_component_scales_lengthscale_only,2026-04-30,11,lengthscale_only,no_component_scales,lengthscale,covar_module.kernels.0.base_kernel.kernels.6.kernels.1.kernels.1,RQKernel,0.7017903088472167,0.43616467834723804,0.8824024973641755
positive_beta_prior__no_component_scales_lengthscale_only,2026-04-30,11,lengthscale_only,no_component_scales,lengthscale,covar_module.kernels.0.base_kernel.kernels.7.kernels.0.kernels.0,MaternKernel,0.5508262921075595,0.2208901512399069,0.9016014744958821
positive_beta_prior__no_component_scales_lengthscale_only,2026-04-30,11,lengthscale_only,no_component_scales,lengthscale,covar_module.kernels.0.base_kernel.kernels.7.kernels.0.kernels.1,RQKernel,0.5460725730623593,0.18231256700711412,0.9251189800220286
positive_beta_prior__no_component_scales_lengthscale_only,2026-04-30,11,lengthscale_only,no_component_scales,lengthscale,covar_module.kernels.0.base_kernel.kernels.7.kernels.1,MaternKernel,3.836586523401873,1.5582423369611946,8.420279255313
positive_beta_prior__no_component_scales_lengthscale_only,2026-04-30,11,lengthscale_only,no_component_scales,likelihood_noise,likelihood,HadamardGaussianLikelihood,0.006391671876056274,0.005498030007266608,0.0072647238486955425
positive_beta_prior__no_component_scales_lengthscale_only,2026-04-30,11,lengthscale_only,no_component_scales,mean_constant,mean_module.base_means.0.raw_constant,Parameter,-0.13910706700168265,-0.13910706700168265,-0.13910706700168265
positive_beta_prior__no_component_scales_lengthscale_only,2026-04-30,11,lengthscale_only,no_component_scales,mean_constant,mean_module.base_means.1.raw_constant,Parameter,-0.03581136597156852,-0.03581136597156852,-0.03581136597156852
positive_beta_prior__no_component_scales_lengthscale_only,2026-04-30,11,lengthscale_only,no_component_scales,mean_constant,mean_module.base_means.2.raw_constant,Parameter,0.058110954436154036,0.058110954436154036,0.058110954436154036
positive_beta_prior__no_component_scales_lengthscale_only,2026-04-30,11,lengthscale_only,no_component_scales,mean_constant,mean_module.base_means.3.raw_constant,Parameter,-0.08976638334803885,-0.08976638334803885,-0.08976638334803885
positive_beta_prior__no_component_scales_lengthscale_only,2026-04-30,11,lengthscale_only,no_component_scales,mean_constant,mean_module.base_means.4.raw_constant,Parameter,-0.12197720677987306,-0.12197720677987306,-0.12197720677987306
positive_beta_prior__no_component_scales_lengthscale_only,2026-04-30,11,lengthscale_only,no_component_scales,mean_constant,mean_module.base_means.5.raw_constant,Parameter,-0.04672027132955543,-0.04672027132955543,-0.04672027132955543
positive_beta_prior__no_component_scales_lengthscale_only,2026-04-30,11,lengthscale_only,no_component_scales,mean_constant,mean_module.base_means.6.raw_constant,Parameter,-0.035121489891540666,-0.035121489891540666,-0.035121489891540666
positive_beta_prior__no_component_scales_lengthscale_only,2026-04-30,11,lengthscale_only,no_component_scales,mean_constant,mean_module.base_means.7.raw_constant,Parameter,0.0033279736328257203,0.0033279736328257203,0.0033279736328257203
positive_beta_prior__no_component_scales_lengthscale_only,2026-04-30,11,lengthscale_only,no_component_scales,mean_constant,mean_module.base_means.8.raw_constant,Parameter,-0.11448784207431444,-0.11448784207431444,-0.11448784207431444
positive_beta_prior__no_component_scales_lengthscale_only,2026-04-30,11,lengthscale_only,no_component_scales,mean_constant,mean_module.base_means.9.raw_constant,Parameter,-0.056141469228742295,-0.056141469228742295,-0.056141469228742295
positive_beta_prior__no_component_scales_lengthscale_only,2026-04-30,11,lengthscale_only,no_component_scales,mean_constant,mean_module.base_means.10.raw_constant,Parameter,0.050867846927771534,0.050867846927771534,0.050867846927771534
positive_beta_prior__no_component_scales_lengthscale_only,2026-04-30,11,lengthscale_only,no_component_scales,mean_constant,mean_module.base_means.11.raw_constant,Parameter,0.05105298121061208,0.05105298121061208,0.05105298121061208
positive_beta_prior__no_component_scales_lengthscale_only,2026-04-30,11,lengthscale_only,no_component_scales,mean_constant,mean_module.base_means.12.raw_constant,Parameter,-0.055598867672359775,-0.055598867672359775,-0.055598867672359775
positive_beta_prior__no_component_scales_lengthscale_only,2026-04-30,11,lengthscale_only,no_component_scales,mean_constant,mean_module.base_means.13.raw_constant,Parameter,0.003000042679700509,0.003000042679700509,0.003000042679700509
positive_beta_prior__no_component_scales_lengthscale_only,2026-04-30,11,lengthscale_only,no_component_scales,mean_constant,mean_module.base_means.14.raw_constant,Parameter,0.008259348395470125,0.008259348395470125,0.008259348395470125
positive_beta_prior__no_component_scales_lengthscale_only,2026-04-30,11,lengthscale_only,no_component_scales,mean_constant,mean_module.base_means.15.raw_constant,Parameter,-0.07799567708473097,-0.07799567708473097,-0.07799567708473097
positive_beta_prior__no_component_scales_lengthscale_only,2026-04-30,11,lengthscale_only,no_component_scales,mean_constant,mean_module.base_means.16.raw_constant,Parameter,-0.02899038483985262,-0.02899038483985262,-0.02899038483985262
positive_beta_prior__no_component_scales_lengthscale_only,2026-04-30,11,lengthscale_only,no_component_scales,mean_constant,mean_module.base_means.17.raw_constant,Parameter,-0.02345085820205267,-0.02345085820205267,-0.02345085820205267
positive_beta_prior__no_component_scales_neither,2026-04-30,11,neither,no_component_scales,lengthscale,covar_module.kernels.0.kernels.0,MaternKernel,0.10453532139971691,0.10453532139971691,0.10453532139971691
positive_beta_prior__no_component_scales_neither,2026-04-30,11,neither,no_component_scales,lengthscale,covar_module.kernels.0.kernels.1,MaternKernel,2.855821930008384,0.9180074175713189,5.78792231138564
positive_beta_prior__no_component_scales_neither,2026-04-30,11,neither,no_component_scales,lengthscale,covar_module.kernels.0.kernels.2,MaternKernel,0.6106552237233445,0.16502376047600192,1.1330549009862763
positive_beta_prior__no_component_scales_neither,2026-04-30,11,neither,no_component_scales,lengthscale,covar_module.kernels.0.kernels.3,RQKernel,0.6622380447500962,0.15745731038699412,1.1753878012714145
positive_beta_prior__no_component_scales_neither,2026-04-30,11,neither,no_component_scales,lengthscale,covar_module.kernels.0.kernels.5.kernels.0,MaternKernel,0.025289732016570667,0.025289732016570667,0.025289732016570667
positive_beta_prior__no_component_scales_neither,2026-04-30,11,neither,no_component_scales,lengthscale,covar_module.kernels.0.kernels.5.kernels.1,MaternKernel,2.617739283496857,0.9612289921406043,6.292142334575612
positive_beta_prior__no_component_scales_neither,2026-04-30,11,neither,no_component_scales,lengthscale,covar_module.kernels.0.kernels.6.kernels.0,MaternKernel,0.02640113252784007,0.02640113252784007,0.02640113252784007
positive_beta_prior__no_component_scales_neither,2026-04-30,11,neither,no_component_scales,lengthscale,covar_module.kernels.0.kernels.6.kernels.1.kernels.0,MaternKernel,0.5931361200323304,0.24061311910899225,0.8578974780371378
positive_beta_prior__no_component_scales_neither,2026-04-30,11,neither,no_component_scales,lengthscale,covar_module.kernels.0.kernels.6.kernels.1.kernels.1,RQKernel,0.6189335078094851,0.21677914462763137,0.870883736815543
positive_beta_prior__no_component_scales_neither,2026-04-30,11,neither,no_component_scales,lengthscale,covar_module.kernels.0.kernels.7.kernels.0.kernels.0,MaternKernel,0.5298524734026385,0.18859930115696327,0.9152655814273982
positive_beta_prior__no_component_scales_neither,2026-04-30,11,neither,no_component_scales,lengthscale,covar_module.kernels.0.kernels.7.kernels.0.kernels.1,RQKernel,0.5304669507340828,0.16771695930699862,0.9341681351911668
positive_beta_prior__no_component_scales_neither,2026-04-30,11,neither,no_component_scales,lengthscale,covar_module.kernels.0.kernels.7.kernels.1,MaternKernel,4.160784874790423,1.6861566782771993,9.908259806066127
positive_beta_prior__no_component_scales_neither,2026-04-30,11,neither,no_component_scales,likelihood_noise,likelihood,HadamardGaussianLikelihood,0.006413899841123974,0.005556577868583343,0.00745300521422927
positive_beta_prior__no_component_scales_neither,2026-04-30,11,neither,no_component_scales,mean_constant,mean_module.base_means.0.raw_constant,Parameter,0.1507556153180285,0.1507556153180285,0.1507556153180285
positive_beta_prior__no_component_scales_neither,2026-04-30,11,neither,no_component_scales,mean_constant,mean_module.base_means.1.raw_constant,Parameter,0.20203911088684207,0.20203911088684207,0.20203911088684207
positive_beta_prior__no_component_scales_neither,2026-04-30,11,neither,no_component_scales,mean_constant,mean_module.base_means.2.raw_constant,Parameter,0.05016666821059511,0.05016666821059511,0.05016666821059511
positive_beta_prior__no_component_scales_neither,2026-04-30,11,neither,no_component_scales,mean_constant,mean_module.base_means.3.raw_constant,Parameter,-0.04375014788603445,-0.04375014788603445,-0.04375014788603445
positive_beta_prior__no_component_scales_neither,2026-04-30,11,neither,no_component_scales,mean_constant,mean_module.base_means.4.raw_constant,Parameter,-0.05850437444646493,-0.05850437444646493,-0.05850437444646493
positive_beta_prior__no_component_scales_neither,2026-04-30,11,neither,no_component_scales,mean_constant,mean_module.base_means.5.raw_constant,Parameter,0.0641665501531066,0.0641665501531066,0.0641665501531066
positive_beta_prior__no_component_scales_neither,2026-04-30,11,neither,no_component_scales,mean_constant,mean_module.base_means.6.raw_constant,Parameter,-0.07567919467998473,-0.07567919467998473,-0.07567919467998473
positive_beta_prior__no_component_scales_neither,2026-04-30,11,neither,no_component_scales,mean_constant,mean_module.base_means.7.raw_constant,Parameter,-0.007420216082971259,-0.007420216082971259,-0.007420216082971259
positive_beta_prior__no_component_scales_neither,2026-04-30,11,neither,no_component_scales,mean_constant,mean_module.base_means.8.raw_constant,Parameter,-0.011600659302581638,-0.011600659302581638,-0.011600659302581638
positive_beta_prior__no_component_scales_neither,2026-04-30,11,neither,no_component_scales,mean_constant,mean_module.base_means.9.raw_constant,Parameter,-0.072595404775933,-0.072595404775933,-0.072595404775933
positive_beta_prior__no_component_scales_neither,2026-04-30,11,neither,no_component_scales,mean_constant,mean_module.base_means.10.raw_constant,Parameter,0.12023937439326395,0.12023937439326395,0.12023937439326395
positive_beta_prior__no_component_scales_neither,2026-04-30,11,neither,no_component_scales,mean_constant,mean_module.base_means.11.raw_constant,Parameter,0.13511144350332246,0.13511144350332246,0.13511144350332246
positive_beta_prior__no_component_scales_neither,2026-04-30,11,neither,no_component_scales,mean_constant,mean_module.base_means.12.raw_constant,Parameter,0.05726321124618556,0.05726321124618556,0.05726321124618556
positive_beta_prior__no_component_scales_neither,2026-04-30,11,neither,no_component_scales,mean_constant,mean_module.base_means.13.raw_constant,Parameter,0.0689239093393285,0.0689239093393285,0.0689239093393285
positive_beta_prior__no_component_scales_neither,2026-04-30,11,neither,no_component_scales,mean_constant,mean_module.base_means.14.raw_constant,Parameter,0.04512783765850007,0.04512783765850007,0.04512783765850007
positive_beta_prior__no_component_scales_neither,2026-04-30,11,neither,no_component_scales,mean_constant,mean_module.base_means.15.raw_constant,Parameter,-0.008364069186812921,-0.008364069186812921,-0.008364069186812921
positive_beta_prior__no_component_scales_neither,2026-04-30,11,neither,no_component_scales,mean_constant,mean_module.base_means.16.raw_constant,Parameter,0.01961034421270638,0.01961034421270638,0.01961034421270638
positive_beta_prior__no_component_scales_neither,2026-04-30,11,neither,no_component_scales,mean_constant,mean_module.base_means.17.raw_constant,Parameter,0.06058342206626562,0.06058342206626562,0.06058342206626562
positive_beta_prior__global_scale_lengthscale_only,2026-04-30,11,lengthscale_only,global_scale,outputscale,covar_module.kernels.0,_Module,0.022013757797861584,0.022013757797861584,0.022013757797861584
positive_beta_prior__global_scale_lengthscale_only,2026-04-30,11,lengthscale_only,global_scale,time_varying_effective_lengthscale_train,covar_module.kernels.0.base_kernel,_Module,0.00010816702719728748,3.3747804473698453e-06,0.0005378199163452253
positive_beta_prior__global_scale_lengthscale_only,2026-04-30,11,lengthscale_only,global_scale,time_varying_effective_lengthscale_eval,covar_module.kernels.0.base_kernel,_Module,3.1012524953630303e-06,3.1012524953630303e-06,3.1012524953630303e-06
positive_beta_prior__global_scale_lengthscale_only,2026-04-30,11,lengthscale_only,global_scale,lengthscale,covar_module.kernels.0.base_kernel.base_kernel.kernels.0,MaternKernel,0.12011231567278177,0.12011231567278177,0.12011231567278177
positive_beta_prior__global_scale_lengthscale_only,2026-04-30,11,lengthscale_only,global_scale,lengthscale,covar_module.kernels.0.base_kernel.base_kernel.kernels.1,MaternKernel,1.088759660314301,0.448595684636707,2.3508919376331656
positive_beta_prior__global_scale_lengthscale_only,2026-04-30,11,lengthscale_only,global_scale,lengthscale,covar_module.kernels.0.base_kernel.base_kernel.kernels.2,MaternKernel,0.7326500885963766,0.5091588827933187,0.8648408057142758
positive_beta_prior__global_scale_lengthscale_only,2026-04-30,11,lengthscale_only,global_scale,lengthscale,covar_module.kernels.0.base_kernel.base_kernel.kernels.3,RQKernel,0.7419868115546431,0.48166906883373184,0.8753377763355757
positive_beta_prior__global_scale_lengthscale_only,2026-04-30,11,lengthscale_only,global_scale,lengthscale,covar_module.kernels.0.base_kernel.base_kernel.kernels.5.kernels.0,MaternKernel,0.056558186601747426,0.056558186601747426,0.056558186601747426
positive_beta_prior__global_scale_lengthscale_only,2026-04-30,11,lengthscale_only,global_scale,lengthscale,covar_module.kernels.0.base_kernel.base_kernel.kernels.5.kernels.1,MaternKernel,0.9929511036183566,0.41947563739783716,2.3213178909834813
positive_beta_prior__global_scale_lengthscale_only,2026-04-30,11,lengthscale_only,global_scale,lengthscale,covar_module.kernels.0.base_kernel.base_kernel.kernels.6.kernels.0,MaternKernel,0.028828634681035362,0.028828634681035362,0.028828634681035362
positive_beta_prior__global_scale_lengthscale_only,2026-04-30,11,lengthscale_only,global_scale,lengthscale,covar_module.kernels.0.base_kernel.base_kernel.kernels.6.kernels.1.kernels.0,MaternKernel,0.7756136078633553,0.7190850575061476,0.8207385669756061
positive_beta_prior__global_scale_lengthscale_only,2026-04-30,11,lengthscale_only,global_scale,lengthscale,covar_module.kernels.0.base_kernel.base_kernel.kernels.6.kernels.1.kernels.1,RQKernel,0.7815370479175627,0.7219931374706687,0.8231750904808501
positive_beta_prior__global_scale_lengthscale_only,2026-04-30,11,lengthscale_only,global_scale,lengthscale,covar_module.kernels.0.base_kernel.base_kernel.kernels.7.kernels.0.kernels.0,MaternKernel,0.6636621068668404,0.5875821036928615,0.815870275346601
positive_beta_prior__global_scale_lengthscale_only,2026-04-30,11,lengthscale_only,global_scale,lengthscale,covar_module.kernels.0.base_kernel.base_kernel.kernels.7.kernels.0.kernels.1,RQKernel,0.6435709735300212,0.5511569247704144,0.8154970373128758
positive_beta_prior__global_scale_lengthscale_only,2026-04-30,11,lengthscale_only,global_scale,lengthscale,covar_module.kernels.0.base_kernel.base_kernel.kernels.7.kernels.1,MaternKernel,1.4778536976406274,0.3768232939067495,4.047853918167419
positive_beta_prior__global_scale_lengthscale_only,2026-04-30,11,lengthscale_only,global_scale,likelihood_noise,likelihood,HadamardGaussianLikelihood,0.006517345810115476,0.005746748783699771,0.0069646944108280595
positive_beta_prior__global_scale_lengthscale_only,2026-04-30,11,lengthscale_only,global_scale,mean_constant,mean_module.base_means.0.raw_constant,Parameter,-0.010584851966567218,-0.010584851966567218,-0.010584851966567218
positive_beta_prior__global_scale_lengthscale_only,2026-04-30,11,lengthscale_only,global_scale,mean_constant,mean_module.base_means.1.raw_constant,Parameter,-0.0024878127506923484,-0.0024878127506923484,-0.0024878127506923484
positive_beta_prior__global_scale_lengthscale_only,2026-04-30,11,lengthscale_only,global_scale,mean_constant,mean_module.base_means.2.raw_constant,Parameter,-0.030366790209941274,-0.030366790209941274,-0.030366790209941274
positive_beta_prior__global_scale_lengthscale_only,2026-04-30,11,lengthscale_only,global_scale,mean_constant,mean_module.base_means.3.raw_constant,Parameter,-0.08365443342479323,-0.08365443342479323,-0.08365443342479323
positive_beta_prior__global_scale_lengthscale_only,2026-04-30,11,lengthscale_only,global_scale,mean_constant,mean_module.base_means.4.raw_constant,Parameter,-0.07755941795546234,-0.07755941795546234,-0.07755941795546234
positive_beta_prior__global_scale_lengthscale_only,2026-04-30,11,lengthscale_only,global_scale,mean_constant,mean_module.base_means.5.raw_constant,Parameter,-0.07608956536840258,-0.07608956536840258,-0.07608956536840258
positive_beta_prior__global_scale_lengthscale_only,2026-04-30,11,lengthscale_only,global_scale,mean_constant,mean_module.base_means.6.raw_constant,Parameter,-0.0892285874977502,-0.0892285874977502,-0.0892285874977502
positive_beta_prior__global_scale_lengthscale_only,2026-04-30,11,lengthscale_only,global_scale,mean_constant,mean_module.base_means.7.raw_constant,Parameter,-0.048488488994339,-0.048488488994339,-0.048488488994339
positive_beta_prior__global_scale_lengthscale_only,2026-04-30,11,lengthscale_only,global_scale,mean_constant,mean_module.base_means.8.raw_constant,Parameter,-0.05132239413166427,-0.05132239413166427,-0.05132239413166427
positive_beta_prior__global_scale_lengthscale_only,2026-04-30,11,lengthscale_only,global_scale,mean_constant,mean_module.base_means.9.raw_constant,Parameter,-0.07661667521769487,-0.07661667521769487,-0.07661667521769487
positive_beta_prior__global_scale_lengthscale_only,2026-04-30,11,lengthscale_only,global_scale,mean_constant,mean_module.base_means.10.raw_constant,Parameter,0.011090225588844108,0.011090225588844108,0.011090225588844108
positive_beta_prior__global_scale_lengthscale_only,2026-04-30,11,lengthscale_only,global_scale,mean_constant,mean_module.base_means.11.raw_constant,Parameter,0.010376092822637864,0.010376092822637864,0.010376092822637864
positive_beta_prior__global_scale_lengthscale_only,2026-04-30,11,lengthscale_only,global_scale,mean_constant,mean_module.base_means.12.raw_constant,Parameter,-0.03536958116024663,-0.03536958116024663,-0.03536958116024663
positive_beta_prior__global_scale_lengthscale_only,2026-04-30,11,lengthscale_only,global_scale,mean_constant,mean_module.base_means.13.raw_constant,Parameter,-0.022188061655071766,-0.022188061655071766,-0.022188061655071766
positive_beta_prior__global_scale_lengthscale_only,2026-04-30,11,lengthscale_only,global_scale,mean_constant,mean_module.base_means.14.raw_constant,Parameter,-0.023494621204843715,-0.023494621204843715,-0.023494621204843715
positive_beta_prior__global_scale_lengthscale_only,2026-04-30,11,lengthscale_only,global_scale,mean_constant,mean_module.base_means.15.raw_constant,Parameter,0.00961173160580041,0.00961173160580041,0.00961173160580041
positive_beta_prior__global_scale_lengthscale_only,2026-04-30,11,lengthscale_only,global_scale,mean_constant,mean_module.base_means.16.raw_constant,Parameter,-0.012817148319031593,-0.012817148319031593,-0.012817148319031593
positive_beta_prior__global_scale_lengthscale_only,2026-04-30,11,lengthscale_only,global_scale,mean_constant,mean_module.base_means.17.raw_constant,Parameter,0.005811583215497277,0.005811583215497277,0.005811583215497277
positive_beta_prior__global_scale_neither,2026-04-30,11,neither,global_scale,outputscale,covar_module.kernels.0,AdditiveKernel,0.04466938536380049,0.04466938536380049,0.04466938536380049
positive_beta_prior__global_scale_neither,2026-04-30,11,neither,global_scale,lengthscale,covar_module.kernels.0.base_kernel.kernels.0,MaternKernel,0.05000937985624171,0.05000937985624171,0.05000937985624171
positive_beta_prior__global_scale_neither,2026-04-30,11,neither,global_scale,lengthscale,covar_module.kernels.0.base_kernel.kernels.1,MaternKernel,1.581806842308606,0.4493465225125289,3.3324882505652003
positive_beta_prior__global_scale_neither,2026-04-30,11,neither,global_scale,lengthscale,covar_module.kernels.0.base_kernel.kernels.2,MaternKernel,0.6249188999881234,0.26154895085651475,0.948000958318456
positive_beta_prior__global_scale_neither,2026-04-30,11,neither,global_scale,lengthscale,covar_module.kernels.0.base_kernel.kernels.3,RQKernel,0.6424451999123348,0.21663656499864653,0.978633198367275
positive_beta_prior__global_scale_neither,2026-04-30,11,neither,global_scale,lengthscale,covar_module.kernels.0.base_kernel.kernels.5.kernels.0,MaternKernel,0.025929413808354108,0.025929413808354108,0.025929413808354108
positive_beta_prior__global_scale_neither,2026-04-30,11,neither,global_scale,lengthscale,covar_module.kernels.0.base_kernel.kernels.5.kernels.1,MaternKernel,1.4429094614890123,0.3704568994689181,3.3917586479454895
positive_beta_prior__global_scale_neither,2026-04-30,11,neither,global_scale,lengthscale,covar_module.kernels.0.base_kernel.kernels.6.kernels.0,MaternKernel,0.025058804317459393,0.025058804317459393,0.025058804317459393
positive_beta_prior__global_scale_neither,2026-04-30,11,neither,global_scale,lengthscale,covar_module.kernels.0.base_kernel.kernels.6.kernels.1.kernels.0,MaternKernel,0.6561494160199579,0.4737834322112089,0.8205831782184997
positive_beta_prior__global_scale_neither,2026-04-30,11,neither,global_scale,lengthscale,covar_module.kernels.0.base_kernel.kernels.6.kernels.1.kernels.1,RQKernel,0.6548793842878238,0.4486034288397285,0.8245713103578608
positive_beta_prior__global_scale_neither,2026-04-30,11,neither,global_scale,lengthscale,covar_module.kernels.0.base_kernel.kernels.7.kernels.0.kernels.0,MaternKernel,0.5467861666664765,0.4073620438329091,0.833094939266771
positive_beta_prior__global_scale_neither,2026-04-30,11,neither,global_scale,lengthscale,covar_module.kernels.0.base_kernel.kernels.7.kernels.0.kernels.1,RQKernel,0.5169415766069709,0.3524053229256898,0.8352400141469428
positive_beta_prior__global_scale_neither,2026-04-30,11,neither,global_scale,lengthscale,covar_module.kernels.0.base_kernel.kernels.7.kernels.1,MaternKernel,2.359248039345019,0.6350635816143886,5.887735633321925
positive_beta_prior__global_scale_neither,2026-04-30,11,neither,global_scale,likelihood_noise,likelihood,HadamardGaussianLikelihood,0.006482918836350447,0.005719402587617869,0.007095772207987733
positive_beta_prior__global_scale_neither,2026-04-30,11,neither,global_scale,mean_constant,mean_module.base_means.0.raw_constant,Parameter,0.031274676331332574,0.031274676331332574,0.031274676331332574
positive_beta_prior__global_scale_neither,2026-04-30,11,neither,global_scale,mean_constant,mean_module.base_means.1.raw_constant,Parameter,0.07261993216312268,0.07261993216312268,0.07261993216312268
positive_beta_prior__global_scale_neither,2026-04-30,11,neither,global_scale,mean_constant,mean_module.base_means.2.raw_constant,Parameter,-0.025152573094534683,-0.025152573094534683,-0.025152573094534683
positive_beta_prior__global_scale_neither,2026-04-30,11,neither,global_scale,mean_constant,mean_module.base_means.3.raw_constant,Parameter,-0.05479609000205933,-0.05479609000205933,-0.05479609000205933
positive_beta_prior__global_scale_neither,2026-04-30,11,neither,global_scale,mean_constant,mean_module.base_means.4.raw_constant,Parameter,-0.054875317767163576,-0.054875317767163576,-0.054875317767163576
positive_beta_prior__global_scale_neither,2026-04-30,11,neither,global_scale,mean_constant,mean_module.base_means.5.raw_constant,Parameter,0.02115177816964372,0.02115177816964372,0.02115177816964372
positive_beta_prior__global_scale_neither,2026-04-30,11,neither,global_scale,mean_constant,mean_module.base_means.6.raw_constant,Parameter,-0.05271085718558976,-0.05271085718558976,-0.05271085718558976
positive_beta_prior__global_scale_neither,2026-04-30,11,neither,global_scale,mean_constant,mean_module.base_means.7.raw_constant,Parameter,-0.016322776836018613,-0.016322776836018613,-0.016322776836018613
positive_beta_prior__global_scale_neither,2026-04-30,11,neither,global_scale,mean_constant,mean_module.base_means.8.raw_constant,Parameter,-0.005634347995957977,-0.005634347995957977,-0.005634347995957977
positive_beta_prior__global_scale_neither,2026-04-30,11,neither,global_scale,mean_constant,mean_module.base_means.9.raw_constant,Parameter,-0.04637888110790024,-0.04637888110790024,-0.04637888110790024
positive_beta_prior__global_scale_neither,2026-04-30,11,neither,global_scale,mean_constant,mean_module.base_means.10.raw_constant,Parameter,0.06370681249077884,0.06370681249077884,0.06370681249077884
positive_beta_prior__global_scale_neither,2026-04-30,11,neither,global_scale,mean_constant,mean_module.base_means.11.raw_constant,Parameter,0.07097275485867634,0.07097275485867634,0.07097275485867634
positive_beta_prior__global_scale_neither,2026-04-30,11,neither,global_scale,mean_constant,mean_module.base_means.12.raw_constant,Parameter,-0.027287585762167405,-0.027287585762167405,-0.027287585762167405
positive_beta_prior__global_scale_neither,2026-04-30,11,neither,global_scale,mean_constant,mean_module.base_means.13.raw_constant,Parameter,0.025635145757955894,0.025635145757955894,0.025635145757955894
positive_beta_prior__global_scale_neither,2026-04-30,11,neither,global_scale,mean_constant,mean_module.base_means.14.raw_constant,Parameter,-0.08505990961303743,-0.08505990961303743,-0.08505990961303743
positive_beta_prior__global_scale_neither,2026-04-30,11,neither,global_scale,mean_constant,mean_module.base_means.15.raw_constant,Parameter,-0.010831320601409032,-0.010831320601409032,-0.010831320601409032
positive_beta_prior__global_scale_neither,2026-04-30,11,neither,global_scale,mean_constant,mean_module.base_means.16.raw_constant,Parameter,-0.014261088539467393,-0.014261088539467393,-0.014261088539467393
positive_beta_prior__global_scale_neither,2026-04-30,11,neither,global_scale,mean_constant,mean_module.base_means.17.raw_constant,Parameter,0.0038293676842125696,0.0038293676842125696,0.0038293676842125696
