variant,date,asset_id,train_mean,y_true,y_pred,y_std,y_true_resid,y_pred_resid
positive_beta_prior__component_scales_lengthscale_only,2025-05-30,SPY,0.007317202496114117,0.04769511906164903,0.008819995691809865,0.04626008823051924,0.04037791656553491,0.0015027931956957483
positive_beta_prior__component_scales_lengthscale_only,2025-05-30,MGK,0.009610770673104944,0.06034673392230827,0.0099001021233436,0.06077626777791574,0.05073596324920333,0.0002893314502386557
positive_beta_prior__component_scales_lengthscale_only,2025-05-30,VTV,0.005312478651329571,0.0332330912657377,0.0074911572339488135,0.040679927274762356,0.027920612614408133,0.0021786785826192426
positive_beta_prior__component_scales_lengthscale_only,2025-05-30,IJR,-0.00041575730887501996,0.03734736300075814,0.003079967576765043,0.05447197482104862,0.03776312030963316,0.003495724885640063
positive_beta_prior__component_scales_lengthscale_only,2025-05-30,IWM,-0.0015216367751140637,0.05147995646827952,0.0016002085310898018,0.05559441288469512,0.05300159324339358,0.0031218453062038655
positive_beta_prior__component_scales_lengthscale_only,2025-05-30,VNQ,0.0013147227365438608,0.0033500785292834845,0.0018734895354848955,0.057622924122671615,0.002035355792739624,0.0005587667989410347
positive_beta_prior__component_scales_lengthscale_only,2025-05-30,VNQI,-0.003141402592921254,0.04115888912622401,-0.0025552280644648567,0.0481861453959085,0.04430029171914526,0.0005861745284563972
positive_beta_prior__component_scales_lengthscale_only,2025-05-30,VEA,0.003213867729195683,0.030256851306093457,0.003921144163506002,0.04696509851777238,0.027042983576897776,0.0007072764343103188
positive_beta_prior__component_scales_lengthscale_only,2025-05-30,VWO,-0.0013812432635037686,0.05168209224062714,-0.0002530941363804826,0.041724662938478214,0.053063335504130914,0.001128149127123286
positive_beta_prior__component_scales_lengthscale_only,2025-05-30,VSS,0.00044890942076046157,0.054769444558085745,0.0014309117624580808,0.04694835085865279,0.054320535137325286,0.0009820023416976192
positive_beta_prior__component_scales_lengthscale_only,2025-05-30,BND,-0.003237055002469442,0.011602274676301816,-0.0030385624078730026,0.017676351271433518,0.014839329678771258,0.00019849259459643956
positive_beta_prior__component_scales_lengthscale_only,2025-05-30,IEF,-0.0040674968930327,0.012452491537882304,-0.004266274838289929,0.02081535174904383,0.016519988430915004,-0.00019877794525722907
positive_beta_prior__component_scales_lengthscale_only,2025-05-30,BNDX,-0.0027348125869511297,-0.0001381150801093023,-0.0015627675879311823,0.014871333021183713,0.0025966975068418274,0.0011720449990199474
positive_beta_prior__component_scales_lengthscale_only,2025-05-30,LQD,-0.003152480733546488,0.01724059290590274,-0.0029120708064520546,0.027593139503812508,0.020393073639449227,0.00024040992709443336
positive_beta_prior__component_scales_lengthscale_only,2025-05-30,HYG,5.2760762575032596e-05,0.014810137654057698,0.0007871451879836315,0.022831177906733852,0.014757376891482665,0.0007343844254085989
positive_beta_prior__component_scales_lengthscale_only,2025-05-30,EWX,0.0014349156952656505,0.05043478917948763,0.0034156551871590375,0.03766579907795161,0.048999873484221974,0.0019807394918933867
positive_beta_prior__component_scales_lengthscale_only,2025-05-30,VWOB,-0.001725584997727383,0.021275025282161186,-0.0017651281622457025,0.030135723571439385,0.02300061027988857,-3.95431645183195e-05
positive_beta_prior__component_scales_lengthscale_only,2025-05-30,HYEM,-0.0011012187111369331,0.014454903619178339,-0.001039765894163863,0.027217020186366372,0.015556122330315272,6.145281697307018e-05
positive_beta_prior__component_scales_neither,2025-05-30,SPY,0.007317202496114117,0.04769511906164903,0.01727444135713148,0.049065289641016356,0.04037791656553491,0.009957238861017362
positive_beta_prior__component_scales_neither,2025-05-30,MGK,0.009610770673104944,0.06034673392230827,0.02253540610892501,0.06315949228404737,0.05073596324920333,0.012924635435820064
positive_beta_prior__component_scales_neither,2025-05-30,VTV,0.005312478651329571,0.0332330912657377,0.01204891277209295,0.04508278868181747,0.027920612614408133,0.00673643412076338
positive_beta_prior__component_scales_neither,2025-05-30,IJR,-0.00041575730887501996,0.03734736300075814,0.011506756088332923,0.05872353283448774,0.03776312030963316,0.011922513397207943
positive_beta_prior__component_scales_neither,2025-05-30,IWM,-0.0015216367751140637,0.05147995646827952,0.01102590204964631,0.05957294860382906,0.05300159324339358,0.012547538824760373
positive_beta_prior__component_scales_neither,2025-05-30,VNQ,0.0013147227365438608,0.0033500785292834845,0.00545928345288638,0.05893897553472128,0.002035355792739624,0.004144560716342519
positive_beta_prior__component_scales_neither,2025-05-30,VNQI,-0.003141402592921254,0.04115888912622401,-0.0010419375199305905,0.04843631164323955,0.04430029171914526,0.0020994650729906634
positive_beta_prior__component_scales_neither,2025-05-30,VEA,0.003213867729195683,0.030256851306093457,0.0075538973760312916,0.049146146698047566,0.027042983576897776,0.004340029646835608
positive_beta_prior__component_scales_neither,2025-05-30,VWO,-0.0013812432635037686,0.05168209224062714,0.002995905524166793,0.042484675368925945,0.053063335504130914,0.0043771487876705616
positive_beta_prior__component_scales_neither,2025-05-30,VSS,0.00044890942076046157,0.054769444558085745,0.0060148960329500425,0.04849224950478999,0.054320535137325286,0.0055659866121895805
positive_beta_prior__component_scales_neither,2025-05-30,BND,-0.003237055002469442,0.011602274676301816,-0.002531424007152192,0.016913158975707138,0.014839329678771258,0.0007056309953172501
positive_beta_prior__component_scales_neither,2025-05-30,IEF,-0.0040674968930327,0.012452491537882304,-0.0042712953215930955,0.019913280692165327,0.016519988430915004,-0.00020379842856039533
positive_beta_prior__component_scales_neither,2025-05-30,BNDX,-0.0027348125869511297,-0.0001381150801093023,-0.0008145742126115401,0.014196500232861169,0.0025966975068418274,0.0019202383743395896
positive_beta_prior__component_scales_neither,2025-05-30,LQD,-0.003152480733546488,0.01724059290590274,-6.602913847349613e-05,0.026830993992760982,0.020393073639449227,0.003086451595072992
positive_beta_prior__component_scales_neither,2025-05-30,HYG,5.2760762575032596e-05,0.014810137654057698,0.0020316731013051916,0.02305468993197436,0.014757376891482665,0.001978912338730159
positive_beta_prior__component_scales_neither,2025-05-30,EWX,0.0014349156952656505,0.05043478917948763,0.008307840694168341,0.03736934739476979,0.048999873484221974,0.0068729249989026905
positive_beta_prior__component_scales_neither,2025-05-30,VWOB,-0.001725584997727383,0.021275025282161186,0.0013381352231812112,0.030356363998783182,0.02300061027988857,0.003063720220908594
positive_beta_prior__component_scales_neither,2025-05-30,HYEM,-0.0011012187111369331,0.014454903619178339,0.0007087964918252299,0.02596496012772434,0.015556122330315272,0.001810015202962163
positive_beta_prior__no_component_scales_lengthscale_only,2025-05-30,SPY,0.007317202496114117,0.04769511906164903,0.008996941263858886,0.13266272573167515,0.04037791656553491,0.0016797387677447689
positive_beta_prior__no_component_scales_lengthscale_only,2025-05-30,MGK,0.009610770673104944,0.06034673392230827,0.011565141405598169,0.09214755450564588,0.05073596324920333,0.0019543707324932245
positive_beta_prior__no_component_scales_lengthscale_only,2025-05-30,VTV,0.005312478651329571,0.0332330912657377,0.009120381135401574,0.039241395256805284,0.027920612614408133,0.003807902484072003
positive_beta_prior__no_component_scales_lengthscale_only,2025-05-30,IJR,-0.00041575730887501996,0.03734736300075814,0.0038113806552797906,0.057666437759037,0.03776312030963316,0.00422713796415481
positive_beta_prior__no_component_scales_lengthscale_only,2025-05-30,IWM,-0.0015216367751140637,0.05147995646827952,0.0010608077963501041,0.05985552691301483,0.05300159324339358,0.002582444571464168
positive_beta_prior__no_component_scales_lengthscale_only,2025-05-30,VNQ,0.0013147227365438608,0.0033500785292834845,0.00320344464797571,0.057076192596070316,0.002035355792739624,0.0018887219114318494
positive_beta_prior__no_component_scales_lengthscale_only,2025-05-30,VNQI,-0.003141402592921254,0.04115888912622401,0.00011322794990962105,0.04161899242231764,0.04430029171914526,0.003254630542830875
positive_beta_prior__no_component_scales_lengthscale_only,2025-05-30,VEA,0.003213867729195683,0.030256851306093457,0.005995955891352335,0.040923413357483666,0.027042983576897776,0.0027820881621566517
positive_beta_prior__no_component_scales_lengthscale_only,2025-05-30,VWO,-0.0013812432635037686,0.05168209224062714,0.0051868828871004,0.04335179697472256,0.053063335504130914,0.0065681261506041685
positive_beta_prior__no_component_scales_lengthscale_only,2025-05-30,VSS,0.00044890942076046157,0.054769444558085745,0.003268877605713492,0.042434727251287496,0.054320535137325286,0.0028199681849530303
positive_beta_prior__no_component_scales_lengthscale_only,2025-05-30,BND,-0.003237055002469442,0.011602274676301816,-0.0023424163414050084,0.015392735943237259,0.014839329678771258,0.0008946386610644338
positive_beta_prior__no_component_scales_lengthscale_only,2025-05-30,IEF,-0.0040674968930327,0.012452491537882304,-0.0046303456482725555,0.018179535662824424,0.016519988430915004,-0.0005628487552398554
positive_beta_prior__no_component_scales_lengthscale_only,2025-05-30,BNDX,-0.0027348125869511297,-0.0001381150801093023,0.0006980935336413337,0.014933757930803532,0.0025966975068418274,0.0034329061205924634
positive_beta_prior__no_component_scales_lengthscale_only,2025-05-30,LQD,-0.003152480733546488,0.01724059290590274,-0.00017548864634806937,0.024983442171818804,0.020393073639449227,0.0029769920871984185
positive_beta_prior__no_component_scales_lengthscale_only,2025-05-30,HYG,5.2760762575032596e-05,0.014810137654057698,0.001139826686860076,0.021764037549106642,0.014757376891482665,0.0010870659242850434
positive_beta_prior__no_component_scales_lengthscale_only,2025-05-30,EWX,0.0014349156952656505,0.05043478917948763,0.010533568223307902,0.04107421893857538,0.048999873484221974,0.009098652528042251
positive_beta_prior__no_component_scales_lengthscale_only,2025-05-30,VWOB,-0.001725584997727383,0.021275025282161186,0.0011061432651229461,0.028230113544645666,0.02300061027988857,0.002831728262850329
positive_beta_prior__no_component_scales_lengthscale_only,2025-05-30,HYEM,-0.0011012187111369331,0.014454903619178339,0.002422253081738773,0.026641198058094808,0.015556122330315272,0.0035234717928757063
positive_beta_prior__no_component_scales_neither,2025-05-30,SPY,0.007317202496114117,0.04769511906164903,0.026517210217884002,0.12941303614972768,0.04037791656553491,0.019200007721769885
positive_beta_prior__no_component_scales_neither,2025-05-30,MGK,0.009610770673104944,0.06034673392230827,0.021308433664585236,0.08512755512843885,0.05073596324920333,0.011697662991480291
positive_beta_prior__no_component_scales_neither,2025-05-30,VTV,0.005312478651329571,0.0332330912657377,0.019724378787614922,0.05086535805121355,0.027920612614408133,0.014411900136285351
positive_beta_prior__no_component_scales_neither,2025-05-30,IJR,-0.00041575730887501996,0.03734736300075814,0.01335337597424818,0.05571446114048521,0.03776312030963316,0.0137691332831232
positive_beta_prior__no_component_scales_neither,2025-05-30,IWM,-0.0015216367751140637,0.05147995646827952,0.010380001371102749,0.057710606727291426,0.05300159324339358,0.011901638146216812
positive_beta_prior__no_component_scales_neither,2025-05-30,VNQ,0.0013147227365438608,0.0033500785292834845,0.008921008470250347,0.049844276746366885,0.002035355792739624,0.007606285733706486
positive_beta_prior__no_component_scales_neither,2025-05-30,VNQI,-0.003141402592921254,0.04115888912622401,0.0072964993917983625,0.039061290830068846,0.04430029171914526,0.010437901984719616
positive_beta_prior__no_component_scales_neither,2025-05-30,VEA,0.003213867729195683,0.030256851306093457,0.00913044225365699,0.04261349503569572,0.027042983576897776,0.005916574524461307
positive_beta_prior__no_component_scales_neither,2025-05-30,VWO,-0.0013812432635037686,0.05168209224062714,0.009226726139004843,0.038577629881857874,0.053063335504130914,0.010607969402508612
positive_beta_prior__no_component_scales_neither,2025-05-30,VSS,0.00044890942076046157,0.054769444558085745,0.008895757252496079,0.03986593850154663,0.054320535137325286,0.008446847831735617
positive_beta_prior__no_component_scales_neither,2025-05-30,BND,-0.003237055002469442,0.011602274676301816,-0.002359670521071084,0.01481018466854411,0.014839329678771258,0.000877384481398358
positive_beta_prior__no_component_scales_neither,2025-05-30,IEF,-0.0040674968930327,0.012452491537882304,-0.005293202904937698,0.018259119811957415,0.016519988430915004,-0.0012257060119049978
positive_beta_prior__no_component_scales_neither,2025-05-30,BNDX,-0.0027348125869511297,-0.0001381150801093023,0.000556289466882924,0.013619447015196134,0.0025966975068418274,0.0032911020538340537
positive_beta_prior__no_component_scales_neither,2025-05-30,LQD,-0.003152480733546488,0.01724059290590274,0.0006369427659572466,0.02451956355859807,0.020393073639449227,0.0037894234995037345
positive_beta_prior__no_component_scales_neither,2025-05-30,HYG,5.2760762575032596e-05,0.014810137654057698,0.004193255382488733,0.024389237548994427,0.014757376891482665,0.004140494619913701
positive_beta_prior__no_component_scales_neither,2025-05-30,EWX,0.0014349156952656505,0.05043478917948763,0.017586345009660158,0.03403013906182458,0.048999873484221974,0.01615142931439451
positive_beta_prior__no_component_scales_neither,2025-05-30,VWOB,-0.001725584997727383,0.021275025282161186,0.0029453673702710577,0.028887003334255514,0.02300061027988857,0.004670952367998441
positive_beta_prior__no_component_scales_neither,2025-05-30,HYEM,-0.0011012187111369331,0.014454903619178339,0.003297580960587951,0.03125832721654561,0.015556122330315272,0.004398799671724884
positive_beta_prior__global_scale_lengthscale_only,2025-05-30,SPY,0.007317202496114117,0.04769511906164903,0.0064649354332162595,0.05691092154850584,0.04037791656553491,-0.0008522670628978574
positive_beta_prior__global_scale_lengthscale_only,2025-05-30,MGK,0.009610770673104944,0.06034673392230827,0.008495091122484335,0.07325352902299895,0.05073596324920333,-0.0011156795506206095
positive_beta_prior__global_scale_lengthscale_only,2025-05-30,VTV,0.005312478651329571,0.0332330912657377,0.0043463803804855644,0.052970517047648866,0.027920612614408133,-0.0009660982708440064
positive_beta_prior__global_scale_lengthscale_only,2025-05-30,IJR,-0.00041575730887501996,0.03734736300075814,-0.0026152077766955608,0.07137215063482336,0.03776312030963316,-0.002199450467820541
positive_beta_prior__global_scale_lengthscale_only,2025-05-30,IWM,-0.0015216367751140637,0.05147995646827952,-0.004659319521299364,0.07288161746204894,0.05300159324339358,-0.0031376827461853003
positive_beta_prior__global_scale_lengthscale_only,2025-05-30,VNQ,0.0013147227365438608,0.0033500785292834845,-0.0033998827143216868,0.06681809999032037,0.002035355792739624,-0.004714605450865547
positive_beta_prior__global_scale_lengthscale_only,2025-05-30,VNQI,-0.003141402592921254,0.04115888912622401,-0.0052600966453647795,0.05999013092433892,0.04430029171914526,-0.0021186940524435256
positive_beta_prior__global_scale_lengthscale_only,2025-05-30,VEA,0.003213867729195683,0.030256851306093457,-0.00024820411481902985,0.061547991049030464,0.027042983576897776,-0.003462071844014713
positive_beta_prior__global_scale_lengthscale_only,2025-05-30,VWO,-0.0013812432635037686,0.05168209224062714,-0.002904796826813003,0.050983321503251175,0.053063335504130914,-0.0015235535633092343
positive_beta_prior__global_scale_lengthscale_only,2025-05-30,VSS,0.00044890942076046157,0.054769444558085745,-0.0035935425564811462,0.05940307637309761,0.054320535137325286,-0.004042451977241608
positive_beta_prior__global_scale_lengthscale_only,2025-05-30,BND,-0.003237055002469442,0.011602274676301816,-0.0035753354579397436,0.021015184734980603,0.014839329678771258,-0.0003382804554703015
positive_beta_prior__global_scale_lengthscale_only,2025-05-30,IEF,-0.0040674968930327,0.012452491537882304,-0.004929653518326876,0.02411202197200998,0.016519988430915004,-0.000862156625294176
positive_beta_prior__global_scale_lengthscale_only,2025-05-30,BNDX,-0.0027348125869511297,-0.0001381150801093023,-0.0014749763296377848,0.018981650275764934,0.0025966975068418274,0.001259836257313345
positive_beta_prior__global_scale_lengthscale_only,2025-05-30,LQD,-0.003152480733546488,0.01724059290590274,-0.0030987735081908488,0.03337527446293879,0.020393073639449227,5.370722535563916e-05
positive_beta_prior__global_scale_lengthscale_only,2025-05-30,HYG,5.2760762575032596e-05,0.014810137654057698,-0.0015514611918724542,0.029946039548770297,0.014757376891482665,-0.0016042219544474868
positive_beta_prior__global_scale_lengthscale_only,2025-05-30,EWX,0.0014349156952656505,0.05043478917948763,0.0019033727708963465,0.04446006752005481,0.048999873484221974,0.00046845707563069596
positive_beta_prior__global_scale_lengthscale_only,2025-05-30,VWOB,-0.001725584997727383,0.021275025282161186,-0.003575938465193447,0.03769902974633998,0.02300061027988857,-0.001850353467466064
positive_beta_prior__global_scale_lengthscale_only,2025-05-30,HYEM,-0.0011012187111369331,0.014454903619178339,-0.0016855431728239779,0.03407616813022732,0.015556122330315272,-0.0005843244616870447
positive_beta_prior__global_scale_neither,2025-05-30,SPY,0.007317202496114117,0.04769511906164903,0.02499085144752635,0.055677584284777974,0.04037791656553491,0.017673648951412234
positive_beta_prior__global_scale_neither,2025-05-30,MGK,0.009610770673104944,0.06034673392230827,0.03367965816403453,0.07195287290527178,0.05073596324920333,0.024068887490929586
positive_beta_prior__global_scale_neither,2025-05-30,VTV,0.005312478651329571,0.0332330912657377,0.01368579754975154,0.052990949487504366,0.027920612614408133,0.00837331889842197
positive_beta_prior__global_scale_neither,2025-05-30,IJR,-0.00041575730887501996,0.03734736300075814,0.008874365411667695,0.06971493394850381,0.03776312030963316,0.009290122720542715
positive_beta_prior__global_scale_neither,2025-05-30,IWM,-0.0015216367751140637,0.05147995646827952,0.008666026218852901,0.07211745035192285,0.05300159324339358,0.010187662993966964
positive_beta_prior__global_scale_neither,2025-05-30,VNQ,0.0013147227365438608,0.0033500785292834845,0.002043995187209483,0.06628717955261325,0.002035355792739624,0.0007292724506656222
positive_beta_prior__global_scale_neither,2025-05-30,VNQI,-0.003141402592921254,0.04115888912622401,0.002577367229406553,0.05742966847865319,0.04430029171914526,0.005718769822327807
positive_beta_prior__global_scale_neither,2025-05-30,VEA,0.003213867729195683,0.030256851306093457,0.012165666496813275,0.05733487887260463,0.027042983576897776,0.008951798767617591
positive_beta_prior__global_scale_neither,2025-05-30,VWO,-0.0013812432635037686,0.05168209224062714,0.011160796887779108,0.05376191470980095,0.053063335504130914,0.012542040151282876
positive_beta_prior__global_scale_neither,2025-05-30,VSS,0.00044890942076046157,0.054769444558085745,0.011955655365143538,0.055706907203099704,0.054320535137325286,0.011506745944383076
positive_beta_prior__global_scale_neither,2025-05-30,BND,-0.003237055002469442,0.011602274676301816,-0.0046613494684496996,0.01950159872968064,0.014839329678771258,-0.0014242944659802574
positive_beta_prior__global_scale_neither,2025-05-30,IEF,-0.0040674968930327,0.012452491537882304,-0.008330895180900518,0.023165911382880527,0.016519988430915004,-0.004263398287867818
positive_beta_prior__global_scale_neither,2025-05-30,BNDX,-0.0027348125869511297,-0.0001381150801093023,-0.0005486780723149218,0.01751941552136367,0.0025966975068418274,0.002186134514636208
positive_beta_prior__global_scale_neither,2025-05-30,LQD,-0.003152480733546488,0.01724059290590274,-0.0015003116772092822,0.0313355264149311,0.020393073639449227,0.0016521690563372057
positive_beta_prior__global_scale_neither,2025-05-30,HYG,5.2760762575032596e-05,0.014810137654057698,0.004002047490508356,0.02807970767393192,0.014757376891482665,0.003949286727933324
positive_beta_prior__global_scale_neither,2025-05-30,EWX,0.0014349156952656505,0.05043478917948763,0.0181681915329799,0.046032517607358145,0.048999873484221974,0.01673327583771425
positive_beta_prior__global_scale_neither,2025-05-30,VWOB,-0.001725584997727383,0.021275025282161186,0.0040281558541718785,0.03559031893040153,0.02300061027988857,0.0057537408518992614
positive_beta_prior__global_scale_neither,2025-05-30,HYEM,-0.0011012187111369331,0.014454903619178339,0.00507353091092403,0.033679165531374435,0.015556122330315272,0.006174749622060964
positive_beta_prior__component_scales_lengthscale_only,2025-06-30,SPY,0.008108926350340292,0.01908467259702551,0.005639424251433569,0.04605839006022667,0.010975746246685217,-0.0024695020989067232
positive_beta_prior__component_scales_lengthscale_only,2025-06-30,MGK,0.010605593481912853,0.03526188252947149,0.007303680915932462,0.06107774089803949,0.024656289047558635,-0.0033019125659803916
positive_beta_prior__component_scales_lengthscale_only,2025-06-30,VTV,0.005859941643768946,-0.002167296399311236,0.0041375986972123704,0.041217165231688675,-0.00802723804308018,-0.0017223429465565753
positive_beta_prior__component_scales_lengthscale_only,2025-06-30,IJR,0.0003246960305295518,0.005165530187941636,-0.0028350295504919235,0.055050845560335154,0.004840834157412084,-0.0031597255810214752
positive_beta_prior__component_scales_lengthscale_only,2025-06-30,IWM,-0.0004823898487730129,0.012760607343994756,-0.002806906753454903,0.05737318438061856,0.01324299719276777,-0.00232451690468189
positive_beta_prior__component_scales_lengthscale_only,2025-06-30,VNQ,0.0013546316736564024,-0.0029632780526935854,-0.005381328384318512,0.05404243264250097,-0.004317909726349988,-0.006735960057974915
positive_beta_prior__component_scales_lengthscale_only,2025-06-30,VNQI,-0.0022727694219576216,-0.023931985253554888,-0.01092482771274992,0.044253784351824824,-0.021659215831597266,-0.008652058290792297
positive_beta_prior__component_scales_lengthscale_only,2025-06-30,VEA,0.003744122309134855,-0.01766175570590245,-0.00162800734146199,0.044286123771541286,-0.021405878015037304,-0.005372129650596845
positive_beta_prior__component_scales_lengthscale_only,2025-06-30,VWO,-0.0003407857045992409,0.002989658374459969,-0.005869164874120223,0.03981342504186738,0.0033304440790592102,-0.005528379169520982
positive_beta_prior__component_scales_lengthscale_only,2025-06-30,VSS,0.001514017952864879,-0.009120730437294888,-0.005464753452153172,0.044318376874607955,-0.010634748390159767,-0.00697877140501805
positive_beta_prior__component_scales_lengthscale_only,2025-06-30,BND,-0.002946087753866084,-0.006504632044136427,-0.005017156899657908,0.016644182497915452,-0.0035585442902703428,-0.002071069145791824
positive_beta_prior__component_scales_lengthscale_only,2025-06-30,IEF,-0.0037435755512500533,-0.00977429711868305,-0.006192785642877008,0.019299208542190627,-0.0060307215674329975,-0.0024492100916269546
positive_beta_prior__component_scales_lengthscale_only,2025-06-30,BNDX,-0.0026838969495620742,-0.00498710657025403,-0.0045993078480870775,0.014073662428032815,-0.0023032096206919554,-0.0019154108985250033
positive_beta_prior__component_scales_lengthscale_only,2025-06-30,LQD,-0.0027526165445376795,-0.004751878550950606,-0.006491218396454468,0.026146033672992675,-0.001999262006412926,-0.0037386018519167887
positive_beta_prior__component_scales_lengthscale_only,2025-06-30,HYG,0.0003421210937805751,-0.002505544256353631,-0.0018685986883770027,0.02170499038620765,-0.0028476653501342064,-0.0022107197821575777
positive_beta_prior__component_scales_lengthscale_only,2025-06-30,EWX,0.002395697528289611,0.003689786989881094,-0.0011440241985487326,0.03608987290745449,0.0012940894615914834,-0.0035397217268383434
positive_beta_prior__component_scales_lengthscale_only,2025-06-30,VWOB,-0.0012745926392981953,0.003448378263515961,-0.0052717887942514766,0.028167750113538104,0.004722970902814157,-0.003997196154953281
positive_beta_prior__component_scales_lengthscale_only,2025-06-30,HYEM,-0.0007961967046601631,0.0052854367518158085,-0.0008663344433160596,0.025240840740304703,0.006081633456475972,-7.01377386558965e-05
positive_beta_prior__component_scales_neither,2025-06-30,SPY,0.008108926350340292,0.01908467259702551,0.003909198009172446,0.04717237537478566,0.010975746246685217,-0.004199728341167846
positive_beta_prior__component_scales_neither,2025-06-30,MGK,0.010605593481912853,0.03526188252947149,0.007459978286855596,0.06149992841937922,0.024656289047558635,-0.0031456151950572577
positive_beta_prior__component_scales_neither,2025-06-30,VTV,0.005859941643768946,-0.002167296399311236,0.0028671546960917886,0.04280768376315405,-0.00802723804308018,-0.002992786947677157
positive_beta_prior__component_scales_neither,2025-06-30,IJR,0.0003246960305295518,0.005165530187941636,-0.005086233340663177,0.05633039144771116,0.004840834157412084,-0.005410929371192729
positive_beta_prior__component_scales_neither,2025-06-30,IWM,-0.0004823898487730129,0.012760607343994756,-0.005130455808943757,0.05861572420119114,0.01324299719276777,-0.004648065960170745
positive_beta_prior__component_scales_neither,2025-06-30,VNQ,0.0013546316736564024,-0.0029632780526935854,-0.010931514836778887,0.05812378958040273,-0.004317909726349988,-0.012286146510435289
positive_beta_prior__component_scales_neither,2025-06-30,VNQI,-0.0022727694219576216,-0.023931985253554888,-0.01676384466180919,0.04734728169913638,-0.021659215831597266,-0.014491075239851568
positive_beta_prior__component_scales_neither,2025-06-30,VEA,0.003744122309134855,-0.01766175570590245,-0.007508450446628562,0.047741596128540655,-0.021405878015037304,-0.011252572755763418
positive_beta_prior__component_scales_neither,2025-06-30,VWO,-0.0003407857045992409,0.002989658374459969,-0.010089793991604295,0.04201661979762473,0.0033304440790592102,-0.009749008287005053
positive_beta_prior__component_scales_neither,2025-06-30,VSS,0.001514017952864879,-0.009120730437294888,-0.011047607065323652,0.04710640052845762,-0.010634748390159767,-0.01256162501818853
positive_beta_prior__component_scales_neither,2025-06-30,BND,-0.002946087753866084,-0.006504632044136427,-0.005475105752750067,0.016371141362315777,-0.0035585442902703428,-0.002529017998883983
positive_beta_prior__component_scales_neither,2025-06-30,IEF,-0.0037435755512500533,-0.00977429711868305,-0.006774398068714732,0.01925759462628536,-0.0060307215674329975,-0.0030308225174646786
positive_beta_prior__component_scales_neither,2025-06-30,BNDX,-0.0026838969495620742,-0.00498710657025403,-0.005360151217133653,0.01386147781634805,-0.0023032096206919554,-0.0026762542675715785
positive_beta_prior__component_scales_neither,2025-06-30,LQD,-0.0027526165445376795,-0.004751878550950606,-0.007571130949848053,0.026380527002403963,-0.001999262006412926,-0.004818514405310373
positive_beta_prior__component_scales_neither,2025-06-30,HYG,0.0003421210937805751,-0.002505544256353631,-0.0040726990281787665,0.022554242387378007,-0.0028476653501342064,-0.004414820121959342
positive_beta_prior__component_scales_neither,2025-06-30,EWX,0.002395697528289611,0.003689786989881094,-0.00499303154711714,0.037653187968048,0.0012940894615914834,-0.00738872907540675
positive_beta_prior__component_scales_neither,2025-06-30,VWOB,-0.0012745926392981953,0.003448378263515961,-0.007855928517977931,0.029606101620481395,0.004722970902814157,-0.0065813358786797355
positive_beta_prior__component_scales_neither,2025-06-30,HYEM,-0.0007961967046601631,0.0052854367518158085,-0.0021682402095758494,0.028108078414770896,0.006081633456475972,-0.0013720435049156864
positive_beta_prior__no_component_scales_lengthscale_only,2025-06-30,SPY,0.008108926350340292,0.01908467259702551,-0.011290883995237028,0.13109560283922386,0.010975746246685217,-0.01939981034557732
positive_beta_prior__no_component_scales_lengthscale_only,2025-06-30,MGK,0.010605593481912853,0.03526188252947149,-0.0036614393237094593,0.08449754226183165,0.024656289047558635,-0.014267032805622313
positive_beta_prior__no_component_scales_lengthscale_only,2025-06-30,VTV,0.005859941643768946,-0.002167296399311236,0.002282170761843176,0.04248669933691521,-0.00802723804308018,-0.00357777088192577
positive_beta_prior__no_component_scales_lengthscale_only,2025-06-30,IJR,0.0003246960305295518,0.005165530187941636,0.0029835722480098933,0.05748854115517983,0.004840834157412084,0.0026588762174803416
positive_beta_prior__no_component_scales_lengthscale_only,2025-06-30,IWM,-0.0004823898487730129,0.012760607343994756,-0.001135324388066488,0.0617347463844542,0.01324299719276777,-0.0006529345392934751
positive_beta_prior__no_component_scales_lengthscale_only,2025-06-30,VNQ,0.0013546316736564024,-0.0029632780526935854,-0.0007703773975737333,0.056787491516302295,-0.004317909726349988,-0.0021250090712301357
positive_beta_prior__no_component_scales_lengthscale_only,2025-06-30,VNQI,-0.0022727694219576216,-0.023931985253554888,-0.00942467200174766,0.0416805371055004,-0.021659215831597266,-0.007151902579790038
positive_beta_prior__no_component_scales_lengthscale_only,2025-06-30,VEA,0.003744122309134855,-0.01766175570590245,-0.005601708710957876,0.041174564125437824,-0.021405878015037304,-0.009345831020092732
positive_beta_prior__no_component_scales_lengthscale_only,2025-06-30,VWO,-0.0003407857045992409,0.002989658374459969,-0.006731159303475453,0.04575544934628192,0.0033304440790592102,-0.006390373598876212
positive_beta_prior__no_component_scales_lengthscale_only,2025-06-30,VSS,0.001514017952864879,-0.009120730437294888,-0.010627232977363567,0.04139243325291855,-0.010634748390159767,-0.012141250930228446
positive_beta_prior__no_component_scales_lengthscale_only,2025-06-30,BND,-0.002946087753866084,-0.006504632044136427,-0.0035069322390912706,0.015291589053218221,-0.0035585442902703428,-0.0005608444852251864
positive_beta_prior__no_component_scales_lengthscale_only,2025-06-30,IEF,-0.0037435755512500533,-0.00977429711868305,-0.005055765029664697,0.01761314489506829,-0.0060307215674329975,-0.001312189478414644
positive_beta_prior__no_component_scales_lengthscale_only,2025-06-30,BNDX,-0.0026838969495620742,-0.00498710657025403,-0.003809702530506898,0.013051079230686331,-0.0023032096206919554,-0.0011258055809448236
positive_beta_prior__no_component_scales_lengthscale_only,2025-06-30,LQD,-0.0027526165445376795,-0.004751878550950606,-0.004588981117398876,0.02409456676410389,-0.001999262006412926,-0.0018363645728611965
positive_beta_prior__no_component_scales_lengthscale_only,2025-06-30,HYG,0.0003421210937805751,-0.002505544256353631,-0.0033022417005860293,0.020034100067835323,-0.0028476653501342064,-0.0036443627943666046
positive_beta_prior__no_component_scales_lengthscale_only,2025-06-30,EWX,0.002395697528289611,0.003689786989881094,-0.0011963414362873475,0.04668653878012315,0.0012940894615914834,-0.0035920389645769583
positive_beta_prior__no_component_scales_lengthscale_only,2025-06-30,VWOB,-0.0012745926392981953,0.003448378263515961,-0.005964031433937068,0.027315027459028272,0.004722970902814157,-0.004689438794638873
positive_beta_prior__no_component_scales_lengthscale_only,2025-06-30,HYEM,-0.0007961967046601631,0.0052854367518158085,-0.0018557147851057457,0.027534237481386885,0.006081633456475972,-0.0010595180804455827
positive_beta_prior__no_component_scales_neither,2025-06-30,SPY,0.008108926350340292,0.01908467259702551,-0.009313806055119804,0.1273867286823602,0.010975746246685217,-0.017422732405460096
positive_beta_prior__no_component_scales_neither,2025-06-30,MGK,0.010605593481912853,0.03526188252947149,0.0007448383912092571,0.07368660156247119,0.024656289047558635,-0.009860755090703596
positive_beta_prior__no_component_scales_neither,2025-06-30,VTV,0.005859941643768946,-0.002167296399311236,0.0024602663896274393,0.04652538596826112,-0.00802723804308018,-0.0033996752541415065
positive_beta_prior__no_component_scales_neither,2025-06-30,IJR,0.0003246960305295518,0.005165530187941636,0.001887634442073064,0.05201904377269677,0.004840834157412084,0.0015629384115435122
positive_beta_prior__no_component_scales_neither,2025-06-30,IWM,-0.0004823898487730129,0.012760607343994756,-0.0026953034502120725,0.054420951795858895,0.01324299719276777,-0.0022129136014390595
positive_beta_prior__no_component_scales_neither,2025-06-30,VNQ,0.0013546316736564024,-0.0029632780526935854,-0.00200349627838699,0.04826631169882241,-0.004317909726349988,-0.0033581279520433927
positive_beta_prior__no_component_scales_neither,2025-06-30,VNQI,-0.0022727694219576216,-0.023931985253554888,-0.00908977579409526,0.040114771469930345,-0.021659215831597266,-0.006817006372137638
positive_beta_prior__no_component_scales_neither,2025-06-30,VEA,0.003744122309134855,-0.01766175570590245,-0.004176470339577309,0.04116256563384218,-0.021405878015037304,-0.007920592648712164
positive_beta_prior__no_component_scales_neither,2025-06-30,VWO,-0.0003407857045992409,0.002989658374459969,-0.0047314781034267705,0.047058990928316745,0.0033304440790592102,-0.00439069239882753
positive_beta_prior__no_component_scales_neither,2025-06-30,VSS,0.001514017952864879,-0.009120730437294888,-0.008310241867812172,0.039237091030425594,-0.010634748390159767,-0.00982425982067705
positive_beta_prior__no_component_scales_neither,2025-06-30,BND,-0.002946087753866084,-0.006504632044136427,-0.003842669306784211,0.01503712410699248,-0.0035585442902703428,-0.0008965815529181267
positive_beta_prior__no_component_scales_neither,2025-06-30,IEF,-0.0037435755512500533,-0.00977429711868305,-0.005685188036871918,0.017362979381315646,-0.0060307215674329975,-0.0019416124856218644
positive_beta_prior__no_component_scales_neither,2025-06-30,BNDX,-0.0026838969495620742,-0.00498710657025403,-0.004426005376334667,0.012952595588279997,-0.0023032096206919554,-0.0017421084267725926
positive_beta_prior__no_component_scales_neither,2025-06-30,LQD,-0.0027526165445376795,-0.004751878550950606,-0.0043190245987277266,0.024116955651231065,-0.001999262006412926,-0.001566408054190047
positive_beta_prior__no_component_scales_neither,2025-06-30,HYG,0.0003421210937805751,-0.002505544256353631,-0.001899376973720116,0.019245490501110726,-0.0028476653501342064,-0.002241498067500691
positive_beta_prior__no_component_scales_neither,2025-06-30,EWX,0.002395697528289611,0.003689786989881094,0.001599921547906782,0.039129867940319474,0.0012940894615914834,-0.0007957759803828288
positive_beta_prior__no_component_scales_neither,2025-06-30,VWOB,-0.0012745926392981953,0.003448378263515961,-0.004206081152953706,0.028203642329441843,0.004722970902814157,-0.0029314885136555104
positive_beta_prior__no_component_scales_neither,2025-06-30,HYEM,-0.0007961967046601631,0.0052854367518158085,-0.0029631168454982934,0.03215402222828283,0.006081633456475972,-0.0021669201408381304
positive_beta_prior__global_scale_lengthscale_only,2025-06-30,SPY,0.008108926350340292,0.01908467259702551,0.006539084030006607,0.04887687200215681,0.010975746246685217,-0.001569842320333685
positive_beta_prior__global_scale_lengthscale_only,2025-06-30,MGK,0.010605593481912853,0.03526188252947149,0.008338550113183529,0.06278382404168496,0.024656289047558635,-0.0022670433687293247
positive_beta_prior__global_scale_lengthscale_only,2025-06-30,VTV,0.005859941643768946,-0.002167296399311236,0.005589191412095119,0.04722127540038906,-0.00802723804308018,-0.000270750231673827
positive_beta_prior__global_scale_lengthscale_only,2025-06-30,IJR,0.0003246960305295518,0.005165530187941636,0.0025726761347773337,0.061306393272811226,0.004840834157412084,0.002247980104247782
positive_beta_prior__global_scale_lengthscale_only,2025-06-30,IWM,-0.0004823898487730129,0.012760607343994756,-0.00020340060998295874,0.06245803137781888,0.01324299719276777,0.0002789892387900542
positive_beta_prior__global_scale_lengthscale_only,2025-06-30,VNQ,0.0013546316736564024,-0.0029632780526935854,1.7754193466699725e-05,0.061114460572092404,-0.004317909726349988,-0.0013368774801897027
positive_beta_prior__global_scale_lengthscale_only,2025-06-30,VNQI,-0.0022727694219576216,-0.023931985253554888,-0.0034747792991423167,0.05402980932823438,-0.021659215831597266,-0.001202009877184695
positive_beta_prior__global_scale_lengthscale_only,2025-06-30,VEA,0.003744122309134855,-0.01766175570590245,0.0003758800191934375,0.05227843527262318,-0.021405878015037304,-0.0033682422899414177
positive_beta_prior__global_scale_lengthscale_only,2025-06-30,VWO,-0.0003407857045992409,0.002989658374459969,-0.0023623085018524407,0.048493089518750865,0.0033304440790592102,-0.0020215227972531996
positive_beta_prior__global_scale_lengthscale_only,2025-06-30,VSS,0.001514017952864879,-0.009120730437294888,-0.002274480109862426,0.05190742978650707,-0.010634748390159767,-0.003788498062727305
positive_beta_prior__global_scale_lengthscale_only,2025-06-30,BND,-0.002946087753866084,-0.006504632044136427,-0.0023149184029870123,0.019541179408072405,-0.0035585442902703428,0.0006311693508790719
positive_beta_prior__global_scale_lengthscale_only,2025-06-30,IEF,-0.0037435755512500533,-0.00977429711868305,-0.003634373496396525,0.02279584203965516,-0.0060307215674329975,0.00010920205485352849
positive_beta_prior__global_scale_lengthscale_only,2025-06-30,BNDX,-0.0026838969495620742,-0.00498710657025403,-0.003062972968032643,0.01608409719375747,-0.0023032096206919554,-0.0003790760184705687
positive_beta_prior__global_scale_lengthscale_only,2025-06-30,LQD,-0.0027526165445376795,-0.004751878550950606,-0.002424248967373045,0.030278926003336745,-0.001999262006412926,0.00032836757716463464
positive_beta_prior__global_scale_lengthscale_only,2025-06-30,HYG,0.0003421210937805751,-0.002505544256353631,-0.0008038769827425777,0.024627481620392005,-0.0028476653501342064,-0.0011459980765231527
positive_beta_prior__global_scale_lengthscale_only,2025-06-30,EWX,0.002395697528289611,0.003689786989881094,0.0017372937555505622,0.04241003810956626,0.0012940894615914834,-0.0006584037727390486
positive_beta_prior__global_scale_lengthscale_only,2025-06-30,VWOB,-0.0012745926392981953,0.003448378263515961,-0.002498838364041247,0.03370164063006892,0.004722970902814157,-0.0012242457247430517
positive_beta_prior__global_scale_lengthscale_only,2025-06-30,HYEM,-0.0007961967046601631,0.0052854367518158085,-0.001275263009524759,0.031060452403716732,0.006081633456475972,-0.0004790663048645959
positive_beta_prior__global_scale_neither,2025-06-30,SPY,0.008108926350340292,0.01908467259702551,0.014897438898965686,0.054024125557660195,0.010975746246685217,0.006788512548625393
positive_beta_prior__global_scale_neither,2025-06-30,MGK,0.010605593481912853,0.03526188252947149,0.01995575586837233,0.07111271882735423,0.024656289047558635,0.009350162386459478
positive_beta_prior__global_scale_neither,2025-06-30,VTV,0.005859941643768946,-0.002167296399311236,0.01098420923394416,0.05172184478087414,-0.00802723804308018,0.0051242675901752134
positive_beta_prior__global_scale_neither,2025-06-30,IJR,0.0003246960305295518,0.005165530187941636,0.009136992210342643,0.0698236176908844,0.004840834157412084,0.00881229617981309
positive_beta_prior__global_scale_neither,2025-06-30,IWM,-0.0004823898487730129,0.012760607343994756,0.006910229894999641,0.07064791304423201,0.01324299719276777,0.007392619743772653
positive_beta_prior__global_scale_neither,2025-06-30,VNQ,0.0013546316736564024,-0.0029632780526935854,-0.00013997843645321452,0.06622917133122752,-0.004317909726349988,-0.001494610110109617
positive_beta_prior__global_scale_neither,2025-06-30,VNQI,-0.0022727694219576216,-0.023931985253554888,0.00551123834480127,0.056671148100062255,-0.021659215831597266,0.0077840077667588915
positive_beta_prior__global_scale_neither,2025-06-30,VEA,0.003744122309134855,-0.01766175570590245,0.00956231045067266,0.05468439917945571,-0.021405878015037304,0.005818188141537804
positive_beta_prior__global_scale_neither,2025-06-30,VWO,-0.0003407857045992409,0.002989658374459969,0.01180113495351455,0.050827025917490186,0.0033304440790592102,0.012141920658113791
positive_beta_prior__global_scale_neither,2025-06-30,VSS,0.001514017952864879,-0.009120730437294888,0.00785021482660644,0.05414249471065411,-0.010634748390159767,0.006336196873741562
positive_beta_prior__global_scale_neither,2025-06-30,BND,-0.002946087753866084,-0.006504632044136427,0.0006686934631462442,0.020273261120201096,-0.0035585442902703428,0.0036147812170123283
positive_beta_prior__global_scale_neither,2025-06-30,IEF,-0.0037435755512500533,-0.00977429711868305,-0.0009233079972496513,0.02352071449243466,-0.0060307215674329975,0.002820267554000402
positive_beta_prior__global_scale_neither,2025-06-30,BNDX,-0.0026838969495620742,-0.00498710657025403,-0.002709579854187319,0.017437030275569917,-0.0023032096206919554,-2.56829046252449e-05
positive_beta_prior__global_scale_neither,2025-06-30,LQD,-0.0027526165445376795,-0.004751878550950606,0.0016194331392399785,0.03169724336969262,-0.001999262006412926,0.004372049683777658
positive_beta_prior__global_scale_neither,2025-06-30,HYG,0.0003421210937805751,-0.002505544256353631,0.002421709835312944,0.02749115861398563,-0.0028476653501342064,0.0020795887415323688
positive_beta_prior__global_scale_neither,2025-06-30,EWX,0.002395697528289611,0.003689786989881094,0.013455036042920587,0.043953669493485295,0.0012940894615914834,0.011059338514630977
positive_beta_prior__global_scale_neither,2025-06-30,VWOB,-0.0012745926392981953,0.003448378263515961,0.0029516714177966834,0.03442738510470408,0.004722970902814157,0.004226264057094879
positive_beta_prior__global_scale_neither,2025-06-30,HYEM,-0.0007961967046601631,0.0052854367518158085,0.0028880464462125123,0.030078697139577615,0.006081633456475972,0.0036842431508726753
positive_beta_prior__component_scales_lengthscale_only,2025-07-31,SPY,0.008319998393545776,0.01702595928567807,0.007290587563721438,0.04511478943061654,0.008705960892132296,-0.0010294108298243383
positive_beta_prior__component_scales_lengthscale_only,2025-07-31,MGK,0.011079752886673596,0.005506659536577585,0.009633720159426469,0.06030456050728304,-0.005573093350096011,-0.001446032727247127
positive_beta_prior__component_scales_lengthscale_only,2025-07-31,VTV,0.0057055716814020194,0.03136457393982228,0.004310481662078867,0.04020997991947261,0.025659002258420265,-0.0013950900193231523
positive_beta_prior__component_scales_lengthscale_only,2025-07-31,IJR,0.0004177889950951688,0.06670214284372133,0.0009243350710113408,0.0529372980566261,0.06628435384862616,0.000506546075916172
positive_beta_prior__component_scales_lengthscale_only,2025-07-31,IWM,-0.00022771682583517123,0.06825711678016222,-0.0005747796535211837,0.05456633174088112,0.06848483360599739,-0.0003470628276860124
positive_beta_prior__component_scales_lengthscale_only,2025-07-31,VNQ,0.0012715949481496719,0.031234506481848445,-0.0006388768293983972,0.05298000045112171,0.029962911533698774,-0.001910471777548069
positive_beta_prior__component_scales_lengthscale_only,2025-07-31,VNQI,-0.002689292803334492,0.03800885965747658,-0.008030638213731707,0.04431396172277031,0.04069815246081107,-0.005341345410397215
positive_beta_prior__component_scales_lengthscale_only,2025-07-31,VEA,0.003332470808845676,0.040715343672140136,-0.0005992730364915736,0.04390365173570799,0.03738287286329446,-0.0039317438453372495
positive_beta_prior__component_scales_lengthscale_only,2025-07-31,VWO,-0.0002767387030788715,0.03119670619044923,-0.003066472008135986,0.040225482186762536,0.0314734448935281,-0.0027897333050571145
positive_beta_prior__component_scales_lengthscale_only,2025-07-31,VSS,0.0013095035607464218,0.04570476560415426,-0.003106832737885975,0.04424415382712882,0.04439526204340784,-0.0044163362986323965
positive_beta_prior__component_scales_lengthscale_only,2025-07-31,BND,-0.0030145212979097447,0.008078120866885197,-0.00340110837722626,0.016303136021245168,0.011092642164794941,-0.00038658707931651546
positive_beta_prior__component_scales_lengthscale_only,2025-07-31,IEF,-0.0038595509660083803,0.013001796164747947,-0.004667974894300405,0.01903329318739578,0.016861347130756328,-0.0008084239282920244
positive_beta_prior__component_scales_lengthscale_only,2025-07-31,BNDX,-0.002728189442267689,-0.002067319775812204,-0.002709470979908704,0.013908164339716422,0.0006608696664554847,1.87184623589849e-05
positive_beta_prior__component_scales_lengthscale_only,2025-07-31,LQD,-0.002791063890814851,0.0069765482555901315,-0.0037821071907546654,0.025709951035963793,0.009767612146404982,-0.0009910432999398144
positive_beta_prior__component_scales_lengthscale_only,2025-07-31,HYG,0.0002873582985856865,0.007592278645943473,-0.0005075721678569809,0.021888681721295277,0.007304920347357787,-0.0007949304664426674
positive_beta_prior__component_scales_lengthscale_only,2025-07-31,EWX,0.002420583864089447,0.059400893238615415,0.001397687773874709,0.03709521449456929,0.056980309374525966,-0.0010228960902147382
positive_beta_prior__component_scales_lengthscale_only,2025-07-31,VWOB,-0.0011837662757825385,0.013654429789281775,-0.002714474607273046,0.028226931801473017,0.014838196065064313,-0.0015307083314905073
positive_beta_prior__component_scales_lengthscale_only,2025-07-31,HYEM,-0.0006792422151125483,0.015516857251125726,-0.0006942497054799262,0.025524757944156366,0.016196099466238276,-1.500749036737793e-05
positive_beta_prior__component_scales_neither,2025-07-31,SPY,0.008319998393545776,0.01702595928567807,-0.0025804406263573564,0.046628373976344346,0.008705960892132296,-0.010900439019903133
positive_beta_prior__component_scales_neither,2025-07-31,MGK,0.011079752886673596,0.005506659536577585,0.0009558616290916509,0.06092086944142336,-0.005573093350096011,-0.010123891257581945
positive_beta_prior__component_scales_neither,2025-07-31,VTV,0.0057055716814020194,0.03136457393982228,-0.006186832453702782,0.04147066620400428,0.025659002258420265,-0.011892404135104801
positive_beta_prior__component_scales_neither,2025-07-31,IJR,0.0004177889950951688,0.06670214284372133,-0.01279259784155888,0.05939212607831322,0.06628435384862616,-0.013210386836654047
positive_beta_prior__component_scales_neither,2025-07-31,IWM,-0.00022771682583517123,0.06825711678016222,-0.013621562982505574,0.06168233222408359,0.06848483360599739,-0.013393846156670403
positive_beta_prior__component_scales_neither,2025-07-31,VNQ,0.0012715949481496719,0.031234506481848445,-0.01696496166186324,0.054255762419916816,0.029962911533698774,-0.01823655661001291
positive_beta_prior__component_scales_neither,2025-07-31,VNQI,-0.002689292803334492,0.03800885965747658,-0.025111139364066976,0.04019321504274249,0.04069815246081107,-0.022421846560732483
positive_beta_prior__component_scales_neither,2025-07-31,VEA,0.003332470808845676,0.040715343672140136,-0.015369260164252923,0.041528362636252446,0.03738287286329446,-0.018701730973098598
positive_beta_prior__component_scales_neither,2025-07-31,VWO,-0.0002767387030788715,0.03119670619044923,-0.011505606416951407,0.03755952593805324,0.0314734448935281,-0.011228867713872536
positive_beta_prior__component_scales_neither,2025-07-31,VSS,0.0013095035607464218,0.04570476560415426,-0.017906156194222173,0.04190575517634294,0.04439526204340784,-0.019215659754968594
positive_beta_prior__component_scales_neither,2025-07-31,BND,-0.0030145212979097447,0.008078120866885197,-0.010059346697545522,0.014952425995645594,0.011092642164794941,-0.007044825399635777
positive_beta_prior__component_scales_neither,2025-07-31,IEF,-0.0038595509660083803,0.013001796164747947,-0.012849662189955589,0.01697347839780902,0.016861347130756328,-0.008990111223947208
positive_beta_prior__component_scales_neither,2025-07-31,BNDX,-0.002728189442267689,-0.002067319775812204,-0.007119418868240962,0.013062919651494032,0.0006608696664554847,-0.004391229425973274
positive_beta_prior__component_scales_neither,2025-07-31,LQD,-0.002791063890814851,0.0069765482555901315,-0.0132011239800312,0.023720514172244495,0.009767612146404982,-0.01041006008921635
positive_beta_prior__component_scales_neither,2025-07-31,HYG,0.0002873582985856865,0.007592278645943473,-0.005226877739442328,0.02106107314818113,0.007304920347357787,-0.005514236038028014
positive_beta_prior__component_scales_neither,2025-07-31,EWX,0.002420583864089447,0.059400893238615415,-0.00616820402647322,0.034608750031722924,0.056980309374525966,-0.008588787890562668
positive_beta_prior__component_scales_neither,2025-07-31,VWOB,-0.0011837662757825385,0.013654429789281775,-0.009573260664418213,0.026708137122402845,0.014838196065064313,-0.008389494388635675
positive_beta_prior__component_scales_neither,2025-07-31,HYEM,-0.0006792422151125483,0.015516857251125726,-0.0018471651593261135,0.02415028380637773,0.016196099466238276,-0.0011679229442135652
positive_beta_prior__no_component_scales_lengthscale_only,2025-07-31,SPY,0.008319998393545776,0.01702595928567807,0.0022210883181033626,0.12269575109653731,0.008705960892132296,-0.0060989100754424135
positive_beta_prior__no_component_scales_lengthscale_only,2025-07-31,MGK,0.011079752886673596,0.005506659536577585,0.005955439930201158,0.08510110829459805,-0.005573093350096011,-0.0051243129564724375
positive_beta_prior__no_component_scales_lengthscale_only,2025-07-31,VTV,0.0057055716814020194,0.03136457393982228,0.001473483677786225,0.04088968596126167,0.025659002258420265,-0.0042320880036157945
positive_beta_prior__no_component_scales_lengthscale_only,2025-07-31,IJR,0.0004177889950951688,0.06670214284372133,0.0016677304647838378,0.04872054970900603,0.06628435384862616,0.001249941469688669
positive_beta_prior__no_component_scales_lengthscale_only,2025-07-31,IWM,-0.00022771682583517123,0.06825711678016222,-0.0030875496623545295,0.051726022679771846,0.06848483360599739,-0.002859832836519358
positive_beta_prior__no_component_scales_lengthscale_only,2025-07-31,VNQ,0.0012715949481496719,0.031234506481848445,-0.003148367640376264,0.04823450100688386,0.029962911533698774,-0.004419962588525936
positive_beta_prior__no_component_scales_lengthscale_only,2025-07-31,VNQI,-0.002689292803334492,0.03800885965747658,-0.017983720435133844,0.03501383737195123,0.04069815246081107,-0.015294427631799352
positive_beta_prior__no_component_scales_lengthscale_only,2025-07-31,VEA,0.003332470808845676,0.040715343672140136,-0.009075534418620822,0.03547311228049469,0.03738287286329446,-0.012408005227466497
positive_beta_prior__no_component_scales_lengthscale_only,2025-07-31,VWO,-0.0002767387030788715,0.03119670619044923,-0.008182238102039045,0.036163180781888904,0.0314734448935281,-0.007905499398960174
positive_beta_prior__no_component_scales_lengthscale_only,2025-07-31,VSS,0.0013095035607464218,0.04570476560415426,-0.013724400043643423,0.03558532321015885,0.04439526204340784,-0.015033903604389845
positive_beta_prior__no_component_scales_lengthscale_only,2025-07-31,BND,-0.0030145212979097447,0.008078120866885197,-0.0034995255937896826,0.013723362307386086,0.011092642164794941,-0.000485004295879938
positive_beta_prior__no_component_scales_lengthscale_only,2025-07-31,IEF,-0.0038595509660083803,0.013001796164747947,-0.005626882350072004,0.016203761473030424,0.016861347130756328,-0.0017673313840636238
positive_beta_prior__no_component_scales_lengthscale_only,2025-07-31,BNDX,-0.002728189442267689,-0.002067319775812204,-0.002056268232554226,0.012390998804171098,0.0006608696664554847,0.000671921209713463
positive_beta_prior__no_component_scales_lengthscale_only,2025-07-31,LQD,-0.002791063890814851,0.0069765482555901315,-0.006056124130566765,0.022053018395552987,0.009767612146404982,-0.0032650602397519143
positive_beta_prior__no_component_scales_lengthscale_only,2025-07-31,HYG,0.0002873582985856865,0.007592278645943473,-0.0017674581944688544,0.019113195000073736,0.007304920347357787,-0.002054816493054541
positive_beta_prior__no_component_scales_lengthscale_only,2025-07-31,EWX,0.002420583864089447,0.059400893238615415,-0.0037058227616847605,0.03212013123488327,0.056980309374525966,-0.006126406625774208
positive_beta_prior__no_component_scales_lengthscale_only,2025-07-31,VWOB,-0.0011837662757825385,0.013654429789281775,-0.004458033221664838,0.02465944631335427,0.014838196065064313,-0.003274266945882299
positive_beta_prior__no_component_scales_lengthscale_only,2025-07-31,HYEM,-0.0006792422151125483,0.015516857251125726,0.00028332941001459045,0.02431507141456694,0.016196099466238276,0.0009625716251271387
positive_beta_prior__no_component_scales_neither,2025-07-31,SPY,0.008319998393545776,0.01702595928567807,0.0008870011951854894,0.11521418334622763,0.008705960892132296,-0.007432997198360287
positive_beta_prior__no_component_scales_neither,2025-07-31,MGK,0.011079752886673596,0.005506659536577585,0.007301646363534978,0.0764809426350198,-0.005573093350096011,-0.0037781065231386173
positive_beta_prior__no_component_scales_neither,2025-07-31,VTV,0.0057055716814020194,0.03136457393982228,-0.0020549149865135338,0.0360321407550824,0.025659002258420265,-0.007760486667915553
positive_beta_prior__no_component_scales_neither,2025-07-31,IJR,0.0004177889950951688,0.06670214284372133,-0.0039444345038592106,0.050187334838596706,0.06628435384862616,-0.00436222349895438
positive_beta_prior__no_component_scales_neither,2025-07-31,IWM,-0.00022771682583517123,0.06825711678016222,-0.008027681929904601,0.0536629769631771,0.06848483360599739,-0.00779996510406943
positive_beta_prior__no_component_scales_neither,2025-07-31,VNQ,0.0012715949481496719,0.031234506481848445,-0.007394968264746162,0.04997909533342279,0.029962911533698774,-0.008666563212895833
positive_beta_prior__no_component_scales_neither,2025-07-31,VNQI,-0.002689292803334492,0.03800885965747658,-0.017660468487222775,0.03834458816030322,0.04069815246081107,-0.014971175683888283
positive_beta_prior__no_component_scales_neither,2025-07-31,VEA,0.003332470808845676,0.040715343672140136,-0.010618812394485012,0.03660167919918633,0.03738287286329446,-0.013951283203330687
positive_beta_prior__no_component_scales_neither,2025-07-31,VWO,-0.0002767387030788715,0.03119670619044923,-0.009902469214481154,0.0440061987018638,0.0314734448935281,-0.009625730511402282
positive_beta_prior__no_component_scales_neither,2025-07-31,VSS,0.0013095035607464218,0.04570476560415426,-0.014488818752717191,0.037228559136318895,0.04439526204340784,-0.015798322313463613
positive_beta_prior__no_component_scales_neither,2025-07-31,BND,-0.0030145212979097447,0.008078120866885197,-0.005421683348002543,0.014052564048691983,0.011092642164794941,-0.002407162050092798
positive_beta_prior__no_component_scales_neither,2025-07-31,IEF,-0.0038595509660083803,0.013001796164747947,-0.007779741405288764,0.01629968277817398,0.016861347130756328,-0.003920190439280383
positive_beta_prior__no_component_scales_neither,2025-07-31,BNDX,-0.002728189442267689,-0.002067319775812204,-0.0034077070862202864,0.012250408609163202,0.0006608696664554847,-0.0006795176439525976
positive_beta_prior__no_component_scales_neither,2025-07-31,LQD,-0.002791063890814851,0.0069765482555901315,-0.007578593469219909,0.022926199147694837,0.009767612146404982,-0.004787529578405059
positive_beta_prior__no_component_scales_neither,2025-07-31,HYG,0.0002873582985856865,0.007592278645943473,-0.0029985197306991495,0.018290692928310433,0.007304920347357787,-0.0032858780292848357
positive_beta_prior__no_component_scales_neither,2025-07-31,EWX,0.002420583864089447,0.059400893238615415,-0.0046928286871284275,0.041124782984654634,0.056980309374525966,-0.007113412551217875
positive_beta_prior__no_component_scales_neither,2025-07-31,VWOB,-0.0011837662757825385,0.013654429789281775,-0.005988088871443939,0.02556017924706727,0.014838196065064313,-0.0048043225956614
positive_beta_prior__no_component_scales_neither,2025-07-31,HYEM,-0.0006792422151125483,0.015516857251125726,0.00022419646466494982,0.026840253729368463,0.016196099466238276,0.0009034386797774981
positive_beta_prior__global_scale_lengthscale_only,2025-07-31,SPY,0.008319998393545776,0.01702595928567807,0.006534249563974328,0.05241022799926475,0.008705960892132296,-0.0017857488295714482
positive_beta_prior__global_scale_lengthscale_only,2025-07-31,MGK,0.011079752886673596,0.005506659536577585,0.009962830960103006,0.06629289561629235,-0.005573093350096011,-0.0011169219265705892
positive_beta_prior__global_scale_lengthscale_only,2025-07-31,VTV,0.0057055716814020194,0.03136457393982228,0.0030501179925001565,0.04860885494355463,0.025659002258420265,-0.002655453688901863
positive_beta_prior__global_scale_lengthscale_only,2025-07-31,IJR,0.0004177889950951688,0.06670214284372133,-0.0014909359708000914,0.07005906509532443,0.06628435384862616,-0.0019087249658952601
positive_beta_prior__global_scale_lengthscale_only,2025-07-31,IWM,-0.00022771682583517123,0.06825711678016222,-0.004651021040259775,0.07184171400218092,0.06848483360599739,-0.004423304214424603
positive_beta_prior__global_scale_lengthscale_only,2025-07-31,VNQ,0.0012715949481496719,0.031234506481848445,-0.001930449151350042,0.0634379250738998,0.029962911533698774,-0.003202044099499714
positive_beta_prior__global_scale_lengthscale_only,2025-07-31,VNQI,-0.002689292803334492,0.03800885965747658,-0.006967895361122698,0.052469028664458246,0.04069815246081107,-0.004278602557788206
positive_beta_prior__global_scale_lengthscale_only,2025-07-31,VEA,0.003332470808845676,0.040715343672140136,2.0679668472681732e-06,0.050882515457735,0.03738287286329446,-0.0033304028419984077
positive_beta_prior__global_scale_lengthscale_only,2025-07-31,VWO,-0.0002767387030788715,0.03119670619044923,-0.0023834868914027565,0.04522496893117261,0.0314734448935281,-0.002106748188323885
positive_beta_prior__global_scale_lengthscale_only,2025-07-31,VSS,0.0013095035607464218,0.04570476560415426,-0.004345366436380388,0.05133335156673224,0.04439526204340784,-0.00565486999712681
positive_beta_prior__global_scale_lengthscale_only,2025-07-31,BND,-0.0030145212979097447,0.008078120866885197,-0.002699146183984983,0.018363898298298216,0.011092642164794941,0.00031537511392476167
positive_beta_prior__global_scale_lengthscale_only,2025-07-31,IEF,-0.0038595509660083803,0.013001796164747947,-0.003864917842316272,0.021511721161999744,0.016861347130756328,-5.36687630789184e-06
positive_beta_prior__global_scale_lengthscale_only,2025-07-31,BNDX,-0.002728189442267689,-0.002067319775812204,-0.0022231955520486124,0.015845341895516646,0.0006608696664554847,0.0005049938902190764
positive_beta_prior__global_scale_lengthscale_only,2025-07-31,LQD,-0.002791063890814851,0.0069765482555901315,-0.003695316462299342,0.02878671770820692,0.009767612146404982,-0.0009042525714844912
positive_beta_prior__global_scale_lengthscale_only,2025-07-31,HYG,0.0002873582985856865,0.007592278645943473,-0.0007874668261258126,0.025569593568468503,0.007304920347357787,-0.0010748251247114991
positive_beta_prior__global_scale_lengthscale_only,2025-07-31,EWX,0.002420583864089447,0.059400893238615415,0.0010083325377214963,0.04001526789449109,0.056980309374525966,-0.001412251326367951
positive_beta_prior__global_scale_lengthscale_only,2025-07-31,VWOB,-0.0011837662757825385,0.013654429789281775,-0.0016819074024235897,0.03212463699241408,0.014838196065064313,-0.0004981411266410513
positive_beta_prior__global_scale_lengthscale_only,2025-07-31,HYEM,-0.0006792422151125483,0.015516857251125726,-0.00011105126785849963,0.02927010389507555,0.016196099466238276,0.0005681909472540486
positive_beta_prior__global_scale_neither,2025-07-31,SPY,0.008319998393545776,0.01702595928567807,0.010402243146919317,0.05417632720355402,0.008705960892132296,0.002082244753373541
positive_beta_prior__global_scale_neither,2025-07-31,MGK,0.011079752886673596,0.005506659536577585,0.01659699242150947,0.07090853799328811,-0.005573093350096011,0.005517239534835875
positive_beta_prior__global_scale_neither,2025-07-31,VTV,0.0057055716814020194,0.03136457393982228,0.0035526613556839397,0.04919021078020685,0.025659002258420265,-0.0021529103257180797
positive_beta_prior__global_scale_neither,2025-07-31,IJR,0.0004177889950951688,0.06670214284372133,-0.0016351697926456897,0.07153616838146237,0.06628435384862616,-0.0020529587877408583
positive_beta_prior__global_scale_neither,2025-07-31,IWM,-0.00022771682583517123,0.06825711678016222,-0.004037614932297568,0.07370007650833993,0.06848483360599739,-0.003809898106462397
positive_beta_prior__global_scale_neither,2025-07-31,VNQ,0.0012715949481496719,0.031234506481848445,-0.0022247277012440924,0.06291875144505994,0.029962911533698774,-0.003496322649393764
positive_beta_prior__global_scale_neither,2025-07-31,VNQI,-0.002689292803334492,0.03800885965747658,-0.007203217825464315,0.05197547284610567,0.04069815246081107,-0.004513925022129823
positive_beta_prior__global_scale_neither,2025-07-31,VEA,0.003332470808845676,0.040715343672140136,-0.0012394658317134485,0.05231856731751177,0.03738287286329446,-0.004571936640559124
positive_beta_prior__global_scale_neither,2025-07-31,VWO,-0.0002767387030788715,0.03119670619044923,0.0016277941286091144,0.04711358710856883,0.0314734448935281,0.0019045328316879859
positive_beta_prior__global_scale_neither,2025-07-31,VSS,0.0013095035607464218,0.04570476560415426,-0.0039001147052064276,0.051925492803265985,0.04439526204340784,-0.005209618265952849
positive_beta_prior__global_scale_neither,2025-07-31,BND,-0.0030145212979097447,0.008078120866885197,-0.003221912580856641,0.01852208886477848,0.011092642164794941,-0.0002073912829468963
positive_beta_prior__global_scale_neither,2025-07-31,IEF,-0.0038595509660083803,0.013001796164747947,-0.004860659860263571,0.02147142638962362,0.016861347130756328,-0.0010011088942551909
positive_beta_prior__global_scale_neither,2025-07-31,BNDX,-0.002728189442267689,-0.002067319775812204,-0.0027509262672095153,0.016897173186311985,0.0006608696664554847,-2.2736824941826418e-05
positive_beta_prior__global_scale_neither,2025-07-31,LQD,-0.002791063890814851,0.0069765482555901315,-0.003295982019605681,0.029448347221562813,0.009767612146404982,-0.00050491812879083
positive_beta_prior__global_scale_neither,2025-07-31,HYG,0.0002873582985856865,0.007592278645943473,-0.0007707210581099199,0.02656758302066289,0.007304920347357787,-0.0010580793566956064
positive_beta_prior__global_scale_neither,2025-07-31,EWX,0.002420583864089447,0.059400893238615415,0.0035004567892012385,0.04117236974592592,0.056980309374525966,0.0010798729251117914
positive_beta_prior__global_scale_neither,2025-07-31,VWOB,-0.0011837662757825385,0.013654429789281775,-0.0007102909554780721,0.032490911480608224,0.014838196065064313,0.00047347532030446633
positive_beta_prior__global_scale_neither,2025-07-31,HYEM,-0.0006792422151125483,0.015516857251125726,0.002698301955913635,0.02872406650497703,0.016196099466238276,0.0033775441710261834
positive_beta_prior__component_scales_lengthscale_only,2025-08-29,SPY,0.008484261806604877,0.03208906394277711,0.013429604497811111,0.042742452357460596,0.02360480213617223,0.004945342691206235
positive_beta_prior__component_scales_lengthscale_only,2025-08-29,MGK,0.010974600181954803,0.04538102472427963,0.014671432060981445,0.05529195320753097,0.03440642454232483,0.0036968318790266425
positive_beta_prior__component_scales_lengthscale_only,2025-08-29,VTV,0.00618970379948542,0.019529753810910266,0.013949633133549433,0.040285127598536884,0.013340050011424846,0.007759929334064013
positive_beta_prior__component_scales_lengthscale_only,2025-08-29,IJR,0.001668437180918304,0.007030856049952794,0.0020641034486197905,0.05299398388979173,0.00536241886903449,0.00039566626770148644
positive_beta_prior__component_scales_lengthscale_only,2025-08-29,IWM,0.0010644498459761002,0.028272862598571757,0.00071315643507989,0.05406960977262028,0.027208412752595657,-0.0003512934108962102
positive_beta_prior__component_scales_lengthscale_only,2025-08-29,VNQ,0.0018369329016156865,-0.002835540326792896,0.012889832494662247,0.053266370061159946,-0.004672473228408582,0.011052899593046561
positive_beta_prior__component_scales_lengthscale_only,2025-08-29,VNQI,-0.0019214031342625851,0.010131917120224765,0.011244997645849287,0.046025714687133165,0.01205332025448735,0.013166400780111873
positive_beta_prior__component_scales_lengthscale_only,2025-08-29,VEA,0.0040378080326814204,0.022001068135094393,0.014600542380479777,0.04528479464546525,0.017963260102412972,0.010562734347798357
positive_beta_prior__component_scales_lengthscale_only,2025-08-29,VWO,0.00031709987981788515,0.053275426570534856,0.006368125248412742,0.040429571636760524,0.05295832669071697,0.006051025368594858
positive_beta_prior__component_scales_lengthscale_only,2025-08-29,VSS,0.002147150014395626,0.018182193335737562,0.009383001273468356,0.044977953378787426,0.016035043321341935,0.00723585125907273
positive_beta_prior__component_scales_lengthscale_only,2025-08-29,BND,-0.0028052261627249343,0.007605185555678684,-3.915958441338182e-06,0.01582107308203748,0.01041041171840362,0.002801310204283596
positive_beta_prior__component_scales_lengthscale_only,2025-08-29,IEF,-0.00354141234089977,0.0030789765395491386,-0.0007583773124408997,0.018652322154021083,0.006620388880448909,0.0027830350284588704
positive_beta_prior__component_scales_lengthscale_only,2025-08-29,BNDX,-0.0027157202032779626,0.0018362952066057758,-0.0011624017228983685,0.013194908425564958,0.0045520154098837385,0.001553318480379594
positive_beta_prior__component_scales_lengthscale_only,2025-08-29,LQD,-0.002606769322014757,0.015298491121950697,0.0014790554533769436,0.02493351026110361,0.017905260443965454,0.0040858247753917006
positive_beta_prior__component_scales_lengthscale_only,2025-08-29,HYG,0.00042518698438489,0.005419530370210479,0.0036456471276400436,0.02089205003570075,0.004994343385825589,0.0032204601432551535
positive_beta_prior__component_scales_lengthscale_only,2025-08-29,EWX,0.0034956840409672957,0.00934001338555035,0.005910077624399171,0.03579390339181283,0.005844329344583054,0.002414393583431875
positive_beta_prior__component_scales_lengthscale_only,2025-08-29,VWOB,-0.000903800312290759,0.011313877152875351,0.005216816719554298,0.028078106646519916,0.01221767746516611,0.006120617031845057
positive_beta_prior__component_scales_lengthscale_only,2025-08-29,HYEM,-0.000373655432730694,-0.003310550556556602,0.004058826200112439,0.025797336664139765,-0.002936895123825908,0.004432481632843133
positive_beta_prior__component_scales_neither,2025-08-29,SPY,0.008484261806604877,0.03208906394277711,0.012682668229398852,0.045598402127361125,0.02360480213617223,0.004198406422793975
positive_beta_prior__component_scales_neither,2025-08-29,MGK,0.010974600181954803,0.04538102472427963,0.014297559841195427,0.05971439413865898,0.03440642454232483,0.0033229596592406242
positive_beta_prior__component_scales_neither,2025-08-29,VTV,0.00618970379948542,0.019529753810910266,0.012543910279477242,0.04031988490852262,0.013340050011424846,0.006354206479991822
positive_beta_prior__component_scales_neither,2025-08-29,IJR,0.001668437180918304,0.007030856049952794,0.0005889895801170987,0.05666033549293514,0.00536241886903449,-0.0010794476008012053
positive_beta_prior__component_scales_neither,2025-08-29,IWM,0.0010644498459761002,0.028272862598571757,0.0002320525354148346,0.05895317560078745,0.027208412752595657,-0.0008323973105612656
positive_beta_prior__component_scales_neither,2025-08-29,VNQ,0.0018369329016156865,-0.002835540326792896,0.012608360431131213,0.05408390801321553,-0.004672473228408582,0.010771427529515527
positive_beta_prior__component_scales_neither,2025-08-29,VNQI,-0.0019214031342625851,0.010131917120224765,0.012554738353905663,0.04215318372187015,0.01205332025448735,0.014476141488168249
positive_beta_prior__component_scales_neither,2025-08-29,VEA,0.0040378080326814204,0.022001068135094393,0.014089262647660371,0.04267040814264881,0.017963260102412972,0.010051454614978951
positive_beta_prior__component_scales_neither,2025-08-29,VWO,0.00031709987981788515,0.053275426570534856,0.008033430261722187,0.03789593230511434,0.05295832669071697,0.007716330381904302
positive_beta_prior__component_scales_neither,2025-08-29,VSS,0.002147150014395626,0.018182193335737562,0.009845657478850632,0.04325557453819253,0.016035043321341935,0.007698507464455006
positive_beta_prior__component_scales_neither,2025-08-29,BND,-0.0028052261627249343,0.007605185555678684,-9.547798879293388e-05,0.015871650710755726,0.01041041171840362,0.0027097481739320004
positive_beta_prior__component_scales_neither,2025-08-29,IEF,-0.00354141234089977,0.0030789765395491386,-0.0004086603970384797,0.018820747871521017,0.006620388880448909,0.0031327519438612904
positive_beta_prior__component_scales_neither,2025-08-29,BNDX,-0.0027157202032779626,0.0018362952066057758,-0.002209945945152674,0.013947513381609532,0.0045520154098837385,0.0005057742581252886
positive_beta_prior__component_scales_neither,2025-08-29,LQD,-0.002606769322014757,0.015298491121950697,0.0005644481834297856,0.025275818191957043,0.017905260443965454,0.0031712175054445426
positive_beta_prior__component_scales_neither,2025-08-29,HYG,0.00042518698438489,0.005419530370210479,0.0015202305892134762,0.021119540701710796,0.004994343385825589,0.0010950436048285863
positive_beta_prior__component_scales_neither,2025-08-29,EWX,0.0034956840409672957,0.00934001338555035,0.007449207369273859,0.035997471200340456,0.005844329344583054,0.003953523328306563
positive_beta_prior__component_scales_neither,2025-08-29,VWOB,-0.000903800312290759,0.011313877152875351,0.0035367779114111684,0.027434761955394682,0.01221767746516611,0.004440578223701927
positive_beta_prior__component_scales_neither,2025-08-29,HYEM,-0.000373655432730694,-0.003310550556556602,0.003108837696624054,0.024173771048572053,-0.002936895123825908,0.003482493129354748
positive_beta_prior__no_component_scales_lengthscale_only,2025-08-29,SPY,0.008484261806604877,0.03208906394277711,0.0032203523325507258,0.12086721733522192,0.02360480213617223,-0.005263909474054151
positive_beta_prior__no_component_scales_lengthscale_only,2025-08-29,MGK,0.010974600181954803,0.04538102472427963,0.006930702290545006,0.07490747776213999,0.03440642454232483,-0.004043897891409797
positive_beta_prior__no_component_scales_lengthscale_only,2025-08-29,VTV,0.00618970379948542,0.019529753810910266,0.016968481778645447,0.03984444148052524,0.013340050011424846,0.010778777979160027
positive_beta_prior__no_component_scales_lengthscale_only,2025-08-29,IJR,0.001668437180918304,0.007030856049952794,0.01344723171751025,0.052874384082926607,0.00536241886903449,0.011778794536591945
positive_beta_prior__no_component_scales_lengthscale_only,2025-08-29,IWM,0.0010644498459761002,0.028272862598571757,0.011706585840200717,0.055024852712470845,0.027208412752595657,0.010642135994224616
positive_beta_prior__no_component_scales_lengthscale_only,2025-08-29,VNQ,0.0018369329016156865,-0.002835540326792896,0.013858212620195513,0.055253487224660364,-0.004672473228408582,0.012021279718579827
positive_beta_prior__no_component_scales_lengthscale_only,2025-08-29,VNQI,-0.0019214031342625851,0.010131917120224765,0.00651148397876843,0.037083372982123136,0.01205332025448735,0.008432887113031015
positive_beta_prior__no_component_scales_lengthscale_only,2025-08-29,VEA,0.0040378080326814204,0.022001068135094393,0.007912164918720956,0.03617525692295087,0.017963260102412972,0.003874356886039536
positive_beta_prior__no_component_scales_lengthscale_only,2025-08-29,VWO,0.00031709987981788515,0.053275426570534856,0.007004778053873289,0.04253892957583913,0.05295832669071697,0.0066876781740554045
positive_beta_prior__no_component_scales_lengthscale_only,2025-08-29,VSS,0.002147150014395626,0.018182193335737562,0.0034247313186672413,0.03659777988263012,0.016035043321341935,0.0012775813042716151
positive_beta_prior__no_component_scales_lengthscale_only,2025-08-29,BND,-0.0028052261627249343,0.007605185555678684,0.00031635534098178094,0.014192856213663799,0.01041041171840362,0.0031215815037067152
positive_beta_prior__no_component_scales_lengthscale_only,2025-08-29,IEF,-0.00354141234089977,0.0030789765395491386,-0.0004591268807931717,0.016644851577170865,0.006620388880448909,0.0030822854601065984
positive_beta_prior__no_component_scales_lengthscale_only,2025-08-29,BNDX,-0.0027157202032779626,0.0018362952066057758,-0.0007667145722854245,0.012826461834215638,0.0045520154098837385,0.0019490056309925381
positive_beta_prior__no_component_scales_lengthscale_only,2025-08-29,LQD,-0.002606769322014757,0.015298491121950697,-0.0001309027501162881,0.022731846773901918,0.017905260443965454,0.002475866571898469
positive_beta_prior__no_component_scales_lengthscale_only,2025-08-29,HYG,0.00042518698438489,0.005419530370210479,0.0018356481661387868,0.018898914318394047,0.004994343385825589,0.0014104611817538969
positive_beta_prior__no_component_scales_lengthscale_only,2025-08-29,EWX,0.0034956840409672957,0.00934001338555035,0.006273618930310919,0.040069031715445506,0.005844329344583054,0.0027779348893436236
positive_beta_prior__no_component_scales_lengthscale_only,2025-08-29,VWOB,-0.000903800312290759,0.011313877152875351,0.0028709025673479935,0.0256793282083264,0.01221767746516611,0.0037747028796387525
positive_beta_prior__no_component_scales_lengthscale_only,2025-08-29,HYEM,-0.000373655432730694,-0.003310550556556602,0.004171232859391286,0.027342508301179676,-0.002936895123825908,0.00454488829212198
positive_beta_prior__no_component_scales_neither,2025-08-29,SPY,0.008484261806604877,0.03208906394277711,0.005014895072023505,0.11786015217863145,0.02360480213617223,-0.003469366734581371
positive_beta_prior__no_component_scales_neither,2025-08-29,MGK,0.010974600181954803,0.04538102472427963,0.007184024114524169,0.07430113275623043,0.03440642454232483,-0.0037905760674306344
positive_beta_prior__no_component_scales_neither,2025-08-29,VTV,0.00618970379948542,0.019529753810910266,0.019957553537211188,0.03852518368136254,0.013340050011424846,0.013767849737725768
positive_beta_prior__no_component_scales_neither,2025-08-29,IJR,0.001668437180918304,0.007030856049952794,0.018571304566879446,0.057458961974570275,0.00536241886903449,0.016902867385961143
positive_beta_prior__no_component_scales_neither,2025-08-29,IWM,0.0010644498459761002,0.028272862598571757,0.0149964644558764,0.05967118957966696,0.027208412752595657,0.0139320146099003
positive_beta_prior__no_component_scales_neither,2025-08-29,VNQ,0.0018369329016156865,-0.002835540326792896,0.01813041547556374,0.05552823413907491,-0.004672473228408582,0.016293482573948054
positive_beta_prior__no_component_scales_neither,2025-08-29,VNQI,-0.0019214031342625851,0.010131917120224765,0.013456895595694383,0.039100045517225686,0.01205332025448735,0.015378298729956968
positive_beta_prior__no_component_scales_neither,2025-08-29,VEA,0.0040378080326814204,0.022001068135094393,0.016562062466598644,0.038446619043173515,0.017963260102412972,0.012524254433917224
positive_beta_prior__no_component_scales_neither,2025-08-29,VWO,0.00031709987981788515,0.053275426570534856,0.013288268904268815,0.04233954198945107,0.05295832669071697,0.01297116902445093
positive_beta_prior__no_component_scales_neither,2025-08-29,VSS,0.002147150014395626,0.018182193335737562,0.011216007016771333,0.03973185750027835,0.016035043321341935,0.009068857002375707
positive_beta_prior__no_component_scales_neither,2025-08-29,BND,-0.0028052261627249343,0.007605185555678684,0.0008954838894595029,0.015116056604701757,0.01041041171840362,0.003700710052184437
positive_beta_prior__no_component_scales_neither,2025-08-29,IEF,-0.00354141234089977,0.0030789765395491386,-0.0005824284242733221,0.018005669292422734,0.006620388880448909,0.002958983916626448
positive_beta_prior__no_component_scales_neither,2025-08-29,BNDX,-0.0027157202032779626,0.0018362952066057758,-0.0020263817487608136,0.013049989543862881,0.0045520154098837385,0.000689338454517149
positive_beta_prior__no_component_scales_neither,2025-08-29,LQD,-0.002606769322014757,0.015298491121950697,0.0006505706043574569,0.02370548568086953,0.017905260443965454,0.003257339926372214
positive_beta_prior__no_component_scales_neither,2025-08-29,HYG,0.00042518698438489,0.005419530370210479,0.003130288596463814,0.019166842717871196,0.004994343385825589,0.0027051016120789237
positive_beta_prior__no_component_scales_neither,2025-08-29,EWX,0.0034956840409672957,0.00934001338555035,0.011180930043027277,0.04368337458526702,0.005844329344583054,0.00768524600205998
positive_beta_prior__no_component_scales_neither,2025-08-29,VWOB,-0.000903800312290759,0.011313877152875351,0.005087987558409081,0.02574857069055504,0.01221767746516611,0.00599178787069984
positive_beta_prior__no_component_scales_neither,2025-08-29,HYEM,-0.000373655432730694,-0.003310550556556602,0.006539693572692843,0.023724539975518204,-0.002936895123825908,0.006913349005423537
positive_beta_prior__global_scale_lengthscale_only,2025-08-29,SPY,0.008484261806604877,0.03208906394277711,0.0072171835619199935,0.040236685691030664,0.02360480213617223,-0.001267078244684883
positive_beta_prior__global_scale_lengthscale_only,2025-08-29,MGK,0.010974600181954803,0.04538102472427963,0.00912482678038523,0.05372679892971987,0.03440642454232483,-0.0018497734015695735
positive_beta_prior__global_scale_lengthscale_only,2025-08-29,VTV,0.00618970379948542,0.019529753810910266,0.009463458456770157,0.039453355009090044,0.013340050011424846,0.0032737546572847373
positive_beta_prior__global_scale_lengthscale_only,2025-08-29,IJR,0.001668437180918304,0.007030856049952794,0.004381523285815889,0.052565284566127315,0.00536241886903449,0.0027130861048975854
positive_beta_prior__global_scale_lengthscale_only,2025-08-29,IWM,0.0010644498459761002,0.028272862598571757,0.002333394812468698,0.05324820282743152,0.027208412752595657,0.001268944966492598
positive_beta_prior__global_scale_lengthscale_only,2025-08-29,VNQ,0.0018369329016156865,-0.002835540326792896,0.006382219164297475,0.05070154788482824,-0.004672473228408582,0.004545286262681789
positive_beta_prior__global_scale_lengthscale_only,2025-08-29,VNQI,-0.0019214031342625851,0.010131917120224765,-0.0016638372879898145,0.04472855944893787,0.01205332025448735,0.0002575658462727706
positive_beta_prior__global_scale_lengthscale_only,2025-08-29,VEA,0.0040378080326814204,0.022001068135094393,0.003407426983024676,0.043570606569250284,0.017963260102412972,-0.0006303810496567446
positive_beta_prior__global_scale_lengthscale_only,2025-08-29,VWO,0.00031709987981788515,0.053275426570534856,-0.0007842616841525754,0.039029451574886395,0.05295832669071697,-0.0011013615639704605
positive_beta_prior__global_scale_lengthscale_only,2025-08-29,VSS,0.002147150014395626,0.018182193335737562,0.00010579246427163368,0.04285745134957309,0.016035043321341935,-0.0020413575501239925
positive_beta_prior__global_scale_lengthscale_only,2025-08-29,BND,-0.0028052261627249343,0.007605185555678684,-0.0014888341129819583,0.015540160968094416,0.01041041171840362,0.001316392049742976
positive_beta_prior__global_scale_lengthscale_only,2025-08-29,IEF,-0.00354141234089977,0.0030789765395491386,-0.00193940682607472,0.018390124647768114,0.006620388880448909,0.00160200551482505
positive_beta_prior__global_scale_lengthscale_only,2025-08-29,BNDX,-0.0027157202032779626,0.0018362952066057758,-0.0021352650644087252,0.012740481981082054,0.0045520154098837385,0.0005804551388692374
positive_beta_prior__global_scale_lengthscale_only,2025-08-29,LQD,-0.002606769322014757,0.015298491121950697,-0.0031594844879807835,0.024521151583262974,0.017905260443965454,-0.0005527151659660266
positive_beta_prior__global_scale_lengthscale_only,2025-08-29,HYG,0.00042518698438489,0.005419530370210479,0.00017529279937726047,0.02123139486530642,0.004994343385825589,-0.0002498941850076295
positive_beta_prior__global_scale_lengthscale_only,2025-08-29,EWX,0.0034956840409672957,0.00934001338555035,0.0028717223224687905,0.034611303485341374,0.005844329344583054,-0.0006239617184985052
positive_beta_prior__global_scale_lengthscale_only,2025-08-29,VWOB,-0.000903800312290759,0.011313877152875351,-0.0015450868285957291,0.027269793260550682,0.01221767746516611,-0.0006412865163049702
positive_beta_prior__global_scale_lengthscale_only,2025-08-29,HYEM,-0.000373655432730694,-0.003310550556556602,-4.438655635809289e-05,0.02456688917239261,-0.002936895123825908,0.00032926887637260114
positive_beta_prior__global_scale_neither,2025-08-29,SPY,0.008484261806604877,0.03208906394277711,0.012081153956849553,0.04460042023663465,0.02360480213617223,0.003596892150244677
positive_beta_prior__global_scale_neither,2025-08-29,MGK,0.010974600181954803,0.04538102472427963,0.007918650723172417,0.06056562553197571,0.03440642454232483,-0.003055949458782386
positive_beta_prior__global_scale_neither,2025-08-29,VTV,0.00618970379948542,0.019529753810910266,0.015262067419628189,0.04011808165525894,0.013340050011424846,0.009072363620142769
positive_beta_prior__global_scale_neither,2025-08-29,IJR,0.001668437180918304,0.007030856049952794,0.015464255095329107,0.05690314959556532,0.00536241886903449,0.013795817914410802
positive_beta_prior__global_scale_neither,2025-08-29,IWM,0.0010644498459761002,0.028272862598571757,0.012772205910941359,0.05877124748623316,0.027208412752595657,0.011707756064965259
positive_beta_prior__global_scale_neither,2025-08-29,VNQ,0.0018369329016156865,-0.002835540326792896,0.01125136332234703,0.05207676514806142,-0.004672473228408582,0.009414430420731344
positive_beta_prior__global_scale_neither,2025-08-29,VNQI,-0.0019214031342625851,0.010131917120224765,0.004915141813916505,0.04329599640752768,0.01205332025448735,0.00683654494817909
positive_beta_prior__global_scale_neither,2025-08-29,VEA,0.0040378080326814204,0.022001068135094393,0.008375108629276425,0.04415322186664922,0.017963260102412972,0.004337300596595005
positive_beta_prior__global_scale_neither,2025-08-29,VWO,0.00031709987981788515,0.053275426570534856,0.007435327127619561,0.04168663252100961,0.05295832669071697,0.007118227247801676
positive_beta_prior__global_scale_neither,2025-08-29,VSS,0.002147150014395626,0.018182193335737562,0.00437852072322421,0.044216962242951525,0.016035043321341935,0.002231370708828584
positive_beta_prior__global_scale_neither,2025-08-29,BND,-0.0028052261627249343,0.007605185555678684,0.0008557386930214007,0.015932877507540813,0.01041041171840362,0.003660964855746335
positive_beta_prior__global_scale_neither,2025-08-29,IEF,-0.00354141234089977,0.0030789765395491386,-0.0007382570730095667,0.018707361458415877,0.006620388880448909,0.0028031552678902034
positive_beta_prior__global_scale_neither,2025-08-29,BNDX,-0.0027157202032779626,0.0018362952066057758,-0.0021964365308658317,0.01445272521619059,0.0045520154098837385,0.0005192836724121309
positive_beta_prior__global_scale_neither,2025-08-29,LQD,-0.002606769322014757,0.015298491121950697,0.001043434782449672,0.024738278369422086,0.017905260443965454,0.003650204104464429
positive_beta_prior__global_scale_neither,2025-08-29,HYG,0.00042518698438489,0.005419530370210479,0.0022031447112167953,0.02213446031996086,0.004994343385825589,0.0017779577268319054
positive_beta_prior__global_scale_neither,2025-08-29,EWX,0.0034956840409672957,0.00934001338555035,0.013399921032798414,0.036965424350443706,0.005844329344583054,0.009904236991831118
positive_beta_prior__global_scale_neither,2025-08-29,VWOB,-0.000903800312290759,0.011313877152875351,0.003297419068077999,0.02779563105822364,0.01221767746516611,0.004201219380368758
positive_beta_prior__global_scale_neither,2025-08-29,HYEM,-0.000373655432730694,-0.003310550556556602,0.004544102964800307,0.025081558613228007,-0.002936895123825908,0.004917758397531001
positive_beta_prior__component_scales_lengthscale_only,2025-09-30,SPY,0.008921387772089548,0.02028375894432366,0.008526098420299706,0.04199988039964665,0.011362371172234112,-0.0003952893517898421
positive_beta_prior__component_scales_lengthscale_only,2025-09-30,MGK,0.011611756191997856,0.04184616666398688,0.009246010182239313,0.054560453918140066,0.030234410471989027,-0.002365746009758543
positive_beta_prior__component_scales_lengthscale_only,2025-09-30,VTV,0.0064367417626599545,-0.007371739211896489,0.007354962629755921,0.03878133575788331,-0.013808480974556444,0.0009182208670959662
positive_beta_prior__component_scales_lengthscale_only,2025-09-30,IJR,0.0017677412340485724,-0.012108590721114587,0.007630536182997638,0.05419609291588436,-0.013876331955163159,0.005862794948949066
positive_beta_prior__component_scales_lengthscale_only,2025-09-30,IWM,0.0015683093413945384,0.014115453040836279,0.006628026172791353,0.05536572331418861,0.01254714369944174,0.005059716831396815
positive_beta_prior__component_scales_lengthscale_only,2025-09-30,VNQ,0.00175040561960812,-0.027888055765740494,0.001074718205347445,0.05344592385397157,-0.029638461385348612,-0.0006756874142606751
positive_beta_prior__component_scales_lengthscale_only,2025-09-30,VNQI,-0.0016981934999202267,-0.015995303603671296,-0.0037943842311102625,0.04497256035168833,-0.014297110103751069,-0.002096190731190036
positive_beta_prior__component_scales_lengthscale_only,2025-09-30,VEA,0.00437046099754092,0.014158067636574012,0.0028683419125657642,0.04443501409873567,0.009787606639033091,-0.001502119084975156
positive_beta_prior__component_scales_lengthscale_only,2025-09-30,VWO,0.0012978096333496809,0.01105958429806142,-0.0005697353214651711,0.04127247704060365,0.00976177466471174,-0.001867544954814852
positive_beta_prior__component_scales_lengthscale_only,2025-09-30,VSS,0.0024440952610871435,-0.004799080760367169,0.00046207841496114,0.04482074943088052,-0.007243176021454313,-0.0019820168461260035
positive_beta_prior__component_scales_lengthscale_only,2025-09-30,BND,-0.002612440760532275,0.002537797325417923,-0.0022921464429832626,0.016152781234873927,0.005150238085950198,0.0003202943175490123
positive_beta_prior__component_scales_lengthscale_only,2025-09-30,IEF,-0.003418812546817383,0.0036171952388968087,-0.002874271394671586,0.019150444837776035,0.007036007785714192,0.0005445411521457968
positive_beta_prior__component_scales_lengthscale_only,2025-09-30,BNDX,-0.002631423621613449,0.006523664675198493,-0.003094778448951215,0.013167766250659371,0.009155088296811942,-0.00046335482733776603
positive_beta_prior__component_scales_lengthscale_only,2025-09-30,LQD,-0.0022751904249042857,-0.0019813075408361414,-0.0022924740538597345,0.025263596542856637,0.0002938828840681443,-1.7283628955448802e-05
positive_beta_prior__component_scales_lengthscale_only,2025-09-30,HYG,0.0005176748248631416,-0.003581832310472044,-5.123830533783488e-05,0.020758343855058033,-0.004099507135335185,-0.0005689131302009765
positive_beta_prior__component_scales_lengthscale_only,2025-09-30,EWX,0.003603912362163278,-0.003915097877319473,0.0015732407460648137,0.03627804545071529,-0.007519010239482751,-0.0020306716160984643
positive_beta_prior__component_scales_lengthscale_only,2025-09-30,VWOB,-0.000677547025898794,0.017691150240358278,-0.0014358221811374165,0.027831835761447286,0.018368697266257072,-0.0007582751552386225
positive_beta_prior__component_scales_lengthscale_only,2025-09-30,HYEM,-0.0004280423794682108,0.00027660203614199297,-0.002591968950700737,0.025506511626786077,0.0007046444156102037,-0.002163926571232526
positive_beta_prior__component_scales_neither,2025-09-30,SPY,0.008921387772089548,0.02028375894432366,0.009174277572052013,0.04907976425511335,0.011362371172234112,0.00025288979996246526
positive_beta_prior__component_scales_neither,2025-09-30,MGK,0.011611756191997856,0.04184616666398688,0.010147252109922794,0.06316692575502039,0.030234410471989027,-0.0014645040820750622
positive_beta_prior__component_scales_neither,2025-09-30,VTV,0.0064367417626599545,-0.007371739211896489,0.007198649380642895,0.044350320633047356,-0.013808480974556444,0.0007619076179829409
positive_beta_prior__component_scales_neither,2025-09-30,IJR,0.0017677412340485724,-0.012108590721114587,0.008914411028304654,0.06436930736279964,-0.013876331955163159,0.007146669794256082
positive_beta_prior__component_scales_neither,2025-09-30,IWM,0.0015683093413945384,0.014115453040836279,0.007406618291211241,0.06661914532953205,0.01254714369944174,0.005838308949816703
positive_beta_prior__component_scales_neither,2025-09-30,VNQ,0.00175040561960812,-0.027888055765740494,0.0006563378209731437,0.06029550305329034,-0.029638461385348612,-0.0010940677986349763
positive_beta_prior__component_scales_neither,2025-09-30,VNQI,-0.0016981934999202267,-0.015995303603671296,-0.003942147644695067,0.04564174179431586,-0.014297110103751069,-0.002243954144774841
positive_beta_prior__component_scales_neither,2025-09-30,VEA,0.00437046099754092,0.014158067636574012,0.003028829411319698,0.04611033426322616,0.009787606639033091,-0.001341631586221222
positive_beta_prior__component_scales_neither,2025-09-30,VWO,0.0012978096333496809,0.01105958429806142,0.0008495016001577355,0.039411514184834545,0.00976177466471174,-0.0004483080331919454
positive_beta_prior__component_scales_neither,2025-09-30,VSS,0.0024440952610871435,-0.004799080760367169,-0.00013777859892820333,0.04708698210749599,-0.007243176021454313,-0.002581873860015347
positive_beta_prior__component_scales_neither,2025-09-30,BND,-0.002612440760532275,0.002537797325417923,-0.0019464211593302081,0.016799456449556296,0.005150238085950198,0.0006660196012020668
positive_beta_prior__component_scales_neither,2025-09-30,IEF,-0.003418812546817383,0.0036171952388968087,-0.002284221994661763,0.019655218823159765,0.007036007785714192,0.0011345905521556198
positive_beta_prior__component_scales_neither,2025-09-30,BNDX,-0.002631423621613449,0.006523664675198493,-0.0027248107395014464,0.014092460541118627,0.009155088296811942,-9.338711788799744e-05
positive_beta_prior__component_scales_neither,2025-09-30,LQD,-0.0022751904249042857,-0.0019813075408361414,-0.0021086541603969992,0.026763252295210496,0.0002938828840681443,0.00016653626450728641
positive_beta_prior__component_scales_neither,2025-09-30,HYG,0.0005176748248631416,-0.003581832310472044,-0.000405427808408418,0.02302178310386863,-0.004099507135335185,-0.0009231026332715596
positive_beta_prior__component_scales_neither,2025-09-30,EWX,0.003603912362163278,-0.003915097877319473,0.002503384354151765,0.03671672998573143,-0.007519010239482751,-0.0011005280080115128
positive_beta_prior__component_scales_neither,2025-09-30,VWOB,-0.000677547025898794,0.017691150240358278,-0.0018496735208398392,0.029129840818993502,0.018368697266257072,-0.001172126494941045
positive_beta_prior__component_scales_neither,2025-09-30,HYEM,-0.0004280423794682108,0.00027660203614199297,-0.00355700533732858,0.02559797979880545,0.0007046444156102037,-0.003128962957860369
positive_beta_prior__no_component_scales_lengthscale_only,2025-09-30,SPY,0.008921387772089548,0.02028375894432366,0.009146034346329686,0.12273043439487559,0.011362371172234112,0.0002246465742401383
positive_beta_prior__no_component_scales_lengthscale_only,2025-09-30,MGK,0.011611756191997856,0.04184616666398688,0.012917295722417416,0.0788162548754344,0.030234410471989027,0.0013055395304195604
positive_beta_prior__no_component_scales_lengthscale_only,2025-09-30,VTV,0.0064367417626599545,-0.007371739211896489,0.011464594129099805,0.0393556595468324,-0.013808480974556444,0.005027852366439851
positive_beta_prior__no_component_scales_lengthscale_only,2025-09-30,IJR,0.0017677412340485724,-0.012108590721114587,0.01723325104153052,0.056271145924778825,-0.013876331955163159,0.015465509807481948
positive_beta_prior__no_component_scales_lengthscale_only,2025-09-30,IWM,0.0015683093413945384,0.014115453040836279,0.012993068320229206,0.05870445031511167,0.01254714369944174,0.011424758978834668
positive_beta_prior__no_component_scales_lengthscale_only,2025-09-30,VNQ,0.00175040561960812,-0.027888055765740494,0.008926639428846595,0.05943278374775284,-0.029638461385348612,0.0071762338092384755
positive_beta_prior__no_component_scales_lengthscale_only,2025-09-30,VNQI,-0.0016981934999202267,-0.015995303603671296,-0.0037707941017407366,0.04065647036435587,-0.014297110103751069,-0.00207260060182051
positive_beta_prior__no_component_scales_lengthscale_only,2025-09-30,VEA,0.00437046099754092,0.014158067636574012,0.002975824997667142,0.039698714149895196,0.009787606639033091,-0.0013946359998737784
positive_beta_prior__no_component_scales_lengthscale_only,2025-09-30,VWO,0.0012978096333496809,0.01105958429806142,0.0004735648945805712,0.04393074667386313,0.00976177466471174,-0.0008242447387691097
positive_beta_prior__no_component_scales_lengthscale_only,2025-09-30,VSS,0.0024440952610871435,-0.004799080760367169,-0.001485748325586087,0.04066919603722635,-0.007243176021454313,-0.0039298435866732305
positive_beta_prior__no_component_scales_lengthscale_only,2025-09-30,BND,-0.002612440760532275,0.002537797325417923,-0.0025039633521365826,0.015742528145684057,0.005150238085950198,0.00010847740839569232
positive_beta_prior__no_component_scales_lengthscale_only,2025-09-30,IEF,-0.003418812546817383,0.0036171952388968087,-0.0033969673109375954,0.018439434411196658,0.007036007785714192,2.1845235879787428e-05
positive_beta_prior__no_component_scales_lengthscale_only,2025-09-30,BNDX,-0.002631423621613449,0.006523664675198493,-0.002172245212689893,0.013090667578088582,0.009155088296811942,0.0004591784089235558
positive_beta_prior__no_component_scales_lengthscale_only,2025-09-30,LQD,-0.0022751904249042857,-0.0019813075408361414,-0.0020792082631918766,0.024549958908149008,0.0002938828840681443,0.00019598216171240902
positive_beta_prior__no_component_scales_lengthscale_only,2025-09-30,HYG,0.0005176748248631416,-0.003581832310472044,0.00047003967263761857,0.019114558608643167,-0.004099507135335185,-4.763515222552307e-05
positive_beta_prior__no_component_scales_lengthscale_only,2025-09-30,EWX,0.003603912362163278,-0.003915097877319473,0.005551287293181676,0.04215055506981397,-0.007519010239482751,0.0019473749310183982
positive_beta_prior__no_component_scales_lengthscale_only,2025-09-30,VWOB,-0.000677547025898794,0.017691150240358278,-0.0006247166343399237,0.02663301420159528,0.018368697266257072,5.283039155887031e-05
positive_beta_prior__no_component_scales_lengthscale_only,2025-09-30,HYEM,-0.0004280423794682108,0.00027660203614199297,-0.0009029802995924557,0.024291726145147206,0.0007046444156102037,-0.0004749379201242449
positive_beta_prior__no_component_scales_neither,2025-09-30,SPY,0.008921387772089548,0.02028375894432366,0.01558951592561126,0.1175898884468926,0.011362371172234112,0.0066681281535217116
positive_beta_prior__no_component_scales_neither,2025-09-30,MGK,0.011611756191997856,0.04184616666398688,0.019858964531866648,0.07117995042326908,0.030234410471989027,0.008247208339868792
positive_beta_prior__no_component_scales_neither,2025-09-30,VTV,0.0064367417626599545,-0.007371739211896489,0.011293346029226242,0.042238034369539296,-0.013808480974556444,0.004856604266566288
positive_beta_prior__no_component_scales_neither,2025-09-30,IJR,0.0017677412340485724,-0.012108590721114587,0.017279471877172565,0.05505792186890142,-0.013876331955163159,0.015511730643123993
positive_beta_prior__no_component_scales_neither,2025-09-30,IWM,0.0015683093413945384,0.014115453040836279,0.012993581548814912,0.05723135295834782,0.01254714369944174,0.011425272207420374
positive_beta_prior__no_component_scales_neither,2025-09-30,VNQ,0.00175040561960812,-0.027888055765740494,0.007574854642874914,0.056258346774066444,-0.029638461385348612,0.005824449023266794
positive_beta_prior__no_component_scales_neither,2025-09-30,VNQI,-0.0016981934999202267,-0.015995303603671296,-0.0012702768191176627,0.039894473020785026,-0.014297110103751069,0.00042791668080256404
positive_beta_prior__no_component_scales_neither,2025-09-30,VEA,0.00437046099754092,0.014158067636574012,0.0054510668773940915,0.0387312171597353,0.009787606639033091,0.0010806058798531713
positive_beta_prior__no_component_scales_neither,2025-09-30,VWO,0.0012978096333496809,0.01105958429806142,0.0071827281284000885,0.04791716833765174,0.00976177466471174,0.005884918495050408
positive_beta_prior__no_component_scales_neither,2025-09-30,VSS,0.0024440952610871435,-0.004799080760367169,0.0030659092074852147,0.03896568655072799,-0.007243176021454313,0.0006218139463980712
positive_beta_prior__no_component_scales_neither,2025-09-30,BND,-0.002612440760532275,0.002537797325417923,-0.0015077440276101209,0.016228635057003088,0.005150238085950198,0.001104696732922154
positive_beta_prior__no_component_scales_neither,2025-09-30,IEF,-0.003418812546817383,0.0036171952388968087,-0.0019552593831712655,0.01975404253590281,0.007036007785714192,0.0014635531636461173
positive_beta_prior__no_component_scales_neither,2025-09-30,BNDX,-0.002631423621613449,0.006523664675198493,-0.0022089696432025787,0.01300930053178732,0.009155088296811942,0.00042245397841087027
positive_beta_prior__no_component_scales_neither,2025-09-30,LQD,-0.0022751904249042857,-0.0019813075408361414,-0.0008177571042365613,0.025685974025240088,0.0002938828840681443,0.0014574333206677243
positive_beta_prior__no_component_scales_neither,2025-09-30,HYG,0.0005176748248631416,-0.003581832310472044,0.0020075562564424642,0.019666179034414435,-0.004099507135335185,0.0014898814315793226
positive_beta_prior__no_component_scales_neither,2025-09-30,EWX,0.003603912362163278,-0.003915097877319473,0.013629145221051703,0.03956464253944545,-0.007519010239482751,0.010025232858888426
positive_beta_prior__no_component_scales_neither,2025-09-30,VWOB,-0.000677547025898794,0.017691150240358278,0.0015573554591102189,0.026952785737217034,0.018368697266257072,0.002234902485009013
positive_beta_prior__no_component_scales_neither,2025-09-30,HYEM,-0.0004280423794682108,0.00027660203614199297,-0.0011645189790314534,0.02553212012216234,0.0007046444156102037,-0.0007364765995632426
positive_beta_prior__global_scale_lengthscale_only,2025-09-30,SPY,0.008921387772089548,0.02028375894432366,0.010505030114231526,0.046540628567848366,0.011362371172234112,0.0015836423421419776
positive_beta_prior__global_scale_lengthscale_only,2025-09-30,MGK,0.011611756191997856,0.04184616666398688,0.01135507830834554,0.06164062103662464,0.030234410471989027,-0.00025667788365231654
positive_beta_prior__global_scale_lengthscale_only,2025-09-30,VTV,0.0064367417626599545,-0.007371739211896489,0.008200666113914738,0.04168667517887471,-0.013808480974556444,0.0017639243512547831
positive_beta_prior__global_scale_lengthscale_only,2025-09-30,IJR,0.0017677412340485724,-0.012108590721114587,0.008205346311461914,0.05933866045445381,-0.013876331955163159,0.006437605077413342
positive_beta_prior__global_scale_lengthscale_only,2025-09-30,IWM,0.0015683093413945384,0.014115453040836279,0.0058790793056084974,0.060981174652125894,0.01254714369944174,0.004310769964213959
positive_beta_prior__global_scale_lengthscale_only,2025-09-30,VNQ,0.00175040561960812,-0.027888055765740494,0.00499981090996042,0.05669240689880139,-0.029638461385348612,0.0032494052903523
positive_beta_prior__global_scale_lengthscale_only,2025-09-30,VNQI,-0.0016981934999202267,-0.015995303603671296,-0.0022715746081695,0.047930661567983666,-0.014297110103751069,-0.0005733811082492735
positive_beta_prior__global_scale_lengthscale_only,2025-09-30,VEA,0.00437046099754092,0.014158067636574012,0.002840585573005792,0.04585762938450421,0.009787606639033091,-0.001529875424535128
positive_beta_prior__global_scale_lengthscale_only,2025-09-30,VWO,0.0012978096333496809,0.01105958429806142,0.00017694750420527302,0.044418352637090944,0.00976177466471174,-0.0011208621291444079
positive_beta_prior__global_scale_lengthscale_only,2025-09-30,VSS,0.0024440952610871435,-0.004799080760367169,-0.0012448925067464985,0.04644465291069393,-0.007243176021454313,-0.003688987767833642
positive_beta_prior__global_scale_lengthscale_only,2025-09-30,BND,-0.002612440760532275,0.002537797325417923,-0.0015864202523284687,0.016602763630336345,0.005150238085950198,0.0010260205082038062
positive_beta_prior__global_scale_lengthscale_only,2025-09-30,IEF,-0.003418812546817383,0.0036171952388968087,-0.0026329473755605163,0.018896367020176795,0.007036007785714192,0.0007858651712568665
positive_beta_prior__global_scale_lengthscale_only,2025-09-30,BNDX,-0.002631423621613449,0.006523664675198493,-0.0017510193248373848,0.013563246345688151,0.009155088296811942,0.0008804042967760642
positive_beta_prior__global_scale_lengthscale_only,2025-09-30,LQD,-0.0022751904249042857,-0.0019813075408361414,-0.0015103052784946889,0.02612227875958437,0.0002938828840681443,0.0007648851464095968
positive_beta_prior__global_scale_lengthscale_only,2025-09-30,HYG,0.0005176748248631416,-0.003581832310472044,-0.0003114859835941059,0.02155580642482686,-0.004099507135335185,-0.0008291608084572476
positive_beta_prior__global_scale_lengthscale_only,2025-09-30,EWX,0.003603912362163278,-0.003915097877319473,0.003665341955191383,0.03835115338956401,-0.007519010239482751,6.142959302810492e-05
positive_beta_prior__global_scale_lengthscale_only,2025-09-30,VWOB,-0.000677547025898794,0.017691150240358278,-0.0009233252790699963,0.029293325999588223,0.018368697266257072,-0.0002457782531712023
positive_beta_prior__global_scale_lengthscale_only,2025-09-30,HYEM,-0.0004280423794682108,0.00027660203614199297,-0.0014097638110061026,0.02710434999563603,0.0007046444156102037,-0.0009817214315378919
positive_beta_prior__global_scale_neither,2025-09-30,SPY,0.008921387772089548,0.02028375894432366,0.016738070293719,0.04452853497085432,0.011362371172234112,0.007816682521629453
positive_beta_prior__global_scale_neither,2025-09-30,MGK,0.011611756191997856,0.04184616666398688,0.02001454736832485,0.059596415040289244,0.030234410471989027,0.008402791176326994
positive_beta_prior__global_scale_neither,2025-09-30,VTV,0.0064367417626599545,-0.007371739211896489,0.011679446891469002,0.04131718752735855,-0.013808480974556444,0.005242705128809048
positive_beta_prior__global_scale_neither,2025-09-30,IJR,0.0017677412340485724,-0.012108590721114587,0.016042896238000655,0.058759699811239165,-0.013876331955163159,0.014275155003952083
positive_beta_prior__global_scale_neither,2025-09-30,IWM,0.0015683093413945384,0.014115453040836279,0.012477420844212057,0.060256646592965944,0.01254714369944174,0.01090911150281752
positive_beta_prior__global_scale_neither,2025-09-30,VNQ,0.00175040561960812,-0.027888055765740494,0.007945333373614234,0.05444102931664651,-0.029638461385348612,0.006194927754006114
positive_beta_prior__global_scale_neither,2025-09-30,VNQI,-0.0016981934999202267,-0.015995303603671296,0.0038346503522734476,0.04772498587080127,-0.014297110103751069,0.005532843852193674
positive_beta_prior__global_scale_neither,2025-09-30,VEA,0.00437046099754092,0.014158067636574012,0.008579818521477899,0.04721050040791527,0.009787606639033091,0.004209357523936978
positive_beta_prior__global_scale_neither,2025-09-30,VWO,0.0012978096333496809,0.01105958429806142,0.01309645372984072,0.04701088054496503,0.00976177466471174,0.01179864409649104
positive_beta_prior__global_scale_neither,2025-09-30,VSS,0.0024440952610871435,-0.004799080760367169,0.007235327190194069,0.04708560007100927,-0.007243176021454313,0.004791231929106926
positive_beta_prior__global_scale_neither,2025-09-30,BND,-0.002612440760532275,0.002537797325417923,0.000945664218802354,0.016994011548968183,0.005150238085950198,0.003558104979334629
positive_beta_prior__global_scale_neither,2025-09-30,IEF,-0.003418812546817383,0.0036171952388968087,9.961060635851459e-05,0.01996514969378024,0.007036007785714192,0.0035184231531758974
positive_beta_prior__global_scale_neither,2025-09-30,BNDX,-0.002631423621613449,0.006523664675198493,-0.000954979906018539,0.014626215937778568,0.009155088296811942,0.00167644371559491
positive_beta_prior__global_scale_neither,2025-09-30,LQD,-0.0022751904249042857,-0.0019813075408361414,0.0012962309131226372,0.026297268149838786,0.0002938828840681443,0.003571421338026923
positive_beta_prior__global_scale_neither,2025-09-30,HYG,0.0005176748248631416,-0.003581832310472044,0.0025608342752998963,0.02251673649889012,-0.004099507135335185,0.002043159450436755
positive_beta_prior__global_scale_neither,2025-09-30,EWX,0.003603912362163278,-0.003915097877319473,0.012975891835614047,0.0392325967391567,-0.007519010239482751,0.009371979473450769
positive_beta_prior__global_scale_neither,2025-09-30,VWOB,-0.000677547025898794,0.017691150240358278,0.003900800293716712,0.02957196315271479,0.018368697266257072,0.004578347319615506
positive_beta_prior__global_scale_neither,2025-09-30,HYEM,-0.0004280423794682108,0.00027660203614199297,-0.00014208022153370452,0.027078478459508375,0.0007046444156102037,0.0002859621579345063
positive_beta_prior__component_scales_lengthscale_only,2025-10-31,SPY,0.00912797633885744,-0.001039617729681419,0.01376106928802213,0.04482149195306046,-0.010167594068538859,0.00463309294916469
positive_beta_prior__component_scales_lengthscale_only,2025-10-31,MGK,0.01216147274603402,-0.018174122322586972,0.013813634374545698,0.05817149027203069,-0.03033559506862099,0.0016521616285116777
positive_beta_prior__component_scales_lengthscale_only,2025-10-31,VTV,0.006185678472213474,0.02234958180665636,0.013165497189664643,0.041151993441602426,0.016163903334442887,0.006979818717451169
positive_beta_prior__component_scales_lengthscale_only,2025-10-31,IJR,0.0015154442894092421,0.022999546830901885,0.01964354951704532,0.05508605707676141,0.021484102541492644,0.01812810522763608
positive_beta_prior__component_scales_lengthscale_only,2025-10-31,IWM,0.0017964392268389336,0.007219933427264902,0.02004081000031087,0.05627938863382982,0.005423494200425968,0.018244370773471935
positive_beta_prior__component_scales_lengthscale_only,2025-10-31,VNQ,0.0012115245035108726,0.02116455054555555,0.009311398790182807,0.05656903364915086,0.019953026042044675,0.008099874286671934
positive_beta_prior__component_scales_lengthscale_only,2025-10-31,VNQI,-0.0019581409563520645,0.011398276316832767,0.003110461095942101,0.04602325128152805,0.013356417273184831,0.005068602052294166
positive_beta_prior__component_scales_lengthscale_only,2025-10-31,VEA,0.004548417481886976,0.006662577508105283,0.00915095379689748,0.04613686115748241,0.0021141600262183065,0.004602536315010504
positive_beta_prior__component_scales_lengthscale_only,2025-10-31,VWO,0.0014752964454353488,-0.015135981764385575,0.006869659700061604,0.040481572015913965,-0.016611278209820925,0.005394363254626255
positive_beta_prior__component_scales_lengthscale_only,2025-10-31,VSS,0.0023124011516061564,0.006820955763576553,0.007421328234150645,0.04613893005676719,0.004508554611970396,0.005108927082544488
positive_beta_prior__component_scales_lengthscale_only,2025-10-31,BND,-0.002518800068060453,0.00297114143881938,-0.0011247293292766757,0.01682315476174915,0.005489941506879833,0.0013940707387837773
positive_beta_prior__component_scales_lengthscale_only,2025-10-31,IEF,-0.0032908851325316704,0.00686801303321638,-0.0020898633304689265,0.01945518564684538,0.01015889816574805,0.001201021802062744
positive_beta_prior__component_scales_lengthscale_only,2025-10-31,BNDX,-0.002464967470762323,-0.004807659780811324,-0.0016596434681578926,0.014305151443113668,-0.002342692310049001,0.0008053240026044304
positive_beta_prior__component_scales_lengthscale_only,2025-10-31,LQD,-0.00226984709973941,0.006300096794094712,-0.00010271775302523418,0.026243970710852407,0.008569943893834121,0.002167129346714176
positive_beta_prior__component_scales_lengthscale_only,2025-10-31,HYG,0.000443138331493411,0.004457641722011463,0.0024580314827900296,0.022055790752906413,0.004014503390518052,0.0020148931512966187
positive_beta_prior__component_scales_lengthscale_only,2025-10-31,EWX,0.0034672030850817735,-0.016176668191666965,0.010266682398895624,0.03649092274432948,-0.01964387127674874,0.0067994793138138505
positive_beta_prior__component_scales_lengthscale_only,2025-10-31,VWOB,-0.0003435707119668472,0.0006545758910070365,0.002948762392154922,0.02874916385782178,0.0009981466029738836,0.003292333104121769
positive_beta_prior__component_scales_lengthscale_only,2025-10-31,HYEM,-0.0004152306628207526,-0.0021992661278306125,0.003626468723830781,0.025618280083838756,-0.0017840354650098598,0.004041699386651534
positive_beta_prior__component_scales_neither,2025-10-31,SPY,0.00912797633885744,-0.001039617729681419,0.019955522749812327,0.04304797612516573,-0.010167594068538859,0.010827546410954887
positive_beta_prior__component_scales_neither,2025-10-31,MGK,0.01216147274603402,-0.018174122322586972,0.015125518397541983,0.055332558472304456,-0.03033559506862099,0.0029640456515079624
positive_beta_prior__component_scales_neither,2025-10-31,VTV,0.006185678472213474,0.02234958180665636,0.022424472198197952,0.03982170130671674,0.016163903334442887,0.01623879372598448
positive_beta_prior__component_scales_neither,2025-10-31,IJR,0.0015154442894092421,0.022999546830901885,0.03142240135996956,0.056137910119523314,0.021484102541492644,0.029906957070560316
positive_beta_prior__component_scales_neither,2025-10-31,IWM,0.0017964392268389336,0.007219933427264902,0.03263388218858981,0.0578414234740734,0.005423494200425968,0.03083744296175088
positive_beta_prior__component_scales_neither,2025-10-31,VNQ,0.0012115245035108726,0.02116455054555555,0.016210208661895494,0.05234878482747332,0.019953026042044675,0.014998684158384621
positive_beta_prior__component_scales_neither,2025-10-31,VNQI,-0.0019581409563520645,0.011398276316832767,0.014018419048342917,0.04257522116827956,0.013356417273184831,0.01597656000469498
positive_beta_prior__component_scales_neither,2025-10-31,VEA,0.004548417481886976,0.006662577508105283,0.02043027217034941,0.04177867638360897,0.0021141600262183065,0.015881854688462434
positive_beta_prior__component_scales_neither,2025-10-31,VWO,0.0014752964454353488,-0.015135981764385575,0.014745416222610217,0.03688309686936864,-0.016611278209820925,0.013270119777174868
positive_beta_prior__component_scales_neither,2025-10-31,VSS,0.0023124011516061564,0.006820955763576553,0.018154142097602684,0.0425674975582285,0.004508554611970396,0.015841740945996528
positive_beta_prior__component_scales_neither,2025-10-31,BND,-0.002518800068060453,0.00297114143881938,0.0019550161862812747,0.015399419489489797,0.005489941506879833,0.004473816254341728
positive_beta_prior__component_scales_neither,2025-10-31,IEF,-0.0032908851325316704,0.00686801303321638,0.0012534016892792065,0.01788499369271259,0.01015889816574805,0.004544286821810877
positive_beta_prior__component_scales_neither,2025-10-31,BNDX,-0.002464967470762323,-0.004807659780811324,-0.0006859607271578673,0.012674788008325647,-0.002342692310049001,0.0017790067436044556
positive_beta_prior__component_scales_neither,2025-10-31,LQD,-0.00226984709973941,0.006300096794094712,0.004633491807664121,0.024146720528218278,0.008569943893834121,0.006903338907403531
positive_beta_prior__component_scales_neither,2025-10-31,HYG,0.000443138331493411,0.004457641722011463,0.005555060133832347,0.01992159198957998,0.004014503390518052,0.005111921802338936
positive_beta_prior__component_scales_neither,2025-10-31,EWX,0.0034672030850817735,-0.016176668191666965,0.019133978682895788,0.03455136818462482,-0.01964387127674874,0.015666775597814014
positive_beta_prior__component_scales_neither,2025-10-31,VWOB,-0.0003435707119668472,0.0006545758910070365,0.00823418669528485,0.026543382720188403,0.0009981466029738836,0.008577757407251698
positive_beta_prior__component_scales_neither,2025-10-31,HYEM,-0.0004152306628207526,-0.0021992661278306125,0.007318102701057823,0.023537410194423285,-0.0017840354650098598,0.007733333363878575
positive_beta_prior__no_component_scales_lengthscale_only,2025-10-31,SPY,0.00912797633885744,-0.001039617729681419,0.015976184347042947,0.11705355073531636,-0.010167594068538859,0.0068482080081855076
positive_beta_prior__no_component_scales_lengthscale_only,2025-10-31,MGK,0.01216147274603402,-0.018174122322586972,0.019313171766202425,0.07610668421429398,-0.03033559506862099,0.007151699020168404
positive_beta_prior__no_component_scales_lengthscale_only,2025-10-31,VTV,0.006185678472213474,0.02234958180665636,0.01718526613728296,0.03902672503221771,0.016163903334442887,0.010999587665069487
positive_beta_prior__no_component_scales_lengthscale_only,2025-10-31,IJR,0.0015154442894092421,0.022999546830901885,0.021117305875530065,0.05626119461285152,0.021484102541492644,0.019601861586120824
positive_beta_prior__no_component_scales_lengthscale_only,2025-10-31,IWM,0.0017964392268389336,0.007219933427264902,0.018686890587606333,0.0580763911319468,0.005423494200425968,0.0168904513607674
positive_beta_prior__no_component_scales_lengthscale_only,2025-10-31,VNQ,0.0012115245035108726,0.02116455054555555,0.018484000910034167,0.058875295600307506,0.019953026042044675,0.017272476406523293
positive_beta_prior__no_component_scales_lengthscale_only,2025-10-31,VNQI,-0.0019581409563520645,0.011398276316832767,0.00789949386467862,0.03821783170423879,0.013356417273184831,0.009857634821030685
positive_beta_prior__no_component_scales_lengthscale_only,2025-10-31,VEA,0.004548417481886976,0.006662577508105283,0.011750058077789121,0.03770134114721524,0.0021141600262183065,0.007201640595902145
positive_beta_prior__no_component_scales_lengthscale_only,2025-10-31,VWO,0.0014752964454353488,-0.015135981764385575,0.009884319416089119,0.03896297811787372,-0.016611278209820925,0.00840902297065377
positive_beta_prior__no_component_scales_lengthscale_only,2025-10-31,VSS,0.0023124011516061564,0.006820955763576553,0.008521494868252877,0.03786556052451975,0.004508554611970396,0.00620909371664672
positive_beta_prior__no_component_scales_lengthscale_only,2025-10-31,BND,-0.002518800068060453,0.00297114143881938,-0.00039335869708204086,0.014682981081955744,0.005489941506879833,0.002125441370978412
positive_beta_prior__no_component_scales_lengthscale_only,2025-10-31,IEF,-0.0032908851325316704,0.00686801303321638,-0.0016297522406881232,0.016844016565637752,0.01015889816574805,0.0016611328918435472
positive_beta_prior__no_component_scales_lengthscale_only,2025-10-31,BNDX,-0.002464967470762323,-0.004807659780811324,-0.001293003922745256,0.012980080056971828,-0.002342692310049001,0.0011719635480170669
positive_beta_prior__no_component_scales_lengthscale_only,2025-10-31,LQD,-0.00226984709973941,0.006300096794094712,0.002189781635400933,0.023152776383673673,0.008569943893834121,0.004459628735140343
positive_beta_prior__no_component_scales_lengthscale_only,2025-10-31,HYG,0.000443138331493411,0.004457641722011463,0.0021428853355793076,0.019156686692343505,0.004014503390518052,0.0016997470040858967
positive_beta_prior__no_component_scales_lengthscale_only,2025-10-31,EWX,0.0034672030850817735,-0.016176668191666965,0.011489353868349591,0.0435005466121931,-0.01964387127674874,0.008022150783267817
positive_beta_prior__no_component_scales_lengthscale_only,2025-10-31,VWOB,-0.0003435707119668472,0.0006545758910070365,0.004595110240760146,0.02589387905475042,0.0009981466029738836,0.004938680952726993
positive_beta_prior__no_component_scales_lengthscale_only,2025-10-31,HYEM,-0.0004152306628207526,-0.0021992661278306125,0.004556265669980806,0.02508402036500351,-0.0017840354650098598,0.004971496332801559
positive_beta_prior__no_component_scales_neither,2025-10-31,SPY,0.00912797633885744,-0.001039617729681419,0.017133340936912184,0.11163964972993547,-0.010167594068538859,0.008005364598054744
positive_beta_prior__no_component_scales_neither,2025-10-31,MGK,0.01216147274603402,-0.018174122322586972,0.02244520302177061,0.06647978511234234,-0.03033559506862099,0.01028373027573659
positive_beta_prior__no_component_scales_neither,2025-10-31,VTV,0.006185678472213474,0.02234958180665636,0.019744160597589683,0.03855793383890922,0.016163903334442887,0.01355848212537621
positive_beta_prior__no_component_scales_neither,2025-10-31,IJR,0.0015154442894092421,0.022999546830901885,0.0214784894851385,0.05456818767517592,0.021484102541492644,0.019963045195729258
positive_beta_prior__no_component_scales_neither,2025-10-31,IWM,0.0017964392268389336,0.007219933427264902,0.0172358685296588,0.05665020781440957,0.005423494200425968,0.015439429302819867
positive_beta_prior__no_component_scales_neither,2025-10-31,VNQ,0.0012115245035108726,0.02116455054555555,0.018933290900879692,0.05162120998441347,0.019953026042044675,0.01772176639736882
positive_beta_prior__no_component_scales_neither,2025-10-31,VNQI,-0.0019581409563520645,0.011398276316832767,0.013108396641378733,0.03747310831158546,0.013356417273184831,0.015066537597730797
positive_beta_prior__no_component_scales_neither,2025-10-31,VEA,0.004548417481886976,0.006662577508105283,0.01378007435370297,0.037028086265833544,0.0021141600262183065,0.009231656871815992
positive_beta_prior__no_component_scales_neither,2025-10-31,VWO,0.0014752964454353488,-0.015135981764385575,0.014047318617907301,0.04260336238780818,-0.016611278209820925,0.012572022172471952
positive_beta_prior__no_component_scales_neither,2025-10-31,VSS,0.0023124011516061564,0.006820955763576553,0.012245657330190052,0.038571700127732395,0.004508554611970396,0.009933256178583896
positive_beta_prior__no_component_scales_neither,2025-10-31,BND,-0.002518800068060453,0.00297114143881938,0.0016019144875761438,0.01362505020667722,0.005489941506879833,0.004120714555636597
positive_beta_prior__no_component_scales_neither,2025-10-31,IEF,-0.0032908851325316704,0.00686801303321638,0.0002857192955367533,0.0157888145049845,0.01015889816574805,0.0035766044280684237
positive_beta_prior__no_component_scales_neither,2025-10-31,BNDX,-0.002464967470762323,-0.004807659780811324,0.00015482544337207683,0.01203505097648924,-0.002342692310049001,0.0026197929141344
positive_beta_prior__no_component_scales_neither,2025-10-31,LQD,-0.00226984709973941,0.006300096794094712,0.00471293129562588,0.021300677275975188,0.008569943893834121,0.006982778395365289
positive_beta_prior__no_component_scales_neither,2025-10-31,HYG,0.000443138331493411,0.004457641722011463,0.003999675847910196,0.017568613817877526,0.004014503390518052,0.0035565375164167854
positive_beta_prior__no_component_scales_neither,2025-10-31,EWX,0.0034672030850817735,-0.016176668191666965,0.01326101443704412,0.04371577353437663,-0.01964387127674874,0.009793811351962346
positive_beta_prior__no_component_scales_neither,2025-10-31,VWOB,-0.0003435707119668472,0.0006545758910070365,0.006752019790140533,0.024389930176812173,0.0009981466029738836,0.00709559050210738
positive_beta_prior__no_component_scales_neither,2025-10-31,HYEM,-0.0004152306628207526,-0.0021992661278306125,0.005826398866046499,0.024122731899141537,-0.0017840354650098598,0.0062416295288672515
positive_beta_prior__global_scale_lengthscale_only,2025-10-31,SPY,0.00912797633885744,-0.001039617729681419,0.009700897958597758,0.048036660704568745,-0.010167594068538859,0.0005729216197403186
positive_beta_prior__global_scale_lengthscale_only,2025-10-31,MGK,0.01216147274603402,-0.018174122322586972,0.012408603914936629,0.06195741909639551,-0.03033559506862099,0.0002471311689026083
positive_beta_prior__global_scale_lengthscale_only,2025-10-31,VTV,0.006185678472213474,0.02234958180665636,0.006251147892555552,0.04683262327087508,0.016163903334442887,6.546942034207828e-05
positive_beta_prior__global_scale_lengthscale_only,2025-10-31,IJR,0.0015154442894092421,0.022999546830901885,0.005207854811571885,0.06361573286750695,0.021484102541492644,0.0036924105221626427
positive_beta_prior__global_scale_lengthscale_only,2025-10-31,IWM,0.0017964392268389336,0.007219933427264902,0.006089314461306929,0.06541387371650484,0.005423494200425968,0.004292875234467995
positive_beta_prior__global_scale_lengthscale_only,2025-10-31,VNQ,0.0012115245035108726,0.02116455054555555,0.0023979231927495235,0.0604119480386115,0.019953026042044675,0.001186398689238651
positive_beta_prior__global_scale_lengthscale_only,2025-10-31,VNQI,-0.0019581409563520645,0.011398276316832767,-0.0027582703536987428,0.051444866056239,0.013356417273184831,-0.0008001293973466782
positive_beta_prior__global_scale_lengthscale_only,2025-10-31,VEA,0.004548417481886976,0.006662577508105283,0.003235369468889659,0.05089679252587767,0.0021141600262183065,-0.0013130480129973175
positive_beta_prior__global_scale_lengthscale_only,2025-10-31,VWO,0.0014752964454353488,-0.015135981764385575,0.001997819475234787,0.04613834510787175,-0.016611278209820925,0.0005225230297994381
positive_beta_prior__global_scale_lengthscale_only,2025-10-31,VSS,0.0023124011516061564,0.006820955763576553,-1.104135529197102e-05,0.0507332691243288,0.004508554611970396,-0.0023234425068981274
positive_beta_prior__global_scale_lengthscale_only,2025-10-31,BND,-0.002518800068060453,0.00297114143881938,-0.0021395975296157675,0.018267965357592324,0.005489941506879833,0.00037920253844468546
positive_beta_prior__global_scale_lengthscale_only,2025-10-31,IEF,-0.0032908851325316704,0.00686801303321638,-0.0027770520142189844,0.021825832759004606,0.01015889816574805,0.000513833118312686
positive_beta_prior__global_scale_lengthscale_only,2025-10-31,BNDX,-0.002464967470762323,-0.004807659780811324,-0.0017040208457314537,0.015412411543366462,-0.002342692310049001,0.0007609466250308693
positive_beta_prior__global_scale_lengthscale_only,2025-10-31,LQD,-0.00226984709973941,0.006300096794094712,-0.0020983686069719902,0.028713096561283916,0.008569943893834121,0.00017147849276741983
positive_beta_prior__global_scale_lengthscale_only,2025-10-31,HYG,0.000443138331493411,0.004457641722011463,-0.0006187007327778234,0.02387442647109227,0.004014503390518052,-0.0010618390642712344
positive_beta_prior__global_scale_lengthscale_only,2025-10-31,EWX,0.0034672030850817735,-0.016176668191666965,0.003943603055699032,0.04061394123585633,-0.01964387127674874,0.0004763999706172582
positive_beta_prior__global_scale_lengthscale_only,2025-10-31,VWOB,-0.0003435707119668472,0.0006545758910070365,-0.0006188976719054871,0.03187302396275327,0.0009981466029738836,-0.00027532695993863986
positive_beta_prior__global_scale_lengthscale_only,2025-10-31,HYEM,-0.0004152306628207526,-0.0021992661278306125,-0.000613853181245789,0.02869875114369022,-0.0017840354650098598,-0.00019862251842503643
positive_beta_prior__global_scale_neither,2025-10-31,SPY,0.00912797633885744,-0.001039617729681419,0.014197696313387456,0.050921373518868225,-0.010167594068538859,0.005069719974530016
positive_beta_prior__global_scale_neither,2025-10-31,MGK,0.01216147274603402,-0.018174122322586972,0.02421805987229915,0.06495823550489732,-0.03033559506862099,0.012056587126265129
positive_beta_prior__global_scale_neither,2025-10-31,VTV,0.006185678472213474,0.02234958180665636,0.0032645734152662916,0.04996381652828769,0.016163903334442887,-0.0029211050569471824
positive_beta_prior__global_scale_neither,2025-10-31,IJR,0.0015154442894092421,0.022999546830901885,-0.001880181089852163,0.06581052143321159,0.021484102541492644,-0.003395625379261405
positive_beta_prior__global_scale_neither,2025-10-31,IWM,0.0017964392268389336,0.007219933427264902,0.0002759790357855791,0.06674180087544189,0.005423494200425968,-0.0015204601910533545
positive_beta_prior__global_scale_neither,2025-10-31,VNQ,0.0012115245035108726,0.02116455054555555,-0.006030414982023679,0.06284242132208698,0.019953026042044675,-0.007241939485534551
positive_beta_prior__global_scale_neither,2025-10-31,VNQI,-0.0019581409563520645,0.011398276316832767,-0.0046319597208813595,0.053721762235118646,0.013356417273184831,-0.002673818764529295
positive_beta_prior__global_scale_neither,2025-10-31,VEA,0.004548417481886976,0.006662577508105283,0.004343792192294907,0.0535767773565149,0.0021141600262183065,-0.00020462528959206902
positive_beta_prior__global_scale_neither,2025-10-31,VWO,0.0014752964454353488,-0.015135981764385575,0.007850615863005912,0.047975235981480145,-0.016611278209820925,0.006375319417570562
positive_beta_prior__global_scale_neither,2025-10-31,VSS,0.0023124011516061564,0.006820955763576553,0.0016732342122336773,0.052681054645546385,0.004508554611970396,-0.0006391669393724791
positive_beta_prior__global_scale_neither,2025-10-31,BND,-0.002518800068060453,0.00297114143881938,6.125763986820909e-06,0.018724373059214795,0.005489941506879833,0.002524925832047274
positive_beta_prior__global_scale_neither,2025-10-31,IEF,-0.0032908851325316704,0.00686801303321638,-0.0005942169004466659,0.021915407784862156,0.01015889816574805,0.0026966682320850046
positive_beta_prior__global_scale_neither,2025-10-31,BNDX,-0.002464967470762323,-0.004807659780811324,0.0010277409699030902,0.01640229592680935,-0.002342692310049001,0.003492708440665413
positive_beta_prior__global_scale_neither,2025-10-31,LQD,-0.00226984709973941,0.006300096794094712,0.0015898764560303238,0.029465427910467662,0.008569943893834121,0.003859723555769734
positive_beta_prior__global_scale_neither,2025-10-31,HYG,0.000443138331493411,0.004457641722011463,-0.001952722299373964,0.025810002626646133,0.004014503390518052,-0.002395860630867375
positive_beta_prior__global_scale_neither,2025-10-31,EWX,0.0034672030850817735,-0.016176668191666965,0.002535903856548653,0.041540711454681904,-0.01964387127674874,-0.0009312992285331204
positive_beta_prior__global_scale_neither,2025-10-31,VWOB,-0.0003435707119668472,0.0006545758910070365,0.0022709677880551147,0.033019816310387334,0.0009981466029738836,0.002614538500021962
positive_beta_prior__global_scale_neither,2025-10-31,HYEM,-0.0004152306628207526,-0.0021992661278306125,-0.0004345604082938074,0.029285704423544615,-0.0017840354650098598,-1.9329745473054818e-05
positive_beta_prior__component_scales_lengthscale_only,2025-11-28,SPY,0.008946412159062103,-0.0024606389596457667,0.011641043132198495,0.04469726186422168,-0.01140705111870787,0.0026946309731363926
positive_beta_prior__component_scales_lengthscale_only,2025-11-28,MGK,0.011619765691237216,-0.006014656315694422,0.01021620911350797,0.05749474134914632,-0.01763442200693164,-0.001403556577729245
positive_beta_prior__component_scales_lengthscale_only,2025-11-28,VTV,0.006474319603185668,0.004591005630098177,0.014133113930286245,0.03982237828757691,-0.001883313973087491,0.007658794327100577
positive_beta_prior__component_scales_lengthscale_only,2025-11-28,IJR,0.0018990889776501821,-0.0043423583691276635,0.01716204630383917,0.0534566032711715,-0.006241447346777846,0.015262957326188988
positive_beta_prior__component_scales_lengthscale_only,2025-11-28,IWM,0.0018932873375608259,-0.010325989693845572,0.01528448380420666,0.0549596962706174,-0.012219277031406397,0.013391196466645834
positive_beta_prior__component_scales_lengthscale_only,2025-11-28,VNQ,0.0015678285399759562,-0.02554537559841752,0.008837923626660886,0.05249261438617137,-0.027113204138393476,0.007270095086684929
positive_beta_prior__component_scales_lengthscale_only,2025-11-28,VNQI,-0.0017196335050451924,0.0008944661826628675,0.00071368071663252,0.044681969155817264,0.0026140996877080597,0.0024333142216777124
positive_beta_prior__component_scales_lengthscale_only,2025-11-28,VEA,0.004586170339498018,0.02842462799248069,0.00693133766025208,0.04423514214878544,0.023838457652982672,0.0023451673207540618
positive_beta_prior__component_scales_lengthscale_only,2025-11-28,VWO,0.0011786664774028324,0.006231798598067773,0.00012012843558740095,0.04073389700570779,0.00505313212066494,-0.0010585380418154315
positive_beta_prior__component_scales_lengthscale_only,2025-11-28,VSS,0.002392911055391342,0.01745648547983225,0.0037936697807962783,0.044492188790853995,0.01506357442444091,0.0014007587254049364
positive_beta_prior__component_scales_lengthscale_only,2025-11-28,BND,-0.002420765398294742,-0.00624728267814989,-0.0013118066168722063,0.015568167827983077,-0.0038265172798551484,0.0011089587814225356
positive_beta_prior__component_scales_lengthscale_only,2025-11-28,IEF,-0.003109476236714741,-0.010842523271658244,-0.0019267759913089069,0.018225241641668735,-0.007733047034943503,0.0011827002454058342
positive_beta_prior__component_scales_lengthscale_only,2025-11-28,BNDX,-0.002506801262013198,-0.00843043234441343,-0.0022163376055743976,0.01311925616999328,-0.005923631082400232,0.00029046365643880037
positive_beta_prior__component_scales_lengthscale_only,2025-11-28,LQD,-0.0021168123873495153,-0.010606184040828248,-0.0007519997061570215,0.024724329563313985,-0.008489371653478732,0.0013648126811924939
positive_beta_prior__component_scales_lengthscale_only,2025-11-28,HYG,0.0005148258920383762,0.0016540803164204476,0.002376581101161846,0.02119194004397602,0.0011392544243820713,0.0018617552091234695
positive_beta_prior__component_scales_lengthscale_only,2025-11-28,EWX,0.003116419669425546,0.005526301936131128,0.0022236561182334426,0.037011372707914054,0.0024098822667055824,-0.0008927635511921032
positive_beta_prior__component_scales_lengthscale_only,2025-11-28,VWOB,-0.00032574666548517074,-0.0012631324755422169,0.0008919099032810289,0.02777541294008222,-0.0009373858100570462,0.0012176565687661996
positive_beta_prior__component_scales_lengthscale_only,2025-11-28,HYEM,-0.000447088438981643,0.006456216930834868,0.0007553868838906508,0.024609075416077854,0.006903305369816511,0.0012024753228722937
positive_beta_prior__component_scales_neither,2025-11-28,SPY,0.008946412159062103,-0.0024606389596457667,0.011289739067878515,0.03687294876984353,-0.01140705111870787,0.0023433269088164125
positive_beta_prior__component_scales_neither,2025-11-28,MGK,0.011619765691237216,-0.006014656315694422,0.0054413451747441595,0.04836216776721151,-0.01763442200693164,-0.006178420516493056
positive_beta_prior__component_scales_neither,2025-11-28,VTV,0.006474319603185668,0.004591005630098177,0.019400318804506753,0.03396384521651045,-0.001883313973087491,0.012925999201321085
positive_beta_prior__component_scales_neither,2025-11-28,IJR,0.0018990889776501821,-0.0043423583691276635,0.02622554272808652,0.04543492988047375,-0.006241447346777846,0.024326453750436336
positive_beta_prior__component_scales_neither,2025-11-28,IWM,0.0018932873375608259,-0.010325989693845572,0.022203176403951568,0.04655088458680589,-0.012219277031406397,0.02030988906639074
positive_beta_prior__component_scales_neither,2025-11-28,VNQ,0.0015678285399759562,-0.02554537559841752,0.014318304546756134,0.0457177317746683,-0.027113204138393476,0.012750476006780177
positive_beta_prior__component_scales_neither,2025-11-28,VNQI,-0.0017196335050451924,0.0008944661826628675,0.002579209541907666,0.03938125235291011,0.0026140996877080597,0.004298843046952858
positive_beta_prior__component_scales_neither,2025-11-28,VEA,0.004586170339498018,0.02842462799248069,0.00842441100697945,0.03906049324995444,0.023838457652982672,0.003838240667481432
positive_beta_prior__component_scales_neither,2025-11-28,VWO,0.0011786664774028324,0.006231798598067773,-0.004121036357887669,0.03659656291651735,0.00505313212066494,-0.005299702835290502
positive_beta_prior__component_scales_neither,2025-11-28,VSS,0.002392911055391342,0.01745648547983225,0.0025054066518615213,0.03910981866623317,0.01506357442444091,0.00011249559647017945
positive_beta_prior__component_scales_neither,2025-11-28,BND,-0.002420765398294742,-0.00624728267814989,-0.000755118613328782,0.013927907292120211,-0.0038265172798551484,0.0016656467849659599
positive_beta_prior__component_scales_neither,2025-11-28,IEF,-0.003109476236714741,-0.010842523271658244,-0.001064458509300527,0.016375347193003282,-0.007733047034943503,0.002045017727414214
positive_beta_prior__component_scales_neither,2025-11-28,BNDX,-0.002506801262013198,-0.00843043234441343,-0.0026855802196977386,0.011379502841280227,-0.005923631082400232,-0.0001787789576845407
positive_beta_prior__component_scales_neither,2025-11-28,LQD,-0.0021168123873495153,-0.010606184040828248,0.0004684128427229423,0.021907429330922813,-0.008489371653478732,0.0025852252300724576
positive_beta_prior__component_scales_neither,2025-11-28,HYG,0.0005148258920383762,0.0016540803164204476,0.003085001936663303,0.017798577473324022,0.0011392544243820713,0.0025701760446249266
positive_beta_prior__component_scales_neither,2025-11-28,EWX,0.003116419669425546,0.005526301936131128,-0.00339298824236502,0.03281894493571046,0.0024098822667055824,-0.006509407911790566
positive_beta_prior__component_scales_neither,2025-11-28,VWOB,-0.00032574666548517074,-0.0012631324755422169,0.001062507471574437,0.024693270365760592,-0.0009373858100570462,0.0013882541370596076
positive_beta_prior__component_scales_neither,2025-11-28,HYEM,-0.000447088438981643,0.006456216930834868,-0.00024973164482206846,0.02282913470018148,0.006903305369816511,0.0001973567941595745
positive_beta_prior__no_component_scales_lengthscale_only,2025-11-28,SPY,0.008946412159062103,-0.0024606389596457667,0.005998695896078299,0.11378313259039698,-0.01140705111870787,-0.0029477162629838035
positive_beta_prior__no_component_scales_lengthscale_only,2025-11-28,MGK,0.011619765691237216,-0.006014656315694422,0.011788206165059432,0.07628009104019323,-0.01763442200693164,0.00016844047382221644
positive_beta_prior__no_component_scales_lengthscale_only,2025-11-28,VTV,0.006474319603185668,0.004591005630098177,0.015338081364687194,0.0376486964383893,-0.001883313973087491,0.008863761761501526
positive_beta_prior__no_component_scales_lengthscale_only,2025-11-28,IJR,0.0018990889776501821,-0.0043423583691276635,0.01999309588312151,0.04764173506297044,-0.006241447346777846,0.018094006905471326
positive_beta_prior__no_component_scales_lengthscale_only,2025-11-28,IWM,0.0018932873375608259,-0.010325989693845572,0.013535714240343357,0.0498276882579943,-0.012219277031406397,0.011642426902782532
positive_beta_prior__no_component_scales_lengthscale_only,2025-11-28,VNQ,0.0015678285399759562,-0.02554537559841752,0.011094636020035667,0.04595116471888682,-0.027113204138393476,0.00952680748005971
positive_beta_prior__no_component_scales_lengthscale_only,2025-11-28,VNQI,-0.0017196335050451924,0.0008944661826628675,-0.00039108093105149526,0.03620354381700174,0.0026140996877080597,0.0013285525739936972
positive_beta_prior__no_component_scales_lengthscale_only,2025-11-28,VEA,0.004586170339498018,0.02842462799248069,0.007862399872564688,0.03665863683943594,0.023838457652982672,0.00327622953306667
positive_beta_prior__no_component_scales_lengthscale_only,2025-11-28,VWO,0.0011786664774028324,0.006231798598067773,-0.001966082427919756,0.03921068231244054,0.00505313212066494,-0.0031447489053225888
positive_beta_prior__no_component_scales_lengthscale_only,2025-11-28,VSS,0.002392911055391342,0.01745648547983225,0.00010096875075140234,0.036517190222146514,0.01506357442444091,-0.0022919423046399395
positive_beta_prior__no_component_scales_lengthscale_only,2025-11-28,BND,-0.002420765398294742,-0.00624728267814989,0.0006344075816824323,0.013684418022280345,-0.0038265172798551484,0.003055172979977174
positive_beta_prior__no_component_scales_lengthscale_only,2025-11-28,IEF,-0.003109476236714741,-0.010842523271658244,0.00018391242697759873,0.015716475481453395,-0.007733047034943503,0.0032933886636923398
positive_beta_prior__no_component_scales_lengthscale_only,2025-11-28,BNDX,-0.002506801262013198,-0.00843043234441343,-0.001202440807431875,0.01206007637839887,-0.005923631082400232,0.001304360454581323
positive_beta_prior__no_component_scales_lengthscale_only,2025-11-28,LQD,-0.0021168123873495153,-0.010606184040828248,0.002483523384187795,0.0219625620002233,-0.008489371653478732,0.00460033577153731
positive_beta_prior__no_component_scales_lengthscale_only,2025-11-28,HYG,0.0005148258920383762,0.0016540803164204476,0.0029028979886476375,0.01925431130053913,0.0011392544243820713,0.002388072096609261
positive_beta_prior__no_component_scales_lengthscale_only,2025-11-28,EWX,0.003116419669425546,0.005526301936131128,-0.0016011822477981271,0.037195108934944134,0.0024098822667055824,-0.004717601917223673
positive_beta_prior__no_component_scales_lengthscale_only,2025-11-28,VWOB,-0.00032574666548517074,-0.0012631324755422169,0.0027675796678751884,0.025459957405488277,-0.0009373858100570462,0.0030933263333603593
positive_beta_prior__no_component_scales_lengthscale_only,2025-11-28,HYEM,-0.000447088438981643,0.006456216930834868,-0.0003201982629812189,0.026360843058828198,0.006903305369816511,0.0001268901760004241
positive_beta_prior__no_component_scales_neither,2025-11-28,SPY,0.008946412159062103,-0.0024606389596457667,-0.004002201192367575,0.09855846394294479,-0.01140705111870787,-0.012948613351429678
positive_beta_prior__no_component_scales_neither,2025-11-28,MGK,0.011619765691237216,-0.006014656315694422,0.00790877475728713,0.06256618995933398,-0.01763442200693164,-0.0037109909339500865
positive_beta_prior__no_component_scales_neither,2025-11-28,VTV,0.006474319603185668,0.004591005630098177,0.01512247520983619,0.03566550569827007,-0.001883313973087491,0.008648155606650523
positive_beta_prior__no_component_scales_neither,2025-11-28,IJR,0.0018990889776501821,-0.0043423583691276635,0.018533707475412924,0.04869711489883594,-0.006241447346777846,0.01663461849776274
positive_beta_prior__no_component_scales_neither,2025-11-28,IWM,0.0018932873375608259,-0.010325989693845572,0.008200924413268657,0.050015453013761556,-0.012219277031406397,0.006307637075707831
positive_beta_prior__no_component_scales_neither,2025-11-28,VNQ,0.0015678285399759562,-0.02554537559841752,0.00964380454473661,0.04583876875033697,-0.027113204138393476,0.008075976004760654
positive_beta_prior__no_component_scales_neither,2025-11-28,VNQI,-0.0017196335050451924,0.0008944661826628675,0.0005630277269573459,0.033586047198887956,0.0026140996877080597,0.0022826612320025383
positive_beta_prior__no_component_scales_neither,2025-11-28,VEA,0.004586170339498018,0.02842462799248069,0.007833873581026302,0.03227867546548325,0.023838457652982672,0.0032477032415282837
positive_beta_prior__no_component_scales_neither,2025-11-28,VWO,0.0011786664774028324,0.006231798598067773,-0.009355408526443381,0.037649314777285045,0.00505313212066494,-0.010534075003846214
positive_beta_prior__no_component_scales_neither,2025-11-28,VSS,0.002392911055391342,0.01745648547983225,-0.001890345057452971,0.03314338842601546,0.01506357442444091,-0.004283256112844313
positive_beta_prior__no_component_scales_neither,2025-11-28,BND,-0.002420765398294742,-0.00624728267814989,0.001405339919905883,0.012426987160891046,-0.0038265172798551484,0.003826105318200625
positive_beta_prior__no_component_scales_neither,2025-11-28,IEF,-0.003109476236714741,-0.010842523271658244,0.0019296862289811807,0.014683340070508656,-0.007733047034943503,0.005039162465695922
positive_beta_prior__no_component_scales_neither,2025-11-28,BNDX,-0.002506801262013198,-0.00843043234441343,-0.0013011742569096713,0.010745356329149766,-0.005923631082400232,0.0012056270051035267
positive_beta_prior__no_component_scales_neither,2025-11-28,LQD,-0.0021168123873495153,-0.010606184040828248,0.001999845934449058,0.01997011815704976,-0.008489371653478732,0.0041166583217985735
positive_beta_prior__no_component_scales_neither,2025-11-28,HYG,0.0005148258920383762,0.0016540803164204476,0.003025158930249535,0.01562574642624972,0.0011392544243820713,0.0025103330382111586
positive_beta_prior__no_component_scales_neither,2025-11-28,EWX,0.003116419669425546,0.005526301936131128,-0.008297446837377456,0.0370148535016856,0.0024098822667055824,-0.011413866506803
positive_beta_prior__no_component_scales_neither,2025-11-28,VWOB,-0.00032574666548517074,-0.0012631324755422169,0.0025469557211307155,0.02252895273101915,-0.0009373858100570462,0.0028727023866158864
positive_beta_prior__no_component_scales_neither,2025-11-28,HYEM,-0.000447088438981643,0.006456216930834868,-0.0016388550223527323,0.021266961714073745,0.006903305369816511,-0.0011917665833710894
positive_beta_prior__global_scale_lengthscale_only,2025-11-28,SPY,0.008946412159062103,-0.0024606389596457667,0.006280376801444059,0.05158094429878365,-0.01140705111870787,-0.0026660353576180434
positive_beta_prior__global_scale_lengthscale_only,2025-11-28,MGK,0.011619765691237216,-0.006014656315694422,0.00932203353796378,0.0667582568963129,-0.01763442200693164,-0.002297732153273436
positive_beta_prior__global_scale_lengthscale_only,2025-11-28,VTV,0.006474319603185668,0.004591005630098177,0.007102365974961822,0.048280581697957514,-0.001883313973087491,0.0006280463717761534
positive_beta_prior__global_scale_lengthscale_only,2025-11-28,IJR,0.0018990889776501821,-0.0043423583691276635,0.005439663346414338,0.06615072287936793,-0.006241447346777846,0.003540574368764156
positive_beta_prior__global_scale_lengthscale_only,2025-11-28,IWM,0.0018932873375608259,-0.010325989693845572,0.0022103754668316993,0.06877518063669118,-0.012219277031406397,0.0003170881292708734
positive_beta_prior__global_scale_lengthscale_only,2025-11-28,VNQ,0.0015678285399759562,-0.02554537559841752,0.006964462791276041,0.06060697775726513,-0.027113204138393476,0.005396634251300084
positive_beta_prior__global_scale_lengthscale_only,2025-11-28,VNQI,-0.0017196335050451924,0.0008944661826628675,-0.004913877759971459,0.05127529604942861,0.0026140996877080597,-0.0031942442549262665
positive_beta_prior__global_scale_lengthscale_only,2025-11-28,VEA,0.004586170339498018,0.02842462799248069,0.0014976956973647656,0.051279876563596435,0.023838457652982672,-0.0030884746421332523
positive_beta_prior__global_scale_lengthscale_only,2025-11-28,VWO,0.0011786664774028324,0.006231798598067773,-0.002275248296783326,0.047255075718034334,0.00505313212066494,-0.0034539147741861585
positive_beta_prior__global_scale_lengthscale_only,2025-11-28,VSS,0.002392911055391342,0.01745648547983225,-0.004515764700092163,0.05206038347435777,0.01506357442444091,-0.006908675755483505
positive_beta_prior__global_scale_lengthscale_only,2025-11-28,BND,-0.002420765398294742,-0.00624728267814989,-0.0014303673550306473,0.01805337452858634,-0.0038265172798551484,0.0009903980432640945
positive_beta_prior__global_scale_lengthscale_only,2025-11-28,IEF,-0.003109476236714741,-0.010842523271658244,-0.0021766944124315952,0.020956059397235806,-0.007733047034943503,0.0009327818242831458
positive_beta_prior__global_scale_lengthscale_only,2025-11-28,BNDX,-0.002506801262013198,-0.00843043234441343,-0.0019408338476943957,0.015287071978491338,-0.005923631082400232,0.0005659674143188023
positive_beta_prior__global_scale_lengthscale_only,2025-11-28,LQD,-0.0021168123873495153,-0.010606184040828248,-0.002047258453101206,0.02886374766432746,-0.008489371653478732,6.955393424830933e-05
positive_beta_prior__global_scale_lengthscale_only,2025-11-28,HYG,0.0005148258920383762,0.0016540803164204476,-5.2006310377058964e-05,0.024917370566635892,0.0011392544243820713,-0.0005668322024154352
positive_beta_prior__global_scale_lengthscale_only,2025-11-28,EWX,0.003116419669425546,0.005526301936131128,-0.0010351915791317404,0.041714628334527125,0.0024098822667055824,-0.004151611248557286
positive_beta_prior__global_scale_lengthscale_only,2025-11-28,VWOB,-0.00032574666548517074,-0.0012631324755422169,-0.0009662926007957975,0.03249676781779168,-0.0009373858100570462,-0.0006405459353106269
positive_beta_prior__global_scale_lengthscale_only,2025-11-28,HYEM,-0.000447088438981643,0.006456216930834868,-0.001912664594584456,0.029109963399748806,0.006903305369816511,-0.001465576155602813
positive_beta_prior__global_scale_neither,2025-11-28,SPY,0.008946412159062103,-0.0024606389596457667,0.004701544283020005,0.0480880953536755,-0.01140705111870787,-0.004244867876042098
positive_beta_prior__global_scale_neither,2025-11-28,MGK,0.011619765691237216,-0.006014656315694422,0.0030906662888215523,0.06533988371375239,-0.01763442200693164,-0.008529099402415663
positive_beta_prior__global_scale_neither,2025-11-28,VTV,0.006474319603185668,0.004591005630098177,0.009222192601815329,0.04290476871618246,-0.001883313973087491,0.002747872998629661
positive_beta_prior__global_scale_neither,2025-11-28,IJR,0.0018990889776501821,-0.0043423583691276635,0.00691179394331063,0.06015340781807974,-0.006241447346777846,0.005012704965660448
positive_beta_prior__global_scale_neither,2025-11-28,IWM,0.0018932873375608259,-0.010325989693845572,0.004341940521948263,0.06175696462745007,-0.012219277031406397,0.002448653184387437
positive_beta_prior__global_scale_neither,2025-11-28,VNQ,0.0015678285399759562,-0.02554537559841752,0.0019510621803022644,0.057514462447371587,-0.027113204138393476,0.0003832336403263082
positive_beta_prior__global_scale_neither,2025-11-28,VNQI,-0.0017196335050451924,0.0008944661826628675,-0.00299579401705,0.04647217223239861,0.0026140996877080597,-0.0012761605120048074
positive_beta_prior__global_scale_neither,2025-11-28,VEA,0.004586170339498018,0.02842462799248069,0.005382134917589098,0.046636712428636,0.023838457652982672,0.0007959645780910799
positive_beta_prior__global_scale_neither,2025-11-28,VWO,0.0011786664774028324,0.006231798598067773,-0.006773031980833849,0.04439337913441224,0.00505313212066494,-0.007951698458236681
positive_beta_prior__global_scale_neither,2025-11-28,VSS,0.002392911055391342,0.01745648547983225,-0.002578988355907119,0.04743419083220947,0.01506357442444091,-0.004971899411298461
positive_beta_prior__global_scale_neither,2025-11-28,BND,-0.002420765398294742,-0.00624728267814989,0.0005780917890609487,0.017495195201286,-0.0038265172798551484,0.0029988571873556906
positive_beta_prior__global_scale_neither,2025-11-28,IEF,-0.003109476236714741,-0.010842523271658244,0.0007878498526748936,0.02055780699973424,-0.007733047034943503,0.0038973260893896346
positive_beta_prior__global_scale_neither,2025-11-28,BNDX,-0.002506801262013198,-0.00843043234441343,-0.001483911089660852,0.015605908017189864,-0.005923631082400232,0.001022890172352346
positive_beta_prior__global_scale_neither,2025-11-28,LQD,-0.0021168123873495153,-0.010606184040828248,-8.020162994172055e-05,0.026948118108773282,-0.008489371653478732,0.002036610757407795
positive_beta_prior__global_scale_neither,2025-11-28,HYG,0.0005148258920383762,0.0016540803164204476,0.0010345301533327478,0.02366877699063189,0.0011392544243820713,0.0005197042612943716
positive_beta_prior__global_scale_neither,2025-11-28,EWX,0.003116419669425546,0.005526301936131128,-0.007533578477800525,0.03937234362746017,0.0024098822667055824,-0.01064999814722607
positive_beta_prior__global_scale_neither,2025-11-28,VWOB,-0.00032574666548517074,-0.0012631324755422169,0.0005365628413556871,0.02918876082100786,-0.0009373858100570462,0.0008623095068408578
positive_beta_prior__global_scale_neither,2025-11-28,HYEM,-0.000447088438981643,0.006456216930834868,-0.0020941664581403526,0.025900502520830444,0.006903305369816511,-0.0016470780191587097
positive_beta_prior__component_scales_lengthscale_only,2025-12-31,SPY,0.008746288455225123,0.011594066475381304,0.009217744945816765,0.04210888653661776,0.002847778020156181,0.00047145649059164227
positive_beta_prior__component_scales_lengthscale_only,2025-12-31,MGK,0.011310389866554206,-0.01981088189923419,0.008412442060582642,0.05552030179597942,-0.031121271765788397,-0.0028979478059715635
positive_beta_prior__component_scales_lengthscale_only,2025-12-31,VTV,0.00644127900716659,0.04262615110326995,0.01026609820239252,0.0379083347142161,0.03618487209610336,0.003824819195225931
positive_beta_prior__component_scales_lengthscale_only,2025-12-31,IJR,0.0017895899013909218,0.05372327844739844,0.009682317209275372,0.05184564320029956,0.051933688546007516,0.007892727307884451
positive_beta_prior__component_scales_lengthscale_only,2025-12-31,IWM,0.0016789140563080822,0.05153392029332182,0.00837481460551524,0.05347436645754785,0.04985500623701374,0.0066959005492071575
positive_beta_prior__component_scales_lengthscale_only,2025-12-31,VNQ,0.0010921582919339653,0.0229258613639709,0.001479575181114624,0.05280598656313061,0.021833703072036935,0.0003874168891806588
positive_beta_prior__component_scales_lengthscale_only,2025-12-31,VNQI,-0.0016737721070152263,0.04257155181000494,-0.0006816419801618152,0.044081284710007634,0.044245323917020164,0.0009921301268534112
positive_beta_prior__component_scales_lengthscale_only,2025-12-31,VEA,0.005004388894813503,0.05642561347994279,0.009285950060429118,0.04293586228943292,0.051421224585129294,0.004281561165615615
positive_beta_prior__component_scales_lengthscale_only,2025-12-31,VWO,0.0012673179181162523,0.04715510460279937,0.0013328531305397556,0.040150878899352,0.045887786684683116,6.55352124235033e-05
positive_beta_prior__component_scales_lengthscale_only,2025-12-31,VSS,0.002657184290907849,0.06068200468583562,0.0042292444726686725,0.04342624882806372,0.058024820394927776,0.0015720601817608235
positive_beta_prior__component_scales_lengthscale_only,2025-12-31,BND,-0.0024878972803974637,-0.0009446630105405251,-0.002368613805397816,0.016276006087493137,0.0015432342698569385,0.00011928347499964766
positive_beta_prior__component_scales_lengthscale_only,2025-12-31,IEF,-0.003245143728555855,-0.005378931439972923,-0.003867884724833871,0.01894566613038259,-0.0021337877114170675,-0.0006227409962780159
positive_beta_prior__component_scales_lengthscale_only,2025-12-31,BNDX,-0.0026107246143360087,0.002059820670583523,-0.0033098825859781264,0.013507461613803156,0.004670545284919532,-0.0006991579716421176
positive_beta_prior__component_scales_lengthscale_only,2025-12-31,LQD,-0.0022657487321473876,0.0003398451129934532,-0.003154555794707409,0.025363385475456253,0.002605593845140841,-0.0008888070625600215
positive_beta_prior__component_scales_lengthscale_only,2025-12-31,HYG,0.0005348128117643775,0.0029604455586125233,0.0014681529028548934,0.020602278158469607,0.002425632746848146,0.0009333400910905159
positive_beta_prior__component_scales_lengthscale_only,2025-12-31,EWX,0.0031586983056835385,0.02711570928152862,0.0015394730282851426,0.035719354555082,0.023957010975845083,-0.0016192252773983959
positive_beta_prior__component_scales_lengthscale_only,2025-12-31,VWOB,-0.0003421920305738908,0.0003023714262653243,-0.0003201999775607021,0.02789980189763796,0.0006445634568392151,2.1992053013188703e-05
positive_beta_prior__component_scales_lengthscale_only,2025-12-31,HYEM,-0.00032597781845854624,0.01193825183971775,0.0014133538454391564,0.024863628521651776,0.012264229658176296,0.0017393316638977026
positive_beta_prior__component_scales_neither,2025-12-31,SPY,0.008746288455225123,0.011594066475381304,0.010085783029751633,0.038278055669247704,0.002847778020156181,0.0013394945745265098
positive_beta_prior__component_scales_neither,2025-12-31,MGK,0.011310389866554206,-0.01981088189923419,0.005216922360462567,0.050367371585427194,-0.031121271765788397,-0.006093467506091639
positive_beta_prior__component_scales_neither,2025-12-31,VTV,0.00644127900716659,0.04262615110326995,0.013971605782048244,0.03513941382713609,0.03618487209610336,0.007530326774881654
positive_beta_prior__component_scales_neither,2025-12-31,IJR,0.0017895899013909218,0.05372327844739844,0.013087589805506946,0.04783448235579891,0.051933688546007516,0.011297999904116025
positive_beta_prior__component_scales_neither,2025-12-31,IWM,0.0016789140563080822,0.05153392029332182,0.012477351316805716,0.04921417938511694,0.04985500623701374,0.010798437260497635
positive_beta_prior__component_scales_neither,2025-12-31,VNQ,0.0010921582919339653,0.0229258613639709,-0.0005445040274459129,0.04788560765005107,0.021833703072036935,-0.0016366623193798781
positive_beta_prior__component_scales_neither,2025-12-31,VNQI,-0.0016737721070152263,0.04257155181000494,0.005122987487979058,0.0359173277971682,0.044245323917020164,0.006796759594994284
positive_beta_prior__component_scales_neither,2025-12-31,VEA,0.005004388894813503,0.05642561347994279,0.01786751256381059,0.03620247769382364,0.051421224585129294,0.012863123668997088
positive_beta_prior__component_scales_neither,2025-12-31,VWO,0.0012673179181162523,0.04715510460279937,0.0052462984569136804,0.03260225266785816,0.045887786684683116,0.0039789805387974286
positive_beta_prior__component_scales_neither,2025-12-31,VSS,0.002657184290907849,0.06068200468583562,0.012365398821282039,0.03672272800541792,0.058024820394927776,0.009708214530374189
positive_beta_prior__component_scales_neither,2025-12-31,BND,-0.0024878972803974637,-0.0009446630105405251,-0.0034678688387887405,0.013375962475258043,0.0015432342698569385,-0.0009799715583912768
positive_beta_prior__component_scales_neither,2025-12-31,IEF,-0.003245143728555855,-0.005378931439972923,-0.0055055262765999514,0.01559392712119128,-0.0021337877114170675,-0.0022603825480440962
positive_beta_prior__component_scales_neither,2025-12-31,BNDX,-0.0026107246143360087,0.002059820670583523,-0.0048636369074799325,0.011704302035077042,0.004670545284919532,-0.0022529122931439238
positive_beta_prior__component_scales_neither,2025-12-31,LQD,-0.0022657487321473876,0.0003398451129934532,-0.0038637512735424347,0.020853528306076206,0.002605593845140841,-0.0015980025413950471
positive_beta_prior__component_scales_neither,2025-12-31,HYG,0.0005348128117643775,0.0029604455586125233,0.002488337306450146,0.01818712444548653,0.002425632746848146,0.0019535244946857684
positive_beta_prior__component_scales_neither,2025-12-31,EWX,0.0031586983056835385,0.02711570928152862,0.0031353282015293854,0.03109958109784738,0.023957010975845083,-2.3370104154153172e-05
positive_beta_prior__component_scales_neither,2025-12-31,VWOB,-0.0003421920305738908,0.0003023714262653243,0.0018601315797862985,0.023077994420013945,0.0006445634568392151,0.0022023236103601894
positive_beta_prior__component_scales_neither,2025-12-31,HYEM,-0.00032597781845854624,0.01193825183971775,0.004311999035167575,0.020436464710610655,0.012264229658176296,0.004637976853626121
positive_beta_prior__no_component_scales_lengthscale_only,2025-12-31,SPY,0.008746288455225123,0.011594066475381304,0.007959134519377695,0.1119593000547231,0.002847778020156181,-0.0007871539358474278
positive_beta_prior__no_component_scales_lengthscale_only,2025-12-31,MGK,0.011310389866554206,-0.01981088189923419,0.011131242781532658,0.07472936738577234,-0.031121271765788397,-0.00017914708502154812
positive_beta_prior__no_component_scales_lengthscale_only,2025-12-31,VTV,0.00644127900716659,0.04262615110326995,0.010396334275219864,0.035969248876709194,0.03618487209610336,0.003955055268053275
positive_beta_prior__no_component_scales_lengthscale_only,2025-12-31,IJR,0.0017895899013909218,0.05372327844739844,0.008931365399332623,0.0501229264280716,0.051933688546007516,0.007141775497941701
positive_beta_prior__no_component_scales_lengthscale_only,2025-12-31,IWM,0.0016789140563080822,0.05153392029332182,0.008084252369848154,0.0541146786699394,0.04985500623701374,0.0064053383135400715
positive_beta_prior__no_component_scales_lengthscale_only,2025-12-31,VNQ,0.0010921582919339653,0.0229258613639709,-0.0010217501535004574,0.049826039613282185,0.021833703072036935,-0.0021139084454344227
positive_beta_prior__no_component_scales_lengthscale_only,2025-12-31,VNQI,-0.0016737721070152263,0.04257155181000494,0.0008184238394826988,0.03676410245606809,0.044245323917020164,0.002492195946497925
positive_beta_prior__no_component_scales_lengthscale_only,2025-12-31,VEA,0.005004388894813503,0.05642561347994279,0.01191008565614648,0.03521682920589438,0.051421224585129294,0.006905696761332977
positive_beta_prior__no_component_scales_lengthscale_only,2025-12-31,VWO,0.0012673179181162523,0.04715510460279937,0.0008309868674934303,0.0431124966866635,0.045887786684683116,-0.000436331050622822
positive_beta_prior__no_component_scales_lengthscale_only,2025-12-31,VSS,0.002657184290907849,0.06068200468583562,0.0039925883777170625,0.036332775554011175,0.058024820394927776,0.0013354040868092136
positive_beta_prior__no_component_scales_lengthscale_only,2025-12-31,BND,-0.0024878972803974637,-0.0009446630105405251,-0.0013122580731708255,0.0135430233294301,0.0015432342698569385,0.0011756392072266382
positive_beta_prior__no_component_scales_lengthscale_only,2025-12-31,IEF,-0.003245143728555855,-0.005378931439972923,-0.0019038053328776178,0.01572529643178441,-0.0021337877114170675,0.0013413383956782374
positive_beta_prior__no_component_scales_lengthscale_only,2025-12-31,BNDX,-0.0026107246143360087,0.002059820670583523,-0.003463721766107109,0.011621656175086682,0.004670545284919532,-0.0008529971517711003
positive_beta_prior__no_component_scales_lengthscale_only,2025-12-31,LQD,-0.0022657487321473876,0.0003398451129934532,-0.0007281879747751902,0.021983564246091016,0.002605593845140841,0.0015375607573721974
positive_beta_prior__no_component_scales_lengthscale_only,2025-12-31,HYG,0.0005348128117643775,0.0029604455586125233,0.002899465584627457,0.01729904872292812,0.002425632746848146,0.0023646527728630796
positive_beta_prior__no_component_scales_lengthscale_only,2025-12-31,EWX,0.0031586983056835385,0.02711570928152862,-0.0013794969696499563,0.04349523896247165,0.023957010975845083,-0.004538195275333495
positive_beta_prior__no_component_scales_lengthscale_only,2025-12-31,VWOB,-0.0003421920305738908,0.0003023714262653243,0.0016621390207665217,0.02499934606700908,0.0006445634568392151,0.0020043310513404126
positive_beta_prior__no_component_scales_lengthscale_only,2025-12-31,HYEM,-0.00032597781845854624,0.01193825183971775,0.0015596987194704324,0.025724682501582736,0.012264229658176296,0.0018856765379289787
positive_beta_prior__no_component_scales_neither,2025-12-31,SPY,0.008746288455225123,0.011594066475381304,-0.004029038203391478,0.10013952092176848,0.002847778020156181,-0.0127753266586166
positive_beta_prior__no_component_scales_neither,2025-12-31,MGK,0.011310389866554206,-0.01981088189923419,0.004225445589088815,0.06749865569320872,-0.031121271765788397,-0.007084944277465391
positive_beta_prior__no_component_scales_neither,2025-12-31,VTV,0.00644127900716659,0.04262615110326995,0.006825330271103179,0.03503977456129673,0.03618487209610336,0.00038405126393658943
positive_beta_prior__no_component_scales_neither,2025-12-31,IJR,0.0017895899013909218,0.05372327844739844,0.001539859045612937,0.05324721981283582,0.051933688546007516,-0.0002497308557779848
positive_beta_prior__no_component_scales_neither,2025-12-31,IWM,0.0016789140563080822,0.05153392029332182,0.0011482282708418796,0.05637928735511226,0.04985500623701374,-0.0005306857854662026
positive_beta_prior__no_component_scales_neither,2025-12-31,VNQ,0.0010921582919339653,0.0229258613639709,-0.006539117349423602,0.045993222104056604,0.021833703072036935,-0.007631275641357567
positive_beta_prior__no_component_scales_neither,2025-12-31,VNQI,-0.0016737721070152263,0.04257155181000494,7.033374145290396e-05,0.03426466948248987,0.044245323917020164,0.0017441058484681303
positive_beta_prior__no_component_scales_neither,2025-12-31,VEA,0.005004388894813503,0.05642561347994279,0.01254757304772941,0.03336060086758814,0.051421224585129294,0.007543184152915907
positive_beta_prior__no_component_scales_neither,2025-12-31,VWO,0.0012673179181162523,0.04715510460279937,0.001489454265347166,0.036715715304032344,0.045887786684683116,0.00022213634723091367
positive_beta_prior__no_component_scales_neither,2025-12-31,VSS,0.002657184290907849,0.06068200468583562,0.003966692769247008,0.03498578717205579,0.058024820394927776,0.001309508478339159
positive_beta_prior__no_component_scales_neither,2025-12-31,BND,-0.0024878972803974637,-0.0009446630105405251,-0.004367128445860131,0.012460891496566848,0.0015432342698569385,-0.0018792311654626669
positive_beta_prior__no_component_scales_neither,2025-12-31,IEF,-0.003245143728555855,-0.005378931439972923,-0.0064485799579808946,0.01509448252461216,-0.0021337877114170675,-0.0032034362294250393
positive_beta_prior__no_component_scales_neither,2025-12-31,BNDX,-0.0026107246143360087,0.002059820670583523,-0.006419994632028911,0.012419975937031646,0.004670545284919532,-0.0038092700176929023
positive_beta_prior__no_component_scales_neither,2025-12-31,LQD,-0.0022657487321473876,0.0003398451129934532,-0.005331588069138599,0.020008218011686105,0.002605593845140841,-0.0030658393369912117
positive_beta_prior__no_component_scales_neither,2025-12-31,HYG,0.0005348128117643775,0.0029604455586125233,0.0005225647179117882,0.017143765395528636,0.002425632746848146,-1.2248093852589297e-05
positive_beta_prior__no_component_scales_neither,2025-12-31,EWX,0.0031586983056835385,0.02711570928152862,-0.003600818422107173,0.03493332980113214,0.023957010975845083,-0.0067595167277907115
positive_beta_prior__no_component_scales_neither,2025-12-31,VWOB,-0.0003421920305738908,0.0003023714262653243,-0.0002387104984728259,0.02111045756203504,0.0006445634568392151,0.00010348153210106492
positive_beta_prior__no_component_scales_neither,2025-12-31,HYEM,-0.00032597781845854624,0.01193825183971775,0.0031608221266948913,0.01954914062086361,0.012264229658176296,0.0034867999451534378
positive_beta_prior__global_scale_lengthscale_only,2025-12-31,SPY,0.008746288455225123,0.011594066475381304,0.00747384445299057,0.045807515389074745,0.002847778020156181,-0.001272444002234553
positive_beta_prior__global_scale_lengthscale_only,2025-12-31,MGK,0.011310389866554206,-0.01981088189923419,0.010369241378490096,0.05894604253176826,-0.031121271765788397,-0.0009411484880641093
positive_beta_prior__global_scale_lengthscale_only,2025-12-31,VTV,0.00644127900716659,0.04262615110326995,0.005417999607775873,0.04441157982980959,0.03618487209610336,-0.0010232793993907169
positive_beta_prior__global_scale_lengthscale_only,2025-12-31,IJR,0.0017895899013909218,0.05372327844739844,0.0013164133897792774,0.06081854767308107,0.051933688546007516,-0.0004731765116116444
positive_beta_prior__global_scale_lengthscale_only,2025-12-31,IWM,0.0016789140563080822,0.05153392029332182,0.0013310212813222731,0.06170312924395673,0.04985500623701374,-0.00034789277498580907
positive_beta_prior__global_scale_lengthscale_only,2025-12-31,VNQ,0.0010921582919339653,0.0229258613639709,-0.0020046475903307418,0.057215669449385435,0.021833703072036935,-0.003096805882264707
positive_beta_prior__global_scale_lengthscale_only,2025-12-31,VNQI,-0.0016737721070152263,0.04257155181000494,-0.005184930263081561,0.05266369229014289,0.044245323917020164,-0.0035111581560663347
positive_beta_prior__global_scale_lengthscale_only,2025-12-31,VEA,0.005004388894813503,0.05642561347994279,0.006045491615103641,0.0498117559003853,0.051421224585129294,0.0010411027202901378
positive_beta_prior__global_scale_lengthscale_only,2025-12-31,VWO,0.0012673179181162523,0.04715510460279937,0.00020346004523677562,0.04662217470217875,0.045887786684683116,-0.0010638578728794767
positive_beta_prior__global_scale_lengthscale_only,2025-12-31,VSS,0.002657184290907849,0.06068200468583562,-0.00021365035762696376,0.04938364467560297,0.058024820394927776,-0.0028708346485348127
positive_beta_prior__global_scale_lengthscale_only,2025-12-31,BND,-0.0024878972803974637,-0.0009446630105405251,-0.0019077493800707655,0.01787788639603418,0.0015432342698569385,0.0005801479003266982
positive_beta_prior__global_scale_lengthscale_only,2025-12-31,IEF,-0.003245143728555855,-0.005378931439972923,-0.002695382643698254,0.021203899086492683,-0.0021337877114170675,0.0005497610848576012
positive_beta_prior__global_scale_lengthscale_only,2025-12-31,BNDX,-0.0026107246143360087,0.002059820670583523,-0.0026950637643228005,0.015342360766721843,0.004670545284919532,-8.433914998679177e-05
positive_beta_prior__global_scale_lengthscale_only,2025-12-31,LQD,-0.0022657487321473876,0.0003398451129934532,-0.002498821169532103,0.02786567970603762,0.002605593845140841,-0.00023307243738471522
positive_beta_prior__global_scale_lengthscale_only,2025-12-31,HYG,0.0005348128117643775,0.0029604455586125233,-0.0004081342059095738,0.023213997846116777,0.002425632746848146,-0.0009429470176739512
positive_beta_prior__global_scale_lengthscale_only,2025-12-31,EWX,0.0031586983056835385,0.02711570928152862,-0.0005563132315076279,0.03943651889218579,0.023957010975845083,-0.0037150115371911664
positive_beta_prior__global_scale_lengthscale_only,2025-12-31,VWOB,-0.0003421920305738908,0.0003023714262653243,-0.0018628436205838988,0.030688944977889918,0.0006445634568392151,-0.001520651590010008
positive_beta_prior__global_scale_lengthscale_only,2025-12-31,HYEM,-0.00032597781845854624,0.01193825183971775,2.615447704998027e-05,0.02809600665620983,0.012264229658176296,0.0003521322955085265
positive_beta_prior__global_scale_neither,2025-12-31,SPY,0.008746288455225123,0.011594066475381304,0.004356569098522568,0.04640690811695339,0.002847778020156181,-0.004389719356702555
positive_beta_prior__global_scale_neither,2025-12-31,MGK,0.011310389866554206,-0.01981088189923419,-0.00012500895723434845,0.05879964423830433,-0.031121271765788397,-0.011435398823788554
positive_beta_prior__global_scale_neither,2025-12-31,VTV,0.00644127900716659,0.04262615110326995,0.00640899474254397,0.04502890640625148,0.03618487209610336,-3.2284264622619435e-05
positive_beta_prior__global_scale_neither,2025-12-31,IJR,0.0017895899013909218,0.05372327844739844,0.00037604176387758545,0.06287980023372045,0.051933688546007516,-0.0014135481375133364
positive_beta_prior__global_scale_neither,2025-12-31,IWM,0.0016789140563080822,0.05153392029332182,-0.0002841831588511485,0.06370531340634379,0.04985500623701374,-0.0019630972151592307
positive_beta_prior__global_scale_neither,2025-12-31,VNQ,0.0010921582919339653,0.0229258613639709,-0.004165628352933978,0.057045605272675805,0.021833703072036935,-0.005257786644867943
positive_beta_prior__global_scale_neither,2025-12-31,VNQI,-0.0016737721070152263,0.04257155181000494,0.00042566986890880715,0.04831940643137179,0.044245323917020164,0.0020994419759240335
positive_beta_prior__global_scale_neither,2025-12-31,VEA,0.005004388894813503,0.05642561347994279,0.008958511215873712,0.049241072581589176,0.051421224585129294,0.003954122321060209
positive_beta_prior__global_scale_neither,2025-12-31,VWO,0.0012673179181162523,0.04715510460279937,0.00249544072567252,0.04376559877565272,0.045887786684683116,0.0012281228075562678
positive_beta_prior__global_scale_neither,2025-12-31,VSS,0.002657184290907849,0.06068200468583562,0.002236935614959551,0.04836989695074295,0.058024820394927776,-0.000420248675948298
positive_beta_prior__global_scale_neither,2025-12-31,BND,-0.0024878972803974637,-0.0009446630105405251,-0.004266524669449913,0.01639455311396326,0.0015432342698569385,-0.0017786273890524492
positive_beta_prior__global_scale_neither,2025-12-31,IEF,-0.003245143728555855,-0.005378931439972923,-0.005414041115540559,0.019385288120327478,-0.0021337877114170675,-0.002168897386984704
positive_beta_prior__global_scale_neither,2025-12-31,BNDX,-0.0026107246143360087,0.002059820670583523,-0.005947009657471473,0.015029363179343993,0.004670545284919532,-0.003336285043135464
positive_beta_prior__global_scale_neither,2025-12-31,LQD,-0.0022657487321473876,0.0003398451129934532,-0.0050198950477294245,0.02590742507790114,0.002605593845140841,-0.002754146315582037
positive_beta_prior__global_scale_neither,2025-12-31,HYG,0.0005348128117643775,0.0029604455586125233,-0.0008679814908443871,0.023138891479139174,0.002425632746848146,-0.0014027943026087646
positive_beta_prior__global_scale_neither,2025-12-31,EWX,0.0031586983056835385,0.02711570928152862,8.376092310322667e-05,0.038487316433124995,0.023957010975845083,-0.003074937382580312
positive_beta_prior__global_scale_neither,2025-12-31,VWOB,-0.0003421920305738908,0.0003023714262653243,-0.0012928225769126926,0.029170143363597738,0.0006445634568392151,-0.0009506305463388018
positive_beta_prior__global_scale_neither,2025-12-31,HYEM,-0.00032597781845854624,0.01193825183971775,0.0019231498040208955,0.02804345316227854,0.012264229658176296,0.0022491276224794418
positive_beta_prior__component_scales_lengthscale_only,2026-01-30,SPY,0.0087953880762623,-0.011463064459755201,0.013271477113940222,0.042249538565157396,-0.0202584525360175,0.004476089037677922
positive_beta_prior__component_scales_lengthscale_only,2026-01-30,MGK,0.010773816215419922,-0.049282081977910286,0.017768388429413015,0.05592172122242245,-0.06005589819333021,0.006994572213993093
positive_beta_prior__component_scales_lengthscale_only,2026-01-30,VTV,0.00706515611227182,0.03464425383897951,0.01064456450966653,0.03905422914833984,0.02757909772670769,0.00357940839739471
positive_beta_prior__component_scales_lengthscale_only,2026-01-30,IJR,0.002684998324597948,0.018113075612949725,0.0026273680468116402,0.052318740735947895,0.015428077288351777,-5.7630277786307766e-05
positive_beta_prior__component_scales_lengthscale_only,2026-01-30,IWM,0.0025384831293600433,0.003913446654500996,0.0026945200964410758,0.05334706212491038,0.0013749635251409527,0.00015603696708103246
positive_beta_prior__component_scales_lengthscale_only,2026-01-30,VNQ,0.0014686014483483952,0.05085567147315495,0.0020442516811757195,0.05368644739880008,0.04938707002480656,0.0005756502328273243
positive_beta_prior__component_scales_lengthscale_only,2026-01-30,VNQI,-0.0009109216946528097,0.05477043858428532,0.0048942661265312494,0.04468290844899561,0.05568136027893813,0.005805187821184059
positive_beta_prior__component_scales_lengthscale_only,2026-01-30,VEA,0.005890961732488146,0.05800790565870817,0.011864378222490934,0.04460465485051709,0.05211694392622002,0.005973416490002788
positive_beta_prior__component_scales_lengthscale_only,2026-01-30,VWO,0.0020584866540590647,0.025936988754007295,0.011602233111302353,0.04068722611095884,0.02387850209994823,0.009543746457243287
positive_beta_prior__component_scales_lengthscale_only,2026-01-30,VSS,0.003657612228751431,0.046521625760379104,0.0076971376120535465,0.04465228879860014,0.04286401353162767,0.004039525383302115
positive_beta_prior__component_scales_lengthscale_only,2026-01-30,BND,-0.002461289792986137,0.013125538032234596,-0.0006291845735329614,0.015695147155079865,0.015586827825220733,0.0018321052194531756
positive_beta_prior__component_scales_lengthscale_only,2026-01-30,IEF,-0.0032819331718561494,0.02178389001983616,-0.0019982224160874744,0.018353139089649785,0.02506582319169231,0.001283710755768675
positive_beta_prior__component_scales_lengthscale_only,2026-01-30,BNDX,-0.0025301979714925688,0.01242298193585456,-0.0011709486024811893,0.01323430410964985,0.014953179907347128,0.0013592493690113795
positive_beta_prior__component_scales_lengthscale_only,2026-01-30,LQD,-0.0022208247003346147,0.010894680719308658,0.0003792472274265885,0.02484221307938099,0.013115505419643273,0.002600071927761203
positive_beta_prior__component_scales_lengthscale_only,2026-01-30,HYG,0.0005766340660203799,-0.0028581418854923824,0.0018924811646121526,0.020795409998387707,-0.0034347759515127624,0.0013158470985917725
positive_beta_prior__component_scales_lengthscale_only,2026-01-30,EWX,0.003571750219060178,0.03253007863200175,0.005354929047584043,0.036129904705206745,0.02895832841294157,0.0017831788285238652
positive_beta_prior__component_scales_lengthscale_only,2026-01-30,VWOB,-0.0003310788675249388,0.012410830018970698,0.0030507747227258835,0.0276566764701295,0.012741908886495637,0.0033818535902508224
positive_beta_prior__component_scales_lengthscale_only,2026-01-30,HYEM,-0.00011452558297274804,0.006343486373523,0.0006421719367233521,0.024796568979566697,0.006458011956495748,0.0007566975196961001
positive_beta_prior__component_scales_neither,2026-01-30,SPY,0.0087953880762623,-0.011463064459755201,0.016382308334219133,0.039822397596927614,-0.0202584525360175,0.0075869202579568334
positive_beta_prior__component_scales_neither,2026-01-30,MGK,0.010773816215419922,-0.049282081977910286,0.018932948974484123,0.05212858126422318,-0.06005589819333021,0.008159132759064202
positive_beta_prior__component_scales_neither,2026-01-30,VTV,0.00706515611227182,0.03464425383897951,0.013188745440506602,0.038041546417052784,0.02757909772670769,0.006123589328234782
positive_beta_prior__component_scales_neither,2026-01-30,IJR,0.002684998324597948,0.018113075612949725,0.0027587611310585015,0.053919216790041996,0.015428077288351777,7.37628064605535e-05
positive_beta_prior__component_scales_neither,2026-01-30,IWM,0.0025384831293600433,0.003913446654500996,0.0047612733639189764,0.05472923555147123,0.0013749635251409527,0.002222790234558933
positive_beta_prior__component_scales_neither,2026-01-30,VNQ,0.0014686014483483952,0.05085567147315495,0.0012101796314060004,0.05213535795834124,0.04938707002480656,-0.0002584218169423948
positive_beta_prior__component_scales_neither,2026-01-30,VNQI,-0.0009109216946528097,0.05477043858428532,0.009926682048319188,0.04531143621433507,0.05568136027893813,0.010837603742971998
positive_beta_prior__component_scales_neither,2026-01-30,VEA,0.005890961732488146,0.05800790565870817,0.01618482740655316,0.04372473837680334,0.05211694392622002,0.010293865674065015
positive_beta_prior__component_scales_neither,2026-01-30,VWO,0.0020584866540590647,0.025936988754007295,0.018065612786896747,0.040213507213512356,0.02387850209994823,0.016007126132837682
positive_beta_prior__component_scales_neither,2026-01-30,VSS,0.003657612228751431,0.046521625760379104,0.013242966490526246,0.043857908988708554,0.04286401353162767,0.009585354261774814
positive_beta_prior__component_scales_neither,2026-01-30,BND,-0.002461289792986137,0.013125538032234596,-0.0002701150888334276,0.01591601966745335,0.015586827825220733,0.0021911747041527094
positive_beta_prior__component_scales_neither,2026-01-30,IEF,-0.0032819331718561494,0.02178389001983616,-0.001601396116008121,0.019009247161056977,0.02506582319169231,0.0016805370558480284
positive_beta_prior__component_scales_neither,2026-01-30,BNDX,-0.0025301979714925688,0.01242298193585456,-0.0011073315057594836,0.013300583421808065,0.014953179907347128,0.0014228664657330852
positive_beta_prior__component_scales_neither,2026-01-30,LQD,-0.0022208247003346147,0.010894680719308658,0.0007506192729079715,0.024541359913971914,0.013115505419643273,0.002971443973242586
positive_beta_prior__component_scales_neither,2026-01-30,HYG,0.0005766340660203799,-0.0028581418854923824,0.0015994061448551186,0.019988879279705427,-0.0034347759515127624,0.0010227720788347386
positive_beta_prior__component_scales_neither,2026-01-30,EWX,0.003571750219060178,0.03253007863200175,0.008818653202244444,0.035594084079359586,0.02895832841294157,0.005246902983184266
positive_beta_prior__component_scales_neither,2026-01-30,VWOB,-0.0003310788675249388,0.012410830018970698,0.0034345548188450363,0.026947988056112128,0.012741908886495637,0.003765633686369975
positive_beta_prior__component_scales_neither,2026-01-30,HYEM,-0.00011452558297274804,0.006343486373523,-0.00042447754016021943,0.024578914027631366,0.006458011956495748,-0.00030995195718747136
positive_beta_prior__no_component_scales_lengthscale_only,2026-01-30,SPY,0.0087953880762623,-0.011463064459755201,0.011269228004804687,0.11803384308786402,-0.0202584525360175,0.0024738399285423873
positive_beta_prior__no_component_scales_lengthscale_only,2026-01-30,MGK,0.010773816215419922,-0.049282081977910286,0.003118925773390834,0.07588672295495576,-0.06005589819333021,-0.007654890442029088
positive_beta_prior__no_component_scales_lengthscale_only,2026-01-30,VTV,0.00706515611227182,0.03464425383897951,0.01066928818368683,0.044803709666439206,0.02757909772670769,0.0036041320714150105
positive_beta_prior__no_component_scales_lengthscale_only,2026-01-30,IJR,0.002684998324597948,0.018113075612949725,0.006755628727677231,0.05416088910336401,0.015428077288351777,0.004070630403079282
positive_beta_prior__no_component_scales_lengthscale_only,2026-01-30,IWM,0.0025384831293600433,0.003913446654500996,0.0022624608040706803,0.05522883727993481,0.0013749635251409527,-0.00027602232528936305
positive_beta_prior__no_component_scales_lengthscale_only,2026-01-30,VNQ,0.0014686014483483952,0.05085567147315495,0.0022405005216255196,0.05820454307490132,0.04938707002480656,0.0007718990732771243
positive_beta_prior__no_component_scales_lengthscale_only,2026-01-30,VNQI,-0.0009109216946528097,0.05477043858428532,0.004778809810866056,0.03746545067171121,0.05568136027893813,0.0056897315055188654
positive_beta_prior__no_component_scales_lengthscale_only,2026-01-30,VEA,0.005890961732488146,0.05800790565870817,0.01196399505004312,0.0377847281820968,0.05211694392622002,0.006073033317554975
positive_beta_prior__no_component_scales_lengthscale_only,2026-01-30,VWO,0.0020584866540590647,0.025936988754007295,0.010860491186224269,0.041096796749747914,0.02387850209994823,0.008802004532165203
positive_beta_prior__no_component_scales_lengthscale_only,2026-01-30,VSS,0.003657612228751431,0.046521625760379104,0.006673867670461936,0.03855339404861921,0.04286401353162767,0.0030162554417105048
positive_beta_prior__no_component_scales_lengthscale_only,2026-01-30,BND,-0.002461289792986137,0.013125538032234596,-0.0003383224523725997,0.014478443437935393,0.015586827825220733,0.0021229673406135373
positive_beta_prior__no_component_scales_lengthscale_only,2026-01-30,IEF,-0.0032819331718561494,0.02178389001983616,-0.0019604893326211244,0.01726371324482093,0.02506582319169231,0.001321443839235025
positive_beta_prior__no_component_scales_lengthscale_only,2026-01-30,BNDX,-0.0025301979714925688,0.01242298193585456,-0.0023364459265861827,0.0124560681127978,0.014953179907347128,0.00019375204490638606
positive_beta_prior__no_component_scales_lengthscale_only,2026-01-30,LQD,-0.0022208247003346147,0.010894680719308658,0.0009210479445090065,0.022984619300105855,0.013115505419643273,0.003141872644843621
positive_beta_prior__no_component_scales_lengthscale_only,2026-01-30,HYG,0.0005766340660203799,-0.0028581418854923824,0.002148020216390805,0.019364682664925036,-0.0034347759515127624,0.001571386150370425
positive_beta_prior__no_component_scales_lengthscale_only,2026-01-30,EWX,0.003571750219060178,0.03253007863200175,0.005112727029830035,0.03696391816724759,0.02895832841294157,0.0015409768107698574
positive_beta_prior__no_component_scales_lengthscale_only,2026-01-30,VWOB,-0.0003310788675249388,0.012410830018970698,0.003301965562190791,0.026918437474542752,0.012741908886495637,0.00363304442971573
positive_beta_prior__no_component_scales_lengthscale_only,2026-01-30,HYEM,-0.00011452558297274804,0.006343486373523,0.0021661309355144997,0.028736401109900497,0.006458011956495748,0.0022806565184872478
positive_beta_prior__no_component_scales_neither,2026-01-30,SPY,0.0087953880762623,-0.011463064459755201,0.011456165769713129,0.11153064069354615,-0.0202584525360175,0.0026607776934508293
positive_beta_prior__no_component_scales_neither,2026-01-30,MGK,0.010773816215419922,-0.049282081977910286,0.0034466753439371216,0.06809662482755394,-0.06005589819333021,-0.0073271408714828
positive_beta_prior__no_component_scales_neither,2026-01-30,VTV,0.00706515611227182,0.03464425383897951,0.013821195466297702,0.039460880574680585,0.02757909772670769,0.006756039354025882
positive_beta_prior__no_component_scales_neither,2026-01-30,IJR,0.002684998324597948,0.018113075612949725,0.005135935996375392,0.050726019063401434,0.015428077288351777,0.0024509376717774443
positive_beta_prior__no_component_scales_neither,2026-01-30,IWM,0.0025384831293600433,0.003913446654500996,0.00042359920923525606,0.053229076200956515,0.0013749635251409527,-0.0021148839201247873
positive_beta_prior__no_component_scales_neither,2026-01-30,VNQ,0.0014686014483483952,0.05085567147315495,0.00018705245944503415,0.05440640594511771,0.04938707002480656,-0.001281548988903361
positive_beta_prior__no_component_scales_neither,2026-01-30,VNQI,-0.0009109216946528097,0.05477043858428532,0.012628005332526653,0.038425109836351494,0.05568136027893813,0.013538927027179463
positive_beta_prior__no_component_scales_neither,2026-01-30,VEA,0.005890961732488146,0.05800790565870817,0.019899891455063528,0.03711863994978258,0.05211694392622002,0.014008929722575381
positive_beta_prior__no_component_scales_neither,2026-01-30,VWO,0.0020584866540590647,0.025936988754007295,0.017249985380393518,0.04228740685062788,0.02387850209994823,0.015191498726334452
positive_beta_prior__no_component_scales_neither,2026-01-30,VSS,0.003657612228751431,0.046521625760379104,0.014585158664474032,0.03773751295213238,0.04286401353162767,0.0109275464357226
positive_beta_prior__no_component_scales_neither,2026-01-30,BND,-0.002461289792986137,0.013125538032234596,-0.0007776136071614764,0.014607182971366008,0.015586827825220733,0.0016836761858246606
positive_beta_prior__no_component_scales_neither,2026-01-30,IEF,-0.0032819331718561494,0.02178389001983616,-0.002822562133868702,0.0167610452518336,0.02506582319169231,0.0004593710379874475
positive_beta_prior__no_component_scales_neither,2026-01-30,BNDX,-0.0025301979714925688,0.01242298193585456,-0.001971286435317923,0.012347371081996926,0.014953179907347128,0.000558911536174646
positive_beta_prior__no_component_scales_neither,2026-01-30,LQD,-0.0022208247003346147,0.010894680719308658,0.0007236728566108672,0.02298099385806265,0.013115505419643273,0.002944497556945482
positive_beta_prior__no_component_scales_neither,2026-01-30,HYG,0.0005766340660203799,-0.0028581418854923824,0.0033745288904798174,0.018264400137931406,-0.0034347759515127624,0.0027978948244594373
positive_beta_prior__no_component_scales_neither,2026-01-30,EWX,0.003571750219060178,0.03253007863200175,0.011234890381360645,0.04111651218325636,0.02895832841294157,0.007663140162300467
positive_beta_prior__no_component_scales_neither,2026-01-30,VWOB,-0.0003310788675249388,0.012410830018970698,0.004868288147910857,0.026264750573255943,0.012741908886495637,0.005199367015435796
positive_beta_prior__no_component_scales_neither,2026-01-30,HYEM,-0.00011452558297274804,0.006343486373523,0.003787086581511562,0.028302095324211553,0.006458011956495748,0.00390161216448431
positive_beta_prior__global_scale_lengthscale_only,2026-01-30,SPY,0.0087953880762623,-0.011463064459755201,0.006993932952035071,0.04732134237570915,-0.0202584525360175,-0.0018014551242272287
positive_beta_prior__global_scale_lengthscale_only,2026-01-30,MGK,0.010773816215419922,-0.049282081977910286,0.005854907127996633,0.05992678950612276,-0.06005589819333021,-0.004918909087423289
positive_beta_prior__global_scale_lengthscale_only,2026-01-30,VTV,0.00706515611227182,0.03464425383897951,0.007603431815405504,0.04496744595809788,0.02757909772670769,0.0005382757031336845
positive_beta_prior__global_scale_lengthscale_only,2026-01-30,IJR,0.002684998324597948,0.018113075612949725,0.0028355605997779573,0.06375432227726,0.015428077288351777,0.00015056227518000934
positive_beta_prior__global_scale_lengthscale_only,2026-01-30,IWM,0.0025384831293600433,0.003913446654500996,-8.758396609796857e-05,0.06573923361041145,0.0013749635251409527,-0.002626067095458012
positive_beta_prior__global_scale_lengthscale_only,2026-01-30,VNQ,0.0014686014483483952,0.05085567147315495,0.0013228584118857337,0.057678525728671944,0.04938707002480656,-0.0001457430364626615
positive_beta_prior__global_scale_lengthscale_only,2026-01-30,VNQI,-0.0009109216946528097,0.05477043858428532,-0.0032592215626454325,0.04971816127776865,0.05568136027893813,-0.002348299867992623
positive_beta_prior__global_scale_lengthscale_only,2026-01-30,VEA,0.005890961732488146,0.05800790565870817,0.0056853307347670785,0.04793972122129884,0.05211694392622002,-0.00020563099772106727
positive_beta_prior__global_scale_lengthscale_only,2026-01-30,VWO,0.0020584866540590647,0.025936988754007295,0.0026786725138441777,0.044492314777455806,0.02387850209994823,0.000620185859785113
positive_beta_prior__global_scale_lengthscale_only,2026-01-30,VSS,0.003657612228751431,0.046521625760379104,0.001853729746812289,0.04895033183111851,0.04286401353162767,-0.0018038824819391422
positive_beta_prior__global_scale_lengthscale_only,2026-01-30,BND,-0.002461289792986137,0.013125538032234596,-0.0015083305189362143,0.01710341474339843,0.015586827825220733,0.0009529592740499227
positive_beta_prior__global_scale_lengthscale_only,2026-01-30,IEF,-0.0032819331718561494,0.02178389001983616,-0.0029412003331022816,0.02010903984629976,0.02506582319169231,0.00034073283875386785
positive_beta_prior__global_scale_lengthscale_only,2026-01-30,BNDX,-0.0025301979714925688,0.01242298193585456,-0.0025070150887323878,0.014303340007039495,0.014953179907347128,2.318288276018099e-05
positive_beta_prior__global_scale_lengthscale_only,2026-01-30,LQD,-0.0022208247003346147,0.010894680719308658,-0.0017577840408325082,0.027138041206926096,0.013115505419643273,0.0004630406595021064
positive_beta_prior__global_scale_lengthscale_only,2026-01-30,HYG,0.0005766340660203799,-0.0028581418854923824,0.00013980191387523,0.023279328379371467,-0.0034347759515127624,-0.00043683215214514995
positive_beta_prior__global_scale_lengthscale_only,2026-01-30,EWX,0.003571750219060178,0.03253007863200175,0.002380628863638809,0.03926706292759997,0.02895832841294157,-0.0011911213554213688
positive_beta_prior__global_scale_lengthscale_only,2026-01-30,VWOB,-0.0003310788675249388,0.012410830018970698,-0.0005487911808148574,0.029995486536486347,0.012741908886495637,-0.0002177123132899186
positive_beta_prior__global_scale_lengthscale_only,2026-01-30,HYEM,-0.00011452558297274804,0.006343486373523,0.00031860168042066887,0.02779935798531183,0.006458011956495748,0.00043312726339341694
positive_beta_prior__global_scale_neither,2026-01-30,SPY,0.0087953880762623,-0.011463064459755201,0.012001610260957234,0.04097884217550604,-0.0202584525360175,0.0032062221846949346
positive_beta_prior__global_scale_neither,2026-01-30,MGK,0.010773816215419922,-0.049282081977910286,-0.00012828899255261893,0.055433287780041515,-0.06005589819333021,-0.01090210520797254
positive_beta_prior__global_scale_neither,2026-01-30,VTV,0.00706515611227182,0.03464425383897951,0.0184154132746226,0.03753640784684101,0.02757909772670769,0.011350257162350781
positive_beta_prior__global_scale_neither,2026-01-30,IJR,0.002684998324597948,0.018113075612949725,0.007206945810412415,0.05459043044861002,0.015428077288351777,0.004521947485814467
positive_beta_prior__global_scale_neither,2026-01-30,IWM,0.0025384831293600433,0.003913446654500996,0.0018582924002210003,0.05729299176723206,0.0013749635251409527,-0.000680190729139043
positive_beta_prior__global_scale_neither,2026-01-30,VNQ,0.0014686014483483952,0.05085567147315495,0.004622884099043734,0.0513552299877141,0.04938707002480656,0.0031542826506953388
positive_beta_prior__global_scale_neither,2026-01-30,VNQI,-0.0009109216946528097,0.05477043858428532,0.014916939278736052,0.04210943440886721,0.05568136027893813,0.01582786097338886
positive_beta_prior__global_scale_neither,2026-01-30,VEA,0.005890961732488146,0.05800790565870817,0.022072113884798412,0.04129057038736095,0.05211694392622002,0.016181152152310266
positive_beta_prior__global_scale_neither,2026-01-30,VWO,0.0020584866540590647,0.025936988754007295,0.019891672848527227,0.040571796784953706,0.02387850209994823,0.01783318619446816
positive_beta_prior__global_scale_neither,2026-01-30,VSS,0.003657612228751431,0.046521625760379104,0.01731769186525881,0.042348784557079286,0.04286401353162767,0.013660079636507377
positive_beta_prior__global_scale_neither,2026-01-30,BND,-0.002461289792986137,0.013125538032234596,-0.0003686451024473422,0.014950041683735241,0.015586827825220733,0.002092644690538795
positive_beta_prior__global_scale_neither,2026-01-30,IEF,-0.0032819331718561494,0.02178389001983616,-0.0026019467709154573,0.018081544093438283,0.02506582319169231,0.0006799864009406922
positive_beta_prior__global_scale_neither,2026-01-30,BNDX,-0.0025301979714925688,0.01242298193585456,-0.0011629672911877304,0.013289999382188484,0.014953179907347128,0.0013672306803048384
positive_beta_prior__global_scale_neither,2026-01-30,LQD,-0.0022208247003346147,0.010894680719308658,0.0013083256193632802,0.02362351696072979,0.013115505419643273,0.003529150319697895
positive_beta_prior__global_scale_neither,2026-01-30,HYG,0.0005766340660203799,-0.0028581418854923824,0.004123951126900469,0.019865081701257913,-0.0034347759515127624,0.003547317060880089
positive_beta_prior__global_scale_neither,2026-01-30,EWX,0.003571750219060178,0.03253007863200175,0.015043676415288778,0.03580323981257742,0.02895832841294157,0.0114719261962286
positive_beta_prior__global_scale_neither,2026-01-30,VWOB,-0.0003310788675249388,0.012410830018970698,0.00612945409705916,0.025839905611444645,0.012741908886495637,0.006460532964584098
positive_beta_prior__global_scale_neither,2026-01-30,HYEM,-0.00011452558297274804,0.006343486373523,0.0066500019795723226,0.0241187176734366,0.006458011956495748,0.006764527562545071
positive_beta_prior__component_scales_lengthscale_only,2026-02-27,SPY,0.008452024473956918,-0.05236481425659356,0.0020848432450838814,0.04299321569389838,-0.06081683873055048,-0.006367181228873036
positive_beta_prior__component_scales_lengthscale_only,2026-02-27,MGK,0.009755919635871952,-0.05256666804441845,0.004362919526438847,0.058227451118899175,-0.062322587680290406,-0.005393000109433105
positive_beta_prior__component_scales_lengthscale_only,2026-02-27,VTV,0.0075325984466227975,-0.05111916666844174,0.0009863112399969426,0.03859371024418997,-0.058651765115064536,-0.006546287206625855
positive_beta_prior__component_scales_lengthscale_only,2026-02-27,IJR,0.0029464911599937408,-0.0430573291552121,-0.006436908866440154,0.0532414889131423,-0.04600382031520584,-0.009383400026433895
positive_beta_prior__component_scales_lengthscale_only,2026-02-27,IWM,0.002561787595887856,-0.052595723393065286,-0.006372083335087188,0.05476014959081359,-0.05515751098895314,-0.008933870930975044
positive_beta_prior__component_scales_lengthscale_only,2026-02-27,VNQ,0.002305670431819693,-0.066081450572396,-0.007573864908599859,0.05504944605340525,-0.06838712100421569,-0.009879535340419552
positive_beta_prior__component_scales_lengthscale_only,2026-02-27,VNQI,3.283017448173479e-05,-0.1261996923521307,-0.006885904067505918,0.044689520535350635,-0.12623252252661243,-0.006918734241987653
positive_beta_prior__component_scales_lengthscale_only,2026-02-27,VEA,0.006774299765135943,-0.0890166153043781,0.0017502104099935507,0.044236082624053014,-0.09579091506951404,-0.005024089355142392
positive_beta_prior__component_scales_lengthscale_only,2026-02-27,VWO,0.0024632070286344583,-0.07262882161942752,0.0011874689695088928,0.0405809646267258,-0.07509202864806198,-0.0012757380591255656
positive_beta_prior__component_scales_lengthscale_only,2026-02-27,VSS,0.004384120932677324,-0.09195775776152426,0.00013949192225147858,0.04492370372174454,-0.09634187869420159,-0.004244629010425846
positive_beta_prior__component_scales_lengthscale_only,2026-02-27,BND,-0.0021971062705247687,-0.020459273388676813,-0.0036206681727986544,0.01615047188739214,-0.018262167118152043,-0.0014235619022738857
positive_beta_prior__component_scales_lengthscale_only,2026-02-27,IEF,-0.0028570887109800086,-0.02626946195927571,-0.0042883744536837635,0.018974092286145813,-0.0234123732482957,-0.0014312857427037549
positive_beta_prior__component_scales_lengthscale_only,2026-02-27,BNDX,-0.002276754244249397,-0.02445812349945309,-0.004138730241335597,0.013933579244111855,-0.02218136925520369,-0.0018619759970861997
positive_beta_prior__component_scales_lengthscale_only,2026-02-27,LQD,-0.0019985279983067627,-0.02380357071815431,-0.005348680122383822,0.025150131206786205,-0.021805042719847546,-0.003350152124077059
positive_beta_prior__component_scales_lengthscale_only,2026-02-27,HYG,0.0005184175244693163,-0.01264655652256541,-0.003265013643293363,0.02096193599186883,-0.013164974047034726,-0.003783431167762679
positive_beta_prior__component_scales_lengthscale_only,2026-02-27,EWX,0.004062569344703256,-0.05906694056130268,0.0030321447744693177,0.03707617090699232,-0.06312950990600594,-0.001030424570233938
positive_beta_prior__component_scales_lengthscale_only,2026-02-27,VWOB,-0.0001151143101267077,-0.03742886388704314,-0.004048582185811654,0.02772812699618407,-0.03731374957691643,-0.003933467875684946
positive_beta_prior__component_scales_lengthscale_only,2026-02-27,HYEM,-5.067753201633674e-06,-0.024402651519384255,-0.0027115115575566994,0.02453668053039708,-0.02439758376618262,-0.002706443804355066
positive_beta_prior__component_scales_neither,2026-02-27,SPY,0.008452024473956918,-0.05236481425659356,-0.0004883315114408409,0.04129220253025285,-0.06081683873055048,-0.008940355985397759
positive_beta_prior__component_scales_neither,2026-02-27,MGK,0.009755919635871952,-0.05256666804441845,-0.0006617382836727453,0.0538806594229073,-0.062322587680290406,-0.010417657919544698
positive_beta_prior__component_scales_neither,2026-02-27,VTV,0.0075325984466227975,-0.05111916666844174,0.0010094938173026832,0.039197080441135214,-0.058651765115064536,-0.006523104629320114
positive_beta_prior__component_scales_neither,2026-02-27,IJR,0.0029464911599937408,-0.0430573291552121,-0.006507745673976701,0.053184343794727786,-0.04600382031520584,-0.009454236833970443
positive_beta_prior__component_scales_neither,2026-02-27,IWM,0.002561787595887856,-0.052595723393065286,-0.0062376597169923696,0.054417745446812174,-0.05515751098895314,-0.008799447312880225
positive_beta_prior__component_scales_neither,2026-02-27,VNQ,0.002305670431819693,-0.066081450572396,-0.008088598395236665,0.05405126271556309,-0.06838712100421569,-0.010394268827056359
positive_beta_prior__component_scales_neither,2026-02-27,VNQI,3.283017448173479e-05,-0.1261996923521307,-0.005924836586574206,0.04587580375970961,-0.12623252252661243,-0.005957666761055941
positive_beta_prior__component_scales_neither,2026-02-27,VEA,0.006774299765135943,-0.0890166153043781,0.004106147724316262,0.044929933613224185,-0.09579091506951404,-0.002668152040819681
positive_beta_prior__component_scales_neither,2026-02-27,VWO,0.0024632070286344583,-0.07262882161942752,0.0029814552489977443,0.03970093112960365,-0.07509202864806198,0.000518248220363286
positive_beta_prior__component_scales_neither,2026-02-27,VSS,0.004384120932677324,-0.09195775776152426,0.0034073944868559906,0.04464035384027893,-0.09634187869420159,-0.0009767264458213337
positive_beta_prior__component_scales_neither,2026-02-27,BND,-0.0021971062705247687,-0.020459273388676813,-0.0051497942212399405,0.016348763572495546,-0.018262167118152043,-0.002952687950715172
positive_beta_prior__component_scales_neither,2026-02-27,IEF,-0.0028570887109800086,-0.02626946195927571,-0.00589638770657169,0.019322942607320735,-0.0234123732482957,-0.0030392989955916818
positive_beta_prior__component_scales_neither,2026-02-27,BNDX,-0.002276754244249397,-0.02445812349945309,-0.005416716488043883,0.013604403331560124,-0.02218136925520369,-0.0031399622437944864
positive_beta_prior__component_scales_neither,2026-02-27,LQD,-0.0019985279983067627,-0.02380357071815431,-0.008222294520187192,0.025326147441547937,-0.021805042719847546,-0.006223766521880429
positive_beta_prior__component_scales_neither,2026-02-27,HYG,0.0005184175244693163,-0.01264655652256541,-0.005871931005388627,0.020260915360025323,-0.013164974047034726,-0.006390348529857944
positive_beta_prior__component_scales_neither,2026-02-27,EWX,0.004062569344703256,-0.05906694056130268,0.00486482036910649,0.03614523560287514,-0.06312950990600594,0.0008022510244032341
positive_beta_prior__component_scales_neither,2026-02-27,VWOB,-0.0001151143101267077,-0.03742886388704314,-0.00599731986556563,0.02742721242889415,-0.03731374957691643,-0.005882205555438922
positive_beta_prior__component_scales_neither,2026-02-27,HYEM,-5.067753201633674e-06,-0.024402651519384255,-0.004491703344929427,0.025458829955168606,-0.02439758376618262,-0.004486635591727793
positive_beta_prior__no_component_scales_lengthscale_only,2026-02-27,SPY,0.008452024473956918,-0.05236481425659356,0.012855207939721277,0.11623075539602015,-0.06081683873055048,0.004403183465764359
positive_beta_prior__no_component_scales_lengthscale_only,2026-02-27,MGK,0.009755919635871952,-0.05256666804441845,0.007001385943081818,0.07894862635248538,-0.062322587680290406,-0.0027545336927901343
positive_beta_prior__no_component_scales_lengthscale_only,2026-02-27,VTV,0.0075325984466227975,-0.05111916666844174,0.0058489753517409655,0.042475241063687205,-0.058651765115064536,-0.001683623094881832
positive_beta_prior__no_component_scales_lengthscale_only,2026-02-27,IJR,0.0029464911599937408,-0.0430573291552121,-0.006312249725086098,0.05661163952165551,-0.04600382031520584,-0.009258740885079839
positive_beta_prior__no_component_scales_lengthscale_only,2026-02-27,IWM,0.002561787595887856,-0.052595723393065286,-0.004189801436611549,0.060435959155399205,-0.05515751098895314,-0.006751589032499405
positive_beta_prior__no_component_scales_lengthscale_only,2026-02-27,VNQ,0.002305670431819693,-0.066081450572396,-0.0018080040429459092,0.055424020146179614,-0.06838712100421569,-0.004113674474765602
positive_beta_prior__no_component_scales_lengthscale_only,2026-02-27,VNQI,3.283017448173479e-05,-0.1261996923521307,0.00042020667949044244,0.04049216447127735,-0.12623252252661243,0.00038737650500870763
positive_beta_prior__no_component_scales_lengthscale_only,2026-02-27,VEA,0.006774299765135943,-0.0890166153043781,0.01110340276911716,0.039662572427680086,-0.09579091506951404,0.004329103003981218
positive_beta_prior__no_component_scales_lengthscale_only,2026-02-27,VWO,0.0024632070286344583,-0.07262882161942752,0.007518914763616666,0.04345446136113099,-0.07509202864806198,0.005055707734982208
positive_beta_prior__no_component_scales_lengthscale_only,2026-02-27,VSS,0.004384120932677324,-0.09195775776152426,0.008345317432256024,0.04052912328533747,-0.09634187869420159,0.0039611964995787
positive_beta_prior__no_component_scales_lengthscale_only,2026-02-27,BND,-0.0021971062705247687,-0.020459273388676813,-0.0016535061944558242,0.014842277267493617,-0.018262167118152043,0.0005436000760689445
positive_beta_prior__no_component_scales_lengthscale_only,2026-02-27,IEF,-0.0028570887109800086,-0.02626946195927571,-0.003006488109975769,0.01783852593445372,-0.0234123732482957,-0.0001493993989957602
positive_beta_prior__no_component_scales_lengthscale_only,2026-02-27,BNDX,-0.002276754244249397,-0.02445812349945309,-0.0030515854721692307,0.013782511138621847,-0.02218136925520369,-0.0007748312279198337
positive_beta_prior__no_component_scales_lengthscale_only,2026-02-27,LQD,-0.0019985279983067627,-0.02380357071815431,-0.0034072554333544267,0.023354455493325918,-0.021805042719847546,-0.001408727435047664
positive_beta_prior__no_component_scales_lengthscale_only,2026-02-27,HYG,0.0005184175244693163,-0.01264655652256541,-0.0005742007677079265,0.019445889375409413,-0.013164974047034726,-0.0010926182921772427
positive_beta_prior__no_component_scales_lengthscale_only,2026-02-27,EWX,0.004062569344703256,-0.05906694056130268,0.008671113990222292,0.041580970415009556,-0.06312950990600594,0.004608544645519037
positive_beta_prior__no_component_scales_lengthscale_only,2026-02-27,VWOB,-0.0001151143101267077,-0.03742886388704314,-0.0018330521396806917,0.025250479216951994,-0.03731374957691643,-0.001717937829553984
positive_beta_prior__no_component_scales_lengthscale_only,2026-02-27,HYEM,-5.067753201633674e-06,-0.024402651519384255,-0.000527555363579128,0.02322976359695904,-0.02439758376618262,-0.0005224876103774944
positive_beta_prior__no_component_scales_neither,2026-02-27,SPY,0.008452024473956918,-0.05236481425659356,0.002224043633618919,0.11203857073399853,-0.06081683873055048,-0.006227980840337999
positive_beta_prior__no_component_scales_neither,2026-02-27,MGK,0.009755919635871952,-0.05256666804441845,0.002500382297645787,0.08596976114632192,-0.062322587680290406,-0.007255537338226165
positive_beta_prior__no_component_scales_neither,2026-02-27,VTV,0.0075325984466227975,-0.05111916666844174,0.010805314242276234,0.04204703777081902,-0.058651765115064536,0.003272715795653436
positive_beta_prior__no_component_scales_neither,2026-02-27,IJR,0.0029464911599937408,-0.0430573291552121,0.007932880536906946,0.05304946550977924,-0.04600382031520584,0.0049863893769132046
positive_beta_prior__no_component_scales_neither,2026-02-27,IWM,0.002561787595887856,-0.052595723393065286,0.01029217900002025,0.05634333589816121,-0.05515751098895314,0.007730391404132394
positive_beta_prior__no_component_scales_neither,2026-02-27,VNQ,0.002305670431819693,-0.066081450572396,0.006334479334649212,0.05237274412375183,-0.06838712100421569,0.004028808902829519
positive_beta_prior__no_component_scales_neither,2026-02-27,VNQI,3.283017448173479e-05,-0.1261996923521307,0.007149031098342504,0.040908865241203234,-0.12623252252661243,0.00711620092386077
positive_beta_prior__no_component_scales_neither,2026-02-27,VEA,0.006774299765135943,-0.0890166153043781,0.014202784484238326,0.04106560081454484,-0.09579091506951404,0.0074284847191023835
positive_beta_prior__no_component_scales_neither,2026-02-27,VWO,0.0024632070286344583,-0.07262882161942752,0.010150390517864403,0.03958193992099633,-0.07509202864806198,0.007687183489229945
positive_beta_prior__no_component_scales_neither,2026-02-27,VSS,0.004384120932677324,-0.09195775776152426,0.014582537681385932,0.04081477053811881,-0.09634187869420159,0.010198416748708607
positive_beta_prior__no_component_scales_neither,2026-02-27,BND,-0.0021971062705247687,-0.020459273388676813,-0.0004172477785087639,0.014886238619059336,-0.018262167118152043,0.0017798584920160048
positive_beta_prior__no_component_scales_neither,2026-02-27,IEF,-0.0028570887109800086,-0.02626946195927571,-0.0012578679504918996,0.017322206715325014,-0.0234123732482957,0.001599220760488109
positive_beta_prior__no_component_scales_neither,2026-02-27,BNDX,-0.002276754244249397,-0.02445812349945309,-0.0018401857629967,0.014317942310004016,-0.02218136925520369,0.000436568481252697
positive_beta_prior__no_component_scales_neither,2026-02-27,LQD,-0.0019985279983067627,-0.02380357071815431,-0.0019305839200871122,0.02404814631228098,-0.021805042719847546,6.79440782196505e-05
positive_beta_prior__no_component_scales_neither,2026-02-27,HYG,0.0005184175244693163,-0.01264655652256541,-0.0013028555149770357,0.02348967475849963,-0.013164974047034726,-0.001821273039446352
positive_beta_prior__no_component_scales_neither,2026-02-27,EWX,0.004062569344703256,-0.05906694056130268,0.011370253178433227,0.0360511858675155,-0.06312950990600594,0.007307683833729971
positive_beta_prior__no_component_scales_neither,2026-02-27,VWOB,-0.0001151143101267077,-0.03742886388704314,-0.0002319949985784606,0.029045206228346884,-0.03731374957691643,-0.0001168806884517529
positive_beta_prior__no_component_scales_neither,2026-02-27,HYEM,-5.067753201633674e-06,-0.024402651519384255,0.0002285457926453197,0.02738127435459796,-0.02439758376618262,0.00023361354584695336
positive_beta_prior__global_scale_lengthscale_only,2026-02-27,SPY,0.008452024473956918,-0.05236481425659356,0.00677456363724809,0.047610103296127616,-0.06081683873055048,-0.0016774608367088276
positive_beta_prior__global_scale_lengthscale_only,2026-02-27,MGK,0.009755919635871952,-0.05256666804441845,0.007653496669432465,0.06484828869297966,-0.062322587680290406,-0.002102422966439487
positive_beta_prior__global_scale_lengthscale_only,2026-02-27,VTV,0.0075325984466227975,-0.05111916666844174,0.0083792357241975,0.04406454390217773,-0.058651765115064536,0.0008466372775747018
positive_beta_prior__global_scale_lengthscale_only,2026-02-27,IJR,0.0029464911599937408,-0.0430573291552121,-0.0001752653206412774,0.060605268229709734,-0.04600382031520584,-0.003121756480635018
positive_beta_prior__global_scale_lengthscale_only,2026-02-27,IWM,0.002561787595887856,-0.052595723393065286,-0.001507006592981001,0.062080020392511946,-0.05515751098895314,-0.004068794188868857
positive_beta_prior__global_scale_lengthscale_only,2026-02-27,VNQ,0.002305670431819693,-0.066081450572396,0.002703951716280368,0.058509914376888426,-0.06838712100421569,0.00039828128446067496
positive_beta_prior__global_scale_lengthscale_only,2026-02-27,VNQI,3.283017448173479e-05,-0.1261996923521307,0.0007792696270858898,0.051076793882266554,-0.12623252252661243,0.000746439452604155
positive_beta_prior__global_scale_lengthscale_only,2026-02-27,VEA,0.006774299765135943,-0.0890166153043781,0.01108062796066136,0.04890276198576915,-0.09579091506951404,0.004306328195525418
positive_beta_prior__global_scale_lengthscale_only,2026-02-27,VWO,0.0024632070286344583,-0.07262882161942752,0.00556170945714891,0.04598218260413542,-0.07509202864806198,0.0030985024285144513
positive_beta_prior__global_scale_lengthscale_only,2026-02-27,VSS,0.004384120932677324,-0.09195775776152426,0.008105091279746554,0.04934920702848269,-0.09634187869420159,0.00372097034706923
positive_beta_prior__global_scale_lengthscale_only,2026-02-27,BND,-0.0021971062705247687,-0.020459273388676813,-0.00153278347365514,0.017847056293766247,-0.018262167118152043,0.0006643227968696286
positive_beta_prior__global_scale_lengthscale_only,2026-02-27,IEF,-0.0028570887109800086,-0.02626946195927571,-0.0024543088561811855,0.021081961894882695,-0.0234123732482957,0.0004027798547988231
positive_beta_prior__global_scale_lengthscale_only,2026-02-27,BNDX,-0.002276754244249397,-0.02445812349945309,-0.0021234621067087235,0.015619728351988908,-0.02218136925520369,0.00015329213754067348
positive_beta_prior__global_scale_lengthscale_only,2026-02-27,LQD,-0.0019985279983067627,-0.02380357071815431,-0.0031014944373307105,0.027933246310832327,-0.021805042719847546,-0.0011029664390239478
positive_beta_prior__global_scale_lengthscale_only,2026-02-27,HYG,0.0005184175244693163,-0.01264655652256541,-0.000661697463955227,0.023106338922584752,-0.013164974047034726,-0.0011801149884245433
positive_beta_prior__global_scale_lengthscale_only,2026-02-27,EWX,0.004062569344703256,-0.05906694056130268,0.0063927221312001705,0.04012655954205091,-0.06312950990600594,0.0023301527864969147
positive_beta_prior__global_scale_lengthscale_only,2026-02-27,VWOB,-0.0001151143101267077,-0.03742886388704314,-0.001332825788424113,0.031150410335100326,-0.03731374957691643,-0.0012177114782974054
positive_beta_prior__global_scale_lengthscale_only,2026-02-27,HYEM,-5.067753201633674e-06,-0.024402651519384255,-0.00153679186654633,0.02809740347443667,-0.02439758376618262,-0.0015317241133446962
positive_beta_prior__global_scale_neither,2026-02-27,SPY,0.008452024473956918,-0.05236481425659356,0.0006876847845909079,0.04905079894748883,-0.06081683873055048,-0.00776433968936601
positive_beta_prior__global_scale_neither,2026-02-27,MGK,0.009755919635871952,-0.05256666804441845,-0.012816180353285028,0.06600452006665884,-0.062322587680290406,-0.02257209998915698
positive_beta_prior__global_scale_neither,2026-02-27,VTV,0.0075325984466227975,-0.05111916666844174,0.017262435055028738,0.046703476878587134,-0.058651765115064536,0.00972983660840594
positive_beta_prior__global_scale_neither,2026-02-27,IJR,0.0029464911599937408,-0.0430573291552121,0.010321099782627728,0.06317275014837462,-0.04600382031520584,0.007374608622633987
positive_beta_prior__global_scale_neither,2026-02-27,IWM,0.002561787595887856,-0.052595723393065286,0.0065964363848675656,0.06413705190986829,-0.05515751098895314,0.00403464878897971
positive_beta_prior__global_scale_neither,2026-02-27,VNQ,0.002305670431819693,-0.066081450572396,0.021997481709256698,0.059397836538353545,-0.06838712100421569,0.019691811277437004
positive_beta_prior__global_scale_neither,2026-02-27,VNQI,3.283017448173479e-05,-0.1261996923521307,0.02214635897056061,0.05074673000731154,-0.12623252252661243,0.022113528796078873
positive_beta_prior__global_scale_neither,2026-02-27,VEA,0.006774299765135943,-0.0890166153043781,0.025667447989482412,0.05027705003180604,-0.09579091506951404,0.01889314822434647
positive_beta_prior__global_scale_neither,2026-02-27,VWO,0.0024632070286344583,-0.07262882161942752,0.015005459579902009,0.046992716527662716,-0.07509202864806198,0.012542252551267551
positive_beta_prior__global_scale_neither,2026-02-27,VSS,0.004384120932677324,-0.09195775776152426,0.020936221940085188,0.05029860584267817,-0.09634187869420159,0.016552101007407866
positive_beta_prior__global_scale_neither,2026-02-27,BND,-0.0021971062705247687,-0.020459273388676813,0.004657123540276592,0.018237811616274517,-0.018262167118152043,0.00685422981080136
positive_beta_prior__global_scale_neither,2026-02-27,IEF,-0.0028570887109800086,-0.02626946195927571,0.005278644776255427,0.021262205986447694,-0.0234123732482957,0.008135733487235435
positive_beta_prior__global_scale_neither,2026-02-27,BNDX,-0.002276754244249397,-0.02445812349945309,0.003285882769445542,0.016289754006629922,-0.02218136925520369,0.005562637013694939
positive_beta_prior__global_scale_neither,2026-02-27,LQD,-0.0019985279983067627,-0.02380357071815431,0.0030382390405746832,0.02845819352067603,-0.021805042719847546,0.005036767038881446
positive_beta_prior__global_scale_neither,2026-02-27,HYG,0.0005184175244693163,-0.01264655652256541,-0.0009319805525974851,0.024673878059779775,-0.013164974047034726,-0.0014503980770668014
positive_beta_prior__global_scale_neither,2026-02-27,EWX,0.004062569344703256,-0.05906694056130268,0.015234643895309005,0.040820354402205695,-0.06312950990600594,0.011172074550605749
positive_beta_prior__global_scale_neither,2026-02-27,VWOB,-0.0001151143101267077,-0.03742886388704314,0.003934668137363699,0.03125649032981244,-0.03731374957691643,0.004049782447490407
positive_beta_prior__global_scale_neither,2026-02-27,HYEM,-5.067753201633674e-06,-0.024402651519384255,0.0027406633081567136,0.0280539282731572,-0.02439758376618262,0.002745731061358347
positive_beta_prior__component_scales_lengthscale_only,2026-03-31,SPY,0.00743841049511441,0.10158469057343722,0.013910368896799159,0.04077916505753673,0.0941462800783228,0.006471958401684749
positive_beta_prior__component_scales_lengthscale_only,2026-03-31,MGK,0.008717209841200446,0.13945658747726553,0.017659222846284243,0.05119057713943207,0.13073937763606508,0.008942013005083797
positive_beta_prior__component_scales_lengthscale_only,2026-03-31,VTV,0.006555069028038389,0.0506170669983208,0.008836709591108539,0.04075461062135232,0.044061997970282415,0.00228164056307015
positive_beta_prior__component_scales_lengthscale_only,2026-03-31,IJR,0.002179760821406977,0.09942684130728341,0.01179726919766103,0.05618123854332276,0.09724708048587644,0.009617508376254054
positive_beta_prior__component_scales_lengthscale_only,2026-03-31,IWM,0.0016424957460719702,0.11732924859591698,0.013012720041413987,0.05729805902882566,0.115686752849845,0.011370224295342016
positive_beta_prior__component_scales_lengthscale_only,2026-03-31,VNQ,0.0011658850817494312,0.08261211567781301,0.002622620586486112,0.05255591019925847,0.08144623059606358,0.0014567355047366806
positive_beta_prior__component_scales_lengthscale_only,2026-03-31,VNQI,-0.0020710452009618054,0.05920759938488018,0.0019872721552426534,0.046376943089701785,0.061278644585841986,0.004058317356204459
positive_beta_prior__component_scales_lengthscale_only,2026-03-31,VEA,0.005177784513977376,0.07028850576993428,0.010134782552931862,0.044662740744188946,0.0651107212559569,0.004956998038954486
positive_beta_prior__component_scales_lengthscale_only,2026-03-31,VWO,0.0012116732178334255,0.08686516780484332,0.004177044017208062,0.04007860813236187,0.0856534945870099,0.002965370799374636
positive_beta_prior__component_scales_lengthscale_only,2026-03-31,VSS,0.002778422954440631,0.08096490152679459,0.009093476829788963,0.0445108075901816,0.07818647857235396,0.006315053875348331
positive_beta_prior__component_scales_lengthscale_only,2026-03-31,BND,-0.0025014757224939696,-0.001644084190784434,-0.0006712201747457135,0.015161286199147224,0.0008573915317095357,0.001830255547748256
positive_beta_prior__component_scales_lengthscale_only,2026-03-31,IEF,-0.003247294931784937,-0.004636900424381141,-0.001059798166124456,0.01773622832686715,-0.0013896054925962038,0.002187496765660481
positive_beta_prior__component_scales_lengthscale_only,2026-03-31,BNDX,-0.002646443731836125,-0.0008092670395931645,0.0003770555433239382,0.012807326372681579,0.0018371766922429607,0.0030234992751600634
positive_beta_prior__component_scales_lengthscale_only,2026-03-31,LQD,-0.0023619453769708884,-0.0003280238707080718,0.00065354589987044,0.024000195251197832,0.0020339215062628166,0.0030154912768413284
positive_beta_prior__component_scales_lengthscale_only,2026-03-31,HYG,0.00029900129035207075,0.012020620280474459,0.0025375278110233586,0.019804414708658187,0.011721618990122388,0.002238526520671288
positive_beta_prior__component_scales_lengthscale_only,2026-03-31,EWX,0.003010410846269823,0.10571433591391832,0.007246581815529824,0.0354809818472601,0.1027039250676485,0.004236170969260001
positive_beta_prior__component_scales_lengthscale_only,2026-03-31,VWOB,-0.0007370101364086482,0.020791542317250666,0.0016259902173928538,0.02696708921146279,0.021528552453659314,0.002363000353801502
positive_beta_prior__component_scales_lengthscale_only,2026-03-31,HYEM,-0.0004116941493046774,0.022278894658412263,-0.0011973385870350474,0.02555366739911985,0.02269058880771694,-0.00078564443773037
positive_beta_prior__component_scales_neither,2026-03-31,SPY,0.00743841049511441,0.10158469057343722,0.014040259054711984,0.042421950845725385,0.0941462800783228,0.0066018485595975744
positive_beta_prior__component_scales_neither,2026-03-31,MGK,0.008717209841200446,0.13945658747726553,0.015361493195397223,0.058696868689282984,0.13073937763606508,0.006644283354196777
positive_beta_prior__component_scales_neither,2026-03-31,VTV,0.006555069028038389,0.0506170669983208,0.009941104385113395,0.03885387417020584,0.044061997970282415,0.0033860353570750066
positive_beta_prior__component_scales_neither,2026-03-31,IJR,0.002179760821406977,0.09942684130728341,0.012197960713602471,0.05272932364548871,0.09724708048587644,0.010018199892195495
positive_beta_prior__component_scales_neither,2026-03-31,IWM,0.0016424957460719702,0.11732924859591698,0.012243450451506864,0.05384757864969102,0.115686752849845,0.010600954705434894
positive_beta_prior__component_scales_neither,2026-03-31,VNQ,0.0011658850817494312,0.08261211567781301,0.007558834200053353,0.051986501516480696,0.08144623059606358,0.0063929491183039215
positive_beta_prior__component_scales_neither,2026-03-31,VNQI,-0.0020710452009618054,0.05920759938488018,0.004279294841732777,0.045901615365418535,0.061278644585841986,0.006350340042694582
positive_beta_prior__component_scales_neither,2026-03-31,VEA,0.005177784513977376,0.07028850576993428,0.011931870257871242,0.042908814782916437,0.0651107212559569,0.006754085743893867
positive_beta_prior__component_scales_neither,2026-03-31,VWO,0.0012116732178334255,0.08686516780484332,0.00601972662639865,0.04101476316922743,0.0856534945870099,0.004808053408565225
positive_beta_prior__component_scales_neither,2026-03-31,VSS,0.002778422954440631,0.08096490152679459,0.009385461229520524,0.04369855228586442,0.07818647857235396,0.006607038275079892
positive_beta_prior__component_scales_neither,2026-03-31,BND,-0.0025014757224939696,-0.001644084190784434,0.0031397878197710607,0.01510834177083159,0.0008573915317095357,0.00564126354226503
positive_beta_prior__component_scales_neither,2026-03-31,IEF,-0.003247294931784937,-0.004636900424381141,0.0024311049645554033,0.017814809087774917,-0.0013896054925962038,0.00567839989634034
positive_beta_prior__component_scales_neither,2026-03-31,BNDX,-0.002646443731836125,-0.0008092670395931645,0.002587459152884015,0.01273513019040916,0.0018371766922429607,0.00523390288472014
positive_beta_prior__component_scales_neither,2026-03-31,LQD,-0.0023619453769708884,-0.0003280238707080718,0.00578678098428648,0.023645603906380118,0.0020339215062628166,0.008148726361257368
positive_beta_prior__component_scales_neither,2026-03-31,HYG,0.00029900129035207075,0.012020620280474459,0.005604057535663132,0.019941342431113677,0.011721618990122388,0.005305056245311061
positive_beta_prior__component_scales_neither,2026-03-31,EWX,0.003010410846269823,0.10571433591391832,0.008807509976199413,0.03749163375332611,0.1027039250676485,0.00579709912992959
positive_beta_prior__component_scales_neither,2026-03-31,VWOB,-0.0007370101364086482,0.020791542317250666,0.005122132404704467,0.026555590099385976,0.021528552453659314,0.005859142541113115
positive_beta_prior__component_scales_neither,2026-03-31,HYEM,-0.0004116941493046774,0.022278894658412263,0.0008315139207981579,0.0245547886095102,0.02269058880771694,0.0012432080701028352
positive_beta_prior__no_component_scales_lengthscale_only,2026-03-31,SPY,0.00743841049511441,0.10158469057343722,0.02266510933073249,0.11734392268228913,0.0941462800783228,0.015226698835618079
positive_beta_prior__no_component_scales_lengthscale_only,2026-03-31,MGK,0.008717209841200446,0.13945658747726553,0.01845012196249933,0.07072454746174398,0.13073937763606508,0.009732912121298884
positive_beta_prior__no_component_scales_lengthscale_only,2026-03-31,VTV,0.006555069028038389,0.0506170669983208,0.009960529821623387,0.039187964599994574,0.044061997970282415,0.003405460793584998
positive_beta_prior__no_component_scales_lengthscale_only,2026-03-31,IJR,0.002179760821406977,0.09942684130728341,7.039580386846963e-05,0.055672703491342006,0.09724708048587644,-0.0021093650175385073
positive_beta_prior__no_component_scales_lengthscale_only,2026-03-31,IWM,0.0016424957460719702,0.11732924859591698,0.0034403252583989057,0.0573335389030846,0.115686752849845,0.0017978295123269356
positive_beta_prior__no_component_scales_lengthscale_only,2026-03-31,VNQ,0.0011658850817494312,0.08261211567781301,0.00987182980522281,0.05104946475906479,0.08144623059606358,0.008705944723473379
positive_beta_prior__no_component_scales_lengthscale_only,2026-03-31,VNQI,-0.0020710452009618054,0.05920759938488018,0.008563716799444804,0.041759354400457915,0.061278644585841986,0.01063476200040661
positive_beta_prior__no_component_scales_lengthscale_only,2026-03-31,VEA,0.005177784513977376,0.07028850576993428,0.014270057354704423,0.03994807978134932,0.0651107212559569,0.009092272840727047
positive_beta_prior__no_component_scales_lengthscale_only,2026-03-31,VWO,0.0012116732178334255,0.08686516780484332,0.014811956252543671,0.04601776012026783,0.0856534945870099,0.013600283034710246
positive_beta_prior__no_component_scales_lengthscale_only,2026-03-31,VSS,0.002778422954440631,0.08096490152679459,0.01189518459038569,0.04079160470629517,0.07818647857235396,0.009116761635945058
positive_beta_prior__no_component_scales_lengthscale_only,2026-03-31,BND,-0.0025014757224939696,-0.001644084190784434,0.0034632108405718166,0.014553651287093147,0.0008573915317095357,0.005964686563065786
positive_beta_prior__no_component_scales_lengthscale_only,2026-03-31,IEF,-0.003247294931784937,-0.004636900424381141,0.0027843389790582623,0.017529568775018944,-0.0013896054925962038,0.006031633910843199
positive_beta_prior__no_component_scales_lengthscale_only,2026-03-31,BNDX,-0.002646443731836125,-0.0008092670395931645,0.0029106373353018065,0.01322993674788218,0.0018371766922429607,0.005557081067137932
positive_beta_prior__no_component_scales_lengthscale_only,2026-03-31,LQD,-0.0023619453769708884,-0.0003280238707080718,0.006346809941416902,0.023013044937723846,0.0020339215062628166,0.00870875531838779
positive_beta_prior__no_component_scales_lengthscale_only,2026-03-31,HYG,0.00029900129035207075,0.012020620280474459,0.006675424884074668,0.019266867124474882,0.011721618990122388,0.006376423593722597
positive_beta_prior__no_component_scales_lengthscale_only,2026-03-31,EWX,0.003010410846269823,0.10571433591391832,0.01601000232842302,0.04496575487193382,0.1027039250676485,0.012999591482153197
positive_beta_prior__no_component_scales_lengthscale_only,2026-03-31,VWOB,-0.0007370101364086482,0.020791542317250666,0.007903219548476163,0.02548872954086448,0.021528552453659314,0.008640229684884811
positive_beta_prior__no_component_scales_lengthscale_only,2026-03-31,HYEM,-0.0004116941493046774,0.022278894658412263,0.002958343988305301,0.023644278103336063,0.02269058880771694,0.003370038137609978
positive_beta_prior__no_component_scales_neither,2026-03-31,SPY,0.00743841049511441,0.10158469057343722,0.002256410705690658,0.11440116735699411,0.0941462800783228,-0.005181999789423752
positive_beta_prior__no_component_scales_neither,2026-03-31,MGK,0.008717209841200446,0.13945658747726553,0.008603706046113572,0.07585547885227352,0.13073937763606508,-0.00011350379508687398
positive_beta_prior__no_component_scales_neither,2026-03-31,VTV,0.006555069028038389,0.0506170669983208,0.004168167558706927,0.042504310304033,0.044061997970282415,-0.002386901469331462
positive_beta_prior__no_component_scales_neither,2026-03-31,IJR,0.002179760821406977,0.09942684130728341,0.0015874287462811568,0.05286645128399292,0.09724708048587644,-0.0005923320751258202
positive_beta_prior__no_component_scales_neither,2026-03-31,IWM,0.0016424957460719702,0.11732924859591698,-0.00011590634372980833,0.05595418749335702,0.115686752849845,-0.0017584020898017785
positive_beta_prior__no_component_scales_neither,2026-03-31,VNQ,0.0011658850817494312,0.08261211567781301,0.006341452036546865,0.05871756030066184,0.08144623059606358,0.005175566954797434
positive_beta_prior__no_component_scales_neither,2026-03-31,VNQI,-0.0020710452009618054,0.05920759938488018,0.006573172859380066,0.04367790950398872,0.061278644585841986,0.00864421806034187
positive_beta_prior__no_component_scales_neither,2026-03-31,VEA,0.005177784513977376,0.07028850576993428,0.009930437714287553,0.04038255177502112,0.0651107212559569,0.004752653200310177
positive_beta_prior__no_component_scales_neither,2026-03-31,VWO,0.0012116732178334255,0.08686516780484332,0.0030718291654923463,0.0429426373318544,0.0856534945870099,0.0018601559476589208
positive_beta_prior__no_component_scales_neither,2026-03-31,VSS,0.002778422954440631,0.08096490152679459,0.009667859679936238,0.0396246839877429,0.07818647857235396,0.006889436725495607
positive_beta_prior__no_component_scales_neither,2026-03-31,BND,-0.0025014757224939696,-0.001644084190784434,0.0020911336971630072,0.015812852263171365,0.0008573915317095357,0.004592609419656977
positive_beta_prior__no_component_scales_neither,2026-03-31,IEF,-0.003247294931784937,-0.004636900424381141,0.0020787987757423868,0.018676359289948274,-0.0013896054925962038,0.005326093707527324
positive_beta_prior__no_component_scales_neither,2026-03-31,BNDX,-0.002646443731836125,-0.0008092670395931645,0.0013116751811122107,0.013002296312719059,0.0018371766922429607,0.003958118912948336
positive_beta_prior__no_component_scales_neither,2026-03-31,LQD,-0.0023619453769708884,-0.0003280238707080718,0.004036813914619359,0.02503679061831791,0.0020339215062628166,0.006398759291590247
positive_beta_prior__no_component_scales_neither,2026-03-31,HYG,0.00029900129035207075,0.012020620280474459,0.005311299827382066,0.0194185487754884,0.011721618990122388,0.005012298537029995
positive_beta_prior__no_component_scales_neither,2026-03-31,EWX,0.003010410846269823,0.10571433591391832,0.008184287404184944,0.0353417238035562,0.1027039250676485,0.005173876557915121
positive_beta_prior__no_component_scales_neither,2026-03-31,VWOB,-0.0007370101364086482,0.020791542317250666,0.004098857477529066,0.02656845922659889,0.021528552453659314,0.004835867613937714
positive_beta_prior__no_component_scales_neither,2026-03-31,HYEM,-0.0004116941493046774,0.022278894658412263,-0.0007894408991468233,0.026032471234510694,0.02269058880771694,-0.0003777467498421459
positive_beta_prior__global_scale_lengthscale_only,2026-03-31,SPY,0.00743841049511441,0.10158469057343722,0.005270959643441252,0.043570293926212256,0.0941462800783228,-0.002167450851673158
positive_beta_prior__global_scale_lengthscale_only,2026-03-31,MGK,0.008717209841200446,0.13945658747726553,0.005884044066702744,0.057259128151146886,0.13073937763606508,-0.0028331657744977024
positive_beta_prior__global_scale_lengthscale_only,2026-03-31,VTV,0.006555069028038389,0.0506170669983208,0.0028240048774628426,0.0404664126699262,0.044061997970282415,-0.003731064150575546
positive_beta_prior__global_scale_lengthscale_only,2026-03-31,IJR,0.002179760821406977,0.09942684130728341,-0.004752727829176368,0.053338956897888055,0.09724708048587644,-0.006932488650583345
positive_beta_prior__global_scale_lengthscale_only,2026-03-31,IWM,0.0016424957460719702,0.11732924859591698,-0.004301954105723472,0.05470767566779962,0.115686752849845,-0.005944449851795442
positive_beta_prior__global_scale_lengthscale_only,2026-03-31,VNQ,0.0011658850817494312,0.08261211567781301,0.0003721585213571527,0.05200743574096422,0.08144623059606358,-0.0007937265603922785
positive_beta_prior__global_scale_lengthscale_only,2026-03-31,VNQI,-0.0020710452009618054,0.05920759938488018,0.0005589574824522775,0.05033735776588557,0.061278644585841986,0.002630002683414083
positive_beta_prior__global_scale_lengthscale_only,2026-03-31,VEA,0.005177784513977376,0.07028850576993428,0.006709913528034139,0.04702816507042286,0.0651107212559569,0.0015321290140567628
positive_beta_prior__global_scale_lengthscale_only,2026-03-31,VWO,0.0012116732178334255,0.08686516780484332,0.0027249586143928313,0.04339583002754466,0.0856534945870099,0.0015132853965594058
positive_beta_prior__global_scale_lengthscale_only,2026-03-31,VSS,0.002778422954440631,0.08096490152679459,0.003915534535098051,0.04703169344868283,0.07818647857235396,0.0011371115806574198
positive_beta_prior__global_scale_lengthscale_only,2026-03-31,BND,-0.0025014757224939696,-0.001644084190784434,-0.0005835482977346507,0.016234115704945318,0.0008573915317095357,0.001917927424759319
positive_beta_prior__global_scale_lengthscale_only,2026-03-31,IEF,-0.003247294931784937,-0.004636900424381141,-0.001571944341196037,0.01911961584002759,-0.0013896054925962038,0.0016753505905889
positive_beta_prior__global_scale_lengthscale_only,2026-03-31,BNDX,-0.002646443731836125,-0.0008092670395931645,-0.0009631216783646049,0.013855860492694794,0.0018371766922429607,0.0016833220534715203
positive_beta_prior__global_scale_lengthscale_only,2026-03-31,LQD,-0.0023619453769708884,-0.0003280238707080718,-0.0007094120013685303,0.024876362251451328,0.0020339215062628166,0.0016525333756023581
positive_beta_prior__global_scale_lengthscale_only,2026-03-31,HYG,0.00029900129035207075,0.012020620280474459,0.0011400416378402288,0.02116472269115311,0.011721618990122388,0.0008410403474881581
positive_beta_prior__global_scale_lengthscale_only,2026-03-31,EWX,0.003010410846269823,0.10571433591391832,0.0036281525335532024,0.0370120068915082,0.1027039250676485,0.0006177416872833793
positive_beta_prior__global_scale_lengthscale_only,2026-03-31,VWOB,-0.0007370101364086482,0.020791542317250666,-0.0010719495726751304,0.028432336602176672,0.021528552453659314,-0.00033493943626648217
positive_beta_prior__global_scale_lengthscale_only,2026-03-31,HYEM,-0.0004116941493046774,0.022278894658412263,-0.0010356810625182496,0.02585326756304543,0.02269058880771694,-0.0006239869132135722
positive_beta_prior__global_scale_neither,2026-03-31,SPY,0.00743841049511441,0.10158469057343722,-0.006764366797613923,0.044778002470368714,0.0941462800783228,-0.014202777292728333
positive_beta_prior__global_scale_neither,2026-03-31,MGK,0.008717209841200446,0.13945658747726553,-0.006874619235464801,0.06010635087350911,0.13073937763606508,-0.015591829076665247
positive_beta_prior__global_scale_neither,2026-03-31,VTV,0.006555069028038389,0.0506170669983208,-0.010356869861452636,0.04193769867712251,0.044061997970282415,-0.016911938889491024
positive_beta_prior__global_scale_neither,2026-03-31,IJR,0.002179760821406977,0.09942684130728341,-0.01669070923449948,0.05692257795061335,0.09724708048587644,-0.018870470055906457
positive_beta_prior__global_scale_neither,2026-03-31,IWM,0.0016424957460719702,0.11732924859591698,-0.017516444866323578,0.05822562845524504,0.115686752849845,-0.019158940612395547
positive_beta_prior__global_scale_neither,2026-03-31,VNQ,0.0011658850817494312,0.08261211567781301,-0.007477260081072637,0.05544110334098059,0.08144623059606358,-0.008643145162822068
positive_beta_prior__global_scale_neither,2026-03-31,VNQI,-0.0020710452009618054,0.05920759938488018,-0.025228629675351215,0.04715285599985753,0.061278644585841986,-0.023157584474389408
positive_beta_prior__global_scale_neither,2026-03-31,VEA,0.005177784513977376,0.07028850576993428,-0.012517632515517678,0.04647360056439352,0.0651107212559569,-0.017695417029495054
positive_beta_prior__global_scale_neither,2026-03-31,VWO,0.0012116732178334255,0.08686516780484332,-0.01571516081864679,0.043018939987358756,0.0856534945870099,-0.016926834036480216
positive_beta_prior__global_scale_neither,2026-03-31,VSS,0.002778422954440631,0.08096490152679459,-0.015448558382769572,0.04657851791996749,0.07818647857235396,-0.018226981337210204
positive_beta_prior__global_scale_neither,2026-03-31,BND,-0.0025014757224939696,-0.001644084190784434,-0.0045846960941452845,0.016647502641223038,0.0008573915317095357,-0.002083220371651315
positive_beta_prior__global_scale_neither,2026-03-31,IEF,-0.003247294931784937,-0.004636900424381141,-0.0043588167126786615,0.019403859853483005,-0.0013896054925962038,-0.0011115217808937245
positive_beta_prior__global_scale_neither,2026-03-31,BNDX,-0.002646443731836125,-0.0008092670395931645,-0.005103053207121468,0.014676837428680324,0.0018371766922429607,-0.002456609475285343
positive_beta_prior__global_scale_neither,2026-03-31,LQD,-0.0023619453769708884,-0.0003280238707080718,-0.007405037386099133,0.025875472600247935,0.0020339215062628166,-0.005043092009128245
positive_beta_prior__global_scale_neither,2026-03-31,HYG,0.00029900129035207075,0.012020620280474459,-0.0036121469364011225,0.0221746476397573,0.011721618990122388,-0.003911148226753193
positive_beta_prior__global_scale_neither,2026-03-31,EWX,0.003010410846269823,0.10571433591391832,-0.011302691668836998,0.03793346943342801,0.1027039250676485,-0.014313102515106821
positive_beta_prior__global_scale_neither,2026-03-31,VWOB,-0.0007370101364086482,0.020791542317250666,-0.010671394519078045,0.028302402116865646,0.021528552453659314,-0.009934384382669397
positive_beta_prior__global_scale_neither,2026-03-31,HYEM,-0.0004116941493046774,0.022278894658412263,-0.010059652088112716,0.025016444268393494,0.02269058880771694,-0.009647957938808039
positive_beta_prior__component_scales_lengthscale_only,2026-04-30,SPY,0.008981792135742652,0.049483664963993146,0.0064568253306215365,0.04531110240381586,0.04050187282825049,-0.0025249668051211156
positive_beta_prior__component_scales_lengthscale_only,2026-04-30,MGK,0.010860478327037579,0.08330425574857636,0.009329439038067204,0.05985654465265196,0.07244377742153878,-0.001531039288970375
positive_beta_prior__component_scales_lengthscale_only,2026-04-30,VTV,0.0072773968636167885,0.021460679046998887,0.004671950924664723,0.03938270061760169,0.0141832821833821,-0.002605445938952066
positive_beta_prior__component_scales_lengthscale_only,2026-04-30,IJR,0.0037739752556016724,0.008359592272450422,-0.0027400150562020605,0.056603429869893605,0.00458561701684875,-0.006513990311803733
positive_beta_prior__component_scales_lengthscale_only,2026-04-30,IWM,0.0035389998911513967,0.04170616807391436,-0.0010531767534339457,0.057553531807555985,0.038167168182762966,-0.0045921766445853425
positive_beta_prior__component_scales_lengthscale_only,2026-04-30,VNQ,0.002501069189881621,-0.009505527770350963,0.0009751894991337216,0.05452273033389826,-0.012006596960232584,-0.0015258796907478996
positive_beta_prior__component_scales_lengthscale_only,2026-04-30,VNQI,-0.0010664772569316092,-0.02873894096208207,-0.00523879213034255,0.04657386627159531,-0.027672463705150464,-0.004172314873410941
positive_beta_prior__component_scales_lengthscale_only,2026-04-30,VEA,0.006245173387025849,0.04005467192775236,0.0026703138186829557,0.04561499972955694,0.03380949854072651,-0.0035748595683428937
positive_beta_prior__component_scales_lengthscale_only,2026-04-30,VWO,0.002615828866800801,0.013087733301134774,0.00016075084482707665,0.04074341696926038,0.010471904434333972,-0.0024550780219737244
positive_beta_prior__component_scales_lengthscale_only,2026-04-30,VSS,0.00406016850480709,0.0153673341636833,1.033610548699642e-05,0.04569068632250944,0.01130716565887621,-0.004049832399320093
positive_beta_prior__component_scales_lengthscale_only,2026-04-30,BND,-0.0024874201236134855,-0.00023588979226363271,-0.0026914300340679267,0.01583553805972489,0.002251530331349853,-0.00020400991045444123
positive_beta_prior__component_scales_lengthscale_only,2026-04-30,IEF,-0.00327007534969635,-0.0031745273257528517,-0.0036128579757118673,0.018780925432661008,9.554802394349821e-05,-0.00034278262601551744
positive_beta_prior__component_scales_lengthscale_only,2026-04-30,BNDX,-0.002616326081143618,0.005188840393763217,-0.0034473405967082936,0.013486895249540715,0.007805166474906835,-0.0008310145155646757
positive_beta_prior__component_scales_lengthscale_only,2026-04-30,LQD,-0.002328602401458383,0.005612799118414058,-0.0030629463003956216,0.024313432207153353,0.007941401519872441,-0.0007343438989372386
positive_beta_prior__component_scales_lengthscale_only,2026-04-30,HYG,0.0004911589787147328,0.0013666068307942592,-0.0009646634119831443,0.020051122871443738,0.0008754478520795263,-0.001455822390697877
positive_beta_prior__component_scales_lengthscale_only,2026-04-30,EWX,0.004694081749018159,0.01835836502980981,0.003073948129678459,0.03779364722800982,0.01366428328079165,-0.0016201336193397003
positive_beta_prior__component_scales_lengthscale_only,2026-04-30,VWOB,-0.0003840830470043972,0.006564291011867507,-0.0018570197653906655,0.02729637348327518,0.006948374058871904,-0.0014729367183862682
positive_beta_prior__component_scales_lengthscale_only,2026-04-30,HYEM,-3.971728360439966e-05,0.00658729224447252,-0.000749658389746671,0.023609702743331604,0.0066270095280769195,-0.0007099411061422714
positive_beta_prior__component_scales_neither,2026-04-30,SPY,0.008981792135742652,0.049483664963993146,0.005060506982365898,0.04458611581929745,0.04050187282825049,-0.003921285153376754
positive_beta_prior__component_scales_neither,2026-04-30,MGK,0.010860478327037579,0.08330425574857636,0.008355986081125198,0.057952784487994936,0.07244377742153878,-0.0025044922459123813
positive_beta_prior__component_scales_neither,2026-04-30,VTV,0.0072773968636167885,0.021460679046998887,0.004162166677341403,0.041468082393216844,0.0141832821833821,-0.003115230186275386
positive_beta_prior__component_scales_neither,2026-04-30,IJR,0.0037739752556016724,0.008359592272450422,-0.004804249509623682,0.058157236873659854,0.00458561701684875,-0.008578224765225354
positive_beta_prior__component_scales_neither,2026-04-30,IWM,0.0035389998911513967,0.04170616807391436,-0.004419242265105424,0.05933425742930755,0.038167168182762966,-0.00795824215625682
positive_beta_prior__component_scales_neither,2026-04-30,VNQ,0.002501069189881621,-0.009505527770350963,0.000339425737674703,0.05602684014540445,-0.012006596960232584,-0.002161643452206918
positive_beta_prior__component_scales_neither,2026-04-30,VNQI,-0.0010664772569316092,-0.02873894096208207,-0.007147720580183052,0.051177210192733705,-0.027672463705150464,-0.006081243323251443
positive_beta_prior__component_scales_neither,2026-04-30,VEA,0.006245173387025849,0.04005467192775236,0.0019778126282875034,0.04855436815517257,0.03380949854072651,-0.004267360758738346
positive_beta_prior__component_scales_neither,2026-04-30,VWO,0.002615828866800801,0.013087733301134774,-0.0005895353848908449,0.04461275160134189,0.010471904434333972,-0.003205364251691646
positive_beta_prior__component_scales_neither,2026-04-30,VSS,0.00406016850480709,0.0153673341636833,-0.0019306578481173547,0.04901331786948051,0.01130716565887621,-0.005990826352924444
positive_beta_prior__component_scales_neither,2026-04-30,BND,-0.0024874201236134855,-0.00023588979226363271,-0.0024539378974919074,0.016159225571934437,0.002251530331349853,3.34822261215781e-05
positive_beta_prior__component_scales_neither,2026-04-30,IEF,-0.00327007534969635,-0.0031745273257528517,-0.0030300176414852164,0.01916306471549865,9.554802394349821e-05,0.00024005770821113352
positive_beta_prior__component_scales_neither,2026-04-30,BNDX,-0.002616326081143618,0.005188840393763217,-0.0041787993180630685,0.013607450221606917,0.007805166474906835,-0.0015624732369194506
positive_beta_prior__component_scales_neither,2026-04-30,LQD,-0.002328602401458383,0.005612799118414058,-0.002936246600649746,0.024971100637772314,0.007941401519872441,-0.0006076441991913631
positive_beta_prior__component_scales_neither,2026-04-30,HYG,0.0004911589787147328,0.0013666068307942592,-0.0010415785839578643,0.02103795823778677,0.0008754478520795263,-0.001532737562672597
positive_beta_prior__component_scales_neither,2026-04-30,EWX,0.004694081749018159,0.01835836502980981,0.0011151966112950525,0.041225870249815506,0.01366428328079165,-0.0035788851377231068
positive_beta_prior__component_scales_neither,2026-04-30,VWOB,-0.0003840830470043972,0.006564291011867507,-0.001009438792688245,0.028477399174079276,0.006948374058871904,-0.0006253557456838478
positive_beta_prior__component_scales_neither,2026-04-30,HYEM,-3.971728360439966e-05,0.00658729224447252,-0.00035956748998286275,0.026669610135112078,0.0066270095280769195,-0.0003198502063784631
positive_beta_prior__no_component_scales_lengthscale_only,2026-04-30,SPY,0.008981792135742652,0.049483664963993146,-0.01770711486925038,0.13038463759434982,0.04050187282825049,-0.02668890700499303
positive_beta_prior__no_component_scales_lengthscale_only,2026-04-30,MGK,0.010860478327037579,0.08330425574857636,-0.011843332294442155,0.09496958727934106,0.07244377742153878,-0.022703810621479734
positive_beta_prior__no_component_scales_lengthscale_only,2026-04-30,VTV,0.0072773968636167885,0.021460679046998887,0.00272955646952108,0.03713328053287461,0.0141832821833821,-0.004547840394095708
positive_beta_prior__no_component_scales_lengthscale_only,2026-04-30,IJR,0.0037739752556016724,0.008359592272450422,-0.015229860348632855,0.054293675439318505,0.00458561701684875,-0.019003835604234527
positive_beta_prior__no_component_scales_lengthscale_only,2026-04-30,IWM,0.0035389998911513967,0.04170616807391436,-0.01904702937187854,0.05997503952078435,0.038167168182762966,-0.022586029263029935
positive_beta_prior__no_component_scales_lengthscale_only,2026-04-30,VNQ,0.002501069189881621,-0.009505527770350963,-0.0001174739720885159,0.05341834284686339,-0.012006596960232584,-0.002618543161970137
positive_beta_prior__no_component_scales_lengthscale_only,2026-04-30,VNQI,-0.0010664772569316092,-0.02873894096208207,-0.006825245735360299,0.04475344353281024,-0.027672463705150464,-0.00575876847842869
positive_beta_prior__no_component_scales_lengthscale_only,2026-04-30,VEA,0.006245173387025849,0.04005467192775236,-0.002028394948386335,0.04075815813283179,0.03380949854072651,-0.008273568335412184
positive_beta_prior__no_component_scales_lengthscale_only,2026-04-30,VWO,0.002615828866800801,0.013087733301134774,-0.008306580244181554,0.05191181984358379,0.010471904434333972,-0.010922409110982356
positive_beta_prior__no_component_scales_lengthscale_only,2026-04-30,VSS,0.00406016850480709,0.0153673341636833,-0.008623070743880764,0.0435137648231865,0.01130716565887621,-0.012683239248687854
positive_beta_prior__no_component_scales_lengthscale_only,2026-04-30,BND,-0.0024874201236134855,-0.00023588979226363271,-0.002251055072507243,0.015910137554637476,0.002251530331349853,0.0002363650511062426
positive_beta_prior__no_component_scales_lengthscale_only,2026-04-30,IEF,-0.00327007534969635,-0.0031745273257528517,-0.0027278022193124784,0.0182067300570812,9.554802394349821e-05,0.0005422731303838715
positive_beta_prior__no_component_scales_lengthscale_only,2026-04-30,BNDX,-0.002616326081143618,0.005188840393763217,-0.0037271363433622282,0.013470770700372775,0.007805166474906835,-0.0011108102622186104
positive_beta_prior__no_component_scales_lengthscale_only,2026-04-30,LQD,-0.002328602401458383,0.005612799118414058,-0.0038351569746164476,0.02555212273507749,0.007941401519872441,-0.0015065545731580646
positive_beta_prior__no_component_scales_lengthscale_only,2026-04-30,HYG,0.0004911589787147328,0.0013666068307942592,-0.002875797918537038,0.020136323944362898,0.0008754478520795263,-0.0033669568972517707
positive_beta_prior__no_component_scales_lengthscale_only,2026-04-30,EWX,0.004694081749018159,0.01835836502980981,-0.005619288279448992,0.051947716039269946,0.01366428328079165,-0.010313370028467151
positive_beta_prior__no_component_scales_lengthscale_only,2026-04-30,VWOB,-0.0003840830470043972,0.006564291011867507,-0.00507021292101651,0.029031097107637027,0.006948374058871904,-0.0046861298740121125
positive_beta_prior__no_component_scales_lengthscale_only,2026-04-30,HYEM,-3.971728360439966e-05,0.00658729224447252,-0.00285283470549934,0.029513947150434428,0.0066270095280769195,-0.0028131174218949404
positive_beta_prior__no_component_scales_neither,2026-04-30,SPY,0.008981792135742652,0.049483664963993146,0.00867489376380935,0.1282736092152934,0.04050187282825049,-0.00030689837193330176
positive_beta_prior__no_component_scales_neither,2026-04-30,MGK,0.010860478327037579,0.08330425574857636,0.010091532772368208,0.0953543942410914,0.07244377742153878,-0.0007689455546693712
positive_beta_prior__no_component_scales_neither,2026-04-30,VTV,0.0072773968636167885,0.021460679046998887,0.008445856399418273,0.04225946937663061,0.0141832821833821,0.001168459535801484
positive_beta_prior__no_component_scales_neither,2026-04-30,IJR,0.0037739752556016724,0.008359592272450422,-0.004563999787688046,0.06527015882642419,0.00458561701684875,-0.008337975043289718
positive_beta_prior__no_component_scales_neither,2026-04-30,IWM,0.0035389998911513967,0.04170616807391436,-0.007236297297739558,0.07037865102521236,0.038167168182762966,-0.010775297188890955
positive_beta_prior__no_component_scales_neither,2026-04-30,VNQ,0.002501069189881621,-0.009505527770350963,0.006603737968406598,0.06112442879300127,-0.012006596960232584,0.004102668778524977
positive_beta_prior__no_component_scales_neither,2026-04-30,VNQI,-0.0010664772569316092,-0.02873894096208207,-0.0032041633097189106,0.04808956643619869,-0.027672463705150464,-0.002137686052787301
positive_beta_prior__no_component_scales_neither,2026-04-30,VEA,0.006245173387025849,0.04005467192775236,0.0012981630354520863,0.0449861635826139,0.03380949854072651,-0.004947010351573763
positive_beta_prior__no_component_scales_neither,2026-04-30,VWO,0.002615828866800801,0.013087733301134774,0.0019696440434837565,0.05052650916642167,0.010471904434333972,-0.0006461848233170445
positive_beta_prior__no_component_scales_neither,2026-04-30,VSS,0.00406016850480709,0.0153673341636833,-0.0040781317031647335,0.047099004588636625,0.01130716565887621,-0.008138300207971823
positive_beta_prior__no_component_scales_neither,2026-04-30,BND,-0.0024874201236134855,-0.00023588979226363271,-0.0011784803648850599,0.015975875966366015,0.002251530331349853,0.0013089397587284256
positive_beta_prior__no_component_scales_neither,2026-04-30,IEF,-0.00327007534969635,-0.0031745273257528517,-0.001957214896676388,0.019268736761611234,9.554802394349821e-05,0.0013128604530199617
positive_beta_prior__no_component_scales_neither,2026-04-30,BNDX,-0.002616326081143618,0.005188840393763217,-0.0030080402820332054,0.015279636006226997,0.007805166474906835,-0.00039171420088958755
positive_beta_prior__no_component_scales_neither,2026-04-30,LQD,-0.002328602401458383,0.005612799118414058,-0.0013907988314175073,0.02566986746295792,0.007941401519872441,0.0009378035700408757
positive_beta_prior__no_component_scales_neither,2026-04-30,HYG,0.0004911589787147328,0.0013666068307942592,-0.0006316461603284909,0.021587931039357612,0.0008754478520795263,-0.0011228051390432237
positive_beta_prior__no_component_scales_neither,2026-04-30,EWX,0.004694081749018159,0.01835836502980981,0.004276745309231264,0.05094583641960388,0.01366428328079165,-0.0004173364397868952
positive_beta_prior__no_component_scales_neither,2026-04-30,VWOB,-0.0003840830470043972,0.006564291011867507,-0.0008863425286976501,0.029430095348809353,0.006948374058871904,-0.0005022594816932529
positive_beta_prior__no_component_scales_neither,2026-04-30,HYEM,-3.971728360439966e-05,0.00658729224447252,0.0023907564040341884,0.027494446706460566,0.0066270095280769195,0.0024304736876385883
positive_beta_prior__global_scale_lengthscale_only,2026-04-30,SPY,0.008981792135742652,0.049483664963993146,0.005201596922856242,0.058191831794966294,0.04050187282825049,-0.00378019521288641
positive_beta_prior__global_scale_lengthscale_only,2026-04-30,MGK,0.010860478327037579,0.08330425574857636,0.007077257268182857,0.07756556942396943,0.07244377742153878,-0.003783221058854722
positive_beta_prior__global_scale_lengthscale_only,2026-04-30,VTV,0.0072773968636167885,0.021460679046998887,0.004351701398091103,0.052762736939111356,0.0141832821833821,-0.0029256954655256856
positive_beta_prior__global_scale_lengthscale_only,2026-04-30,IJR,0.0037739752556016724,0.008359592272450422,-0.0045950783309468505,0.07122167395393889,0.00458561701684875,-0.008369053586548523
positive_beta_prior__global_scale_lengthscale_only,2026-04-30,IWM,0.0035389998911513967,0.04170616807391436,-0.004727268272455169,0.07355545321658588,0.038167168182762966,-0.008266268163606566
positive_beta_prior__global_scale_lengthscale_only,2026-04-30,VNQ,0.002501069189881621,-0.009505527770350963,-0.00038991710596333407,0.07020444469617149,-0.012006596960232584,-0.002890986295844955
positive_beta_prior__global_scale_lengthscale_only,2026-04-30,VNQI,-0.0010664772569316092,-0.02873894096208207,-0.006043711751736531,0.06337315696276645,-0.027672463705150464,-0.0049772344948049215
positive_beta_prior__global_scale_lengthscale_only,2026-04-30,VEA,0.006245173387025849,0.04005467192775236,0.0010339439508472038,0.06159214661497088,0.03380949854072651,-0.005211229436178646
positive_beta_prior__global_scale_lengthscale_only,2026-04-30,VWO,0.002615828866800801,0.013087733301134774,-0.0020222370039278134,0.056614089699170596,0.010471904434333972,-0.0046380658707286145
positive_beta_prior__global_scale_lengthscale_only,2026-04-30,VSS,0.00406016850480709,0.0153673341636833,-0.0027246756535930904,0.06182020539238297,0.01130716565887621,-0.00678484415840018
positive_beta_prior__global_scale_lengthscale_only,2026-04-30,BND,-0.0024874201236134855,-0.00023588979226363271,-0.00197411730502391,0.021202817075041652,0.002251530331349853,0.0005133028185895757
positive_beta_prior__global_scale_lengthscale_only,2026-04-30,IEF,-0.00327007534969635,-0.0031745273257528517,-0.002579053879968281,0.025082873439542647,9.554802394349821e-05,0.0006910214697280689
positive_beta_prior__global_scale_lengthscale_only,2026-04-30,BNDX,-0.002616326081143618,0.005188840393763217,-0.0028077539000913665,0.01793112935325067,0.007805166474906835,-0.00019142781894774868
positive_beta_prior__global_scale_lengthscale_only,2026-04-30,LQD,-0.002328602401458383,0.005612799118414058,-0.0027528877784393476,0.03292763668374036,0.007941401519872441,-0.0004242853769809646
positive_beta_prior__global_scale_lengthscale_only,2026-04-30,HYG,0.0004911589787147328,0.0013666068307942592,-0.0005007225880463451,0.027963190202281784,0.0008754478520795263,-0.000991881566761078
positive_beta_prior__global_scale_lengthscale_only,2026-04-30,EWX,0.004694081749018159,0.01835836502980981,0.002850291903316555,0.05113447492496147,0.01366428328079165,-0.0018437898457016044
positive_beta_prior__global_scale_lengthscale_only,2026-04-30,VWOB,-0.0003840830470043972,0.006564291011867507,-0.001044065299461077,0.0369816178837951,0.006948374058871904,-0.0006599822524566798
positive_beta_prior__global_scale_lengthscale_only,2026-04-30,HYEM,-3.971728360439966e-05,0.00658729224447252,-0.0006353167564759638,0.033910712518476986,0.0066270095280769195,-0.0005955994728715642
positive_beta_prior__global_scale_neither,2026-04-30,SPY,0.008981792135742652,0.049483664963993146,0.025010637643904526,0.05670006676729239,0.04050187282825049,0.016028845508161874
positive_beta_prior__global_scale_neither,2026-04-30,MGK,0.010860478327037579,0.08330425574857636,0.039742114807177265,0.07430609783679999,0.07244377742153878,0.028881636480139687
positive_beta_prior__global_scale_neither,2026-04-30,VTV,0.0072773968636167885,0.021460679046998887,0.013404115025366533,0.05450015500656743,0.0141832821833821,0.006126718161749744
positive_beta_prior__global_scale_neither,2026-04-30,IJR,0.0037739752556016724,0.008359592272450422,0.012322471885288983,0.07618812682871876,0.00458561701684875,0.00854849662968731
positive_beta_prior__global_scale_neither,2026-04-30,IWM,0.0035389998911513967,0.04170616807391436,0.01784343532151529,0.07830590919412776,0.038167168182762966,0.014304435430363895
positive_beta_prior__global_scale_neither,2026-04-30,VNQ,0.002501069189881621,-0.009505527770350963,0.015568997036705334,0.07000586130879347,-0.012006596960232584,0.013067927846823714
positive_beta_prior__global_scale_neither,2026-04-30,VNQI,-0.0010664772569316092,-0.02873894096208207,0.005753440075827978,0.06190819263128753,-0.027672463705150464,0.006819917332759587
positive_beta_prior__global_scale_neither,2026-04-30,VEA,0.006245173387025849,0.04005467192775236,0.014658717333464452,0.05943600357699523,0.03380949854072651,0.008413543946438604
positive_beta_prior__global_scale_neither,2026-04-30,VWO,0.002615828866800801,0.013087733301134774,0.01847028284152558,0.05793827228025837,0.010471904434333972,0.015854453974724778
positive_beta_prior__global_scale_neither,2026-04-30,VSS,0.00406016850480709,0.0153673341636833,0.015232754044176334,0.06006011292386937,0.01130716565887621,0.011172585539369244
positive_beta_prior__global_scale_neither,2026-04-30,BND,-0.0024874201236134855,-0.00023588979226363271,-0.0022458647512078682,0.021129716755617207,0.002251530331349853,0.00024155537240561726
positive_beta_prior__global_scale_neither,2026-04-30,IEF,-0.00327007534969635,-0.0031745273257528517,-0.0047323440430167155,0.02495271076804494,9.554802394349821e-05,-0.0014622686933203656
positive_beta_prior__global_scale_neither,2026-04-30,BNDX,-0.002616326081143618,0.005188840393763217,-0.0029665021703281134,0.018402825798082927,0.007805166474906835,-0.0003501760891844955
positive_beta_prior__global_scale_neither,2026-04-30,LQD,-0.002328602401458383,0.005612799118414058,-5.9304898092723494e-05,0.032357912272237555,0.007941401519872441,0.0022692975033656595
positive_beta_prior__global_scale_neither,2026-04-30,HYG,0.0004911589787147328,0.0013666068307942592,0.0042339425861066746,0.028332524041761318,0.0008754478520795263,0.003742783607391942
positive_beta_prior__global_scale_neither,2026-04-30,EWX,0.004694081749018159,0.01835836502980981,0.026575613331298924,0.05104734628168296,0.01366428328079165,0.021881531582280764
positive_beta_prior__global_scale_neither,2026-04-30,VWOB,-0.0003840830470043972,0.006564291011867507,0.005245949130418725,0.036229973565403376,0.006948374058871904,0.005630032177423122
positive_beta_prior__global_scale_neither,2026-04-30,HYEM,-3.971728360439966e-05,0.00658729224447252,0.006510230772654571,0.03438500915313845,0.0066270095280769195,0.0065499480562589705
