variant,date,asset_id,train_mean,y_true,y_pred,y_std,y_true_resid,y_pred_resid
historical_mean,2025-05-30,SPY,0.007317202496114117,0.04769511906164903,0.007317202496114117,0.04660963933841646,0.04037791656553491,0.0
historical_mean,2025-05-30,MGK,0.009610770673104944,0.06034673392230827,0.009610770673104944,0.060851759297646975,0.05073596324920333,0.0
historical_mean,2025-05-30,VTV,0.005312478651329571,0.0332330912657377,0.005312478651329571,0.042171564323948404,0.027920612614408133,0.0
historical_mean,2025-05-30,IJR,-0.00041575730887501996,0.03734736300075814,-0.00041575730887501996,0.059575209762081326,0.03776312030963316,0.0
historical_mean,2025-05-30,IWM,-0.0015216367751140637,0.05147995646827952,-0.0015216367751140637,0.060765746839857096,0.05300159324339358,0.0
historical_mean,2025-05-30,VNQ,0.0013147227365438608,0.0033500785292834845,0.0013147227365438608,0.05871827671593424,0.002035355792739624,0.0
historical_mean,2025-05-30,VNQI,-0.003141402592921254,0.04115888912622401,-0.003141402592921254,0.04894271164589664,0.04430029171914526,0.0
historical_mean,2025-05-30,VEA,0.003213867729195683,0.030256851306093457,0.003213867729195683,0.04620801201923399,0.027042983576897776,0.0
historical_mean,2025-05-30,VWO,-0.0013812432635037686,0.05168209224062714,-0.0013812432635037686,0.04203746163569985,0.053063335504130914,0.0
historical_mean,2025-05-30,VSS,0.00044890942076046157,0.054769444558085745,0.00044890942076046157,0.046586508315900846,0.054320535137325286,0.0
historical_mean,2025-05-30,BND,-0.003237055002469442,0.011602274676301816,-0.003237055002469442,0.019300660111938473,0.014839329678771258,0.0
historical_mean,2025-05-30,IEF,-0.0040674968930327,0.012452491537882304,-0.0040674968930327,0.022985665875243404,0.016519988430915004,0.0
historical_mean,2025-05-30,BNDX,-0.0027348125869511297,-0.0001381150801093023,-0.0027348125869511297,0.015916552039829984,0.0025966975068418274,0.0
historical_mean,2025-05-30,LQD,-0.003152480733546488,0.01724059290590274,-0.003152480733546488,0.029857848780693245,0.020393073639449227,0.0
historical_mean,2025-05-30,HYG,5.2760762575032596e-05,0.014810137654057698,5.2760762575032596e-05,0.023523287034608546,0.014757376891482665,0.0
historical_mean,2025-05-30,EWX,0.0014349156952656505,0.05043478917948763,0.0014349156952656505,0.03668383644608861,0.048999873484221974,0.0
historical_mean,2025-05-30,VWOB,-0.001725584997727383,0.021275025282161186,-0.001725584997727383,0.03034204982138476,0.02300061027988857,0.0
historical_mean,2025-05-30,HYEM,-0.0011012187111369331,0.014454903619178339,-0.0011012187111369331,0.026317882165175485,0.015556122330315272,0.0
positive_no_prior_both,2025-05-30,SPY,0.007317202496114117,0.04769511906164903,0.007786740036916181,0.047745995476453654,0.04037791656553491,0.0004695375408020645
positive_no_prior_both,2025-05-30,MGK,0.009610770673104944,0.06034673392230827,0.009482252617258519,0.06314216828317809,0.05073596324920333,-0.00012851805584642578
positive_no_prior_both,2025-05-30,VTV,0.005312478651329571,0.0332330912657377,0.006113384714884365,0.04639462398850986,0.027920612614408133,0.0008009060635547939
positive_no_prior_both,2025-05-30,IJR,-0.00041575730887501996,0.03734736300075814,0.001726164526802445,0.06764760011379284,0.03776312030963316,0.002141921835677465
positive_no_prior_both,2025-05-30,IWM,-0.0015216367751140637,0.05147995646827952,0.0001723216611631516,0.06869722312588951,0.05300159324339358,0.0016939584362772153
positive_no_prior_both,2025-05-30,VNQ,0.0013147227365438608,0.0033500785292834845,0.00021026203632805158,0.061939348512860704,0.002035355792739624,-0.0011044607002158092
positive_no_prior_both,2025-05-30,VNQI,-0.003141402592921254,0.04115888912622401,-0.0021642626702060228,0.05142767308611661,0.04430029171914526,0.0009771399227152312
positive_no_prior_both,2025-05-30,VEA,0.003213867729195683,0.030256851306093457,0.004794816228719844,0.05087705477106607,0.027042983576897776,0.0015809484995241607
positive_no_prior_both,2025-05-30,VWO,-0.0013812432635037686,0.05168209224062714,0.00048236598059299245,0.04647787393366938,0.053063335504130914,0.001863609244096761
positive_no_prior_both,2025-05-30,VSS,0.00044890942076046157,0.054769444558085745,0.0014742444124553594,0.0497460754516517,0.054320535137325286,0.0010253349916948978
positive_no_prior_both,2025-05-30,BND,-0.003237055002469442,0.011602274676301816,-0.0032157523035732587,0.018785208960657662,0.014839329678771258,2.13026988961835e-05
positive_no_prior_both,2025-05-30,IEF,-0.0040674968930327,0.012452491537882304,-0.0039362809416064095,0.023514901106041982,0.016519988430915004,0.00013121595142629068
positive_no_prior_both,2025-05-30,BNDX,-0.0027348125869511297,-0.0001381150801093023,-0.0022403846626057777,0.016401783262929348,0.0025966975068418274,0.000494427924345352
positive_no_prior_both,2025-05-30,LQD,-0.003152480733546488,0.01724059290590274,-0.0026862010189073046,0.02944849645851624,0.020393073639449227,0.00046627971463918333
positive_no_prior_both,2025-05-30,HYG,5.2760762575032596e-05,0.014810137654057698,0.0005013927541491746,0.02579226971539368,0.014757376891482665,0.000448631991574142
positive_no_prior_both,2025-05-30,EWX,0.0014349156952656505,0.05043478917948763,0.0024456312838291075,0.03958541578155944,0.048999873484221974,0.001010715588563457
positive_no_prior_both,2025-05-30,VWOB,-0.001725584997727383,0.021275025282161186,-0.0009515985365002312,0.030681923231850317,0.02300061027988857,0.0007739864612271518
positive_no_prior_both,2025-05-30,HYEM,-0.0011012187111369331,0.014454903619178339,-0.0008422603807553271,0.029588493087499734,0.015556122330315272,0.0002589583303816061
positive_no_prior_outputscale_only,2025-05-30,SPY,0.007317202496114117,0.04769511906164903,0.019257055691531678,0.046277234385123704,0.04037791656553491,0.011939853195417561
positive_no_prior_outputscale_only,2025-05-30,MGK,0.009610770673104944,0.06034673392230827,0.025624382462284226,0.06094810172275536,0.05073596324920333,0.01601361178917928
positive_no_prior_outputscale_only,2025-05-30,VTV,0.005312478651329571,0.0332330912657377,0.014287546614106403,0.04406034372271298,0.027920612614408133,0.008975067962776832
positive_no_prior_outputscale_only,2025-05-30,IJR,-0.00041575730887501996,0.03734736300075814,0.010081299612011737,0.06463300331790872,0.03776312030963316,0.010497056920886757
positive_no_prior_outputscale_only,2025-05-30,IWM,-0.0015216367751140637,0.05147995646827952,0.008774645235736536,0.06445001261036946,0.05300159324339358,0.010296282010850599
positive_no_prior_outputscale_only,2025-05-30,VNQ,0.0013147227365438608,0.0033500785292834845,0.007990520563133895,0.06006650841667332,0.002035355792739624,0.006675797826590034
positive_no_prior_outputscale_only,2025-05-30,VNQI,-0.003141402592921254,0.04115888912622401,0.0019970445457553336,0.04828590191318759,0.04430029171914526,0.0051384471386765876
positive_no_prior_outputscale_only,2025-05-30,VEA,0.003213867729195683,0.030256851306093457,0.013549213755637382,0.048497539549449395,0.027042983576897776,0.010335346026441698
positive_no_prior_outputscale_only,2025-05-30,VWO,-0.0013812432635037686,0.05168209224062714,0.009373576864374527,0.043116475097055074,0.053063335504130914,0.010754820127878295
positive_no_prior_outputscale_only,2025-05-30,VSS,0.00044890942076046157,0.054769444558085745,0.010614322833201321,0.047673322768358714,0.054320535137325286,0.010165413412440859
positive_no_prior_outputscale_only,2025-05-30,BND,-0.003237055002469442,0.011602274676301816,-0.002756052548993441,0.01862311769419815,0.014839329678771258,0.000481002453476001
positive_no_prior_outputscale_only,2025-05-30,IEF,-0.0040674968930327,0.012452491537882304,-0.004737678937848749,0.02230404742049313,0.016519988430915004,-0.0006701820448160485
positive_no_prior_outputscale_only,2025-05-30,BNDX,-0.0027348125869511297,-0.0001381150801093023,0.00048347110984195245,0.01583817031833868,0.0025966975068418274,0.003218283696793082
positive_no_prior_outputscale_only,2025-05-30,LQD,-0.003152480733546488,0.01724059290590274,0.0015674223243257565,0.028135148821268406,0.020393073639449227,0.0047199030578722444
positive_no_prior_outputscale_only,2025-05-30,HYG,5.2760762575032596e-05,0.014810137654057698,0.0038131558897862403,0.02440673963268538,0.014757376891482665,0.003760395127211208
positive_no_prior_outputscale_only,2025-05-30,EWX,0.0014349156952656505,0.05043478917948763,0.014765753181688148,0.03793593636363106,0.048999873484221974,0.013330837486422498
positive_no_prior_outputscale_only,2025-05-30,VWOB,-0.001725584997727383,0.021275025282161186,0.004609666054488953,0.03035536835853276,0.02300061027988857,0.006335251052216336
positive_no_prior_outputscale_only,2025-05-30,HYEM,-0.0011012187111369331,0.014454903619178339,0.00488921692873023,0.02742683055295143,0.015556122330315272,0.005990435639867163
positive_no_prior_lengthscale_only,2025-05-30,SPY,0.007317202496114117,0.04769511906164903,0.009843674451913288,0.047533748022955846,0.04037791656553491,0.0025264719557991713
positive_no_prior_lengthscale_only,2025-05-30,MGK,0.009610770673104944,0.06034673392230827,0.013808554534675305,0.05968263241226409,0.05073596324920333,0.00419778386157036
positive_no_prior_lengthscale_only,2025-05-30,VTV,0.005312478651329571,0.0332330912657377,0.006868149561727113,0.04566338148134399,0.027920612614408133,0.0015556709103975424
positive_no_prior_lengthscale_only,2025-05-30,IJR,-0.00041575730887501996,0.03734736300075814,0.004613152972377689,0.06911684333670222,0.03776312030963316,0.00502891028125271
positive_no_prior_lengthscale_only,2025-05-30,IWM,-0.0015216367751140637,0.05147995646827952,0.0035220219540542178,0.06898688826128424,0.05300159324339358,0.005043658729168282
positive_no_prior_lengthscale_only,2025-05-30,VNQ,0.0013147227365438608,0.0033500785292834845,0.002259447883785033,0.06213382261991503,0.002035355792739624,0.0009447251472411722
positive_no_prior_lengthscale_only,2025-05-30,VNQI,-0.003141402592921254,0.04115888912622401,-0.004593343205280085,0.049723539854205474,0.04430029171914526,-0.0014519406123588313
positive_no_prior_lengthscale_only,2025-05-30,VEA,0.003213867729195683,0.030256851306093457,0.0036614494955190644,0.04645613206012018,0.027042983576897776,0.00044758176632338133
positive_no_prior_lengthscale_only,2025-05-30,VWO,-0.0013812432635037686,0.05168209224062714,-0.0019301126675632468,0.04630892494708909,0.053063335504130914,-0.0005488694040594782
positive_no_prior_lengthscale_only,2025-05-30,VSS,0.00044890942076046157,0.054769444558085745,0.00031080257477777073,0.04712806245100531,0.054320535137325286,-0.00013810684598269084
positive_no_prior_lengthscale_only,2025-05-30,BND,-0.003237055002469442,0.011602274676301816,-0.0030946723924455055,0.017272032397585377,0.014839329678771258,0.00014238261002393667
positive_no_prior_lengthscale_only,2025-05-30,IEF,-0.0040674968930327,0.012452491537882304,-0.004336386862250734,0.020368511658695687,0.016519988430915004,-0.00026888996921803354
positive_no_prior_lengthscale_only,2025-05-30,BNDX,-0.0027348125869511297,-0.0001381150801093023,-0.0016101991332131385,0.014555160893295586,0.0025966975068418274,0.0011246134537379912
positive_no_prior_lengthscale_only,2025-05-30,LQD,-0.003152480733546488,0.01724059290590274,-0.0025990184215160615,0.026788927180411,0.020393073639449227,0.0005534623120304265
positive_no_prior_lengthscale_only,2025-05-30,HYG,5.2760762575032596e-05,0.014810137654057698,0.0011432268991303093,0.023149211587890114,0.014757376891482665,0.0010904661365552766
positive_no_prior_lengthscale_only,2025-05-30,EWX,0.0014349156952656505,0.05043478917948763,0.0028851097709604225,0.039270955435368356,0.048999873484221974,0.001450194075694772
positive_no_prior_lengthscale_only,2025-05-30,VWOB,-0.001725584997727383,0.021275025282161186,-0.000949577285102785,0.029785965052377992,0.02300061027988857,0.000776007712624598
positive_no_prior_lengthscale_only,2025-05-30,HYEM,-0.0011012187111369331,0.014454903619178339,-0.00014706359648402148,0.02840783865292068,0.015556122330315272,0.0009541551146529117
positive_no_prior_neither,2025-05-30,SPY,0.007317202496114117,0.04769511906164903,0.01702221738216983,0.047858008933288766,0.04037791656553491,0.009705014886055713
positive_no_prior_neither,2025-05-30,MGK,0.009610770673104944,0.06034673392230827,0.024197820246246296,0.059760956469506764,0.05073596324920333,0.014587049573141352
positive_no_prior_neither,2025-05-30,VTV,0.005312478651329571,0.0332330912657377,0.011137467199289097,0.045496208107744705,0.027920612614408133,0.005824988547959526
positive_no_prior_neither,2025-05-30,IJR,-0.00041575730887501996,0.03734736300075814,0.010386876106130427,0.06711189726167509,0.03776312030963316,0.010802633415005447
positive_no_prior_neither,2025-05-30,IWM,-0.0015216367751140637,0.05147995646827952,0.01006620135169137,0.06879442735903125,0.05300159324339358,0.011587838126805434
positive_no_prior_neither,2025-05-30,VNQ,0.0013147227365438608,0.0033500785292834845,0.007466373647182271,0.06161709416712464,0.002035355792739624,0.006151650910638411
positive_no_prior_neither,2025-05-30,VNQI,-0.003141402592921254,0.04115888912622401,-0.0012852853508860203,0.04681440484669347,0.04430029171914526,0.0018561172420352337
positive_no_prior_neither,2025-05-30,VEA,0.003213867729195683,0.030256851306093457,0.00751132431837334,0.04460045920085253,0.027042983576897776,0.004297456589177656
positive_no_prior_neither,2025-05-30,VWO,-0.0013812432635037686,0.05168209224062714,0.003527362763050867,0.04387798019645614,0.053063335504130914,0.0049086060265546355
positive_no_prior_neither,2025-05-30,VSS,0.00044890942076046157,0.054769444558085745,0.005186095910240555,0.045692902210254425,0.054320535137325286,0.004737186489480093
positive_no_prior_neither,2025-05-30,BND,-0.003237055002469442,0.011602274676301816,-0.0032151728316483275,0.01623801816018707,0.014839329678771258,2.188217082111461e-05
positive_no_prior_neither,2025-05-30,IEF,-0.0040674968930327,0.012452491537882304,-0.005217615123896235,0.019375672573369196,0.016519988430915004,-0.0011501182308635352
positive_no_prior_neither,2025-05-30,BNDX,-0.0027348125869511297,-0.0001381150801093023,-0.00040654221427853304,0.013993359422990112,0.0025966975068418274,0.0023282703726725967
positive_no_prior_neither,2025-05-30,LQD,-0.003152480733546488,0.01724059290590274,-0.00019956570380497834,0.025663080478506642,0.020393073639449227,0.0029529150297415096
positive_no_prior_neither,2025-05-30,HYG,5.2760762575032596e-05,0.014810137654057698,0.00270508905222366,0.022306660688522308,0.014757376891482665,0.0026523282896486274
positive_no_prior_neither,2025-05-30,EWX,0.0014349156952656505,0.05043478917948763,0.00865825251407136,0.03806334774261592,0.048999873484221974,0.007223336818805709
positive_no_prior_neither,2025-05-30,VWOB,-0.001725584997727383,0.021275025282161186,0.0015120668090547254,0.02866338263755167,0.02300061027988857,0.0032376518067821084
positive_no_prior_neither,2025-05-30,HYEM,-0.0011012187111369331,0.014454903619178339,0.0011452468811641474,0.02634793567437521,0.015556122330315272,0.0022464655923010806
historical_mean,2025-06-30,SPY,0.008108926350340292,0.01908467259702551,0.008108926350340292,0.046486314861483725,0.010975746246685217,0.0
historical_mean,2025-06-30,MGK,0.010605593481912853,0.03526188252947149,0.010605593481912853,0.0606576555011281,0.024656289047558635,0.0
historical_mean,2025-06-30,VTV,0.005859941643768946,-0.002167296399311236,0.005859941643768946,0.04193038901454366,-0.00802723804308018,0.0
historical_mean,2025-06-30,IJR,0.0003246960305295518,0.005165530187941636,0.0003246960305295518,0.05921303348395245,0.004840834157412084,0.0
historical_mean,2025-06-30,IWM,-0.0004823898487730129,0.012760607343994756,-0.0004823898487730129,0.060611122841396574,0.01324299719276777,0.0
historical_mean,2025-06-30,VNQ,0.0013546316736564024,-0.0029632780526935854,0.0013546316736564024,0.05812882700489989,-0.004317909726349988,0.0
historical_mean,2025-06-30,VNQI,-0.0022727694219576216,-0.023931985253554888,-0.0022727694219576216,0.04884630943744813,-0.021659215831597266,0.0
historical_mean,2025-06-30,VEA,0.003744122309134855,-0.01766175570590245,0.003744122309134855,0.04590007007806359,-0.021405878015037304,0.0
historical_mean,2025-06-30,VWO,-0.0003407857045992409,0.002989658374459969,-0.0003407857045992409,0.0422731045191081,0.0033304440790592102,0.0
historical_mean,2025-06-30,VSS,0.001514017952864879,-0.009120730437294888,0.001514017952864879,0.04674135179227695,-0.010634748390159767,0.0
historical_mean,2025-06-30,BND,-0.002946087753866084,-0.006504632044136427,-0.002946087753866084,0.019219337399327574,-0.0035585442902703428,0.0
historical_mean,2025-06-30,IEF,-0.0037435755512500533,-0.00977429711868305,-0.0037435755512500533,0.022871930304032895,-0.0060307215674329975,0.0
historical_mean,2025-06-30,BNDX,-0.0026838969495620742,-0.00498710657025403,-0.0026838969495620742,0.015760777543273402,-0.0023032096206919554,0.0
historical_mean,2025-06-30,LQD,-0.0027526165445376795,-0.004751878550950606,-0.0027526165445376795,0.02969538299107734,-0.001999262006412926,0.0
historical_mean,2025-06-30,HYG,0.0003421210937805751,-0.002505544256353631,0.0003421210937805751,0.02337837316237756,-0.0028476653501342064,0.0
historical_mean,2025-06-30,EWX,0.002395697528289611,0.003689786989881094,0.002395697528289611,0.03695765100137487,0.0012940894615914834,0.0
historical_mean,2025-06-30,VWOB,-0.0012745926392981953,0.003448378263515961,-0.0012745926392981953,0.03020927485213051,0.004722970902814157,0.0
historical_mean,2025-06-30,HYEM,-0.0007961967046601631,0.0052854367518158085,-0.0007961967046601631,0.026144277822748356,0.006081633456475972,0.0
positive_no_prior_both,2025-06-30,SPY,0.008108926350340292,0.01908467259702551,0.00875198830991513,0.042367790333379146,0.010975746246685217,0.0006430619595748383
positive_no_prior_both,2025-06-30,MGK,0.010605593481912853,0.03526188252947149,0.010430503540065209,0.05760861417351272,0.024656289047558635,-0.00017508994184764481
positive_no_prior_both,2025-06-30,VTV,0.005859941643768946,-0.002167296399311236,0.005714091373016495,0.03902536955609474,-0.00802723804308018,-0.0001458502707524503
positive_no_prior_both,2025-06-30,IJR,0.0003246960305295518,0.005165530187941636,-0.0007268933618073245,0.05588153070203399,0.004840834157412084,-0.0010515893923368762
positive_no_prior_both,2025-06-30,IWM,-0.0004823898487730129,0.012760607343994756,-0.0010375592270062109,0.0582057458190266,0.01324299719276777,-0.0005551693782331979
positive_no_prior_both,2025-06-30,VNQ,0.0013546316736564024,-0.0029632780526935854,-0.0009445974770087428,0.05323602286971931,-0.004317909726349988,-0.002299229150665145
positive_no_prior_both,2025-06-30,VNQI,-0.0022727694219576216,-0.023931985253554888,-0.003243806765865186,0.044152385617020506,-0.021659215831597266,-0.0009710373439075644
positive_no_prior_both,2025-06-30,VEA,0.003744122309134855,-0.01766175570590245,0.005017689188712292,0.042859951479383054,-0.021405878015037304,0.0012735668795774368
positive_no_prior_both,2025-06-30,VWO,-0.0003407857045992409,0.002989658374459969,0.0009276667014864388,0.040783638275079435,0.0033304440790592102,0.0012684524060856796
positive_no_prior_both,2025-06-30,VSS,0.001514017952864879,-0.009120730437294888,0.0005342211099359066,0.04315883837470567,-0.010634748390159767,-0.0009797968429289723
positive_no_prior_both,2025-06-30,BND,-0.002946087753866084,-0.006504632044136427,-0.0028377439340916003,0.017535245608865803,-0.0035585442902703428,0.00010834381977448387
positive_no_prior_both,2025-06-30,IEF,-0.0037435755512500533,-0.00977429711868305,-0.003207130680033267,0.02125577494152929,-0.0060307215674329975,0.0005364448712167863
positive_no_prior_both,2025-06-30,BNDX,-0.0026838969495620742,-0.00498710657025403,-0.0027663266692804357,0.01423197179790727,-0.0023032096206919554,-8.242971971836148e-05
positive_no_prior_both,2025-06-30,LQD,-0.0027526165445376795,-0.004751878550950606,-0.0035044950681895597,0.02665057645671662,-0.001999262006412926,-0.0007518785236518802
positive_no_prior_both,2025-06-30,HYG,0.0003421210937805751,-0.002505544256353631,0.00019669472664343016,0.02065056051958909,-0.0028476653501342064,-0.00014542636713714492
positive_no_prior_both,2025-06-30,EWX,0.002395697528289611,0.003689786989881094,0.0021435319349002884,0.035431638447601346,0.0012940894615914834,-0.00025216559338932243
positive_no_prior_both,2025-06-30,VWOB,-0.0012745926392981953,0.003448378263515961,-0.0016919367186331922,0.02767992083119031,0.004722970902814157,-0.00041734407933499695
positive_no_prior_both,2025-06-30,HYEM,-0.0007961967046601631,0.0052854367518158085,4.971094930885343e-05,0.024632197055274828,0.006081633456475972,0.0008459076539690165
positive_no_prior_outputscale_only,2025-06-30,SPY,0.008108926350340292,0.01908467259702551,0.006895188789478296,0.04367706356549327,0.010975746246685217,-0.001213737560861996
positive_no_prior_outputscale_only,2025-06-30,MGK,0.010605593481912853,0.03526188252947149,0.009282313432644906,0.06027069028116287,0.024656289047558635,-0.001323280049267947
positive_no_prior_outputscale_only,2025-06-30,VTV,0.005859941643768946,-0.002167296399311236,0.006587030200809618,0.039040883200476745,-0.00802723804308018,0.0007270885570406721
positive_no_prior_outputscale_only,2025-06-30,IJR,0.0003246960305295518,0.005165530187941636,-0.00031597330451558077,0.056109644657520955,0.004840834157412084,-0.0006406693350451325
positive_no_prior_outputscale_only,2025-06-30,IWM,-0.0004823898487730129,0.012760607343994756,0.0010998006692443758,0.05796265030820084,0.01324299719276777,0.0015821905180173888
positive_no_prior_outputscale_only,2025-06-30,VNQ,0.0013546316736564024,-0.0029632780526935854,-0.0022552750854665463,0.05420645800890552,-0.004317909726349988,-0.003609906759122949
positive_no_prior_outputscale_only,2025-06-30,VNQI,-0.0022727694219576216,-0.023931985253554888,0.0029410907260552406,0.042721512252744974,-0.021659215831597266,0.005213860148012862
positive_no_prior_outputscale_only,2025-06-30,VEA,0.003744122309134855,-0.01766175570590245,0.00790969944420486,0.04189124263328143,-0.021405878015037304,0.004165577135070004
positive_no_prior_outputscale_only,2025-06-30,VWO,-0.0003407857045992409,0.002989658374459969,0.006268775808173466,0.04084493268304348,0.0033304440790592102,0.006609561512772707
positive_no_prior_outputscale_only,2025-06-30,VSS,0.001514017952864879,-0.009120730437294888,0.0028084519733030484,0.04285184964807538,-0.010634748390159767,0.0012944340204381695
positive_no_prior_outputscale_only,2025-06-30,BND,-0.002946087753866084,-0.006504632044136427,-0.002477514270493134,0.016992131617206065,-0.0035585442902703428,0.0004685734833729501
positive_no_prior_outputscale_only,2025-06-30,IEF,-0.0037435755512500533,-0.00977429711868305,-0.0035004483525051433,0.020347325113001843,-0.0060307215674329975,0.00024312719874490995
positive_no_prior_outputscale_only,2025-06-30,BNDX,-0.0026838969495620742,-0.00498710657025403,-0.003430445545780169,0.014156476582012174,-0.0023032096206919554,-0.000746548596218095
positive_no_prior_outputscale_only,2025-06-30,LQD,-0.0027526165445376795,-0.004751878550950606,-0.0024860088835694776,0.025778192575772484,-0.001999262006412926,0.0002666076609682019
positive_no_prior_outputscale_only,2025-06-30,HYG,0.0003421210937805751,-0.002505544256353631,0.0006959455065330149,0.020630200351701565,-0.0028476653501342064,0.0003538244127524398
positive_no_prior_outputscale_only,2025-06-30,EWX,0.002395697528289611,0.003689786989881094,0.007180458272875619,0.03577025012489191,0.0012940894615914834,0.004784760744586008
positive_no_prior_outputscale_only,2025-06-30,VWOB,-0.0012745926392981953,0.003448378263515961,-0.0011534376790718508,0.027516843989549202,0.004722970902814157,0.00012115496022634445
positive_no_prior_outputscale_only,2025-06-30,HYEM,-0.0007961967046601631,0.0052854367518158085,0.0008774934989449417,0.02431368474157854,0.006081633456475972,0.0016736902036051048
positive_no_prior_lengthscale_only,2025-06-30,SPY,0.008108926350340292,0.01908467259702551,0.00661002910971958,0.04876678622561444,0.010975746246685217,-0.0014988972406207125
positive_no_prior_lengthscale_only,2025-06-30,MGK,0.010605593481912853,0.03526188252947149,0.008244200380927382,0.062300101255976445,0.024656289047558635,-0.0023613931009854715
positive_no_prior_lengthscale_only,2025-06-30,VTV,0.005859941643768946,-0.002167296399311236,0.005290143966171214,0.044043227196122796,-0.00802723804308018,-0.0005697976775977318
positive_no_prior_lengthscale_only,2025-06-30,IJR,0.0003246960305295518,0.005165530187941636,0.0007681788929617662,0.057898742305539166,0.004840834157412084,0.0004434828624322144
positive_no_prior_lengthscale_only,2025-06-30,IWM,-0.0004823898487730129,0.012760607343994756,-0.00017350648968816076,0.05950748327137691,0.01324299719276777,0.00030888335908485216
positive_no_prior_lengthscale_only,2025-06-30,VNQ,0.0013546316736564024,-0.0029632780526935854,-0.0010523548630324675,0.0565982219342187,-0.004317909726349988,-0.00240698653668887
positive_no_prior_lengthscale_only,2025-06-30,VNQI,-0.0022727694219576216,-0.023931985253554888,-0.00703618447400991,0.04879713896581663,-0.021659215831597266,-0.004763415052052289
positive_no_prior_lengthscale_only,2025-06-30,VEA,0.003744122309134855,-0.01766175570590245,0.0005843650623931717,0.04775211026790844,-0.021405878015037304,-0.0031597572467416835
positive_no_prior_lengthscale_only,2025-06-30,VWO,-0.0003407857045992409,0.002989658374459969,-0.0034107595319651744,0.04299054690672953,0.0033304440790592102,-0.0030699738273659333
positive_no_prior_lengthscale_only,2025-06-30,VSS,0.001514017952864879,-0.009120730437294888,-0.002328367167486891,0.047666219086252154,-0.010634748390159767,-0.00384238512035177
positive_no_prior_lengthscale_only,2025-06-30,BND,-0.002946087753866084,-0.006504632044136427,-0.003259273807003286,0.01634774044238375,-0.0035585442902703428,-0.0003131860531372017
positive_no_prior_lengthscale_only,2025-06-30,IEF,-0.0037435755512500533,-0.00977429711868305,-0.004110486120330336,0.01945886298534323,-0.0060307215674329975,-0.0003669105690802827
positive_no_prior_lengthscale_only,2025-06-30,BNDX,-0.0026838969495620742,-0.00498710657025403,-0.003166339287743993,0.013983003396287223,-0.0023032096206919554,-0.0004824423381819187
positive_no_prior_lengthscale_only,2025-06-30,LQD,-0.0027526165445376795,-0.004751878550950606,-0.00390677208199649,0.025641781755553844,-0.001999262006412926,-0.0011541555374588101
positive_no_prior_lengthscale_only,2025-06-30,HYG,0.0003421210937805751,-0.002505544256353631,-0.0005216792965159315,0.02215801181369073,-0.0028476653501342064,-0.0008638003902965066
positive_no_prior_lengthscale_only,2025-06-30,EWX,0.002395697528289611,0.003689786989881094,6.06365654471858e-05,0.038123370960531464,0.0012940894615914834,-0.002335060962842425
positive_no_prior_lengthscale_only,2025-06-30,VWOB,-0.0012745926392981953,0.003448378263515961,-0.0032292966898128436,0.029448750274832854,0.004722970902814157,-0.0019547040505146483
positive_no_prior_lengthscale_only,2025-06-30,HYEM,-0.0007961967046601631,0.0052854367518158085,-0.0018570804229472975,0.027612174213007285,0.006081633456475972,-0.0010608837182871345
positive_no_prior_neither,2025-06-30,SPY,0.008108926350340292,0.01908467259702551,0.0033461678100182796,0.046889032166420146,0.010975746246685217,-0.004762758540322013
positive_no_prior_neither,2025-06-30,MGK,0.010605593481912853,0.03526188252947149,0.007041972900646443,0.06037773846305167,0.024656289047558635,-0.00356362058126641
positive_no_prior_neither,2025-06-30,VTV,0.005859941643768946,-0.002167296399311236,0.0022444337618465603,0.04224458154070184,-0.00802723804308018,-0.0036155078819223854
positive_no_prior_neither,2025-06-30,IJR,0.0003246960305295518,0.005165530187941636,-0.006232248513727843,0.05638373403146341,0.004840834157412084,-0.0065569445442573955
positive_no_prior_neither,2025-06-30,IWM,-0.0004823898487730129,0.012760607343994756,-0.0072233881698774635,0.05755114488733123,0.01324299719276777,-0.006740998321104451
positive_no_prior_neither,2025-06-30,VNQ,0.0013546316736564024,-0.0029632780526935854,-0.010222626953358608,0.05518264684543176,-0.004317909726349988,-0.01157725862701501
positive_no_prior_neither,2025-06-30,VNQI,-0.0022727694219576216,-0.023931985253554888,-0.016330501326405768,0.046657666779648325,-0.021659215831597266,-0.014057731904448145
positive_no_prior_neither,2025-06-30,VEA,0.003744122309134855,-0.01766175570590245,-0.007077230947605755,0.046200859444457724,-0.021405878015037304,-0.01082135325674061
positive_no_prior_neither,2025-06-30,VWO,-0.0003407857045992409,0.002989658374459969,-0.008815655715669776,0.04210060268482034,0.0033304440790592102,-0.008474870011070534
positive_no_prior_neither,2025-06-30,VSS,0.001514017952864879,-0.009120730437294888,-0.010189193693970037,0.04626802060709479,-0.010634748390159767,-0.011703211646834915
positive_no_prior_neither,2025-06-30,BND,-0.002946087753866084,-0.006504632044136427,-0.005563281810392307,0.016252591308679315,-0.0035585442902703428,-0.0026171940565262227
positive_no_prior_neither,2025-06-30,IEF,-0.0037435755512500533,-0.00977429711868305,-0.006428409286512919,0.019195450448190318,-0.0060307215674329975,-0.0026848337352628655
positive_no_prior_neither,2025-06-30,BNDX,-0.0026838969495620742,-0.00498710657025403,-0.005531642959587536,0.013728034394571128,-0.0023032096206919554,-0.0028477460100254618
positive_no_prior_neither,2025-06-30,LQD,-0.0027526165445376795,-0.004751878550950606,-0.00792068794516323,0.025279618821748805,-0.001999262006412926,-0.00516807140062555
positive_no_prior_neither,2025-06-30,HYG,0.0003421210937805751,-0.002505544256353631,-0.0036892952728393054,0.02126253301548459,-0.0028476653501342064,-0.004031416366619881
positive_no_prior_neither,2025-06-30,EWX,0.002395697528289611,0.003689786989881094,-0.003561962029445673,0.036973416985361336,0.0012940894615914834,-0.005957659557735284
positive_no_prior_neither,2025-06-30,VWOB,-0.0012745926392981953,0.003448378263515961,-0.008308010220203218,0.02870777599103794,0.004722970902814157,-0.007033417580905022
positive_no_prior_neither,2025-06-30,HYEM,-0.0007961967046601631,0.0052854367518158085,-0.002871249029845843,0.027479281303483507,0.006081633456475972,-0.00207505232518568
historical_mean,2025-07-31,SPY,0.008319998393545776,0.01702595928567807,0.008319998393545776,0.046053469308444485,0.008705960892132296,0.0
historical_mean,2025-07-31,MGK,0.011079752886673596,0.005506659536577585,0.011079752886673596,0.06015727754500016,-0.005573093350096011,0.0
historical_mean,2025-07-31,VTV,0.0057055716814020194,0.03136457393982228,0.0057055716814020194,0.04153219245869115,0.025659002258420265,0.0
historical_mean,2025-07-31,IJR,0.0004177889950951688,0.06670214284372133,0.0004177889950951688,0.058633482662584016,0.06628435384862616,0.0
historical_mean,2025-07-31,IWM,-0.00022771682583517123,0.06825711678016222,-0.00022771682583517123,0.06004204653297474,0.06848483360599739,0.0
historical_mean,2025-07-31,VNQ,0.0012715949481496719,0.031234506481848445,0.0012715949481496719,0.05755922989435626,0.029962911533698774,0.0
historical_mean,2025-07-31,VNQI,-0.002689292803334492,0.03800885965747658,-0.002689292803334492,0.04845822889781613,0.04069815246081107,0.0
historical_mean,2025-07-31,VEA,0.003332470808845676,0.040715343672140136,0.003332470808845676,0.045544682113617126,0.03738287286329446,0.0
historical_mean,2025-07-31,VWO,-0.0002767387030788715,0.03119670619044923,-0.0002767387030788715,0.041859158539873306,0.0314734448935281,0.0
historical_mean,2025-07-31,VSS,0.0013095035607464218,0.04570476560415426,0.0013095035607464218,0.04630432607636206,0.04439526204340784,0.0
historical_mean,2025-07-31,BND,-0.0030145212979097447,0.008078120866885197,-0.0030145212979097447,0.01903637705332175,0.011092642164794941,0.0
historical_mean,2025-07-31,IEF,-0.0038595509660083803,0.013001796164747947,-0.0038595509660083803,0.022662022294724343,0.016861347130756328,0.0
historical_mean,2025-07-31,BNDX,-0.002728189442267689,-0.002067319775812204,-0.002728189442267689,0.01560876337446942,0.0006608696664554847,0.0
historical_mean,2025-07-31,LQD,-0.002791063890814851,0.0069765482555901315,-0.002791063890814851,0.02940411760267529,0.009767612146404982,0.0
historical_mean,2025-07-31,HYG,0.0002873582985856865,0.007592278645943473,0.0002873582985856865,0.023151406952460717,0.007304920347357787,0.0
historical_mean,2025-07-31,EWX,0.002420583864089447,0.059400893238615415,0.002420583864089447,0.03659396736937123,0.056980309374525966,0.0
historical_mean,2025-07-31,VWOB,-0.0011837662757825385,0.013654429789281775,-0.0011837662757825385,0.029918809035243236,0.014838196065064313,0.0
historical_mean,2025-07-31,HYEM,-0.0006792422151125483,0.015516857251125726,-0.0006792422151125483,0.025900427029114596,0.016196099466238276,0.0
positive_no_prior_both,2025-07-31,SPY,0.008319998393545776,0.01702595928567807,0.009930289159701986,0.0378577874929126,0.008705960892132296,0.00161029076615621
positive_no_prior_both,2025-07-31,MGK,0.011079752886673596,0.005506659536577585,0.011560682834568846,0.05388632053602428,-0.005573093350096011,0.00048092994789524987
positive_no_prior_both,2025-07-31,VTV,0.0057055716814020194,0.03136457393982228,0.006678967790494803,0.03676733788842951,0.025659002258420265,0.0009733961090927839
positive_no_prior_both,2025-07-31,IJR,0.0004177889950951688,0.06670214284372133,0.004265000429315827,0.04839145162695707,0.06628435384862616,0.0038472114342206587
positive_no_prior_both,2025-07-31,IWM,-0.00022771682583517123,0.06825711678016222,0.0003769201956928138,0.05254935667667151,0.06848483360599739,0.000604637021527985
positive_no_prior_both,2025-07-31,VNQ,0.0012715949481496719,0.031234506481848445,0.0019393930503913603,0.048616308103242974,0.029962911533698774,0.0006677981022416885
positive_no_prior_both,2025-07-31,VNQI,-0.002689292803334492,0.03800885965747658,-0.004876164963660297,0.04187877308868887,0.04069815246081107,-0.002186872160325805
positive_no_prior_both,2025-07-31,VEA,0.003332470808845676,0.040715343672140136,0.002396628918664848,0.03820361330063381,0.03738287286329446,-0.0009358418901808281
positive_no_prior_both,2025-07-31,VWO,-0.0002767387030788715,0.03119670619044923,0.0009773719963992124,0.038550786028433794,0.0314734448935281,0.0012541106994780839
positive_no_prior_both,2025-07-31,VSS,0.0013095035607464218,0.04570476560415426,0.00027037619822607543,0.038986128194301445,0.04439526204340784,-0.0010391273625203464
positive_no_prior_both,2025-07-31,BND,-0.0030145212979097447,0.008078120866885197,-0.0030911927452431545,0.016415066291550304,0.011092642164794941,-7.667144733340984e-05
positive_no_prior_both,2025-07-31,IEF,-0.0038595509660083803,0.013001796164747947,-0.004446788491443564,0.020094970538766542,0.016861347130756328,-0.0005872375254351836
positive_no_prior_both,2025-07-31,BNDX,-0.002728189442267689,-0.002067319775812204,-0.0027548637023307038,0.013000959328028463,0.0006608696664554847,-2.667426006301493e-05
positive_no_prior_both,2025-07-31,LQD,-0.002791063890814851,0.0069765482555901315,-0.0030011043849668966,0.024905374976371505,0.009767612146404982,-0.00021004049415204555
positive_no_prior_both,2025-07-31,HYG,0.0002873582985856865,0.007592278645943473,0.00035796547742769234,0.018722353047125044,0.007304920347357787,7.060717884200586e-05
positive_no_prior_both,2025-07-31,EWX,0.002420583864089447,0.059400893238615415,0.0006909878969557043,0.031123996360799298,0.056980309374525966,-0.0017295959671337429
positive_no_prior_both,2025-07-31,VWOB,-0.0011837662757825385,0.013654429789281775,-0.0015125527112738741,0.024501689281243154,0.014838196065064313,-0.00032878643549133567
positive_no_prior_both,2025-07-31,HYEM,-0.0006792422151125483,0.015516857251125726,0.0021594150105682143,0.023156151790465665,0.016196099466238276,0.0028386572256807628
positive_no_prior_outputscale_only,2025-07-31,SPY,0.008319998393545776,0.01702595928567807,0.009466214969851072,0.039446626027867415,0.008705960892132296,0.0011462165763052954
positive_no_prior_outputscale_only,2025-07-31,MGK,0.011079752886673596,0.005506659536577585,0.01883036537883655,0.05603278401849703,-0.005573093350096011,0.007750612492162955
positive_no_prior_outputscale_only,2025-07-31,VTV,0.0057055716814020194,0.03136457393982228,0.004787442741053783,0.03680583148379438,0.025659002258420265,-0.0009181289403482366
positive_no_prior_outputscale_only,2025-07-31,IJR,0.0004177889950951688,0.06670214284372133,0.0006256734710934982,0.051774731050211055,0.06628435384862616,0.00020788447599832938
positive_no_prior_outputscale_only,2025-07-31,IWM,-0.00022771682583517123,0.06825711678016222,-0.0014970021242636682,0.05303847539696724,0.06848483360599739,-0.001269285298428497
positive_no_prior_outputscale_only,2025-07-31,VNQ,0.0012715949481496719,0.031234506481848445,0.0030044606857805222,0.05132374524290468,0.029962911533698774,0.0017328657376308504
positive_no_prior_outputscale_only,2025-07-31,VNQI,-0.002689292803334492,0.03800885965747658,-0.011101311444144757,0.042294538784304725,0.04069815246081107,-0.008412018640810264
positive_no_prior_outputscale_only,2025-07-31,VEA,0.003332470808845676,0.040715343672140136,-0.003628717256750326,0.03993041458254332,0.03738287286329446,-0.006961188065596002
positive_no_prior_outputscale_only,2025-07-31,VWO,-0.0002767387030788715,0.03119670619044923,-0.0025442821353110546,0.04043281275172363,0.0314734448935281,-0.002267543432232183
positive_no_prior_outputscale_only,2025-07-31,VSS,0.0013095035607464218,0.04570476560415426,-0.007208054864809249,0.039428042435160585,0.04439526204340784,-0.00851755842555567
positive_no_prior_outputscale_only,2025-07-31,BND,-0.0030145212979097447,0.008078120866885197,-0.0035183711653600717,0.01686967647948797,0.011092642164794941,-0.0005038498674503271
positive_no_prior_outputscale_only,2025-07-31,IEF,-0.0038595509660083803,0.013001796164747947,-0.005466937757094576,0.021263377683239045,0.016861347130756328,-0.0016073867910861958
positive_no_prior_outputscale_only,2025-07-31,BNDX,-0.002728189442267689,-0.002067319775812204,-0.003455760263193368,0.013987515393904328,0.0006608696664554847,-0.0007275708209256793
positive_no_prior_outputscale_only,2025-07-31,LQD,-0.002791063890814851,0.0069765482555901315,-0.0034560230405295683,0.025020278887000064,0.009767612146404982,-0.0006649591497147173
positive_no_prior_outputscale_only,2025-07-31,HYG,0.0002873582985856865,0.007592278645943473,-0.0009581830635615105,0.019390803156642933,0.007304920347357787,-0.001245541362147197
positive_no_prior_outputscale_only,2025-07-31,EWX,0.002420583864089447,0.059400893238615415,0.0010939748614567214,0.03259114395663161,0.056980309374525966,-0.0013266090026327257
positive_no_prior_outputscale_only,2025-07-31,VWOB,-0.0011837662757825385,0.013654429789281775,-0.0031710902656764874,0.025738066046198407,0.014838196065064313,-0.001987323989893949
positive_no_prior_outputscale_only,2025-07-31,HYEM,-0.0006792422151125483,0.015516857251125726,0.00075945434593286,0.02371536536325828,0.016196099466238276,0.0014386965610454082
positive_no_prior_lengthscale_only,2025-07-31,SPY,0.008319998393545776,0.01702595928567807,0.0026196722109358556,0.04646659942656898,0.008705960892132296,-0.005700326182609921
positive_no_prior_lengthscale_only,2025-07-31,MGK,0.011079752886673596,0.005506659536577585,0.006742986852203826,0.057935246604187855,-0.005573093350096011,-0.00433676603446977
positive_no_prior_lengthscale_only,2025-07-31,VTV,0.0057055716814020194,0.03136457393982228,-0.0018332966181709362,0.045298283540339455,0.025659002258420265,-0.007538868299572956
positive_no_prior_lengthscale_only,2025-07-31,IJR,0.0004177889950951688,0.06670214284372133,-0.006703598592002864,0.05445999890877136,0.06628435384862616,-0.007121387587098033
positive_no_prior_lengthscale_only,2025-07-31,IWM,-0.00022771682583517123,0.06825711678016222,-0.006938989655458102,0.05568081206439467,0.06848483360599739,-0.006711272829622931
positive_no_prior_lengthscale_only,2025-07-31,VNQ,0.0012715949481496719,0.031234506481848445,-0.009398755337201347,0.05608223863549147,0.029962911533698774,-0.01067035028535102
positive_no_prior_lengthscale_only,2025-07-31,VNQI,-0.002689292803334492,0.03800885965747658,-0.019372671880668154,0.048542378360891994,0.04069815246081107,-0.016683379077333662
positive_no_prior_lengthscale_only,2025-07-31,VEA,0.003332470808845676,0.040715343672140136,-0.010136250184196356,0.04994684837709786,0.03738287286329446,-0.01346872099304203
positive_no_prior_lengthscale_only,2025-07-31,VWO,-0.0002767387030788715,0.03119670619044923,-0.008983052005295006,0.04197548149317889,0.0314734448935281,-0.008706313302216134
positive_no_prior_lengthscale_only,2025-07-31,VSS,0.0013095035607464218,0.04570476560415426,-0.012046544761010415,0.048492037170905174,0.04439526204340784,-0.013356048321756837
positive_no_prior_lengthscale_only,2025-07-31,BND,-0.0030145212979097447,0.008078120866885197,-0.007867739264286553,0.01638985137120399,0.011092642164794941,-0.004853217966376808
positive_no_prior_lengthscale_only,2025-07-31,IEF,-0.0038595509660083803,0.013001796164747947,-0.009811307896074154,0.018886690654577626,0.016861347130756328,-0.005951756930065773
positive_no_prior_lengthscale_only,2025-07-31,BNDX,-0.002728189442267689,-0.002067319775812204,-0.005693428968487907,0.013845007613952643,0.0006608696664554847,-0.0029652395262202177
positive_no_prior_lengthscale_only,2025-07-31,LQD,-0.002791063890814851,0.0069765482555901315,-0.010269640168417239,0.026096980552371717,0.009767612146404982,-0.007478576277602388
positive_no_prior_lengthscale_only,2025-07-31,HYG,0.0002873582985856865,0.007592278645943473,-0.003596155205849401,0.022988287108440704,0.007304920347357787,-0.0038835135044350873
positive_no_prior_lengthscale_only,2025-07-31,EWX,0.002420583864089447,0.059400893238615415,-0.003328232160297518,0.03694940767789263,0.056980309374525966,-0.005748816024386965
positive_no_prior_lengthscale_only,2025-07-31,VWOB,-0.0011837662757825385,0.013654429789281775,-0.008757987901746315,0.030401333706440464,0.014838196065064313,-0.007574221625963776
positive_no_prior_lengthscale_only,2025-07-31,HYEM,-0.0006792422151125483,0.015516857251125726,-0.00234576025279289,0.027675675005313767,0.016196099466238276,-0.0016665180376803418
positive_no_prior_neither,2025-07-31,SPY,0.008319998393545776,0.01702595928567807,-0.002854897900187626,0.046054869592186756,0.008705960892132296,-0.011174896293733402
positive_no_prior_neither,2025-07-31,MGK,0.011079752886673596,0.005506659536577585,0.0016801771822711649,0.057087328784852606,-0.005573093350096011,-0.00939957570440243
positive_no_prior_neither,2025-07-31,VTV,0.0057055716814020194,0.03136457393982228,-0.006910915635323133,0.044035568063000845,0.025659002258420265,-0.012616487316725152
positive_no_prior_neither,2025-07-31,IJR,0.0004177889950951688,0.06670214284372133,-0.011065882479547528,0.05601193686498878,0.06628435384862616,-0.011483671474642696
positive_no_prior_neither,2025-07-31,IWM,-0.00022771682583517123,0.06825711678016222,-0.01176779576182293,0.056662908587069676,0.06848483360599739,-0.01154007893598776
positive_no_prior_neither,2025-07-31,VNQ,0.0012715949481496719,0.031234506481848445,-0.014245850300865325,0.05631656465237449,0.029962911533698774,-0.015517445249014997
positive_no_prior_neither,2025-07-31,VNQI,-0.002689292803334492,0.03800885965747658,-0.02821156433854577,0.047061615194117924,0.04069815246081107,-0.025522271535211277
positive_no_prior_neither,2025-07-31,VEA,0.003332470808845676,0.040715343672140136,-0.01769357090023945,0.04821127031519132,0.03738287286329446,-0.021026041709085126
positive_no_prior_neither,2025-07-31,VWO,-0.0002767387030788715,0.03119670619044923,-0.012170137439850268,0.03996213270216627,0.0314734448935281,-0.011893398736771397
positive_no_prior_neither,2025-07-31,VSS,0.0013095035607464218,0.04570476560415426,-0.019935910268956296,0.04724501904362515,0.04439526204340784,-0.021245413829702717
positive_no_prior_neither,2025-07-31,BND,-0.0030145212979097447,0.008078120866885197,-0.009407122690772119,0.016244789424505617,0.011092642164794941,-0.006392601392862374
positive_no_prior_neither,2025-07-31,IEF,-0.0038595509660083803,0.013001796164747947,-0.012132400291826743,0.01880552965853578,0.016861347130756328,-0.008272849325818362
positive_no_prior_neither,2025-07-31,BNDX,-0.002728189442267689,-0.002067319775812204,-0.006702323026403367,0.013713131586103485,0.0006608696664554847,-0.0039741335841356785
positive_no_prior_neither,2025-07-31,LQD,-0.002791063890814851,0.0069765482555901315,-0.013127895540996082,0.02590878931215951,0.009767612146404982,-0.010336831650181231
positive_no_prior_neither,2025-07-31,HYG,0.0002873582985856865,0.007592278645943473,-0.005660284205405916,0.022403193091912965,0.007304920347357787,-0.005947642503991602
positive_no_prior_neither,2025-07-31,EWX,0.002420583864089447,0.059400893238615415,-0.005736165811180535,0.03569757274991869,0.056980309374525966,-0.008156749675269982
positive_no_prior_neither,2025-07-31,VWOB,-0.0011837662757825385,0.013654429789281775,-0.011053040429708831,0.029875893534504445,0.014838196065064313,-0.009869274153926293
positive_no_prior_neither,2025-07-31,HYEM,-0.0006792422151125483,0.015516857251125726,-0.0022581644296246865,0.0264475423251797,0.016196099466238276,-0.0015789222145121383
historical_mean,2025-08-29,SPY,0.008484261806604877,0.03208906394277711,0.008484261806604877,0.04562417280319489,0.02360480213617223,0.0
historical_mean,2025-08-29,MGK,0.010974600181954803,0.04538102472427963,0.010974600181954803,0.05958095227803427,0.03440642454232483,0.0
historical_mean,2025-08-29,VTV,0.00618970379948542,0.019529753810910266,0.00618970379948542,0.041281639516650696,0.013340050011424846,0.0
historical_mean,2025-08-29,IJR,0.001668437180918304,0.007030856049952794,0.001668437180918304,0.058776445259945825,0.00536241886903449,0.0
historical_mean,2025-08-29,IWM,0.0010644498459761002,0.028272862598571757,0.0010644498459761002,0.060201439664582336,0.027208412752595657,0.0
historical_mean,2025-08-29,VNQ,0.0018369329016156865,-0.002835540326792896,0.0018369329016156865,0.05715147705610083,-0.004672473228408582,0.0
historical_mean,2025-08-29,VNQI,-0.0019214031342625851,0.010131917120224765,-0.0019214031342625851,0.04831453143136225,0.01205332025448735,0.0
historical_mean,2025-08-29,VEA,0.0040378080326814204,0.022001068135094393,0.0040378080326814204,0.045395978549888576,0.017963260102412972,0.0
historical_mean,2025-08-29,VWO,0.00031709987981788515,0.053275426570534856,0.00031709987981788515,0.04167953159907015,0.05295832669071697,0.0
historical_mean,2025-08-29,VSS,0.002147150014395626,0.018182193335737562,0.002147150014395626,0.0462606272698465,0.016035043321341935,0.0
historical_mean,2025-08-29,BND,-0.0028052261627249343,0.007605185555678684,-0.0028052261627249343,0.01891392003224626,0.01041041171840362,0.0
historical_mean,2025-08-29,IEF,-0.00354141234089977,0.0030789765395491386,-0.00354141234089977,0.022562251814141464,0.006620388880448909,0.0
historical_mean,2025-08-29,BNDX,-0.0027157202032779626,0.0018362952066057758,-0.0027157202032779626,0.015458217074438056,0.0045520154098837385,0.0
historical_mean,2025-08-29,LQD,-0.002606769322014757,0.015298491121950697,-0.002606769322014757,0.02915090540247281,0.017905260443965454,0.0
historical_mean,2025-08-29,HYG,0.00042518698438489,0.005419530370210479,0.00042518698438489,0.022949662672026805,0.004994343385825589,0.0
historical_mean,2025-08-29,EWX,0.0034956840409672957,0.00934001338555035,0.0034956840409672957,0.03707594517574458,0.005844329344583054,0.0
historical_mean,2025-08-29,VWOB,-0.000903800312290759,0.011313877152875351,-0.000903800312290759,0.029699750617660087,0.01221767746516611,0.0
historical_mean,2025-08-29,HYEM,-0.000373655432730694,-0.003310550556556602,-0.000373655432730694,0.02574647192365626,-0.002936895123825908,0.0
positive_no_prior_both,2025-08-29,SPY,0.008484261806604877,0.03208906394277711,0.009161407822005358,0.03427808385957076,0.02360480213617223,0.0006771460154004812
positive_no_prior_both,2025-08-29,MGK,0.010974600181954803,0.04538102472427963,0.013009901048891166,0.04753510167145026,0.03440642454232483,0.0020353008669363633
positive_no_prior_both,2025-08-29,VTV,0.00618970379948542,0.019529753810910266,0.00758108115501407,0.032168830065743594,0.013340050011424846,0.00139137735552865
positive_no_prior_both,2025-08-29,IJR,0.001668437180918304,0.007030856049952794,0.002140196516998728,0.044818212934252595,0.00536241886903449,0.0004717593360804241
positive_no_prior_both,2025-08-29,IWM,0.0010644498459761002,0.028272862598571757,0.0019672141358971825,0.04531734601755982,0.027208412752595657,0.0009027642899210823
positive_no_prior_both,2025-08-29,VNQ,0.0018369329016156865,-0.002835540326792896,0.005540920901573768,0.04299453178899871,-0.004672473228408582,0.0037039879999580818
positive_no_prior_both,2025-08-29,VNQI,-0.0019214031342625851,0.010131917120224765,0.0015832832757270694,0.03706593470249575,0.01205332025448735,0.0035046864099896546
positive_no_prior_both,2025-08-29,VEA,0.0040378080326814204,0.022001068135094393,0.006639058628624619,0.03390835032479091,0.017963260102412972,0.0026012505959431987
positive_no_prior_both,2025-08-29,VWO,0.00031709987981788515,0.053275426570534856,0.00381301780921713,0.03506451463609804,0.05295832669071697,0.003495917929399245
positive_no_prior_both,2025-08-29,VSS,0.002147150014395626,0.018182193335737562,0.0035212823291993277,0.03464802836645899,0.016035043321341935,0.0013741323148037015
positive_no_prior_both,2025-08-29,BND,-0.0028052261627249343,0.007605185555678684,-0.0013730501260219717,0.013625629518009377,0.01041041171840362,0.0014321760367029626
positive_no_prior_both,2025-08-29,IEF,-0.00354141234089977,0.0030789765395491386,-0.00203547400674687,0.0165151636098906,0.006620388880448909,0.0015059383341528999
positive_no_prior_both,2025-08-29,BNDX,-0.0027157202032779626,0.0018362952066057758,-0.0019470455441088742,0.012310685361165988,0.0045520154098837385,0.0007686746591690885
positive_no_prior_both,2025-08-29,LQD,-0.002606769322014757,0.015298491121950697,-0.0015230458929322466,0.020674761666733668,0.017905260443965454,0.0010837234290825104
positive_no_prior_both,2025-08-29,HYG,0.00042518698438489,0.005419530370210479,0.0016413805150401204,0.017046359976001794,0.004994343385825589,0.0012161935306552304
positive_no_prior_both,2025-08-29,EWX,0.0034956840409672957,0.00934001338555035,0.0030505106768917906,0.031228661472565162,0.005844329344583054,-0.0004451733640755051
positive_no_prior_both,2025-08-29,VWOB,-0.000903800312290759,0.011313877152875351,0.0013967072242733148,0.021935262092433887,0.01221767746516611,0.002300507536564074
positive_no_prior_both,2025-08-29,HYEM,-0.000373655432730694,-0.003310550556556602,0.0024719949567587546,0.021264160036799512,-0.002936895123825908,0.0028456503894894484
positive_no_prior_outputscale_only,2025-08-29,SPY,0.008484261806604877,0.03208906394277711,0.011186610653963158,0.03844396620481163,0.02360480213617223,0.002702348847358281
positive_no_prior_outputscale_only,2025-08-29,MGK,0.010974600181954803,0.04538102472427963,0.009241144114381851,0.05459545932215944,0.03440642454232483,-0.001733456067572952
positive_no_prior_outputscale_only,2025-08-29,VTV,0.00618970379948542,0.019529753810910266,0.016271392084916056,0.03531848249020339,0.013340050011424846,0.010081688285430636
positive_no_prior_outputscale_only,2025-08-29,IJR,0.001668437180918304,0.007030856049952794,0.008727678138167261,0.05172350406115487,0.00536241886903449,0.007059240957248958
positive_no_prior_outputscale_only,2025-08-29,IWM,0.0010644498459761002,0.028272862598571757,0.009163514371052298,0.050068934995666364,0.027208412752595657,0.008099064525076197
positive_no_prior_outputscale_only,2025-08-29,VNQ,0.0018369329016156865,-0.002835540326792896,0.013898084339892659,0.04997613053350401,-0.004672473228408582,0.012061151438276973
positive_no_prior_outputscale_only,2025-08-29,VNQI,-0.0019214031342625851,0.010131917120224765,0.005720213207936176,0.03802174469495617,0.01205332025448735,0.007641616342198761
positive_no_prior_outputscale_only,2025-08-29,VEA,0.0040378080326814204,0.022001068135094393,0.01055346307237091,0.038200765128911345,0.017963260102412972,0.00651565503968949
positive_no_prior_outputscale_only,2025-08-29,VWO,0.00031709987981788515,0.053275426570534856,0.011080333781164313,0.03820518240775511,0.05295832669071697,0.010763233901346429
positive_no_prior_outputscale_only,2025-08-29,VSS,0.002147150014395626,0.018182193335737562,0.007301205945265473,0.03840638847261997,0.016035043321341935,0.005154055930869848
positive_no_prior_outputscale_only,2025-08-29,BND,-0.0028052261627249343,0.007605185555678684,0.00034137947782011957,0.015228471791702126,0.01041041171840362,0.003146605640545054
positive_no_prior_outputscale_only,2025-08-29,IEF,-0.00354141234089977,0.0030789765395491386,-0.0006998157109723091,0.018825830354590102,0.006620388880448909,0.002841596629927461
positive_no_prior_outputscale_only,2025-08-29,BNDX,-0.0027157202032779626,0.0018362952066057758,-0.0023928777846670976,0.013850039488623645,0.0045520154098837385,0.000322842418610865
positive_no_prior_outputscale_only,2025-08-29,LQD,-0.002606769322014757,0.015298491121950697,0.0013824711548767916,0.023704193356120392,0.017905260443965454,0.003989240476891549
positive_no_prior_outputscale_only,2025-08-29,HYG,0.00042518698438489,0.005419530370210479,0.002620798592672003,0.0192125364693472,0.004994343385825589,0.002195611608287113
positive_no_prior_outputscale_only,2025-08-29,EWX,0.0034956840409672957,0.00934001338555035,0.011871197387093201,0.0337814646975233,0.005844329344583054,0.008375513346125905
positive_no_prior_outputscale_only,2025-08-29,VWOB,-0.000903800312290759,0.011313877152875351,0.005255824958727575,0.023934071401629203,0.01221767746516611,0.006159625271018334
positive_no_prior_outputscale_only,2025-08-29,HYEM,-0.000373655432730694,-0.003310550556556602,0.007374230673414906,0.02286919856925143,-0.002936895123825908,0.0077478861061456
positive_no_prior_lengthscale_only,2025-08-29,SPY,0.008484261806604877,0.03208906394277711,0.013006796872296698,0.04729443984461593,0.02360480213617223,0.004522535065691821
positive_no_prior_lengthscale_only,2025-08-29,MGK,0.010974600181954803,0.04538102472427963,0.012794430698685433,0.05946618355537762,0.03440642454232483,0.0018198305167306302
positive_no_prior_lengthscale_only,2025-08-29,VTV,0.00618970379948542,0.019529753810910266,0.012751409122348421,0.04494505586445494,0.013340050011424846,0.006561705322863001
positive_no_prior_lengthscale_only,2025-08-29,IJR,0.001668437180918304,0.007030856049952794,0.004640983968729531,0.06081274240839429,0.00536241886903449,0.0029725467878112272
positive_no_prior_lengthscale_only,2025-08-29,IWM,0.0010644498459761002,0.028272862598571757,0.0032911712594384094,0.06140396233833029,0.027208412752595657,0.002226721413462309
positive_no_prior_lengthscale_only,2025-08-29,VNQ,0.0018369329016156865,-0.002835540326792896,0.00829997028326614,0.05592964032412587,-0.004672473228408582,0.006463037381650454
positive_no_prior_lengthscale_only,2025-08-29,VNQI,-0.0019214031342625851,0.010131917120224765,0.006519841810203513,0.0499107969824792,0.01205332025448735,0.008441244944466098
positive_no_prior_lengthscale_only,2025-08-29,VEA,0.0040378080326814204,0.022001068135094393,0.01243016074644817,0.0493771525450745,0.017963260102412972,0.00839235271376675
positive_no_prior_lengthscale_only,2025-08-29,VWO,0.00031709987981788515,0.053275426570534856,0.005509578818109529,0.046858336104749855,0.05295832669071697,0.005192478938291644
positive_no_prior_lengthscale_only,2025-08-29,VSS,0.002147150014395626,0.018182193335737562,0.008026433205294031,0.04905132332886426,0.016035043321341935,0.0058792831908984055
positive_no_prior_lengthscale_only,2025-08-29,BND,-0.0028052261627249343,0.007605185555678684,-0.0007729875833284872,0.01753546390247021,0.01041041171840362,0.002032238579396447
positive_no_prior_lengthscale_only,2025-08-29,IEF,-0.00354141234089977,0.0030789765395491386,-0.0018500012062205643,0.020314743909525323,0.006620388880448909,0.0016914111346792058
positive_no_prior_lengthscale_only,2025-08-29,BNDX,-0.0027157202032779626,0.0018362952066057758,-0.0012170335868052255,0.015085441866126795,0.0045520154098837385,0.0014986866164727372
positive_no_prior_lengthscale_only,2025-08-29,LQD,-0.002606769322014757,0.015298491121950697,0.00015925808774265538,0.027741699897126482,0.017905260443965454,0.0027660274097574124
positive_no_prior_lengthscale_only,2025-08-29,HYG,0.00042518698438489,0.005419530370210479,0.003497956924365414,0.02415897249318939,0.004994343385825589,0.003072769939980524
positive_no_prior_lengthscale_only,2025-08-29,EWX,0.0034956840409672957,0.00934001338555035,0.0053407974568919605,0.04099608090708894,0.005844329344583054,0.0018451134159246647
positive_no_prior_lengthscale_only,2025-08-29,VWOB,-0.000903800312290759,0.011313877152875351,0.004400510590947864,0.030984844795261975,0.01221767746516611,0.005304310903238623
positive_no_prior_lengthscale_only,2025-08-29,HYEM,-0.000373655432730694,-0.003310550556556602,0.0033721974330803914,0.02846976243823987,-0.002936895123825908,0.003745852865811085
positive_no_prior_neither,2025-08-29,SPY,0.008484261806604877,0.03208906394277711,0.014107356204569432,0.04797238932730676,0.02360480213617223,0.005623094397964556
positive_no_prior_neither,2025-08-29,MGK,0.010974600181954803,0.04538102472427963,0.013449533007795122,0.05931766099873221,0.03440642454232483,0.002474932825840319
positive_no_prior_neither,2025-08-29,VTV,0.00618970379948542,0.019529753810910266,0.015642008370471285,0.04538038333540746,0.013340050011424846,0.009452304570985864
positive_no_prior_neither,2025-08-29,IJR,0.001668437180918304,0.007030856049952794,0.009255043288589265,0.06196071832335449,0.00536241886903449,0.007586606107670961
positive_no_prior_neither,2025-08-29,IWM,0.0010644498459761002,0.028272862598571757,0.007857019394006787,0.06365237431081527,0.027208412752595657,0.006792569548030687
positive_no_prior_neither,2025-08-29,VNQ,0.0018369329016156865,-0.002835540326792896,0.01095057664566742,0.05632492674250696,-0.004672473228408582,0.009113643744051735
positive_no_prior_neither,2025-08-29,VNQI,-0.0019214031342625851,0.010131917120224765,0.007660024321985291,0.04757123493206666,0.01205332025448735,0.009581427456247876
positive_no_prior_neither,2025-08-29,VEA,0.0040378080326814204,0.022001068135094393,0.012867424803053694,0.04699475065772798,0.017963260102412972,0.008829616770372273
positive_no_prior_neither,2025-08-29,VWO,0.00031709987981788515,0.053275426570534856,0.008858872848132719,0.04477457000514222,0.05295832669071697,0.008541772968314834
positive_no_prior_neither,2025-08-29,VSS,0.002147150014395626,0.018182193335737562,0.00893334339354405,0.04788921699877598,0.016035043321341935,0.006786193379148424
positive_no_prior_neither,2025-08-29,BND,-0.0028052261627249343,0.007605185555678684,-0.00034451957977397465,0.01673694457444151,0.01041041171840362,0.0024607065829509596
positive_no_prior_neither,2025-08-29,IEF,-0.00354141234089977,0.0030789765395491386,-0.0016189691661287289,0.019577674716859086,0.006620388880448909,0.0019224431747710412
positive_no_prior_neither,2025-08-29,BNDX,-0.0027157202032779626,0.0018362952066057758,-0.0016720609849732622,0.014676345967013733,0.0045520154098837385,0.0010436592183047004
positive_no_prior_neither,2025-08-29,LQD,-0.002606769322014757,0.015298491121950697,-1.6713867817982637e-05,0.026732555636966738,0.017905260443965454,0.0025900554541967743
positive_no_prior_neither,2025-08-29,HYG,0.00042518698438489,0.005419530370210479,0.00365610239954871,0.024037078047577348,0.004994343385825589,0.00323091541516382
positive_no_prior_neither,2025-08-29,EWX,0.0034956840409672957,0.00934001338555035,0.008379032528560428,0.0391133394420669,0.005844329344583054,0.004883348487593132
positive_no_prior_neither,2025-08-29,VWOB,-0.000903800312290759,0.011313877152875351,0.004055505418798252,0.029882019358695472,0.01221767746516611,0.004959305731089011
positive_no_prior_neither,2025-08-29,HYEM,-0.000373655432730694,-0.003310550556556602,0.0031893781204906553,0.02733630435193129,-0.002936895123825908,0.003563033553221349
historical_mean,2025-09-30,SPY,0.008921387772089548,0.02028375894432366,0.008921387772089548,0.04530572372076577,0.011362371172234112,0.0
historical_mean,2025-09-30,MGK,0.011611756191997856,0.04184616666398688,0.011611756191997856,0.059201630723363305,0.030234410471989027,0.0
historical_mean,2025-09-30,VTV,0.0064367417626599545,-0.007371739211896489,0.0064367417626599545,0.040930612480844425,-0.013808480974556444,0.0
historical_mean,2025-09-30,IJR,0.0017677412340485724,-0.012108590721114587,0.0017677412340485724,0.05822388311278559,-0.013876331955163159,0.0
historical_mean,2025-09-30,IWM,0.0015683093413945384,0.014115453040836279,0.0015683093413945384,0.05974563725561088,0.01254714369944174,0.0
historical_mean,2025-09-30,VNQ,0.00175040561960812,-0.027888055765740494,0.00175040561960812,0.05661331546382541,-0.029638461385348612,0.0
historical_mean,2025-09-30,VNQI,-0.0016981934999202267,-0.015995303603671296,-0.0016981934999202267,0.04788466437818778,-0.014297110103751069,0.0
historical_mean,2025-09-30,VEA,0.00437046099754092,0.014158067636574012,0.00437046099754092,0.04503207166216481,0.009787606639033091,0.0
historical_mean,2025-09-30,VWO,0.0012978096333496809,0.01105958429806142,0.0012978096333496809,0.04190874678886383,0.00976177466471174,0.0
historical_mean,2025-09-30,VSS,0.0024440952610871435,-0.004799080760367169,0.0024440952610871435,0.045874055257395636,-0.007243176021454313,0.0
historical_mean,2025-09-30,BND,-0.002612440760532275,0.002537797325417923,-0.002612440760532275,0.01878812400287835,0.005150238085950198,0.0
historical_mean,2025-09-30,IEF,-0.003418812546817383,0.0036171952388968087,-0.003418812546817383,0.022366538623873458,0.007036007785714192,0.0
historical_mean,2025-09-30,BNDX,-0.002631423621613449,0.006523664675198493,-0.002631423621613449,0.01532421553362729,0.009155088296811942,0.0
historical_mean,2025-09-30,LQD,-0.0022751904249042857,-0.0019813075408361414,-0.0022751904249042857,0.02897721167290285,0.0002938828840681443,0.0
historical_mean,2025-09-30,HYG,0.0005176748248631416,-0.003581832310472044,0.0005176748248631416,0.02274228312883123,-0.004099507135335185,0.0
historical_mean,2025-09-30,EWX,0.003603912362163278,-0.003915097877319473,0.003603912362163278,0.0367331171895964,-0.007519010239482751,0.0
historical_mean,2025-09-30,VWOB,-0.000677547025898794,0.017691150240358278,-0.000677547025898794,0.029465175179826473,0.018368697266257072,0.0
historical_mean,2025-09-30,HYEM,-0.0004280423794682108,0.00027660203614199297,-0.0004280423794682108,0.025505555474386703,0.0007046444156102037,0.0
positive_no_prior_both,2025-09-30,SPY,0.008921387772089548,0.02028375894432366,0.011220477909131164,0.041735505598795485,0.011362371172234112,0.002299090137041616
positive_no_prior_both,2025-09-30,MGK,0.011611756191997856,0.04184616666398688,0.01373604558888049,0.0539124371222211,0.030234410471989027,0.002124289396882634
positive_no_prior_both,2025-09-30,VTV,0.0064367417626599545,-0.007371739211896489,0.008764337725523184,0.040019973409861354,-0.013808480974556444,0.0023275959628632293
positive_no_prior_both,2025-09-30,IJR,0.0017677412340485724,-0.012108590721114587,0.004738338535193268,0.05885718945408746,-0.013876331955163159,0.0029705973011446957
positive_no_prior_both,2025-09-30,IWM,0.0015683093413945384,0.014115453040836279,0.004727457460241806,0.06036032722414443,0.01254714369944174,0.003159148118847267
positive_no_prior_both,2025-09-30,VNQ,0.00175040561960812,-0.027888055765740494,0.0027984678579023536,0.051726272083513165,-0.029638461385348612,0.0010480622382942335
positive_no_prior_both,2025-09-30,VNQI,-0.0016981934999202267,-0.015995303603671296,-0.0006188233382798862,0.04362709092914368,-0.014297110103751069,0.0010793701616403405
positive_no_prior_both,2025-09-30,VEA,0.00437046099754092,0.014158067636574012,0.006383391567337805,0.04195041861087412,0.009787606639033091,0.0020129305697968846
positive_no_prior_both,2025-09-30,VWO,0.0012978096333496809,0.01105958429806142,0.0036333885383319276,0.038847723267799394,0.00976177466471174,0.0023355789049822467
positive_no_prior_both,2025-09-30,VSS,0.0024440952610871435,-0.004799080760367169,0.0025086326753332674,0.04133930292566031,-0.007243176021454313,6.453741424612388e-05
positive_no_prior_both,2025-09-30,BND,-0.002612440760532275,0.002537797325417923,-0.0009266848030292376,0.01617463518512791,0.005150238085950198,0.0016857559575030373
positive_no_prior_both,2025-09-30,IEF,-0.003418812546817383,0.0036171952388968087,-0.0018723430616473192,0.01939234002476259,0.007036007785714192,0.0015464694851700636
positive_no_prior_both,2025-09-30,BNDX,-0.002631423621613449,0.006523664675198493,-0.001383826826309847,0.013352525331070576,0.009155088296811942,0.001247596795303602
positive_no_prior_both,2025-09-30,LQD,-0.0022751904249042857,-0.0019813075408361414,-0.00022443224843290543,0.024436084675697675,0.0002938828840681443,0.0020507581764713802
positive_no_prior_both,2025-09-30,HYG,0.0005176748248631416,-0.003581832310472044,0.002053267427477559,0.0201818292907458,-0.004099507135335185,0.0015355926026144175
positive_no_prior_both,2025-09-30,EWX,0.003603912362163278,-0.003915097877319473,0.004459048295696998,0.03452886359295892,-0.007519010239482751,0.0008551359335337203
positive_no_prior_both,2025-09-30,VWOB,-0.000677547025898794,0.017691150240358278,0.0013522935430264641,0.026658130130519066,0.018368697266257072,0.0020298405689252582
positive_no_prior_both,2025-09-30,HYEM,-0.0004280423794682108,0.00027660203614199297,0.0016162739972347129,0.02375041539699196,0.0007046444156102037,0.0020443163767029236
positive_no_prior_outputscale_only,2025-09-30,SPY,0.008921387772089548,0.02028375894432366,0.0162860994453822,0.04177357607925445,0.011362371172234112,0.007364711673292654
positive_no_prior_outputscale_only,2025-09-30,MGK,0.011611756191997856,0.04184616666398688,0.021582350952182,0.05472594162711051,0.030234410471989027,0.009970594760184144
positive_no_prior_outputscale_only,2025-09-30,VTV,0.0064367417626599545,-0.007371739211896489,0.012612553668769528,0.03986427392276289,-0.013808480974556444,0.0061758119061095735
positive_no_prior_outputscale_only,2025-09-30,IJR,0.0017677412340485724,-0.012108590721114587,0.018598836609306744,0.05685492418840365,-0.013876331955163159,0.016831095375258173
positive_no_prior_outputscale_only,2025-09-30,IWM,0.0015683093413945384,0.014115453040836279,0.01860551505610714,0.057323141302670334,0.01254714369944174,0.0170372057147126
positive_no_prior_outputscale_only,2025-09-30,VNQ,0.00175040561960812,-0.027888055765740494,0.006876415582744455,0.050293298581769695,-0.029638461385348612,0.005126009963136335
positive_no_prior_outputscale_only,2025-09-30,VNQI,-0.0016981934999202267,-0.015995303603671296,0.005428629531669748,0.04320027404172172,-0.014297110103751069,0.007126823031589975
positive_no_prior_outputscale_only,2025-09-30,VEA,0.00437046099754092,0.014158067636574012,0.008169189693885318,0.04179111756149627,0.009787606639033091,0.0037987286963443974
positive_no_prior_outputscale_only,2025-09-30,VWO,0.0012978096333496809,0.01105958429806142,0.013710058424987494,0.03833361059253928,0.00976177466471174,0.012412248791637813
positive_no_prior_outputscale_only,2025-09-30,VSS,0.0024440952610871435,-0.004799080760367169,0.008707866072111353,0.04198107232937861,-0.007243176021454313,0.00626377081102421
positive_no_prior_outputscale_only,2025-09-30,BND,-0.002612440760532275,0.002537797325417923,0.0011130086000188917,0.015505579390910209,0.005150238085950198,0.0037254493605511666
positive_no_prior_outputscale_only,2025-09-30,IEF,-0.003418812546817383,0.0036171952388968087,0.0007506409550134484,0.018348973323201002,0.007036007785714192,0.004169453501830831
positive_no_prior_outputscale_only,2025-09-30,BNDX,-0.002631423621613449,0.006523664675198493,-0.0005336221842145708,0.013394937062300912,0.009155088296811942,0.0020978014373988782
positive_no_prior_outputscale_only,2025-09-30,LQD,-0.0022751904249042857,-0.0019813075408361414,0.0022438779835621194,0.024476098323238323,0.0002938828840681443,0.004519068408466405
positive_no_prior_outputscale_only,2025-09-30,HYG,0.0005176748248631416,-0.003581832310472044,0.0024963893235571567,0.020807046148341276,-0.004099507135335185,0.0019787144986940152
positive_no_prior_outputscale_only,2025-09-30,EWX,0.003603912362163278,-0.003915097877319473,0.01181149709981946,0.03386226012192068,-0.007519010239482751,0.008207584737656183
positive_no_prior_outputscale_only,2025-09-30,VWOB,-0.000677547025898794,0.017691150240358278,0.003305879859276736,0.026458336809107304,0.018368697266257072,0.00398342688517553
positive_no_prior_outputscale_only,2025-09-30,HYEM,-0.0004280423794682108,0.00027660203614199297,-0.0005706735640800716,0.02384882877370946,0.0007046444156102037,-0.00014263118461186073
positive_no_prior_lengthscale_only,2025-09-30,SPY,0.008921387772089548,0.02028375894432366,0.00940096407025038,0.04544288745445834,0.011362371172234112,0.00047957629816083175
positive_no_prior_lengthscale_only,2025-09-30,MGK,0.011611756191997856,0.04184616666398688,0.010515086299345855,0.05728193543564473,0.030234410471989027,-0.0010966698926520007
positive_no_prior_lengthscale_only,2025-09-30,VTV,0.0064367417626599545,-0.007371739211896489,0.008518541627757718,0.04295821228734837,-0.013808480974556444,0.002081799865097764
positive_no_prior_lengthscale_only,2025-09-30,IJR,0.0017677412340485724,-0.012108590721114587,0.005996886052758181,0.05454591123981591,-0.013876331955163159,0.0042291448187096094
positive_no_prior_lengthscale_only,2025-09-30,IWM,0.0015683093413945384,0.014115453040836279,0.005465610557746643,0.05574198640973273,0.01254714369944174,0.003897301216352105
positive_no_prior_lengthscale_only,2025-09-30,VNQ,0.00175040561960812,-0.027888055765740494,0.002953415181856262,0.05597495328853792,-0.029638461385348612,0.0012030095622481418
positive_no_prior_lengthscale_only,2025-09-30,VNQI,-0.0016981934999202267,-0.015995303603671296,-0.0029887046030156214,0.047927011082791404,-0.014297110103751069,-0.0012905111030953947
positive_no_prior_lengthscale_only,2025-09-30,VEA,0.00437046099754092,0.014158067636574012,0.0035571718561750298,0.048176949706255,0.009787606639033091,-0.0008132891413658904
positive_no_prior_lengthscale_only,2025-09-30,VWO,0.0012978096333496809,0.01105958429806142,0.00012205590155406972,0.04049542578525558,0.00976177466471174,-0.0011757537317956112
positive_no_prior_lengthscale_only,2025-09-30,VSS,0.0024440952610871435,-0.004799080760367169,0.0008944663732428531,0.04663428529601797,-0.007243176021454313,-0.0015496288878442904
positive_no_prior_lengthscale_only,2025-09-30,BND,-0.002612440760532275,0.002537797325417923,-0.0019982636868186737,0.016721572531405462,0.005150238085950198,0.0006141770737136012
positive_no_prior_lengthscale_only,2025-09-30,IEF,-0.003418812546817383,0.0036171952388968087,-0.0027689563417665117,0.019728483003967318,0.007036007785714192,0.0006498562050508711
positive_no_prior_lengthscale_only,2025-09-30,BNDX,-0.002631423621613449,0.006523664675198493,-0.002217763356461952,0.014001979379512629,0.009155088296811942,0.00041366026515149684
positive_no_prior_lengthscale_only,2025-09-30,LQD,-0.0022751904249042857,-0.0019813075408361414,-0.0017295983237592231,0.026146892130049827,0.0002938828840681443,0.0005455921011450625
positive_no_prior_lengthscale_only,2025-09-30,HYG,0.0005176748248631416,-0.003581832310472044,0.000840885067658973,0.022847993918604138,-0.004099507135335185,0.0003232102427958314
positive_no_prior_lengthscale_only,2025-09-30,EWX,0.003603912362163278,-0.003915097877319473,0.00273590453575293,0.03667418494146426,-0.007519010239482751,-0.0008680078264103482
positive_no_prior_lengthscale_only,2025-09-30,VWOB,-0.000677547025898794,0.017691150240358278,-0.0007725627103717057,0.02944533752202803,0.018368697266257072,-9.501568447291167e-05
positive_no_prior_lengthscale_only,2025-09-30,HYEM,-0.0004280423794682108,0.00027660203614199297,-0.0010626993666340498,0.026769700538559742,0.0007046444156102037,-0.000634656987165839
positive_no_prior_neither,2025-09-30,SPY,0.008921387772089548,0.02028375894432366,0.008709766602826487,0.04553493179109615,0.011362371172234112,-0.00021162116926306054
positive_no_prior_neither,2025-09-30,MGK,0.011611756191997856,0.04184616666398688,0.009556117402757552,0.05652767072872696,0.030234410471989027,-0.0020556387892403036
positive_no_prior_neither,2025-09-30,VTV,0.0064367417626599545,-0.007371739211896489,0.007300068238317996,0.042951428623646856,-0.013808480974556444,0.0008633264756580418
positive_no_prior_neither,2025-09-30,IJR,0.0017677412340485724,-0.012108590721114587,0.009955054839706478,0.05728696652497315,-0.013876331955163159,0.008187313605657906
positive_no_prior_neither,2025-09-30,IWM,0.0015683093413945384,0.014115453040836279,0.008428887797057387,0.05855558745158708,0.01254714369944174,0.006860578455662849
positive_no_prior_neither,2025-09-30,VNQ,0.00175040561960812,-0.027888055765740494,0.0014457334539932417,0.055957948550814735,-0.029638461385348612,-0.00030467216561487834
positive_no_prior_neither,2025-09-30,VNQI,-0.0016981934999202267,-0.015995303603671296,-0.0030363171714944117,0.04742269616902549,-0.014297110103751069,-0.001338123671574185
positive_no_prior_neither,2025-09-30,VEA,0.00437046099754092,0.014158067636574012,0.0021060571202796367,0.04693549198076504,0.009787606639033091,-0.0022644038772612835
positive_no_prior_neither,2025-09-30,VWO,0.0012978096333496809,0.01105958429806142,-0.0011115083467313353,0.04131065114750464,0.00976177466471174,-0.002409317980081016
positive_no_prior_neither,2025-09-30,VSS,0.0024440952610871435,-0.004799080760367169,0.0019538251027069464,0.04586797277043415,-0.007243176021454313,-0.0004902701583801971
positive_no_prior_neither,2025-09-30,BND,-0.002612440760532275,0.002537797325417923,-0.0009999446130180604,0.01651129452055192,0.005150238085950198,0.0016124961475142145
positive_no_prior_neither,2025-09-30,IEF,-0.003418812546817383,0.0036171952388968087,-0.0011369841615405949,0.019327143476122438,0.007036007785714192,0.002281828385276788
positive_no_prior_neither,2025-09-30,BNDX,-0.002631423621613449,0.006523664675198493,-0.0022643506541057843,0.013837099799082984,0.009155088296811942,0.00036707296750766467
positive_no_prior_neither,2025-09-30,LQD,-0.0022751904249042857,-0.0019813075408361414,-0.0017501307790146717,0.025630260929633174,0.0002938828840681443,0.000525059645889614
positive_no_prior_neither,2025-09-30,HYG,0.0005176748248631416,-0.003581832310472044,-0.0004088878266728897,0.022191770842338095,-0.004099507135335185,-0.0009265626515360313
positive_no_prior_neither,2025-09-30,EWX,0.003603912362163278,-0.003915097877319473,0.002684583086262721,0.03724143560094572,-0.007519010239482751,-0.0009193292759005572
positive_no_prior_neither,2025-09-30,VWOB,-0.000677547025898794,0.017691150240358278,-0.001089765591890971,0.0290762969375897,0.018368697266257072,-0.00041221856599217707
positive_no_prior_neither,2025-09-30,HYEM,-0.0004280423794682108,0.00027660203614199297,-0.004267662109308905,0.027210143059208228,0.0007046444156102037,-0.0038396197298406942
historical_mean,2025-10-31,SPY,0.00912797633885744,-0.001039617729681419,0.00912797633885744,0.044910407117204544,-0.010167594068538859,0.0
historical_mean,2025-10-31,MGK,0.01216147274603402,-0.018174122322586972,0.01216147274603402,0.05879242400123929,-0.03033559506862099,0.0
historical_mean,2025-10-31,VTV,0.006185678472213474,0.02234958180665636,0.006185678472213474,0.040592579225395185,0.016163903334442887,0.0
historical_mean,2025-10-31,IJR,0.0015154442894092421,0.022999546830901885,0.0015154442894092421,0.05771259275305756,0.021484102541492644,0.0
historical_mean,2025-10-31,IWM,0.0017964392268389336,0.007219933427264902,0.0017964392268389336,0.05921402650770006,0.005423494200425968,0.0
historical_mean,2025-10-31,VNQ,0.0012115245035108726,0.02116455054555555,0.0012115245035108726,0.05622887152816875,0.019953026042044675,0.0
historical_mean,2025-10-31,VNQI,-0.0019581409563520645,0.011398276316832767,-0.0019581409563520645,0.04747837095054195,0.013356417273184831,0.0
historical_mean,2025-10-31,VEA,0.004548417481886976,0.006662577508105283,0.004548417481886976,0.0446326760841844,0.0021141600262183065,0.0
historical_mean,2025-10-31,VWO,0.0014752964454353488,-0.015135981764385575,0.0014752964454353488,0.041539749304071,-0.016611278209820925,0.0
historical_mean,2025-10-31,VSS,0.0023124011516061564,0.006820955763576553,0.0023124011516061564,0.04545780376317812,0.004508554611970396,0.0
historical_mean,2025-10-31,BND,-0.002518800068060453,0.00297114143881938,-0.002518800068060453,0.018626297453441548,0.005489941506879833,0.0
historical_mean,2025-10-31,IEF,-0.0032908851325316704,0.00686801303321638,-0.0032908851325316704,0.02217877445349183,0.01015889816574805,0.0
historical_mean,2025-10-31,BNDX,-0.002464967470762323,-0.004807659780811324,-0.002464967470762323,0.015231768429332786,-0.002342692310049001,0.0
historical_mean,2025-10-31,LQD,-0.00226984709973941,0.006300096794094712,-0.00226984709973941,0.028707677706642655,0.008569943893834121,0.0
historical_mean,2025-10-31,HYG,0.000443138331493411,0.004457641722011463,0.000443138331493411,0.022537502415602713,0.004014503390518052,0.0
historical_mean,2025-10-31,EWX,0.0034672030850817735,-0.016176668191666965,0.0034672030850817735,0.03640552670069025,-0.01964387127674874,0.0
historical_mean,2025-10-31,VWOB,-0.0003435707119668472,0.0006545758910070365,-0.0003435707119668472,0.029295964642314293,0.0009981466029738836,0.0
historical_mean,2025-10-31,HYEM,-0.0004152306628207526,-0.0021992661278306125,-0.0004152306628207526,0.025268467972682427,-0.0017840354650098598,0.0
positive_no_prior_both,2025-10-31,SPY,0.00912797633885744,-0.001039617729681419,0.01312144075253759,0.03632561159469196,-0.010167594068538859,0.0039934644136801496
positive_no_prior_both,2025-10-31,MGK,0.01216147274603402,-0.018174122322586972,0.019591430541125856,0.050792317380114735,-0.03033559506862099,0.007429957795091835
positive_no_prior_both,2025-10-31,VTV,0.006185678472213474,0.02234958180665636,0.008466969063237304,0.03385296739335125,0.016163903334442887,0.0022812905910238298
positive_no_prior_both,2025-10-31,IJR,0.0015154442894092421,0.022999546830901885,0.00416726687814938,0.049219844701611996,0.021484102541492644,0.0026518225887401377
positive_no_prior_both,2025-10-31,IWM,0.0017964392268389336,0.007219933427264902,0.0058464230303617954,0.048434514074613105,0.005423494200425968,0.004049983803522862
positive_no_prior_both,2025-10-31,VNQ,0.0012115245035108726,0.02116455054555555,0.004448647713965784,0.0451011741134225,0.019953026042044675,0.0032371232104549115
positive_no_prior_both,2025-10-31,VNQI,-0.0019581409563520645,0.011398276316832767,0.002791590995248419,0.03903598144995576,0.013356417273184831,0.004749731951600483
positive_no_prior_both,2025-10-31,VEA,0.004548417481886976,0.006662577508105283,0.008380260062849839,0.03680397741124901,0.0021141600262183065,0.0038318425809628623
positive_no_prior_both,2025-10-31,VWO,0.0014752964454353488,-0.015135981764385575,0.008052889676528698,0.03944941319480906,-0.016611278209820925,0.006577593231093349
positive_no_prior_both,2025-10-31,VSS,0.0023124011516061564,0.006820955763576553,0.005232795074245956,0.03739838347502964,0.004508554611970396,0.0029203939226397995
positive_no_prior_both,2025-10-31,BND,-0.002518800068060453,0.00297114143881938,-0.00123527030028375,0.015089492654146866,0.005489941506879833,0.001283529767776703
positive_no_prior_both,2025-10-31,IEF,-0.0032908851325316704,0.00686801303321638,-0.002249137493090898,0.01807539501454194,0.01015889816574805,0.0010417476394407725
positive_no_prior_both,2025-10-31,BNDX,-0.002464967470762323,-0.004807659780811324,-0.0005968293333688266,0.012548283434927006,-0.002342692310049001,0.0018681381373934964
positive_no_prior_both,2025-10-31,LQD,-0.00226984709973941,0.006300096794094712,-0.0001989467503705298,0.022178362673256093,0.008569943893834121,0.0020709003493688803
positive_no_prior_both,2025-10-31,HYG,0.000443138331493411,0.004457641722011463,0.0024248980915447596,0.018143160757634495,0.004014503390518052,0.0019817597600513487
positive_no_prior_both,2025-10-31,EWX,0.0034672030850817735,-0.016176668191666965,0.006769163621901893,0.03456859535744788,-0.01964387127674874,0.0033019605368201192
positive_no_prior_both,2025-10-31,VWOB,-0.0003435707119668472,0.0006545758910070365,0.0022246726612605563,0.023034477731203665,0.0009981466029738836,0.0025682433732274034
positive_no_prior_both,2025-10-31,HYEM,-0.0004152306628207526,-0.0021992661278306125,0.0029237876281737653,0.02258694492922652,-0.0017840354650098598,0.003339018290994518
positive_no_prior_outputscale_only,2025-10-31,SPY,0.00912797633885744,-0.001039617729681419,0.01854271528758889,0.03829939024624061,-0.010167594068538859,0.009414738948731452
positive_no_prior_outputscale_only,2025-10-31,MGK,0.01216147274603402,-0.018174122322586972,0.02423083702574687,0.051418611881816206,-0.03033559506862099,0.012069364279712851
positive_no_prior_outputscale_only,2025-10-31,VTV,0.006185678472213474,0.02234958180665636,0.012426686686763083,0.034532650572257316,0.016163903334442887,0.006241008214549609
positive_no_prior_outputscale_only,2025-10-31,IJR,0.0015154442894092421,0.022999546830901885,0.01164610956550402,0.04986352647597188,0.021484102541492644,0.010130665276094778
positive_no_prior_outputscale_only,2025-10-31,IWM,0.0017964392268389336,0.007219933427264902,0.01635789599342501,0.053060678427972977,0.005423494200425968,0.014561456766586076
positive_no_prior_outputscale_only,2025-10-31,VNQ,0.0012115245035108726,0.02116455054555555,0.00856376678534529,0.046036534504735,0.019953026042044675,0.007352242281834417
positive_no_prior_outputscale_only,2025-10-31,VNQI,-0.0019581409563520645,0.011398276316832767,0.00724496078273831,0.03985567721411665,0.013356417273184831,0.009203101739090374
positive_no_prior_outputscale_only,2025-10-31,VEA,0.004548417481886976,0.006662577508105283,0.011787848697372729,0.03797508393477097,0.0021141600262183065,0.007239431215485753
positive_no_prior_outputscale_only,2025-10-31,VWO,0.0014752964454353488,-0.015135981764385575,0.014188965358556594,0.04082539376170877,-0.016611278209820925,0.012713668913121244
positive_no_prior_outputscale_only,2025-10-31,VSS,0.0023124011516061564,0.006820955763576553,0.010369905408475256,0.03796339703762037,0.004508554611970396,0.008057504256869099
positive_no_prior_outputscale_only,2025-10-31,BND,-0.002518800068060453,0.00297114143881938,0.0008125236580928696,0.014665764399334152,0.005489941506879833,0.0033313237261533226
positive_no_prior_outputscale_only,2025-10-31,IEF,-0.0032908851325316704,0.00686801303321638,0.00040659444704830823,0.018056579473196638,0.01015889816574805,0.0036974795795799787
positive_no_prior_outputscale_only,2025-10-31,BNDX,-0.002464967470762323,-0.004807659780811324,0.0007630882909425299,0.013101860994419703,-0.002342692310049001,0.003228055761704853
positive_no_prior_outputscale_only,2025-10-31,LQD,-0.00226984709973941,0.006300096794094712,0.0030476521406762806,0.02326145870018272,0.008569943893834121,0.005317499240415691
positive_no_prior_outputscale_only,2025-10-31,HYG,0.000443138331493411,0.004457641722011463,0.003552867659160653,0.01854951210246408,0.004014503390518052,0.003109729327667242
positive_no_prior_outputscale_only,2025-10-31,EWX,0.0034672030850817735,-0.016176668191666965,0.011990418981990781,0.03331070184972,-0.01964387127674874,0.008523215896909008
positive_no_prior_outputscale_only,2025-10-31,VWOB,-0.0003435707119668472,0.0006545758910070365,0.005339624633381709,0.024366366947536657,0.0009981466029738836,0.0056831953453485564
positive_no_prior_outputscale_only,2025-10-31,HYEM,-0.0004152306628207526,-0.0021992661278306125,0.005045543748835574,0.02186814154191438,-0.0017840354650098598,0.005460774411656326
positive_no_prior_lengthscale_only,2025-10-31,SPY,0.00912797633885744,-0.001039617729681419,0.017731460045470444,0.039810462769733726,-0.010167594068538859,0.008603483706613005
positive_no_prior_lengthscale_only,2025-10-31,MGK,0.01216147274603402,-0.018174122322586972,0.01449526827541789,0.050067813627473694,-0.03033559506862099,0.0023337955293838697
positive_no_prior_lengthscale_only,2025-10-31,VTV,0.006185678472213474,0.02234958180665636,0.02040552699432867,0.03969714945840232,0.016163903334442887,0.014219848522115199
positive_no_prior_lengthscale_only,2025-10-31,IJR,0.0015154442894092421,0.022999546830901885,0.029426616997746225,0.05220893903233358,0.021484102541492644,0.027911172708336984
positive_no_prior_lengthscale_only,2025-10-31,IWM,0.0017964392268389336,0.007219933427264902,0.029520657153799684,0.052505951384759976,0.005423494200425968,0.02772421792696075
positive_no_prior_lengthscale_only,2025-10-31,VNQ,0.0012115245035108726,0.02116455054555555,0.01501283039008911,0.05012512923677287,0.019953026042044675,0.013801305886578238
positive_no_prior_lengthscale_only,2025-10-31,VNQI,-0.0019581409563520645,0.011398276316832767,0.011779892668896565,0.04576161590429445,0.013356417273184831,0.013738033625248629
positive_no_prior_lengthscale_only,2025-10-31,VEA,0.004548417481886976,0.006662577508105283,0.015643522603369257,0.04324676601896474,0.0021141600262183065,0.01109510512148228
positive_no_prior_lengthscale_only,2025-10-31,VWO,0.0014752964454353488,-0.015135981764385575,0.013647582467022155,0.04347519614598478,-0.016611278209820925,0.012172286021586806
positive_no_prior_lengthscale_only,2025-10-31,VSS,0.0023124011516061564,0.006820955763576553,0.015552317213899713,0.04318200073696746,0.004508554611970396,0.013239916062293557
positive_no_prior_lengthscale_only,2025-10-31,BND,-0.002518800068060453,0.00297114143881938,0.0001147668351751431,0.014785483608744763,0.005489941506879833,0.002633566903235596
positive_no_prior_lengthscale_only,2025-10-31,IEF,-0.0032908851325316704,0.00686801303321638,-0.00100520344148147,0.01728170117674611,0.01015889816574805,0.0022856816910502005
positive_no_prior_lengthscale_only,2025-10-31,BNDX,-0.002464967470762323,-0.004807659780811324,-0.001763403788874539,0.012081331724066221,-0.002342692310049001,0.000701563681887784
positive_no_prior_lengthscale_only,2025-10-31,LQD,-0.00226984709973941,0.006300096794094712,0.0023091298065856234,0.022882442195174737,0.008569943893834121,0.0045789769063250335
positive_no_prior_lengthscale_only,2025-10-31,HYG,0.000443138331493411,0.004457641722011463,0.0044379111901191185,0.019712232986356607,0.004014503390518052,0.003994772858625708
positive_no_prior_lengthscale_only,2025-10-31,EWX,0.0034672030850817735,-0.016176668191666965,0.015952020451505188,0.03662198442122946,-0.01964387127674874,0.012484817366423415
positive_no_prior_lengthscale_only,2025-10-31,VWOB,-0.0003435707119668472,0.0006545758910070365,0.005720860549361379,0.026364728901274295,0.0009981466029738836,0.006064431261328226
positive_no_prior_lengthscale_only,2025-10-31,HYEM,-0.0004152306628207526,-0.0021992661278306125,0.006803157663540725,0.025524058366853005,-0.0017840354650098598,0.007218388326361477
positive_no_prior_neither,2025-10-31,SPY,0.00912797633885744,-0.001039617729681419,0.019627627150275703,0.03953739627603863,-0.010167594068538859,0.010499650811418263
positive_no_prior_neither,2025-10-31,MGK,0.01216147274603402,-0.018174122322586972,0.015900021765206464,0.04983472919339123,-0.03033559506862099,0.003738549019172444
positive_no_prior_neither,2025-10-31,VTV,0.006185678472213474,0.02234958180665636,0.022261729974996546,0.038975372534631146,0.016163903334442887,0.016076051502783073
positive_no_prior_neither,2025-10-31,IJR,0.0015154442894092421,0.022999546830901885,0.03249112273469179,0.05167590904342141,0.021484102541492644,0.03097567844528255
positive_no_prior_neither,2025-10-31,IWM,0.0017964392268389336,0.007219933427264902,0.03526024190347115,0.052755275045797224,0.005423494200425968,0.033463802676632216
positive_no_prior_neither,2025-10-31,VNQ,0.0012115245035108726,0.02116455054555555,0.015755690003079737,0.05041604238368847,0.019953026042044675,0.014544165499568865
positive_no_prior_neither,2025-10-31,VNQI,-0.0019581409563520645,0.011398276316832767,0.01366480589523156,0.045124053431179166,0.013356417273184831,0.015622946851583623
positive_no_prior_neither,2025-10-31,VEA,0.004548417481886976,0.006662577508105283,0.016890849802355883,0.04314187407761384,0.0021141600262183065,0.012342432320468905
positive_no_prior_neither,2025-10-31,VWO,0.0014752964454353488,-0.015135981764385575,0.016275541951618764,0.04169115299009199,-0.016611278209820925,0.014800245506183415
positive_no_prior_neither,2025-10-31,VSS,0.0023124011516061564,0.006820955763576553,0.017064741105304194,0.04361270819681129,0.004508554611970396,0.014752339953698037
positive_no_prior_neither,2025-10-31,BND,-0.002518800068060453,0.00297114143881938,0.0014714708061750155,0.01467284704124325,0.005489941506879833,0.0039902708742354685
positive_no_prior_neither,2025-10-31,IEF,-0.0032908851325316704,0.00686801303321638,0.0006608605999911502,0.01695654768741498,0.01015889816574805,0.003951745732522821
positive_no_prior_neither,2025-10-31,BNDX,-0.002464967470762323,-0.004807659780811324,-0.0013166673010369424,0.011882560358331143,-0.002342692310049001,0.0011483001697253806
positive_no_prior_neither,2025-10-31,LQD,-0.00226984709973941,0.006300096794094712,0.0038502906991703923,0.022946683689417498,0.008569943893834121,0.006120137798909802
positive_no_prior_neither,2025-10-31,HYG,0.000443138331493411,0.004457641722011463,0.003982548129196604,0.01910366271350897,0.004014503390518052,0.003539409797703193
positive_no_prior_neither,2025-10-31,EWX,0.0034672030850817735,-0.016176668191666965,0.018398812899461194,0.03572721309047446,-0.01964387127674874,0.01493160981437942
positive_no_prior_neither,2025-10-31,VWOB,-0.0003435707119668472,0.0006545758910070365,0.0075041782912062425,0.026676494415874726,0.0009981466029738836,0.00784774900317309
positive_no_prior_neither,2025-10-31,HYEM,-0.0004152306628207526,-0.0021992661278306125,0.00695852861044909,0.02487670027148362,-0.0017840354650098598,0.007373759273269842
historical_mean,2025-11-28,SPY,0.008946412159062103,-0.0024606389596457667,0.008946412159062103,0.04452099523915146,-0.01140705111870787,0.0
historical_mean,2025-11-28,MGK,0.011619765691237216,-0.006014656315694422,0.011619765691237216,0.058396367850803266,-0.01763442200693164,0.0
historical_mean,2025-11-28,VTV,0.006474319603185668,0.004591005630098177,0.006474319603185668,0.04027981912138792,-0.001883313973087491,0.0
historical_mean,2025-11-28,IJR,0.0018990889776501821,-0.0043423583691276635,0.0018990889776501821,0.05725754669804376,-0.006241447346777846,0.0
historical_mean,2025-11-28,IWM,0.0018932873375608259,-0.010325989693845572,0.0018932873375608259,0.0586777237486756,-0.012219277031406397,0.0
historical_mean,2025-11-28,VNQ,0.0015678285399759562,-0.02554537559841752,0.0015678285399759562,0.05577911918604514,-0.027113204138393476,0.0
historical_mean,2025-11-28,VNQI,-0.0017196335050451924,0.0008944661826628675,-0.0017196335050451924,0.04707861442999848,0.0026140996877080597,0.0
historical_mean,2025-11-28,VEA,0.004586170339498018,0.02842462799248069,0.004586170339498018,0.044225965568690156,0.023838457652982672,0.0
historical_mean,2025-11-28,VWO,0.0011786664774028324,0.006231798598067773,0.0011786664774028324,0.04122019559348269,0.00505313212066494,0.0
historical_mean,2025-11-28,VSS,0.002392911055391342,0.01745648547983225,0.002392911055391342,0.045046684455100794,0.01506357442444091,0.0
historical_mean,2025-11-28,BND,-0.002420765398294742,-0.00624728267814989,-0.002420765398294742,0.018470765560571062,-0.0038265172798551484,0.0
historical_mean,2025-11-28,IEF,-0.003109476236714741,-0.010842523271658244,-0.003109476236714741,0.02201811413583313,-0.007733047034943503,0.0
historical_mean,2025-11-28,BNDX,-0.002506801262013198,-0.00843043234441343,-0.002506801262013198,0.015095908991715557,-0.005923631082400232,0.0
historical_mean,2025-11-28,LQD,-0.0021168123873495153,-0.010606184040828248,-0.0021168123873495153,0.02846854514343274,-0.008489371653478732,0.0
historical_mean,2025-11-28,HYG,0.0005148258920383762,0.0016540803164204476,0.0005148258920383762,0.022338118771901058,0.0011392544243820713,0.0
historical_mean,2025-11-28,EWX,0.003116419669425546,0.005526301936131128,0.003116419669425546,0.0361684340399512,0.0024098822667055824,0.0
historical_mean,2025-11-28,VWOB,-0.00032574666548517074,-0.0012631324755422169,-0.00032574666548517074,0.029028722421739143,-0.0009373858100570462,0.0
historical_mean,2025-11-28,HYEM,-0.000447088438981643,0.006456216930834868,-0.000447088438981643,0.025038835845072816,0.006903305369816511,0.0
positive_no_prior_both,2025-11-28,SPY,0.008946412159062103,-0.0024606389596457667,0.010780870066264752,0.0347253029930589,-0.01140705111870787,0.0018344579072026492
positive_no_prior_both,2025-11-28,MGK,0.011619765691237216,-0.006014656315694422,0.013876490321775185,0.04852892928333509,-0.01763442200693164,0.002256724630537969
positive_no_prior_both,2025-11-28,VTV,0.006474319603185668,0.004591005630098177,0.008731966692253623,0.0330400818959166,-0.001883313973087491,0.002257647089067955
positive_no_prior_both,2025-11-28,IJR,0.0018990889776501821,-0.0043423583691276635,0.0044496961346254275,0.05040911426261749,-0.006241447346777846,0.002550607156975245
positive_no_prior_both,2025-11-28,IWM,0.0018932873375608259,-0.010325989693845572,0.005486950029248623,0.05104008199281073,-0.012219277031406397,0.0035936626916877965
positive_no_prior_both,2025-11-28,VNQ,0.0015678285399759562,-0.02554537559841752,0.006586317402937808,0.04650534636602956,-0.027113204138393476,0.005018488862961851
positive_no_prior_both,2025-11-28,VNQI,-0.0017196335050451924,0.0008944661826628675,0.003465962273052566,0.03749146359293841,0.0026140996877080597,0.005185595778097758
positive_no_prior_both,2025-11-28,VEA,0.004586170339498018,0.02842462799248069,0.009260274605195722,0.03429282516205211,0.023838457652982672,0.004674104265697704
positive_no_prior_both,2025-11-28,VWO,0.0011786664774028324,0.006231798598067773,0.004607571139338337,0.037313356923143214,0.00505313212066494,0.0034289046619355047
positive_no_prior_both,2025-11-28,VSS,0.002392911055391342,0.01745648547983225,0.005831893619037018,0.03405811766653369,0.01506357442444091,0.0034389825636456763
positive_no_prior_both,2025-11-28,BND,-0.002420765398294742,-0.00624728267814989,-0.00042171345988677774,0.01392919044474678,-0.0038265172798551484,0.001999051938407964
positive_no_prior_both,2025-11-28,IEF,-0.003109476236714741,-0.010842523271658244,-0.0004734842875576202,0.01688772877337543,-0.007733047034943503,0.002635991949157121
positive_no_prior_both,2025-11-28,BNDX,-0.002506801262013198,-0.00843043234441343,-0.0013074038214880683,0.012801748354972756,-0.005923631082400232,0.0011993974405251297
positive_no_prior_both,2025-11-28,LQD,-0.0021168123873495153,-0.010606184040828248,0.0008809982419272755,0.021044545079564193,-0.008489371653478732,0.002997810629276791
positive_no_prior_both,2025-11-28,HYG,0.0005148258920383762,0.0016540803164204476,0.00224180525740919,0.01718320612609478,0.0011392544243820713,0.0017269793653708135
positive_no_prior_both,2025-11-28,EWX,0.003116419669425546,0.005526301936131128,0.004749912316813456,0.032165935461728766,0.0024098822667055824,0.00163349264738791
positive_no_prior_both,2025-11-28,VWOB,-0.00032574666548517074,-0.0012631324755422169,0.002667181434425731,0.02223998347607457,-0.0009373858100570462,0.0029929280999109018
positive_no_prior_both,2025-11-28,HYEM,-0.000447088438981643,0.006456216930834868,0.001566530797567883,0.021536571979483127,0.006903305369816511,0.002013619236549526
positive_no_prior_outputscale_only,2025-11-28,SPY,0.008946412159062103,-0.0024606389596457667,0.010101397835769556,0.03251638866367668,-0.01140705111870787,0.001154985676707453
positive_no_prior_outputscale_only,2025-11-28,MGK,0.011619765691237216,-0.006014656315694422,0.007749209935108185,0.04561641406419302,-0.01763442200693164,-0.0038705557561290304
positive_no_prior_outputscale_only,2025-11-28,VTV,0.006474319603185668,0.004591005630098177,0.018079177252723053,0.029722854166765497,-0.001883313973087491,0.011604857649537385
positive_no_prior_outputscale_only,2025-11-28,IJR,0.0018990889776501821,-0.0043423583691276635,0.015528350512384338,0.04253273585881023,-0.006241447346777846,0.013629261534734156
positive_no_prior_outputscale_only,2025-11-28,IWM,0.0018932873375608259,-0.010325989693845572,0.012877148913374988,0.04663954690873715,-0.012219277031406397,0.010983861575814163
positive_no_prior_outputscale_only,2025-11-28,VNQ,0.0015678285399759562,-0.02554537559841752,0.01464758565382962,0.04264592200921995,-0.027113204138393476,0.013079757113853663
positive_no_prior_outputscale_only,2025-11-28,VNQI,-0.0017196335050451924,0.0008944661826628675,0.002330607709380748,0.03467276956133342,0.0026140996877080597,0.00405024121442594
positive_no_prior_outputscale_only,2025-11-28,VEA,0.004586170339498018,0.02842462799248069,0.011065935476029319,0.03242968892818189,0.023838457652982672,0.006479765136531301
positive_no_prior_outputscale_only,2025-11-28,VWO,0.0011786664774028324,0.006231798598067773,-0.004316122942470413,0.03375306291368288,0.00505313212066494,-0.0054947894198732455
positive_no_prior_outputscale_only,2025-11-28,VSS,0.002392911055391342,0.01745648547983225,0.0002792991198884453,0.031908541128304324,0.01506357442444091,-0.0021136119355028966
positive_no_prior_outputscale_only,2025-11-28,BND,-0.002420765398294742,-0.00624728267814989,0.0013869263404150522,0.013662946314589539,-0.0038265172798551484,0.003807691738709794
positive_no_prior_outputscale_only,2025-11-28,IEF,-0.003109476236714741,-0.010842523271658244,0.002542401625808335,0.015808455801743667,-0.007733047034943503,0.005651877862523076
positive_no_prior_outputscale_only,2025-11-28,BNDX,-0.002506801262013198,-0.00843043234441343,-0.0016783933550567555,0.01151474649241765,-0.005923631082400232,0.0008284079069564424
positive_no_prior_outputscale_only,2025-11-28,LQD,-0.0021168123873495153,-0.010606184040828248,0.0027015541537418987,0.020187155006991326,-0.008489371653478732,0.004818366541091414
positive_no_prior_outputscale_only,2025-11-28,HYG,0.0005148258920383762,0.0016540803164204476,0.0035934730883601094,0.01540152443829278,0.0011392544243820713,0.003078647196321733
positive_no_prior_outputscale_only,2025-11-28,EWX,0.003116419669425546,0.005526301936131128,-0.005935567244084029,0.029325278351936,0.0024098822667055824,-0.009051986913509575
positive_no_prior_outputscale_only,2025-11-28,VWOB,-0.00032574666548517074,-0.0012631324755422169,0.0029867752550485826,0.020835154286781957,-0.0009373858100570462,0.0033125219205337535
positive_no_prior_outputscale_only,2025-11-28,HYEM,-0.000447088438981643,0.006456216930834868,-0.0005223012699828293,0.01882777596686949,0.006903305369816511,-7.521283100118628e-05
positive_no_prior_lengthscale_only,2025-11-28,SPY,0.008946412159062103,-0.0024606389596457667,0.011936902551124094,0.037198129434561404,-0.01140705111870787,0.0029904903920619907
positive_no_prior_lengthscale_only,2025-11-28,MGK,0.011619765691237216,-0.006014656315694422,0.008013954523171971,0.04511588540027644,-0.01763442200693164,-0.0036058111680652444
positive_no_prior_lengthscale_only,2025-11-28,VTV,0.006474319603185668,0.004591005630098177,0.018672252357743117,0.04005196494661368,-0.001883313973087491,0.01219793275455745
positive_no_prior_lengthscale_only,2025-11-28,IJR,0.0018990889776501821,-0.0043423583691276635,0.021981198737929725,0.05507326868814286,-0.006241447346777846,0.02008210976027954
positive_no_prior_lengthscale_only,2025-11-28,IWM,0.0018932873375608259,-0.010325989693845572,0.020497816813082225,0.05503850096310821,-0.012219277031406397,0.018604529475521398
positive_no_prior_lengthscale_only,2025-11-28,VNQ,0.0015678285399759562,-0.02554537559841752,0.01428807621800105,0.05095269901550712,-0.027113204138393476,0.012720247678025093
positive_no_prior_lengthscale_only,2025-11-28,VNQI,-0.0017196335050451924,0.0008944661826628675,0.006361379381771947,0.04092301168133747,0.0026140996877080597,0.008081012886817139
positive_no_prior_lengthscale_only,2025-11-28,VEA,0.004586170339498018,0.02842462799248069,0.012459094268393301,0.0387672498298511,0.023838457652982672,0.007872923928895284
positive_no_prior_lengthscale_only,2025-11-28,VWO,0.0011786664774028324,0.006231798598067773,-0.0019214749809022948,0.042382293556626066,0.00505313212066494,-0.003100141458305127
positive_no_prior_lengthscale_only,2025-11-28,VSS,0.002392911055391342,0.01745648547983225,0.008145232841135632,0.03795372875461046,0.01506357442444091,0.00575232178574429
positive_no_prior_lengthscale_only,2025-11-28,BND,-0.002420765398294742,-0.00624728267814989,-9.484951690260594e-05,0.014254990999288874,-0.0038265172798551484,0.002325915881392136
positive_no_prior_lengthscale_only,2025-11-28,IEF,-0.003109476236714741,-0.010842523271658244,-0.00016353024273483337,0.01689425368472281,-0.007733047034943503,0.0029459459939799077
positive_no_prior_lengthscale_only,2025-11-28,BNDX,-0.002506801262013198,-0.00843043234441343,-0.0015598799200951,0.011788727508594046,-0.005923631082400232,0.0009469213419180979
positive_no_prior_lengthscale_only,2025-11-28,LQD,-0.0021168123873495153,-0.010606184040828248,0.0010133314250622386,0.021891332375850458,-0.008489371653478732,0.003130143812411754
positive_no_prior_lengthscale_only,2025-11-28,HYG,0.0005148258920383762,0.0016540803164204476,0.004455133323597577,0.019152819973793346,0.0011392544243820713,0.0039403074315592
positive_no_prior_lengthscale_only,2025-11-28,EWX,0.003116419669425546,0.005526301936131128,7.884858675591671e-06,0.03465123261008291,0.0024098822667055824,-0.003108534810749954
positive_no_prior_lengthscale_only,2025-11-28,VWOB,-0.00032574666548517074,-0.0012631324755422169,0.002556948240293105,0.024768330877966524,-0.0009373858100570462,0.002882694905778276
positive_no_prior_lengthscale_only,2025-11-28,HYEM,-0.000447088438981643,0.006456216930834868,0.0008216582815483448,0.02519272101074516,0.006903305369816511,0.0012687467205299877
positive_no_prior_neither,2025-11-28,SPY,0.008946412159062103,-0.0024606389596457667,0.009562202154764802,0.03654841068303598,-0.01140705111870787,0.0006157899957026994
positive_no_prior_neither,2025-11-28,MGK,0.011619765691237216,-0.006014656315694422,0.003455990240183242,0.04493181731660997,-0.01763442200693164,-0.008163775451053974
positive_no_prior_neither,2025-11-28,VTV,0.006474319603185668,0.004591005630098177,0.018845771106437523,0.03886145961811041,-0.001883313973087491,0.012371451503251855
positive_no_prior_neither,2025-11-28,IJR,0.0018990889776501821,-0.0043423583691276635,0.021801810108769054,0.05490130913907971,-0.006241447346777846,0.01990272113111887
positive_no_prior_neither,2025-11-28,IWM,0.0018932873375608259,-0.010325989693845572,0.016656139894748307,0.05441999105626374,-0.012219277031406397,0.014762852557187482
positive_no_prior_neither,2025-11-28,VNQ,0.0015678285399759562,-0.02554537559841752,0.014576194287851464,0.04983636616575354,-0.027113204138393476,0.013008365747875507
positive_no_prior_neither,2025-11-28,VNQI,-0.0017196335050451924,0.0008944661826628675,0.0059444435571911125,0.04037705804721439,0.0026140996877080597,0.007664077062236305
positive_no_prior_neither,2025-11-28,VEA,0.004586170339498018,0.02842462799248069,0.009919946045774798,0.03811189157824085,0.023838457652982672,0.00533377570627678
positive_no_prior_neither,2025-11-28,VWO,0.0011786664774028324,0.006231798598067773,-0.006560027136730205,0.04170177327599487,0.00505313212066494,-0.0077386936141330374
positive_no_prior_neither,2025-11-28,VSS,0.002392911055391342,0.01745648547983225,0.004675467920826992,0.037477308709489156,0.01506357442444091,0.00228255686543565
positive_no_prior_neither,2025-11-28,BND,-0.002420765398294742,-0.00624728267814989,0.0002288682417013843,0.013642982375326192,-0.0038265172798551484,0.002649633639996126
positive_no_prior_neither,2025-11-28,IEF,-0.003109476236714741,-0.010842523271658244,0.0003858902969713614,0.01653258225430918,-0.007733047034943503,0.0034953665336861024
positive_no_prior_neither,2025-11-28,BNDX,-0.002506801262013198,-0.00843043234441343,-0.0021929617050497475,0.011561443289257298,-0.005923631082400232,0.0003138395569634504
positive_no_prior_neither,2025-11-28,LQD,-0.0021168123873495153,-0.010606184040828248,0.0015240339163246266,0.020964423074301634,-0.008489371653478732,0.003640846303674142
positive_no_prior_neither,2025-11-28,HYG,0.0005148258920383762,0.0016540803164204476,0.004439214855187128,0.018744331087658852,0.0011392544243820713,0.003924388963148752
positive_no_prior_neither,2025-11-28,EWX,0.003116419669425546,0.005526301936131128,-0.004835792669103895,0.034414689038075943,0.0024098822667055824,-0.00795221233852944
positive_no_prior_neither,2025-11-28,VWOB,-0.00032574666548517074,-0.0012631324755422169,0.002419016411648094,0.023820459048145393,-0.0009373858100570462,0.002744763077133265
positive_no_prior_neither,2025-11-28,HYEM,-0.000447088438981643,0.006456216930834868,-0.0004436689860488052,0.02421225166126735,0.006903305369816511,3.4194529328377766e-06
historical_mean,2025-12-31,SPY,0.008746288455225123,0.011594066475381304,0.008746288455225123,0.04414755775755146,0.002847778020156181,0.0
historical_mean,2025-12-31,MGK,0.011310389866554206,-0.01981088189923419,0.011310389866554206,0.05791973895197182,-0.031121271765788397,0.0
historical_mean,2025-12-31,VTV,0.00644127900716659,0.04262615110326995,0.00644127900716659,0.03991933724277847,0.03618487209610336,0.0
historical_mean,2025-12-31,IJR,0.0017895899013909218,0.05372327844739844,0.0017895899013909218,0.05675003747569404,0.051933688546007516,0.0
historical_mean,2025-12-31,IWM,0.0016789140563080822,0.05153392029332182,0.0016789140563080822,0.05817397411192298,0.04985500623701374,0.0
historical_mean,2025-12-31,VNQ,0.0010921582919339653,0.0229258613639709,0.0010921582919339653,0.05539537861696057,0.021833703072036935,0.0
historical_mean,2025-12-31,VNQI,-0.0016737721070152263,0.04257155181000494,-0.0016737721070152263,0.04665766093629219,0.044245323917020164,0.0
historical_mean,2025-12-31,VEA,0.005004388894813503,0.05642561347994279,0.005004388894813503,0.043942898023318626,0.051421224585129294,0.0
historical_mean,2025-12-31,VWO,0.0012673179181162523,0.04715510460279937,0.0012673179181162523,0.040855982915353244,0.045887786684683116,0.0
historical_mean,2025-12-31,VSS,0.002657184290907849,0.06068200468583562,0.002657184290907849,0.04468723417438362,0.058024820394927776,0.0
historical_mean,2025-12-31,BND,-0.0024878972803974637,-0.0009446630105405251,-0.0024878972803974637,0.01831212043723312,0.0015432342698569385,0.0
historical_mean,2025-12-31,IEF,-0.003245143728555855,-0.005378931439972923,-0.003245143728555855,0.021844664741227326,-0.0021337877114170675,0.0
historical_mean,2025-12-31,BNDX,-0.0026107246143360087,0.002059820670583523,-0.0026107246143360087,0.014981077086336935,0.004670545284919532,0.0
historical_mean,2025-12-31,LQD,-0.0022657487321473876,0.0003398451129934532,-0.0022657487321473876,0.02823561533177713,0.002605593845140841,0.0
historical_mean,2025-12-31,HYG,0.0005348128117643775,0.0029604455586125233,0.0005348128117643775,0.022138287130142906,0.002425632746848146,0.0
historical_mean,2025-12-31,EWX,0.0031586983056835385,0.02711570928152862,0.0031586983056835385,0.035845468132474606,0.023957010975845083,0.0
historical_mean,2025-12-31,VWOB,-0.0003421920305738908,0.0003023714262653243,-0.0003421920305738908,0.028768637802182126,0.0006445634568392151,0.0
historical_mean,2025-12-31,HYEM,-0.00032597781845854624,0.01193825183971775,-0.00032597781845854624,0.02483110847291286,0.012264229658176296,0.0
positive_no_prior_both,2025-12-31,SPY,0.008746288455225123,0.011594066475381304,0.01108914541022284,0.03682544716427082,0.002847778020156181,0.002342856954997717
positive_no_prior_both,2025-12-31,MGK,0.011310389866554206,-0.01981088189923419,0.011305753949913209,0.05223368759627161,-0.031121271765788397,-4.635916640996843e-06
positive_no_prior_both,2025-12-31,VTV,0.00644127900716659,0.04262615110326995,0.010341487321864115,0.032967903431898635,0.03618487209610336,0.0039002083146975255
positive_no_prior_both,2025-12-31,IJR,0.0017895899013909218,0.05372327844739844,0.0044568405434775886,0.04824574395815113,0.051933688546007516,0.0026672506420866667
positive_no_prior_both,2025-12-31,IWM,0.0016789140563080822,0.05153392029332182,0.006565702465801087,0.05153879839674849,0.04985500623701374,0.004886788409493004
positive_no_prior_both,2025-12-31,VNQ,0.0010921582919339653,0.0229258613639709,0.004703339502243043,0.0451665255057727,0.021833703072036935,0.003611181210309078
positive_no_prior_both,2025-12-31,VNQI,-0.0016737721070152263,0.04257155181000494,0.0013830643160503834,0.03834628684041942,0.044245323917020164,0.0030568364230656097
positive_no_prior_both,2025-12-31,VEA,0.005004388894813503,0.05642561347994279,0.009074185963125508,0.03650744822995114,0.051421224585129294,0.004069797068312005
positive_no_prior_both,2025-12-31,VWO,0.0012673179181162523,0.04715510460279937,0.004976021022009095,0.03616532999426777,0.045887786684683116,0.0037087031038928425
positive_no_prior_both,2025-12-31,VSS,0.002657184290907849,0.06068200468583562,0.004816918838260558,0.0364179782323462,0.058024820394927776,0.002159734547352709
positive_no_prior_both,2025-12-31,BND,-0.0024878972803974637,-0.0009446630105405251,-0.0011276596780870087,0.01526707352789286,0.0015432342698569385,0.001360237602310455
positive_no_prior_both,2025-12-31,IEF,-0.003245143728555855,-0.005378931439972923,-0.001682132251119507,0.018269016095509193,-0.0021337877114170675,0.0015630114774363483
positive_no_prior_both,2025-12-31,BNDX,-0.0026107246143360087,0.002059820670583523,-0.002133223943567033,0.012360179518466189,0.004670545284919532,0.0004775006707689756
positive_no_prior_both,2025-12-31,LQD,-0.0022657487321473876,0.0003398451129934532,-0.0005484350452701504,0.02230066378807645,0.002605593845140841,0.0017173136868772372
positive_no_prior_both,2025-12-31,HYG,0.0005348128117643775,0.0029604455586125233,0.0027039243970329216,0.017519722439550404,0.002425632746848146,0.002169111585268544
positive_no_prior_both,2025-12-31,EWX,0.0031586983056835385,0.02711570928152862,0.003718715916066804,0.03221397128574192,0.023957010975845083,0.0005600176103832655
positive_no_prior_both,2025-12-31,VWOB,-0.0003421920305738908,0.0003023714262653243,0.0024684022043295743,0.02347173266174355,0.0006445634568392151,0.002810594234903465
positive_no_prior_both,2025-12-31,HYEM,-0.00032597781845854624,0.01193825183971775,0.0031006294304522656,0.02169554784061965,0.012264229658176296,0.003426607248910812
positive_no_prior_outputscale_only,2025-12-31,SPY,0.008746288455225123,0.011594066475381304,0.007034091544449717,0.0332698920945737,0.002847778020156181,-0.0017121969107754056
positive_no_prior_outputscale_only,2025-12-31,MGK,0.011310389866554206,-0.01981088189923419,0.004217771955907142,0.046006355465922806,-0.031121271765788397,-0.007092617910647064
positive_no_prior_outputscale_only,2025-12-31,VTV,0.00644127900716659,0.04262615110326995,0.009098886463321377,0.02818256151646124,0.03618487209610336,0.002657607456154787
positive_no_prior_outputscale_only,2025-12-31,IJR,0.0017895899013909218,0.05372327844739844,0.0008149164774368009,0.044152307880546776,0.051933688546007516,-0.000974673423954121
positive_no_prior_outputscale_only,2025-12-31,IWM,0.0016789140563080822,0.05153392029332182,0.001244943624260233,0.04580578085937875,0.04985500623701374,-0.0004339704320478492
positive_no_prior_outputscale_only,2025-12-31,VNQ,0.0010921582919339653,0.0229258613639709,-0.0032460598485279293,0.040270408881164226,0.021833703072036935,-0.004338218140461894
positive_no_prior_outputscale_only,2025-12-31,VNQI,-0.0016737721070152263,0.04257155181000494,0.0015585880258871005,0.033197771928093256,0.044245323917020164,0.003232360132902327
positive_no_prior_outputscale_only,2025-12-31,VEA,0.005004388894813503,0.05642561347994279,0.013582124440011133,0.03229366239506389,0.051421224585129294,0.00857773554519763
positive_no_prior_outputscale_only,2025-12-31,VWO,0.0012673179181162523,0.04715510460279937,0.006514401977950744,0.032744758222371995,0.045887786684683116,0.005247084059834492
positive_no_prior_outputscale_only,2025-12-31,VSS,0.002657184290907849,0.06068200468583562,0.005317272850454718,0.03198568705038529,0.058024820394927776,0.0026600885595468695
positive_no_prior_outputscale_only,2025-12-31,BND,-0.0024878972803974637,-0.0009446630105405251,-0.003703660762485186,0.012786523442637462,0.0015432342698569385,-0.0012157634820877225
positive_no_prior_outputscale_only,2025-12-31,IEF,-0.003245143728555855,-0.005378931439972923,-0.0053491455720105635,0.015766973093174,-0.0021337877114170675,-0.0021040018434547083
positive_no_prior_outputscale_only,2025-12-31,BNDX,-0.0026107246143360087,0.002059820670583523,-0.005850689474241985,0.01107235518150641,0.004670545284919532,-0.0032399648599059764
positive_no_prior_outputscale_only,2025-12-31,LQD,-0.0022657487321473876,0.0003398451129934532,-0.0038351424928340693,0.020025722732345742,0.002605593845140841,-0.0015693937606866817
positive_no_prior_outputscale_only,2025-12-31,HYG,0.0005348128117643775,0.0029604455586125233,0.0008439037215711108,0.015770000054017817,0.002425632746848146,0.00030909090980673335
positive_no_prior_outputscale_only,2025-12-31,EWX,0.0031586983056835385,0.02711570928152862,0.0018240277486131346,0.028395098631515136,0.023957010975845083,-0.001334670557070404
positive_no_prior_outputscale_only,2025-12-31,VWOB,-0.0003421920305738908,0.0003023714262653243,0.0011078305427499888,0.020635267609122245,0.0006445634568392151,0.0014500225733238797
positive_no_prior_outputscale_only,2025-12-31,HYEM,-0.00032597781845854624,0.01193825183971775,0.0058628455723017826,0.01910506979647732,0.012264229658176296,0.006188823390760329
positive_no_prior_lengthscale_only,2025-12-31,SPY,0.008746288455225123,0.011594066475381304,0.008634176757026968,0.0367877955186386,0.002847778020156181,-0.00011211169819815535
positive_no_prior_lengthscale_only,2025-12-31,MGK,0.011310389866554206,-0.01981088189923419,0.0017036649286993368,0.04501676657328878,-0.031121271765788397,-0.009606724937854869
positive_no_prior_lengthscale_only,2025-12-31,VTV,0.00644127900716659,0.04262615110326995,0.014856678305860205,0.036108263164909456,0.03618487209610336,0.008415399298693615
positive_no_prior_lengthscale_only,2025-12-31,IJR,0.0017895899013909218,0.05372327844739844,0.012565456523294544,0.050332134634267736,0.051933688546007516,0.010775866621903623
positive_no_prior_lengthscale_only,2025-12-31,IWM,0.0016789140563080822,0.05153392029332182,0.010916214610139153,0.050355106984095364,0.04985500623701374,0.009237300553831072
positive_no_prior_lengthscale_only,2025-12-31,VNQ,0.0010921582919339653,0.0229258613639709,-0.0009174088838744124,0.04558980175955724,0.021833703072036935,-0.0020095671758083777
positive_no_prior_lengthscale_only,2025-12-31,VNQI,-0.0016737721070152263,0.04257155181000494,0.0050938607515213594,0.03962686537835952,0.044245323917020164,0.0067676328585365856
positive_no_prior_lengthscale_only,2025-12-31,VEA,0.005004388894813503,0.05642561347994279,0.014248789960464097,0.03869961153132569,0.051421224585129294,0.009244401065650594
positive_no_prior_lengthscale_only,2025-12-31,VWO,0.0012673179181162523,0.04715510460279937,0.0032313538090272815,0.035900790425961455,0.045887786684683116,0.0019640358909110292
positive_no_prior_lengthscale_only,2025-12-31,VSS,0.002657184290907849,0.06068200468583562,0.008918098788195512,0.03850881032269431,0.058024820394927776,0.006260914497287663
positive_no_prior_lengthscale_only,2025-12-31,BND,-0.0024878972803974637,-0.0009446630105405251,-0.0033703713156605815,0.01281577526009515,0.0015432342698569385,-0.0008824740352631178
positive_no_prior_lengthscale_only,2025-12-31,IEF,-0.003245143728555855,-0.005378931439972923,-0.0053551356083128936,0.015170846788233395,-0.0021337877114170675,-0.0021099918797570383
positive_no_prior_lengthscale_only,2025-12-31,BNDX,-0.0026107246143360087,0.002059820670583523,-0.004634316959935987,0.011056229069886845,0.004670545284919532,-0.002023592345599978
positive_no_prior_lengthscale_only,2025-12-31,LQD,-0.0022657487321473876,0.0003398451129934532,-0.003501382537878518,0.020587000952717698,0.002605593845140841,-0.0012356338057311306
positive_no_prior_lengthscale_only,2025-12-31,HYG,0.0005348128117643775,0.0029604455586125233,0.002750836911901898,0.018254740938137202,0.002425632746848146,0.0022160241001375207
positive_no_prior_lengthscale_only,2025-12-31,EWX,0.0031586983056835385,0.02711570928152862,0.002233361836709368,0.03059678199535553,0.023957010975845083,-0.0009253364689741704
positive_no_prior_lengthscale_only,2025-12-31,VWOB,-0.0003421920305738908,0.0003023714262653243,0.0018655812820859469,0.023410172446088354,0.0006445634568392151,0.002207773312659838
positive_no_prior_lengthscale_only,2025-12-31,HYEM,-0.00032597781845854624,0.01193825183971775,0.004451083154023143,0.02198686279270176,0.012264229658176296,0.0047770609724816894
positive_no_prior_neither,2025-12-31,SPY,0.008746288455225123,0.011594066475381304,0.009664445457625584,0.03546749371600925,0.002847778020156181,0.0009181570024004611
positive_no_prior_neither,2025-12-31,MGK,0.011310389866554206,-0.01981088189923419,0.0030679224116420545,0.0447909344414752,-0.031121271765788397,-0.008242467454912151
positive_no_prior_neither,2025-12-31,VTV,0.00644127900716659,0.04262615110326995,0.013978689226827002,0.03408128333261308,0.03618487209610336,0.007537410219660413
positive_no_prior_neither,2025-12-31,IJR,0.0017895899013909218,0.05372327844739844,0.011675831698563467,0.04576089397041893,0.051933688546007516,0.009886241797172545
positive_no_prior_neither,2025-12-31,IWM,0.0016789140563080822,0.05153392029332182,0.010750609682459744,0.0463322494809765,0.04985500623701374,0.009071695626151663
positive_no_prior_neither,2025-12-31,VNQ,0.0010921582919339653,0.0229258613639709,-0.0004769987608398863,0.044234285534800875,0.021833703072036935,-0.0015691570527738515
positive_no_prior_neither,2025-12-31,VNQI,-0.0016737721070152263,0.04257155181000494,0.004153958530985563,0.03783931649148011,0.044245323917020164,0.005827730638000789
positive_no_prior_neither,2025-12-31,VEA,0.005004388894813503,0.05642561347994279,0.015901791598510264,0.037147153046612716,0.051421224585129294,0.010897402703696761
positive_no_prior_neither,2025-12-31,VWO,0.0012673179181162523,0.04715510460279937,0.004234681942735493,0.034353894523140534,0.045887786684683116,0.0029673640246192404
positive_no_prior_neither,2025-12-31,VSS,0.002657184290907849,0.06068200468583562,0.010298431483731694,0.03660798576387004,0.058024820394927776,0.007641247192823845
positive_no_prior_neither,2025-12-31,BND,-0.0024878972803974637,-0.0009446630105405251,-0.004274457258645692,0.012620812985866914,0.0015432342698569385,-0.0017865599782482286
positive_no_prior_neither,2025-12-31,IEF,-0.003245143728555855,-0.005378931439972923,-0.006404789636810215,0.014689525889443784,-0.0021337877114170675,-0.0031596459082543597
positive_no_prior_neither,2025-12-31,BNDX,-0.0026107246143360087,0.002059820670583523,-0.005227069165125141,0.010815905078769353,0.004670545284919532,-0.0026163445507891322
positive_no_prior_neither,2025-12-31,LQD,-0.0022657487321473876,0.0003398451129934532,-0.005017410248358261,0.019895240946843244,0.002605593845140841,-0.0027516615162108734
positive_no_prior_neither,2025-12-31,HYG,0.0005348128117643775,0.0029604455586125233,0.002286446873344137,0.01699601908657788,0.002425632746848146,0.0017516340615797597
positive_no_prior_neither,2025-12-31,EWX,0.0031586983056835385,0.02711570928152862,0.001957752660696044,0.030436467397392537,0.023957010975845083,-0.0012009456449874945
positive_no_prior_neither,2025-12-31,VWOB,-0.0003421920305738908,0.0003023714262653243,0.0009227322010097911,0.022935963681838974,0.0006445634568392151,0.0012649242315836819
positive_no_prior_neither,2025-12-31,HYEM,-0.00032597781845854624,0.01193825183971775,0.0045254015402752526,0.021039399934867056,0.012264229658176296,0.004851379358733799
historical_mean,2026-01-30,SPY,0.0087953880762623,-0.011463064459755201,0.0087953880762623,0.04376018256408277,-0.0202584525360175,0.0
historical_mean,2026-01-30,MGK,0.010773816215419922,-0.049282081977910286,0.010773816215419922,0.05755467570999545,-0.06005589819333021,0.0
historical_mean,2026-01-30,VTV,0.00706515611227182,0.03464425383897951,0.00706515611227182,0.03985186721415389,0.02757909772670769,0.0
historical_mean,2026-01-30,IJR,0.002684998324597948,0.018113075612949725,0.002684998324597948,0.05666186940572184,0.015428077288351777,0.0
historical_mean,2026-01-30,IWM,0.0025384831293600433,0.003913446654500996,0.0025384831293600433,0.05803182711266881,0.0013749635251409527,0.0
historical_mean,2026-01-30,VNQ,0.0014686014483483952,0.05085567147315495,0.0014686014483483952,0.05498209882208653,0.04938707002480656,0.0
historical_mean,2026-01-30,VNQI,-0.0009109216946528097,0.05477043858428532,-0.0009109216946528097,0.04661006334219268,0.05568136027893813,0.0
historical_mean,2026-01-30,VEA,0.005890961732488146,0.05800790565870817,0.005890961732488146,0.04407595870355822,0.05211694392622002,0.0
historical_mean,2026-01-30,VWO,0.0020584866540590647,0.025936988754007295,0.0020584866540590647,0.04094181130205213,0.02387850209994823,0.0
historical_mean,2026-01-30,VSS,0.003657612228751431,0.046521625760379104,0.003657612228751431,0.044944013598831135,0.04286401353162767,0.0
historical_mean,2026-01-30,BND,-0.002461289792986137,0.013125538032234596,-0.002461289792986137,0.01815190811354069,0.015586827825220733,0.0
historical_mean,2026-01-30,IEF,-0.0032819331718561494,0.02178389001983616,-0.0032819331718561494,0.021654009676061948,0.02506582319169231,0.0
historical_mean,2026-01-30,BNDX,-0.0025301979714925688,0.01242298193585456,-0.0025301979714925688,0.014861741443180768,0.014953179907347128,0.0
historical_mean,2026-01-30,LQD,-0.0022208247003346147,0.010894680719308658,-0.0022208247003346147,0.027988929692119708,0.013115505419643273,0.0
historical_mean,2026-01-30,HYG,0.0005766340660203799,-0.0028581418854923824,0.0005766340660203799,0.021945543705572185,-0.0034347759515127624,0.0
historical_mean,2026-01-30,EWX,0.003571750219060178,0.03253007863200175,0.003571750219060178,0.035668627839499395,0.02895832841294157,0.0
historical_mean,2026-01-30,VWOB,-0.0003310788675249388,0.012410830018970698,-0.0003310788675249388,0.028515290288805777,0.012741908886495637,0.0
historical_mean,2026-01-30,HYEM,-0.00011452558297274804,0.006343486373523,-0.00011452558297274804,0.024664954581871748,0.006458011956495748,0.0
positive_no_prior_both,2026-01-30,SPY,0.0087953880762623,-0.011463064459755201,0.011305195931866205,0.03744928785548283,-0.0202584525360175,0.0025098078556039047
positive_no_prior_both,2026-01-30,MGK,0.010773816215419922,-0.049282081977910286,0.010767849272683693,0.05285682166720709,-0.06005589819333021,-5.9669427362289695e-06
positive_no_prior_both,2026-01-30,VTV,0.00706515611227182,0.03464425383897951,0.009882985147769405,0.031499143478947125,0.02757909772670769,0.002817829035497585
positive_no_prior_both,2026-01-30,IJR,0.002684998324597948,0.018113075612949725,0.0064948760550577475,0.047442428832256626,0.015428077288351777,0.0038098777304597996
positive_no_prior_both,2026-01-30,IWM,0.0025384831293600433,0.003913446654500996,0.004645541363109082,0.049674867781542766,0.0013749635251409527,0.002107058233749039
positive_no_prior_both,2026-01-30,VNQ,0.0014686014483483952,0.05085567147315495,0.005334231027656698,0.044622962787920786,0.04938707002480656,0.003865629579308303
positive_no_prior_both,2026-01-30,VNQI,-0.0009109216946528097,0.05477043858428532,0.004321866675381773,0.03843037215239241,0.05568136027893813,0.005232788370034582
positive_no_prior_both,2026-01-30,VEA,0.005890961732488146,0.05800790565870817,0.012575074508376891,0.036511161741988145,0.05211694392622002,0.0066841127758887455
positive_no_prior_both,2026-01-30,VWO,0.0020584866540590647,0.025936988754007295,0.008202497959246255,0.033340181892496365,0.02387850209994823,0.00614401130518719
positive_no_prior_both,2026-01-30,VSS,0.003657612228751431,0.046521625760379104,0.007471552931962734,0.03746790171078465,0.04286401353162767,0.0038139407032113026
positive_no_prior_both,2026-01-30,BND,-0.002461289792986137,0.013125538032234596,-0.0010594753176896422,0.014590668979964656,0.015586827825220733,0.0014018144752964948
positive_no_prior_both,2026-01-30,IEF,-0.0032819331718561494,0.02178389001983616,-0.0017722355632747704,0.01776367659429734,0.02506582319169231,0.001509697608581379
positive_no_prior_both,2026-01-30,BNDX,-0.0025301979714925688,0.01242298193585456,-0.0023320470980865106,0.011965830669720831,0.014953179907347128,0.00019815087340605822
positive_no_prior_both,2026-01-30,LQD,-0.0022208247003346147,0.010894680719308658,0.0006145653505807611,0.0216232830123052,0.013115505419643273,0.0028353900509153758
positive_no_prior_both,2026-01-30,HYG,0.0005766340660203799,-0.0028581418854923824,0.002381242848716101,0.017299737252526107,-0.0034347759515127624,0.0018046087826957208
positive_no_prior_both,2026-01-30,EWX,0.003571750219060178,0.03253007863200175,0.004987430625496588,0.03180170028737325,0.02895832841294157,0.00141568040643641
positive_no_prior_both,2026-01-30,VWOB,-0.0003310788675249388,0.012410830018970698,0.002669604015846523,0.02327595366555051,0.012741908886495637,0.003000682883371462
positive_no_prior_both,2026-01-30,HYEM,-0.00011452558297274804,0.006343486373523,0.002296725813642585,0.021703388890362583,0.006458011956495748,0.002411251396615333
positive_no_prior_outputscale_only,2026-01-30,SPY,0.0087953880762623,-0.011463064459755201,0.011499462706132495,0.03294790126900928,-0.0202584525360175,0.002704074629870195
positive_no_prior_outputscale_only,2026-01-30,MGK,0.010773816215419922,-0.049282081977910286,0.003962124870145446,0.046434667286753994,-0.06005589819333021,-0.006811691345274476
positive_no_prior_outputscale_only,2026-01-30,VTV,0.00706515611227182,0.03464425383897951,0.01851852208805951,0.030115447048527897,0.02757909772670769,0.01145336597578769
positive_no_prior_outputscale_only,2026-01-30,IJR,0.002684998324597948,0.018113075612949725,0.012273951876847615,0.044331428178364406,0.015428077288351777,0.009588953552249667
positive_no_prior_outputscale_only,2026-01-30,IWM,0.0025384831293600433,0.003913446654500996,0.013166515818457951,0.046103693881233344,0.0013749635251409527,0.010628032689097908
positive_no_prior_outputscale_only,2026-01-30,VNQ,0.0014686014483483952,0.05085567147315495,0.0037712580806059564,0.04073090517270793,0.04938707002480656,0.002302656632257561
positive_no_prior_outputscale_only,2026-01-30,VNQI,-0.0009109216946528097,0.05477043858428532,0.018587613581053986,0.036318177302163586,0.05568136027893813,0.019498535275706795
positive_no_prior_outputscale_only,2026-01-30,VEA,0.005890961732488146,0.05800790565870817,0.02528006494144728,0.03318182113843014,0.05211694392622002,0.019389103208959133
positive_no_prior_outputscale_only,2026-01-30,VWO,0.0020584866540590647,0.025936988754007295,0.023488584980933556,0.032204171667901293,0.02387850209994823,0.02143009832687449
positive_no_prior_outputscale_only,2026-01-30,VSS,0.003657612228751431,0.046521625760379104,0.021824346186583292,0.03509243124992103,0.04286401353162767,0.01816673395783186
positive_no_prior_outputscale_only,2026-01-30,BND,-0.002461289792986137,0.013125538032234596,-0.0017587130970126994,0.013304052347524697,0.015586827825220733,0.0007025766959734376
positive_no_prior_outputscale_only,2026-01-30,IEF,-0.0032819331718561494,0.02178389001983616,-0.004458884935658566,0.016298442751213147,0.02506582319169231,-0.0011769517638024166
positive_no_prior_outputscale_only,2026-01-30,BNDX,-0.0025301979714925688,0.01242298193585456,-0.0023491286907490155,0.011353197929700748,0.014953179907347128,0.00018106928074355325
positive_no_prior_outputscale_only,2026-01-30,LQD,-0.0022208247003346147,0.010894680719308658,-0.0003734938140681021,0.019930559666967967,0.013115505419643273,0.0018473308862665125
positive_no_prior_outputscale_only,2026-01-30,HYG,0.0005766340660203799,-0.0028581418854923824,0.0024145343176286585,0.015797443861655706,-0.0034347759515127624,0.0018379002516082784
positive_no_prior_outputscale_only,2026-01-30,EWX,0.003571750219060178,0.03253007863200175,0.013173637099641176,0.028400417816727478,0.02895832841294157,0.009601886880580997
positive_no_prior_outputscale_only,2026-01-30,VWOB,-0.0003310788675249388,0.012410830018970698,0.005022988173776141,0.02195128286661149,0.012741908886495637,0.005354067041301079
positive_no_prior_outputscale_only,2026-01-30,HYEM,-0.00011452558297274804,0.006343486373523,0.006528323551675147,0.018647401823736903,0.006458011956495748,0.006642849134647895
positive_no_prior_lengthscale_only,2026-01-30,SPY,0.0087953880762623,-0.011463064459755201,0.014701860738829717,0.0416619243399179,-0.0202584525360175,0.005906472662567417
positive_no_prior_lengthscale_only,2026-01-30,MGK,0.010773816215419922,-0.049282081977910286,0.02044161497461658,0.05325573695184516,-0.06005589819333021,0.009667798759196657
positive_no_prior_lengthscale_only,2026-01-30,VTV,0.00706515611227182,0.03464425383897951,0.01007609044229198,0.03825695765295954,0.02757909772670769,0.0030109343300201603
positive_no_prior_lengthscale_only,2026-01-30,IJR,0.002684998324597948,0.018113075612949725,0.0021044126999898213,0.05289957765717109,0.015428077288351777,-0.0005805856246081267
positive_no_prior_lengthscale_only,2026-01-30,IWM,0.0025384831293600433,0.003913446654500996,0.0036031210184849583,0.053670850036181196,0.0013749635251409527,0.001064637889124915
positive_no_prior_lengthscale_only,2026-01-30,VNQ,0.0014686014483483952,0.05085567147315495,0.0025781094879011052,0.05117337133465188,0.04938707002480656,0.00110950803955271
positive_no_prior_lengthscale_only,2026-01-30,VNQI,-0.0009109216946528097,0.05477043858428532,0.003944044431411201,0.042870662838697296,0.05568136027893813,0.00485496612606401
positive_no_prior_lengthscale_only,2026-01-30,VEA,0.005890961732488146,0.05800790565870817,0.010812897976202319,0.04328431085355409,0.05211694392622002,0.004921936243714173
positive_no_prior_lengthscale_only,2026-01-30,VWO,0.0020584866540590647,0.025936988754007295,0.012625809399062514,0.04020631828533526,0.02387850209994823,0.010567322745003448
positive_no_prior_lengthscale_only,2026-01-30,VSS,0.003657612228751431,0.046521625760379104,0.007832845913457776,0.04340210539499781,0.04286401353162767,0.004175233684706345
positive_no_prior_lengthscale_only,2026-01-30,BND,-0.002461289792986137,0.013125538032234596,-0.0003657788035869099,0.015458241175246936,0.015586827825220733,0.002095510989399227
positive_no_prior_lengthscale_only,2026-01-30,IEF,-0.0032819331718561494,0.02178389001983616,-0.0012343157845422525,0.018388498375698663,0.02506582319169231,0.002047617387313897
positive_no_prior_lengthscale_only,2026-01-30,BNDX,-0.0025301979714925688,0.01242298193585456,-0.0007645183230404772,0.013202198377506556,0.014953179907347128,0.0017656796484520915
positive_no_prior_lengthscale_only,2026-01-30,LQD,-0.0022208247003346147,0.010894680719308658,0.0008616606749292976,0.02389164494400288,0.013115505419643273,0.0030824853752639122
positive_no_prior_lengthscale_only,2026-01-30,HYG,0.0005766340660203799,-0.0028581418854923824,0.0020187971605662076,0.02028106827468495,-0.0034347759515127624,0.0014421630945458275
positive_no_prior_lengthscale_only,2026-01-30,EWX,0.003571750219060178,0.03253007863200175,0.005267647864467401,0.035494073810996125,0.02895832841294157,0.001695897645407223
positive_no_prior_lengthscale_only,2026-01-30,VWOB,-0.0003310788675249388,0.012410830018970698,0.0033218256899255807,0.02676138415552681,0.012741908886495637,0.0036529045574505196
positive_no_prior_lengthscale_only,2026-01-30,HYEM,-0.00011452558297274804,0.006343486373523,-5.952348866810996e-06,0.0251995306233519,0.006458011956495748,0.00010857323410593705
positive_no_prior_neither,2026-01-30,SPY,0.0087953880762623,-0.011463064459755201,0.016296340805963767,0.04219053828958369,-0.0202584525360175,0.007500952729701468
positive_no_prior_neither,2026-01-30,MGK,0.010773816215419922,-0.049282081977910286,0.01939308592976544,0.05442415077836288,-0.06005589819333021,0.008619269714345517
positive_no_prior_neither,2026-01-30,VTV,0.00706515611227182,0.03464425383897951,0.011434415127821517,0.039563531019799855,0.02757909772670769,0.004369259015549697
positive_no_prior_neither,2026-01-30,IJR,0.002684998324597948,0.018113075612949725,0.0019172217990738485,0.05300248312636478,0.015428077288351777,-0.0007677765255240995
positive_no_prior_neither,2026-01-30,IWM,0.0025384831293600433,0.003913446654500996,0.004200339456343305,0.05412281133975451,0.0013749635251409527,0.0016618563269832618
positive_no_prior_neither,2026-01-30,VNQ,0.0014686014483483952,0.05085567147315495,-0.00029112806229150603,0.051912256434297664,0.04938707002480656,-0.0017597295106399013
positive_no_prior_neither,2026-01-30,VNQI,-0.0009109216946528097,0.05477043858428532,0.0073905464282691714,0.04288660202096573,0.05568136027893813,0.008301468122921981
positive_no_prior_neither,2026-01-30,VEA,0.005890961732488146,0.05800790565870817,0.014484257881004794,0.04339542884098141,0.05211694392622002,0.008593296148516647
positive_no_prior_neither,2026-01-30,VWO,0.0020584866540590647,0.025936988754007295,0.01540086314072234,0.04011946640867653,0.02387850209994823,0.013342376486663275
positive_no_prior_neither,2026-01-30,VSS,0.003657612228751431,0.046521625760379104,0.010873968538117874,0.04360608695224373,0.04286401353162767,0.007216356309366443
positive_no_prior_neither,2026-01-30,BND,-0.002461289792986137,0.013125538032234596,-0.0003706671811710854,0.015118215196945478,0.015586827825220733,0.0020906226118150516
positive_no_prior_neither,2026-01-30,IEF,-0.0032819331718561494,0.02178389001983616,-0.0011154046582689528,0.018018059639727517,0.02506582319169231,0.0021665285135871967
positive_no_prior_neither,2026-01-30,BNDX,-0.0025301979714925688,0.01242298193585456,-0.0005263144922589402,0.013089192873527767,0.014953179907347128,0.0020038834792336286
positive_no_prior_neither,2026-01-30,LQD,-0.0022208247003346147,0.010894680719308658,0.00032988260069478914,0.02374062053861116,0.013115505419643273,0.002550707301029404
positive_no_prior_neither,2026-01-30,HYG,0.0005766340660203799,-0.0028581418854923824,0.0008683886998741683,0.020338459092688457,-0.0034347759515127624,0.00029175463385378833
positive_no_prior_neither,2026-01-30,EWX,0.003571750219060178,0.03253007863200175,0.005231576366260442,0.036103023408330166,0.02895832841294157,0.0016598261472002642
positive_no_prior_neither,2026-01-30,VWOB,-0.0003310788675249388,0.012410830018970698,0.0018424860767356035,0.026371461343133708,0.012741908886495637,0.0021735649442605424
positive_no_prior_neither,2026-01-30,HYEM,-0.00011452558297274804,0.006343486373523,-0.0018072170851093805,0.024780522529372195,0.006458011956495748,-0.0016926915021366325
historical_mean,2026-02-27,SPY,0.008452024473956918,-0.05236481425659356,0.008452024473956918,0.043461398416077594,-0.06081683873055048,0.0
historical_mean,2026-02-27,MGK,0.009755919635871952,-0.05256666804441845,0.009755919635871952,0.0575895703996244,-0.062322587680290406,0.0
historical_mean,2026-02-27,VTV,0.0075325984466227975,-0.05111916666844174,0.0075325984466227975,0.03966964449209813,-0.058651765115064536,0.0
historical_mean,2026-02-27,IJR,0.0029464911599937408,-0.0430573291552121,0.0029464911599937408,0.0562071807255351,-0.04600382031520584,0.0
historical_mean,2026-02-27,IWM,0.002561787595887856,-0.052595723393065286,0.002561787595887856,0.057529656083935336,-0.05515751098895314,0.0
historical_mean,2026-02-27,VNQ,0.002305670431819693,-0.066081450572396,0.002305670431819693,0.05488397168531979,-0.06838712100421569,0.0
historical_mean,2026-02-27,VNQI,3.283017448173479e-05,-0.1261996923521307,3.283017448173479e-05,0.04677168513589526,-0.12623252252661243,0.0
historical_mean,2026-02-27,VEA,0.006774299765135943,-0.0890166153043781,0.006774299765135943,0.04421800941745542,-0.09579091506951404,0.0
historical_mean,2026-02-27,VWO,0.0024632070286344583,-0.07262882161942752,0.0024632070286344583,0.04070620933946308,-0.07509202864806198,0.0
historical_mean,2026-02-27,VSS,0.004384120932677324,-0.09195775776152426,0.004384120932677324,0.044902989495041144,-0.09634187869420159,0.0
historical_mean,2026-02-27,BND,-0.0021971062705247687,-0.020459273388676813,-0.0021971062705247687,0.018108800586641993,-0.018262167118152043,0.0
historical_mean,2026-02-27,IEF,-0.0028570887109800086,-0.02626946195927571,-0.0028570887109800086,0.02171314797696794,-0.0234123732482957,0.0
historical_mean,2026-02-27,BNDX,-0.002276754244249397,-0.02445812349945309,-0.002276754244249397,0.014861124503188227,-0.02218136925520369,0.0
historical_mean,2026-02-27,LQD,-0.0019985279983067627,-0.02380357071815431,-0.0019985279983067627,0.027799085668264167,-0.021805042719847546,0.0
historical_mean,2026-02-27,HYG,0.0005184175244693163,-0.01264655652256541,0.0005184175244693163,0.021760130566391447,-0.013164974047034726,0.0
historical_mean,2026-02-27,EWX,0.004062569344703256,-0.05906694056130268,0.004062569344703256,0.0355602158473397,-0.06312950990600594,0.0
historical_mean,2026-02-27,VWOB,-0.0001151143101267077,-0.03742886388704314,-0.0001151143101267077,0.02831703091655382,-0.03731374957691643,0.0
historical_mean,2026-02-27,HYEM,-5.067753201633674e-06,-0.024402651519384255,-5.067753201633674e-06,0.024465851696778215,-0.02439758376618262,0.0
positive_no_prior_both,2026-02-27,SPY,0.008452024473956918,-0.05236481425659356,0.007220418259784663,0.034742308645861884,-0.06081683873055048,-0.0012316062141722551
positive_no_prior_both,2026-02-27,MGK,0.009755919635871952,-0.05256666804441845,0.007152443465991733,0.04876419726245225,-0.062322587680290406,-0.0026034761698802197
positive_no_prior_both,2026-02-27,VTV,0.0075325984466227975,-0.05111916666844174,0.010092555746099227,0.03364819295183077,-0.058651765115064536,0.0025599572994764296
positive_no_prior_both,2026-02-27,IJR,0.0029464911599937408,-0.0430573291552121,0.007044513747410244,0.04673811271492671,-0.04600382031520584,0.004098022587416502
positive_no_prior_both,2026-02-27,IWM,0.002561787595887856,-0.052595723393065286,0.006844970250310428,0.04876167755252379,-0.05515751098895314,0.0042831826544225725
positive_no_prior_both,2026-02-27,VNQ,0.002305670431819693,-0.066081450572396,0.004074506723968439,0.04540663628349302,-0.06838712100421569,0.0017688362921487464
positive_no_prior_both,2026-02-27,VNQI,3.283017448173479e-05,-0.1261996923521307,0.004832568755546827,0.037917798359531796,-0.12623252252661243,0.004799738581065092
positive_no_prior_both,2026-02-27,VEA,0.006774299765135943,-0.0890166153043781,0.01459166880882902,0.03608429530426665,-0.09579091506951404,0.007817369043693078
positive_no_prior_both,2026-02-27,VWO,0.0024632070286344583,-0.07262882161942752,0.011520388884527213,0.03483557713606761,-0.07509202864806198,0.009057181855892755
positive_no_prior_both,2026-02-27,VSS,0.004384120932677324,-0.09195775776152426,0.012147234318247612,0.03683661978175367,-0.09634187869420159,0.007763113385570288
positive_no_prior_both,2026-02-27,BND,-0.0021971062705247687,-0.020459273388676813,-0.00040958613780848986,0.014276746924970047,-0.018262167118152043,0.0017875201327162788
positive_no_prior_both,2026-02-27,IEF,-0.0028570887109800086,-0.02626946195927571,-0.0009833794873022126,0.017620463468106053,-0.0234123732482957,0.001873709223677796
positive_no_prior_both,2026-02-27,BNDX,-0.002276754244249397,-0.02445812349945309,-0.0009062901531603355,0.012464682602443612,-0.02218136925520369,0.0013704640910890615
positive_no_prior_both,2026-02-27,LQD,-0.0019985279983067627,-0.02380357071815431,-0.0003028640991837421,0.021341765987785442,-0.021805042719847546,0.0016956638991230206
positive_no_prior_both,2026-02-27,HYG,0.0005184175244693163,-0.01264655652256541,0.001135586266297341,0.01692286923244096,-0.013164974047034726,0.0006171687418280248
positive_no_prior_both,2026-02-27,EWX,0.004062569344703256,-0.05906694056130268,0.009416526609245659,0.03061871266340698,-0.06312950990600594,0.005353957264542403
positive_no_prior_both,2026-02-27,VWOB,-0.0001151143101267077,-0.03742886388704314,0.0024151528131188334,0.022083949808533808,-0.03731374957691643,0.002530267123245541
positive_no_prior_both,2026-02-27,HYEM,-5.067753201633674e-06,-0.024402651519384255,0.002148056470658583,0.020235758667549085,-0.02439758376618262,0.0021531242238602166
positive_no_prior_outputscale_only,2026-02-27,SPY,0.008452024473956918,-0.05236481425659356,0.003783239727164588,0.03186730754525412,-0.06081683873055048,-0.00466878474679233
positive_no_prior_outputscale_only,2026-02-27,MGK,0.009755919635871952,-0.05256666804441845,-0.006570968522753134,0.04198505323442272,-0.062322587680290406,-0.016326888158625086
positive_no_prior_outputscale_only,2026-02-27,VTV,0.0075325984466227975,-0.05111916666844174,0.015771406875411103,0.03372576317538821,-0.058651765115064536,0.008238808428788305
positive_no_prior_outputscale_only,2026-02-27,IJR,0.0029464911599937408,-0.0430573291552121,0.013063471058211014,0.04869347980275456,-0.04600382031520584,0.010116979898217273
positive_no_prior_outputscale_only,2026-02-27,IWM,0.002561787595887856,-0.052595723393065286,0.010422022251592758,0.04855522666640985,-0.05515751098895314,0.007860234655704902
positive_no_prior_outputscale_only,2026-02-27,VNQ,0.002305670431819693,-0.066081450572396,0.012240469261215796,0.04283746540613876,-0.06838712100421569,0.009934798829396102
positive_no_prior_outputscale_only,2026-02-27,VNQI,3.283017448173479e-05,-0.1261996923521307,0.019204807733463357,0.03888741122038732,-0.12623252252661243,0.01917197755898162
positive_no_prior_outputscale_only,2026-02-27,VEA,0.006774299765135943,-0.0890166153043781,0.023715681778240634,0.03684859723899646,-0.09579091506951404,0.016941382013104692
positive_no_prior_outputscale_only,2026-02-27,VWO,0.0024632070286344583,-0.07262882161942752,0.016877176746076947,0.037240715772690974,-0.07509202864806198,0.01441396971744249
positive_no_prior_outputscale_only,2026-02-27,VSS,0.004384120932677324,-0.09195775776152426,0.02200048259157379,0.03741484099847282,-0.09634187869420159,0.01761636165889647
positive_no_prior_outputscale_only,2026-02-27,BND,-0.0021971062705247687,-0.020459273388676813,0.001340858007932111,0.013531718537189154,-0.018262167118152043,0.0035379642784568797
positive_no_prior_outputscale_only,2026-02-27,IEF,-0.0028570887109800086,-0.02626946195927571,0.0018403517527666798,0.016570797690346525,-0.0234123732482957,0.004697440463746688
positive_no_prior_outputscale_only,2026-02-27,BNDX,-0.002276754244249397,-0.02445812349945309,-0.0008908237603691893,0.011139336650324407,-0.02218136925520369,0.0013859304838802077
positive_no_prior_outputscale_only,2026-02-27,LQD,-0.0019985279983067627,-0.02380357071815431,0.00042990244569806636,0.02024499836652859,-0.021805042719847546,0.002428430444004829
positive_no_prior_outputscale_only,2026-02-27,HYG,0.0005184175244693163,-0.01264655652256541,-0.0005795318794032645,0.015448998943775426,-0.013164974047034726,-0.0010979494038725808
positive_no_prior_outputscale_only,2026-02-27,EWX,0.004062569344703256,-0.05906694056130268,0.014648504388927721,0.03190592133356451,-0.06312950990600594,0.010585935044224466
positive_no_prior_outputscale_only,2026-02-27,VWOB,-0.0001151143101267077,-0.03742886388704314,0.003381149134419261,0.022123054695751324,-0.03731374957691643,0.0034962634445459685
positive_no_prior_outputscale_only,2026-02-27,HYEM,-5.067753201633674e-06,-0.024402651519384255,0.002895187915864014,0.02159197284772109,-0.02439758376618262,0.0029002556690656475
positive_no_prior_lengthscale_only,2026-02-27,SPY,0.008452024473956918,-0.05236481425659356,0.00016474346000128377,0.03867517388354295,-0.06081683873055048,-0.008287281013955634
positive_no_prior_lengthscale_only,2026-02-27,MGK,0.009755919635871952,-0.05256666804441845,0.003173663303551284,0.04918308114696327,-0.062322587680290406,-0.006582256332320668
positive_no_prior_lengthscale_only,2026-02-27,VTV,0.0075325984466227975,-0.05111916666844174,-0.0016153414907311738,0.04145613931625392,-0.058651765115064536,-0.009147939937353971
positive_no_prior_lengthscale_only,2026-02-27,IJR,0.0029464911599937408,-0.0430573291552121,-0.0075846550722406415,0.052993718378429186,-0.04600382031520584,-0.010531146232234383
positive_no_prior_lengthscale_only,2026-02-27,IWM,0.002561787595887856,-0.052595723393065286,-0.006328191926000211,0.05371648068999946,-0.05515751098895314,-0.008889979521888067
positive_no_prior_lengthscale_only,2026-02-27,VNQ,0.002305670431819693,-0.066081450572396,-0.009216013847711754,0.051317294803506025,-0.06838712100421569,-0.011521684279531447
positive_no_prior_lengthscale_only,2026-02-27,VNQI,3.283017448173479e-05,-0.1261996923521307,-0.009306036794896931,0.04674031826124607,-0.12623252252661243,-0.009338866969378665
positive_no_prior_lengthscale_only,2026-02-27,VEA,0.006774299765135943,-0.0890166153043781,-0.0023415951000838606,0.04576463091644756,-0.09579091506951404,-0.009115894865219803
positive_no_prior_lengthscale_only,2026-02-27,VWO,0.0024632070286344583,-0.07262882161942752,-0.002013385064538161,0.04142355708728494,-0.07509202864806198,-0.0044765920931726195
positive_no_prior_lengthscale_only,2026-02-27,VSS,0.004384120932677324,-0.09195775776152426,-0.004044343877412629,0.04395416261751255,-0.09634187869420159,-0.008428464810089954
positive_no_prior_lengthscale_only,2026-02-27,BND,-0.0021971062705247687,-0.020459273388676813,-0.005038931022829481,0.014891859250467765,-0.018262167118152043,-0.0028418247523047126
positive_no_prior_lengthscale_only,2026-02-27,IEF,-0.0028570887109800086,-0.02626946195927571,-0.005733529106138264,0.0182109734499147,-0.0234123732482957,-0.0028764403951582556
positive_no_prior_lengthscale_only,2026-02-27,BNDX,-0.002276754244249397,-0.02445812349945309,-0.005025707374063708,0.01251879590300109,-0.02218136925520369,-0.002748953129814311
positive_no_prior_lengthscale_only,2026-02-27,LQD,-0.0019985279983067627,-0.02380357071815431,-0.00664184184876609,0.022469606715576674,-0.021805042719847546,-0.004643313850459328
positive_no_prior_lengthscale_only,2026-02-27,HYG,0.0005184175244693163,-0.01264655652256541,-0.004696123687517057,0.01971127710279253,-0.013164974047034726,-0.005214541211986373
positive_no_prior_lengthscale_only,2026-02-27,EWX,0.004062569344703256,-0.05906694056130268,0.000597559557805979,0.03585404115615279,-0.06312950990600594,-0.0034650097868972767
positive_no_prior_lengthscale_only,2026-02-27,VWOB,-0.0001151143101267077,-0.03742886388704314,-0.005814139709897447,0.02646862103073758,-0.03731374957691643,-0.005699025399770739
positive_no_prior_lengthscale_only,2026-02-27,HYEM,-5.067753201633674e-06,-0.024402651519384255,-0.004070731127375975,0.027596763520877483,-0.02439758376618262,-0.004065663374174341
positive_no_prior_neither,2026-02-27,SPY,0.008452024473956918,-0.05236481425659356,-0.0015158129568737348,0.039380933153862374,-0.06081683873055048,-0.009967837430830653
positive_no_prior_neither,2026-02-27,MGK,0.009755919635871952,-0.05256666804441845,-0.00011852482931861731,0.050180442230467415,-0.062322587680290406,-0.00987444446519057
positive_no_prior_neither,2026-02-27,VTV,0.0075325984466227975,-0.05111916666844174,0.0007604369533144948,0.041484454351757606,-0.058651765115064536,-0.006772161493308303
positive_no_prior_neither,2026-02-27,IJR,0.0029464911599937408,-0.0430573291552121,-0.006303210022363958,0.0534156751083411,-0.04600382031520584,-0.0092497011823577
positive_no_prior_neither,2026-02-27,IWM,0.002561787595887856,-0.052595723393065286,-0.006337043048397368,0.05368090434244823,-0.05515751098895314,-0.008898830644285224
positive_no_prior_neither,2026-02-27,VNQ,0.002305670431819693,-0.066081450572396,-0.007632412427633164,0.05258757633484296,-0.06838712100421569,-0.009938082859452857
positive_no_prior_neither,2026-02-27,VNQI,3.283017448173479e-05,-0.1261996923521307,-0.004683946078626968,0.046479903770942466,-0.12623252252661243,-0.004716776253108703
positive_no_prior_neither,2026-02-27,VEA,0.006774299765135943,-0.0890166153043781,0.003207478183064562,0.045332196632054775,-0.09579091506951404,-0.0035668215820713806
positive_no_prior_neither,2026-02-27,VWO,0.0024632070286344583,-0.07262882161942752,0.0023782448547568363,0.04157949000639329,-0.07509202864806198,-8.4962173877622e-05
positive_no_prior_neither,2026-02-27,VSS,0.004384120932677324,-0.09195775776152426,0.001910592975986778,0.04413443399458518,-0.09634187869420159,-0.0024735279566905463
positive_no_prior_neither,2026-02-27,BND,-0.0021971062705247687,-0.020459273388676813,-0.0049274770837015765,0.014721703616052713,-0.018262167118152043,-0.0027303708131768078
positive_no_prior_neither,2026-02-27,IEF,-0.0028570887109800086,-0.02626946195927571,-0.005560011798641593,0.01785529159525122,-0.0234123732482957,-0.0027029230876615845
positive_no_prior_neither,2026-02-27,BNDX,-0.002276754244249397,-0.02445812349945309,-0.00486798634481964,0.012452732210621067,-0.02218136925520369,-0.0025912321005702433
positive_no_prior_neither,2026-02-27,LQD,-0.0019985279983067627,-0.02380357071815431,-0.008073115381664688,0.02254641404297624,-0.021805042719847546,-0.0060745873833579255
positive_no_prior_neither,2026-02-27,HYG,0.0005184175244693163,-0.01264655652256541,-0.006641144711435535,0.019373811576604318,-0.013164974047034726,-0.007159562235904852
positive_no_prior_neither,2026-02-27,EWX,0.004062569344703256,-0.05906694056130268,0.0042137624003830325,0.03655082359348954,-0.06312950990600594,0.00015119305567977675
positive_no_prior_neither,2026-02-27,VWOB,-0.0001151143101267077,-0.03742886388704314,-0.006774774350411104,0.02643819349835263,-0.03731374957691643,-0.006659660040284396
positive_no_prior_neither,2026-02-27,HYEM,-5.067753201633674e-06,-0.024402651519384255,-0.005802832877551288,0.02697537592529762,-0.02439758376618262,-0.005797765124349654
historical_mean,2026-03-31,SPY,0.00743841049511441,0.10158469057343722,0.00743841049511441,0.04380094533218517,0.0941462800783228,0.0
historical_mean,2026-03-31,MGK,0.008717209841200446,0.13945658747726553,0.008717209841200446,0.057663513967847115,0.13073937763606508,0.0
historical_mean,2026-03-31,VTV,0.006555069028038389,0.0506170669983208,0.006555069028038389,0.04005423780130565,0.044061997970282415,0.0
historical_mean,2026-03-31,IJR,0.002179760821406977,0.09942684130728341,0.002179760821406977,0.056044385336257975,0.09724708048587644,0.0
historical_mean,2026-03-31,IWM,0.0016424957460719702,0.11732924859591698,0.0016424957460719702,0.057482790683064756,0.115686752849845,0.0
historical_mean,2026-03-31,VNQ,0.0011658850817494312,0.08261211567781301,0.0011658850817494312,0.05512841278293588,0.08144623059606358,0.0
historical_mean,2026-03-31,VNQI,-0.0020710452009618054,0.05920759938488018,-0.0020710452009618054,0.04915374065698681,0.061278644585841986,0.0
historical_mean,2026-03-31,VEA,0.005177784513977376,0.07028850576993428,0.005177784513977376,0.04555243662199848,0.0651107212559569,0.0
historical_mean,2026-03-31,VWO,0.0012116732178334255,0.08686516780484332,0.0012116732178334255,0.041507722443310205,0.0856534945870099,0.0
historical_mean,2026-03-31,VSS,0.002778422954440631,0.08096490152679459,0.002778422954440631,0.046225536385739896,0.07818647857235396,0.0
historical_mean,2026-03-31,BND,-0.0025014757224939696,-0.001644084190784434,-0.0025014757224939696,0.01810880977936401,0.0008573915317095357,0.0
historical_mean,2026-03-31,IEF,-0.003247294931784937,-0.004636900424381141,-0.003247294931784937,0.021739493734252734,-0.0013896054925962038,0.0
historical_mean,2026-03-31,BNDX,-0.002646443731836125,-0.0008092670395931645,-0.002646443731836125,0.015010328743313879,0.0018371766922429607,0.0
historical_mean,2026-03-31,LQD,-0.0023619453769708884,-0.0003280238707080718,-0.0023619453769708884,0.027705872555016418,0.0020339215062628166,0.0
historical_mean,2026-03-31,HYG,0.00029900129035207075,0.012020620280474459,0.00029900129035207075,0.02164177469464109,0.011721618990122388,0.0
historical_mean,2026-03-31,EWX,0.003010410846269823,0.10571433591391832,0.003010410846269823,0.03618726996296255,0.1027039250676485,0.0
historical_mean,2026-03-31,VWOB,-0.0007370101364086482,0.020791542317250666,-0.0007370101364086482,0.0284862906540071,0.021528552453659314,0.0
historical_mean,2026-03-31,HYEM,-0.0004116941493046774,0.022278894658412263,-0.0004116941493046774,0.02446125942559684,0.02269058880771694,0.0
positive_no_prior_both,2026-03-31,SPY,0.00743841049511441,0.10158469057343722,0.007616822491673361,0.035614292423059704,0.0941462800783228,0.00017841199655895153
positive_no_prior_both,2026-03-31,MGK,0.008717209841200446,0.13945658747726553,0.01228307397100568,0.0485455160409586,0.13073937763606508,0.0035658641298052345
positive_no_prior_both,2026-03-31,VTV,0.006555069028038389,0.0506170669983208,0.0047399890994405175,0.033869201325840974,0.044061997970282415,-0.0018150799285978712
positive_no_prior_both,2026-03-31,IJR,0.002179760821406977,0.09942684130728341,-0.0004449341714741605,0.04618349691739344,0.09724708048587644,-0.0026246949928811374
positive_no_prior_both,2026-03-31,IWM,0.0016424957460719702,0.11732924859591698,0.0004576316088362581,0.0480295975226905,0.115686752849845,-0.001184864137235712
positive_no_prior_both,2026-03-31,VNQ,0.0011658850817494312,0.08261211567781301,-0.0006585652831298582,0.04282228965896226,0.08144623059606358,-0.0018244503648792894
positive_no_prior_both,2026-03-31,VNQI,-0.0020710452009618054,0.05920759938488018,0.0019294732513002407,0.04070121094417327,0.061278644585841986,0.004000518452262046
positive_no_prior_both,2026-03-31,VEA,0.005177784513977376,0.07028850576993428,0.00882848905493052,0.037339592013095196,0.0651107212559569,0.0036507045409531445
positive_no_prior_both,2026-03-31,VWO,0.0012116732178334255,0.08686516780484332,0.005043695195290888,0.03481955180837728,0.0856534945870099,0.003832021977457462
positive_no_prior_both,2026-03-31,VSS,0.002778422954440631,0.08096490152679459,0.006761176200051181,0.03740750428032337,0.07818647857235396,0.00398275324561055
positive_no_prior_both,2026-03-31,BND,-0.0025014757224939696,-0.001644084190784434,-0.0007476930982490359,0.0136712638037467,0.0008573915317095357,0.0017537826242449337
positive_no_prior_both,2026-03-31,IEF,-0.003247294931784937,-0.004636900424381141,-0.0015608274494632386,0.01650612040033258,-0.0013896054925962038,0.0016864674823216983
positive_no_prior_both,2026-03-31,BNDX,-0.002646443731836125,-0.0008092670395931645,-0.0012607681281615365,0.01127239661987545,0.0018371766922429607,0.0013856756036745887
positive_no_prior_both,2026-03-31,LQD,-0.0023619453769708884,-0.0003280238707080718,-1.6942508320411196e-05,0.020216221790058636,0.0020339215062628166,0.002345002868650477
positive_no_prior_both,2026-03-31,HYG,0.00029900129035207075,0.012020620280474459,0.0006811958926576633,0.01625311138799113,0.011721618990122388,0.00038219460230559253
positive_no_prior_both,2026-03-31,EWX,0.003010410846269823,0.10571433591391832,0.0043134646761229705,0.03194016674874419,0.1027039250676485,0.0013030538298531473
positive_no_prior_both,2026-03-31,VWOB,-0.0007370101364086482,0.020791542317250666,0.0014174455141840318,0.022129793562162464,0.021528552453659314,0.00215445565059268
positive_no_prior_both,2026-03-31,HYEM,-0.0004116941493046774,0.022278894658412263,0.0010230966051908658,0.02074843749704773,0.02269058880771694,0.001434790754495543
positive_no_prior_outputscale_only,2026-03-31,SPY,0.00743841049511441,0.10158469057343722,-0.0012432315120570565,0.03812300512739639,0.0941462800783228,-0.008681642007171466
positive_no_prior_outputscale_only,2026-03-31,MGK,0.008717209841200446,0.13945658747726553,0.003029963134233175,0.05159915789111932,0.13073937763606508,-0.005687246706967271
positive_no_prior_outputscale_only,2026-03-31,VTV,0.006555069028038389,0.0506170669983208,-0.0046493477658838,0.03652169712673719,0.044061997970282415,-0.011204416793922188
positive_no_prior_outputscale_only,2026-03-31,IJR,0.002179760821406977,0.09942684130728341,-0.010990161022572035,0.048903383049631516,0.09724708048587644,-0.013169921843979011
positive_no_prior_outputscale_only,2026-03-31,IWM,0.0016424957460719702,0.11732924859591698,-0.012199158878505765,0.05031176348970716,0.115686752849845,-0.013841654624577735
positive_no_prior_outputscale_only,2026-03-31,VNQ,0.0011658850817494312,0.08261211567781301,-0.005933575599513836,0.046160459748017885,0.08144623059606358,-0.007099460681263267
positive_no_prior_outputscale_only,2026-03-31,VNQI,-0.0020710452009618054,0.05920759938488018,-0.013701102244985363,0.04320627944710926,0.061278644585841986,-0.011630057044023558
positive_no_prior_outputscale_only,2026-03-31,VEA,0.005177784513977376,0.07028850576993428,-0.004628985474383311,0.03994262811607639,0.0651107212559569,-0.009806769988360687
positive_no_prior_outputscale_only,2026-03-31,VWO,0.0012116732178334255,0.08686516780484332,-0.00416372449393031,0.037370365997741455,0.0856534945870099,-0.005375397711763735
positive_no_prior_outputscale_only,2026-03-31,VSS,0.002778422954440631,0.08096490152679459,-0.00882758820971873,0.040765081371375404,0.07818647857235396,-0.01160601116415936
positive_no_prior_outputscale_only,2026-03-31,BND,-0.0025014757224939696,-0.001644084190784434,-0.002776367379191488,0.014521447470781617,0.0008573915317095357,-0.0002748916566975186
positive_no_prior_outputscale_only,2026-03-31,IEF,-0.003247294931784937,-0.004636900424381141,-0.003660868714771204,0.017736245615921957,-0.0013896054925962038,-0.00041357378298626695
positive_no_prior_outputscale_only,2026-03-31,BNDX,-0.002646443731836125,-0.0008092670395931645,-0.0032387497359687694,0.01233892892352605,0.0018371766922429607,-0.0005923060041326442
positive_no_prior_outputscale_only,2026-03-31,LQD,-0.0023619453769708884,-0.0003280238707080718,-0.0030762249761413446,0.021975698227317552,0.0020339215062628166,-0.0007142795991704563
positive_no_prior_outputscale_only,2026-03-31,HYG,0.00029900129035207075,0.012020620280474459,5.768407421076062e-05,0.0176988653724692,0.011721618990122388,-0.00024131721614131013
positive_no_prior_outputscale_only,2026-03-31,EWX,0.003010410846269823,0.10571433591391832,-0.0036306954323990096,0.03409987432802303,0.1027039250676485,-0.006641106278668833
positive_no_prior_outputscale_only,2026-03-31,VWOB,-0.0007370101364086482,0.020791542317250666,-0.0034213077721533527,0.02377259868904504,0.021528552453659314,-0.0026842976357447047
positive_no_prior_outputscale_only,2026-03-31,HYEM,-0.0004116941493046774,0.022278894658412263,-0.0032879658201278167,0.021754522615470503,0.02269058880771694,-0.0028762716708231393
positive_no_prior_lengthscale_only,2026-03-31,SPY,0.00743841049511441,0.10158469057343722,0.014493767166938487,0.03912422260855793,0.0941462800783228,0.007055356671824077
positive_no_prior_lengthscale_only,2026-03-31,MGK,0.008717209841200446,0.13945658747726553,0.01818032541484078,0.048739001060586894,0.13073937763606508,0.009463115573640334
positive_no_prior_lengthscale_only,2026-03-31,VTV,0.006555069028038389,0.0506170669983208,0.009428889759336872,0.040446075858699714,0.044061997970282415,0.0028738207312984836
positive_no_prior_lengthscale_only,2026-03-31,IJR,0.002179760821406977,0.09942684130728341,0.010034269288670614,0.05599855165936806,0.09724708048587644,0.007854508467263637
positive_no_prior_lengthscale_only,2026-03-31,IWM,0.0016424957460719702,0.11732924859591698,0.01086216145794901,0.0564009399641158,0.115686752849845,0.00921966571187704
positive_no_prior_lengthscale_only,2026-03-31,VNQ,0.0011658850817494312,0.08261211567781301,0.004409558842689053,0.05056200944653281,0.08144623059606358,0.003243673760939622
positive_no_prior_lengthscale_only,2026-03-31,VNQI,-0.0020710452009618054,0.05920759938488018,0.0037094105223840234,0.04792226288076809,0.061278644585841986,0.005780455723345829
positive_no_prior_lengthscale_only,2026-03-31,VEA,0.005177784513977376,0.07028850576993428,0.011076659258177874,0.0445901683717744,0.0651107212559569,0.005898874744200498
positive_no_prior_lengthscale_only,2026-03-31,VWO,0.0012116732178334255,0.08686516780484332,0.006662238290747953,0.042011047898432206,0.0856534945870099,0.005450565072914527
positive_no_prior_lengthscale_only,2026-03-31,VSS,0.002778422954440631,0.08096490152679459,0.00831843396227834,0.044772284773923116,0.07818647857235396,0.005540011007837709
positive_no_prior_lengthscale_only,2026-03-31,BND,-0.0025014757224939696,-0.001644084190784434,0.0002693531861860188,0.014050418031407367,0.0008573915317095357,0.0027708289086799884
positive_no_prior_lengthscale_only,2026-03-31,IEF,-0.003247294931784937,-0.004636900424381141,-0.0003579016593591132,0.01693729776604219,-0.0013896054925962038,0.0028893932724258237
positive_no_prior_lengthscale_only,2026-03-31,BNDX,-0.002646443731836125,-0.0008092670395931645,0.0006253885406888628,0.011773698147800729,0.0018371766922429607,0.003271832272524988
positive_no_prior_lengthscale_only,2026-03-31,LQD,-0.0023619453769708884,-0.0003280238707080718,0.0013407803143664384,0.021597274351387464,0.0020339215062628166,0.003702725691337327
positive_no_prior_lengthscale_only,2026-03-31,HYG,0.00029900129035207075,0.012020620280474459,0.002713706151767106,0.01865721003247368,0.011721618990122388,0.0024147048614150354
positive_no_prior_lengthscale_only,2026-03-31,EWX,0.003010410846269823,0.10571433591391832,0.009210492365756558,0.0366603580353832,0.1027039250676485,0.0062000815194867345
positive_no_prior_lengthscale_only,2026-03-31,VWOB,-0.0007370101364086482,0.020791542317250666,0.0028816335137109364,0.025676958118386974,0.021528552453659314,0.0036186436501195844
positive_no_prior_lengthscale_only,2026-03-31,HYEM,-0.0004116941493046774,0.022278894658412263,-0.00029528136320989477,0.02515036265680689,0.02269058880771694,0.00011641278609478262
positive_no_prior_neither,2026-03-31,SPY,0.00743841049511441,0.10158469057343722,0.009747710776796358,0.04023683208202879,0.0941462800783228,0.002309300281681948
positive_no_prior_neither,2026-03-31,MGK,0.008717209841200446,0.13945658747726553,0.01599589278778581,0.050384586564357195,0.13073937763606508,0.007278682946585364
positive_no_prior_neither,2026-03-31,VTV,0.006555069028038389,0.0506170669983208,0.004158960719025156,0.04234638521629559,0.044061997970282415,-0.0023961083090132326
positive_no_prior_neither,2026-03-31,IJR,0.002179760821406977,0.09942684130728341,0.005179825347346793,0.0585539378179983,0.09724708048587644,0.0030000645259398158
positive_no_prior_neither,2026-03-31,IWM,0.0016424957460719702,0.11732924859591698,0.006246502864142167,0.06018625754759517,0.115686752849845,0.004604007118070196
positive_no_prior_neither,2026-03-31,VNQ,0.0011658850817494312,0.08261211567781301,0.0005827093625665271,0.05214651542492433,0.08144623059606358,-0.0005831757191829041
positive_no_prior_neither,2026-03-31,VNQI,-0.0020710452009618054,0.05920759938488018,0.0002155145187904728,0.04967356158424611,0.061278644585841986,0.0022865597197522783
positive_no_prior_neither,2026-03-31,VEA,0.005177784513977376,0.07028850576993428,0.0070071259333152084,0.04590027328440614,0.0651107212559569,0.0018293414193378326
positive_no_prior_neither,2026-03-31,VWO,0.0012116732178334255,0.08686516780484332,0.0028882148747465964,0.043779822806619566,0.0856534945870099,0.001676541656913171
positive_no_prior_neither,2026-03-31,VSS,0.002778422954440631,0.08096490152679459,0.005394448034517668,0.04612816967347808,0.07818647857235396,0.0026160250800770367
positive_no_prior_neither,2026-03-31,BND,-0.0025014757224939696,-0.001644084190784434,0.0017034138336635809,0.014184555284464271,0.0008573915317095357,0.00420488955615755
positive_no_prior_neither,2026-03-31,IEF,-0.003247294931784937,-0.004636900424381141,0.0012881256897843956,0.0172735304322585,-0.0013896054925962038,0.0045354206215693325
positive_no_prior_neither,2026-03-31,BNDX,-0.002646443731836125,-0.0008092670395931645,0.0015116066940482277,0.012036599630308582,0.0018371766922429607,0.004158050425884353
positive_no_prior_neither,2026-03-31,LQD,-0.0023619453769708884,-0.0003280238707080718,0.003276821556033699,0.021746417965862637,0.0020339215062628166,0.005638766933004588
positive_no_prior_neither,2026-03-31,HYG,0.00029900129035207075,0.012020620280474459,0.003566163727831163,0.01907284929865047,0.011721618990122388,0.0032671624374790926
positive_no_prior_neither,2026-03-31,EWX,0.003010410846269823,0.10571433591391832,0.005176688253315853,0.0381770090306847,0.1027039250676485,0.00216627740704603
positive_no_prior_neither,2026-03-31,VWOB,-0.0007370101364086482,0.020791542317250666,0.002740566445833849,0.026018529186839345,0.021528552453659314,0.003477576582242497
positive_no_prior_neither,2026-03-31,HYEM,-0.0004116941493046774,0.022278894658412263,-0.0004977495182015939,0.02606299876875498,0.02269058880771694,-8.605536889691646e-05
historical_mean,2026-04-30,SPY,0.008981792135742652,0.049483664963993146,0.008981792135742652,0.04507605874518664,0.04050187282825049,0.0
historical_mean,2026-04-30,MGK,0.010860478327037579,0.08330425574857636,0.010860478327037579,0.059580805776805634,0.07244377742153878,0.0
historical_mean,2026-04-30,VTV,0.0072773968636167885,0.021460679046998887,0.0072773968636167885,0.0401177035821421,0.0141832821833821,0.0
historical_mean,2026-04-30,IJR,0.0037739752556016724,0.008359592272450422,0.0037739752556016724,0.05695310592921334,0.00458561701684875,0.0
historical_mean,2026-04-30,IWM,0.0035389998911513967,0.04170616807391436,0.0035389998911513967,0.058894825273066186,0.038167168182762966,0.0
historical_mean,2026-04-30,VNQ,0.002501069189881621,-0.009505527770350963,0.002501069189881621,0.055652809846333355,-0.012006596960232584,0.0
historical_mean,2026-04-30,VNQI,-0.0010664772569316092,-0.02873894096208207,-0.0010664772569316092,0.049369835043637414,-0.027672463705150464,0.0
historical_mean,2026-04-30,VEA,0.006245173387025849,0.04005467192775236,0.006245173387025849,0.045934074500483174,0.03380949854072651,0.0
historical_mean,2026-04-30,VWO,0.002615828866800801,0.013087733301134774,0.002615828866800801,0.042596326253976136,0.010471904434333972,0.0
historical_mean,2026-04-30,VSS,0.00406016850480709,0.0153673341636833,0.00406016850480709,0.04691910110238484,0.01130716565887621,0.0
historical_mean,2026-04-30,BND,-0.0024874201236134855,-0.00023588979226363271,-0.0024874201236134855,0.017957604505693114,0.002251530331349853,0.0
historical_mean,2026-04-30,IEF,-0.00327007534969635,-0.0031745273257528517,-0.00327007534969635,0.02155830428903072,9.554802394349821e-05,0.0
historical_mean,2026-04-30,BNDX,-0.002616326081143618,0.005188840393763217,-0.002616326081143618,0.014886575639767741,0.007805166474906835,0.0
historical_mean,2026-04-30,LQD,-0.002328602401458383,0.005612799118414058,-0.002328602401458383,0.027475254347549594,0.007941401519872441,0.0
historical_mean,2026-04-30,HYG,0.0004911589787147328,0.0013666068307942592,0.0004911589787147328,0.021513082165906798,0.0008754478520795263,0.0
historical_mean,2026-04-30,EWX,0.004694081749018159,0.01835836502980981,0.004694081749018159,0.03821796448204132,0.01366428328079165,0.0
historical_mean,2026-04-30,VWOB,-0.0003840830470043972,0.006564291011867507,-0.0003840830470043972,0.028382076832525596,0.006948374058871904,0.0
historical_mean,2026-04-30,HYEM,-3.971728360439966e-05,0.00658729224447252,-3.971728360439966e-05,0.024429920860436004,0.0066270095280769195,0.0
positive_no_prior_both,2026-04-30,SPY,0.008981792135742652,0.049483664963993146,0.00977321534009303,0.036793558197917374,0.04050187282825049,0.0007914232043503781
positive_no_prior_both,2026-04-30,MGK,0.010860478327037579,0.08330425574857636,0.01471227873707435,0.05381937215856656,0.07244377742153878,0.003851800410036771
positive_no_prior_both,2026-04-30,VTV,0.0072773968636167885,0.021460679046998887,0.005121010756169471,0.03656887734416364,0.0141832821833821,-0.0021563861074473173
positive_no_prior_both,2026-04-30,IJR,0.0037739752556016724,0.008359592272450422,0.00015294650218108594,0.05133456366165239,0.00458561701684875,-0.0036210287534205864
positive_no_prior_both,2026-04-30,IWM,0.0035389998911513967,0.04170616807391436,0.0028299937874762975,0.05134275676708771,0.038167168182762966,-0.0007090061036750992
positive_no_prior_both,2026-04-30,VNQ,0.002501069189881621,-0.009505527770350963,0.0020337748797210216,0.04714197201128956,-0.012006596960232584,-0.0004672943101605995
positive_no_prior_both,2026-04-30,VNQI,-0.0010664772569316092,-0.02873894096208207,-0.0018051797250758297,0.04561792684292895,-0.027672463705150464,-0.0007387024681442206
positive_no_prior_both,2026-04-30,VEA,0.006245173387025849,0.04005467192775236,0.005973850698169927,0.040576829060775595,0.03380949854072651,-0.000271322688855922
positive_no_prior_both,2026-04-30,VWO,0.002615828866800801,0.013087733301134774,0.004385190573948043,0.039300017489662706,0.010471904434333972,0.0017693617071472423
positive_no_prior_both,2026-04-30,VSS,0.00406016850480709,0.0153673341636833,0.004051769935209786,0.041666025215926335,0.01130716565887621,-8.398569597303958e-06
positive_no_prior_both,2026-04-30,BND,-0.0024874201236134855,-0.00023588979226363271,-0.0033973755162082916,0.015140556185811407,0.002251530331349853,-0.0009099553925948061
positive_no_prior_both,2026-04-30,IEF,-0.00327007534969635,-0.0031745273257528517,-0.005294155315806032,0.018996079286897696,9.554802394349821e-05,-0.0020240799661096825
positive_no_prior_both,2026-04-30,BNDX,-0.002616326081143618,0.005188840393763217,-0.003755812291281934,0.012648062424749173,0.007805166474906835,-0.0011394862101383164
positive_no_prior_both,2026-04-30,LQD,-0.002328602401458383,0.005612799118414058,-0.003616852169549307,0.022477006282439982,0.007941401519872441,-0.0012882497680909242
positive_no_prior_both,2026-04-30,HYG,0.0004911589787147328,0.0013666068307942592,0.0006845473619743563,0.017731145320441465,0.0008754478520795263,0.00019338838325962343
positive_no_prior_both,2026-04-30,EWX,0.004694081749018159,0.01835836502980981,0.007065537539340687,0.03568890966598505,0.01366428328079165,0.0023714557903225277
positive_no_prior_both,2026-04-30,VWOB,-0.0003840830470043972,0.006564291011867507,-4.0322113809829695e-05,0.02483419529581191,0.006948374058871904,0.0003437609331945675
positive_no_prior_both,2026-04-30,HYEM,-3.971728360439966e-05,0.00658729224447252,0.001631939182076113,0.023080345446571296,0.0066270095280769195,0.0016716564656805127
positive_no_prior_outputscale_only,2026-04-30,SPY,0.008981792135742652,0.049483664963993146,0.018378265324308897,0.041415205353998064,0.04050187282825049,0.009396473188566245
positive_no_prior_outputscale_only,2026-04-30,MGK,0.010860478327037579,0.08330425574857636,0.02890014765424325,0.055111661505885416,0.07244377742153878,0.018039669327205674
positive_no_prior_outputscale_only,2026-04-30,VTV,0.0072773968636167885,0.021460679046998887,0.012496832517232874,0.03891431650908003,0.0141832821833821,0.0052194356536160854
positive_no_prior_outputscale_only,2026-04-30,IJR,0.0037739752556016724,0.008359592272450422,0.007535587846755257,0.05479402484860762,0.00458561701684875,0.0037616125911535845
positive_no_prior_outputscale_only,2026-04-30,IWM,0.0035389998911513967,0.04170616807391436,0.008891358996634175,0.05667502944340395,0.038167168182762966,0.005352359105482778
positive_no_prior_outputscale_only,2026-04-30,VNQ,0.002501069189881621,-0.009505527770350963,0.006869336330319026,0.05121349563486791,-0.012006596960232584,0.004368267140437405
positive_no_prior_outputscale_only,2026-04-30,VNQI,-0.0010664772569316092,-0.02873894096208207,-0.0007122251594291578,0.048340310337907685,-0.027672463705150464,0.0003542520975024513
positive_no_prior_outputscale_only,2026-04-30,VEA,0.006245173387025849,0.04005467192775236,0.006952474850835206,0.04646441346827322,0.03380949854072651,0.0007073014638093568
positive_no_prior_outputscale_only,2026-04-30,VWO,0.002615828866800801,0.013087733301134774,0.009668583571978431,0.04166082785791772,0.010471904434333972,0.00705275470517763
positive_no_prior_outputscale_only,2026-04-30,VSS,0.00406016850480709,0.0153673341636833,0.004874054813325106,0.04505174893025838,0.01130716565887621,0.0008138863085180165
positive_no_prior_outputscale_only,2026-04-30,BND,-0.0024874201236134855,-0.00023588979226363271,-0.0037067156291482393,0.01633093138337322,0.002251530331349853,-0.0012192955055347538
positive_no_prior_outputscale_only,2026-04-30,IEF,-0.00327007534969635,-0.0031745273257528517,-0.005818114159395096,0.019957193286365693,9.554802394349821e-05,-0.0025480388096987463
positive_no_prior_outputscale_only,2026-04-30,BNDX,-0.002616326081143618,0.005188840393763217,-0.004943898147982326,0.013139222763088319,0.007805166474906835,-0.0023275720668387077
positive_no_prior_outputscale_only,2026-04-30,LQD,-0.002328602401458383,0.005612799118414058,-0.003716227828039725,0.024536453976387155,0.007941401519872441,-0.0013876254265813418
positive_no_prior_outputscale_only,2026-04-30,HYG,0.0004911589787147328,0.0013666068307942592,0.001825691623913358,0.019131507980156087,0.0008754478520795263,0.0013345326451986252
positive_no_prior_outputscale_only,2026-04-30,EWX,0.004694081749018159,0.01835836502980981,0.011544066046703206,0.03817217309382567,0.01366428328079165,0.006849984297685047
positive_no_prior_outputscale_only,2026-04-30,VWOB,-0.0003840830470043972,0.006564291011867507,0.0009412529277341721,0.026562414058147094,0.006948374058871904,0.0013253359747385693
positive_no_prior_outputscale_only,2026-04-30,HYEM,-3.971728360439966e-05,0.00658729224447252,0.004331061610533032,0.024472812853436828,0.0066270095280769195,0.004370778894137431
positive_no_prior_lengthscale_only,2026-04-30,SPY,0.008981792135742652,0.049483664963993146,0.004457597634908999,0.042924833646997174,0.04050187282825049,-0.004524194500833653
positive_no_prior_lengthscale_only,2026-04-30,MGK,0.010860478327037579,0.08330425574857636,0.007664922963930398,0.05541725754867065,0.07244377742153878,-0.0031955553631071807
positive_no_prior_lengthscale_only,2026-04-30,VTV,0.0072773968636167885,0.021460679046998887,0.0018417595122496144,0.04311480000978256,0.0141832821833821,-0.005435637351367174
positive_no_prior_lengthscale_only,2026-04-30,IJR,0.0037739752556016724,0.008359592272450422,-0.007097158406124019,0.06076739400541543,0.00458561701684875,-0.010871133661725691
positive_no_prior_lengthscale_only,2026-04-30,IWM,0.0035389998911513967,0.04170616807391436,-0.007314359588171823,0.06122368086308191,0.038167168182762966,-0.01085335947932322
positive_no_prior_lengthscale_only,2026-04-30,VNQ,0.002501069189881621,-0.009505527770350963,0.000428727004577501,0.054949564273242144,-0.012006596960232584,-0.00207234218530412
positive_no_prior_lengthscale_only,2026-04-30,VNQI,-0.0010664772569316092,-0.02873894096208207,-0.003970488577850338,0.050286449123473465,-0.027672463705150464,-0.002904011320918729
positive_no_prior_lengthscale_only,2026-04-30,VEA,0.006245173387025849,0.04005467192775236,0.002965668940666628,0.046884711848497566,0.03380949854072651,-0.0032795044463592216
positive_no_prior_lengthscale_only,2026-04-30,VWO,0.002615828866800801,0.013087733301134774,0.001704569182047647,0.045575014565659544,0.010471904434333972,-0.0009112596847531539
positive_no_prior_lengthscale_only,2026-04-30,VSS,0.00406016850480709,0.0153673341636833,-0.0005849460924007783,0.04720319158638128,0.01130716565887621,-0.004645114597207868
positive_no_prior_lengthscale_only,2026-04-30,BND,-0.0024874201236134855,-0.00023588979226363271,-0.000109191867525098,0.015383036341733118,0.002251530331349853,0.0023782282560883875
positive_no_prior_lengthscale_only,2026-04-30,IEF,-0.00327007534969635,-0.0031745273257528517,-3.281988503036704e-05,0.01852815171239447,9.554802394349821e-05,0.003237255464665983
positive_no_prior_lengthscale_only,2026-04-30,BNDX,-0.002616326081143618,0.005188840393763217,-0.0016394046009025713,0.013087305330065536,0.007805166474906835,0.0009769214802410465
positive_no_prior_lengthscale_only,2026-04-30,LQD,-0.002328602401458383,0.005612799118414058,0.00011155127141636908,0.023380927937956188,0.007941401519872441,0.002440153672874752
positive_no_prior_lengthscale_only,2026-04-30,HYG,0.0004911589787147328,0.0013666068307942592,-0.0007114969920152605,0.02012720423126823,0.0008754478520795263,-0.0012026559707299933
positive_no_prior_lengthscale_only,2026-04-30,EWX,0.004694081749018159,0.01835836502980981,0.0005883710389402025,0.04015969661189895,0.01366428328079165,-0.004105710710077957
positive_no_prior_lengthscale_only,2026-04-30,VWOB,-0.0003840830470043972,0.006564291011867507,0.0002261971939317659,0.027321653086768455,0.006948374058871904,0.0006102802409361631
positive_no_prior_lengthscale_only,2026-04-30,HYEM,-3.971728360439966e-05,0.00658729224447252,0.00012032604069123838,0.026810621147865234,0.0066270095280769195,0.00016004332429563804
positive_no_prior_neither,2026-04-30,SPY,0.008981792135742652,0.049483664963993146,0.005479436181005286,0.04484442309654155,0.04050187282825049,-0.003502355954737366
positive_no_prior_neither,2026-04-30,MGK,0.010860478327037579,0.08330425574857636,0.011320101727298536,0.0571373663430711,0.07244377742153878,0.00045962340026095734
positive_no_prior_neither,2026-04-30,VTV,0.0072773968636167885,0.021460679046998887,0.0004771363010849161,0.045007363852109315,0.0141832821833821,-0.0068002605625318725
positive_no_prior_neither,2026-04-30,IJR,0.0037739752556016724,0.008359592272450422,-0.008453184173105237,0.060723076348669795,0.00458561701684875,-0.01222715942870691
positive_no_prior_neither,2026-04-30,IWM,0.0035389998911513967,0.04170616807391436,-0.00847002993319585,0.06254542274325742,0.038167168182762966,-0.012009029824347246
positive_no_prior_neither,2026-04-30,VNQ,0.002501069189881621,-0.009505527770350963,0.003456540101805205,0.0575001460962547,-0.012006596960232584,0.0009554709119235839
positive_no_prior_neither,2026-04-30,VNQI,-0.0010664772569316092,-0.02873894096208207,-0.005086548467139105,0.053521876035139505,-0.027672463705150464,-0.004020071210207496
positive_no_prior_neither,2026-04-30,VEA,0.006245173387025849,0.04005467192775236,0.0028442910690673904,0.05031253529306322,0.03380949854072651,-0.003400882317958459
positive_no_prior_neither,2026-04-30,VWO,0.002615828866800801,0.013087733301134774,0.0005369940160766368,0.04772443424631101,0.010471904434333972,-0.002078834850724164
positive_no_prior_neither,2026-04-30,VSS,0.00406016850480709,0.0153673341636833,-0.0012060294892032985,0.05057308826978353,0.01130716565887621,-0.005266197994010388
positive_no_prior_neither,2026-04-30,BND,-0.0024874201236134855,-0.00023588979226363271,0.00033834328123969956,0.016092939018289853,0.002251530331349853,0.002825763404853185
positive_no_prior_neither,2026-04-30,IEF,-0.00327007534969635,-0.0031745273257528517,0.0005998117616466342,0.019362251807909292,9.554802394349821e-05,0.003869887111342984
positive_no_prior_neither,2026-04-30,BNDX,-0.002616326081143618,0.005188840393763217,-0.0022829051419924677,0.013562127563919838,0.007805166474906835,0.00033342093915115015
positive_no_prior_neither,2026-04-30,LQD,-0.002328602401458383,0.005612799118414058,0.0006821871012442807,0.02461395135812944,0.007941401519872441,0.0030107895027026636
positive_no_prior_neither,2026-04-30,HYG,0.0004911589787147328,0.0013666068307942592,-0.0005669387611789148,0.020623918905623855,0.0008754478520795263,-0.0010580977398936477
positive_no_prior_neither,2026-04-30,EWX,0.004694081749018159,0.01835836502980981,0.0010018212757368535,0.04229400864762896,0.01366428328079165,-0.003692260473281306
positive_no_prior_neither,2026-04-30,VWOB,-0.0003840830470043972,0.006564291011867507,0.0009386149478498322,0.028849166882221,0.006948374058871904,0.0013226979948542294
positive_no_prior_neither,2026-04-30,HYEM,-3.971728360439966e-05,0.00658729224447252,0.001207230004612395,0.02773418549375036,0.0066270095280769195,0.0012469472882167946
