variant,date,asset_id,train_mean,y_true,y_pred,y_std,y_true_resid,y_pred_resid
historical_mean,2025-05-30,SPY,0.007317202496114117,0.04769511906164903,0.007317202496114117,0.04660963933841646,0.04037791656553491,0.0
historical_mean,2025-05-30,MGK,0.009610770673104944,0.06034673392230827,0.009610770673104944,0.060851759297646975,0.05073596324920333,0.0
historical_mean,2025-05-30,VTV,0.005312478651329571,0.0332330912657377,0.005312478651329571,0.042171564323948404,0.027920612614408133,0.0
historical_mean,2025-05-30,IJR,-0.00041575730887501996,0.03734736300075814,-0.00041575730887501996,0.059575209762081326,0.03776312030963316,0.0
historical_mean,2025-05-30,IWM,-0.0015216367751140637,0.05147995646827952,-0.0015216367751140637,0.060765746839857096,0.05300159324339358,0.0
historical_mean,2025-05-30,VNQ,0.0013147227365438608,0.0033500785292834845,0.0013147227365438608,0.05871827671593424,0.002035355792739624,0.0
historical_mean,2025-05-30,VNQI,-0.003141402592921254,0.04115888912622401,-0.003141402592921254,0.04894271164589664,0.04430029171914526,0.0
historical_mean,2025-05-30,VEA,0.003213867729195683,0.030256851306093457,0.003213867729195683,0.04620801201923399,0.027042983576897776,0.0
historical_mean,2025-05-30,VWO,-0.0013812432635037686,0.05168209224062714,-0.0013812432635037686,0.04203746163569985,0.053063335504130914,0.0
historical_mean,2025-05-30,VSS,0.00044890942076046157,0.054769444558085745,0.00044890942076046157,0.046586508315900846,0.054320535137325286,0.0
historical_mean,2025-05-30,BND,-0.003237055002469442,0.011602274676301816,-0.003237055002469442,0.019300660111938473,0.014839329678771258,0.0
historical_mean,2025-05-30,IEF,-0.0040674968930327,0.012452491537882304,-0.0040674968930327,0.022985665875243404,0.016519988430915004,0.0
historical_mean,2025-05-30,BNDX,-0.0027348125869511297,-0.0001381150801093023,-0.0027348125869511297,0.015916552039829984,0.0025966975068418274,0.0
historical_mean,2025-05-30,LQD,-0.003152480733546488,0.01724059290590274,-0.003152480733546488,0.029857848780693245,0.020393073639449227,0.0
historical_mean,2025-05-30,HYG,5.2760762575032596e-05,0.014810137654057698,5.2760762575032596e-05,0.023523287034608546,0.014757376891482665,0.0
historical_mean,2025-05-30,EWX,0.0014349156952656505,0.05043478917948763,0.0014349156952656505,0.03668383644608861,0.048999873484221974,0.0
historical_mean,2025-05-30,VWOB,-0.001725584997727383,0.021275025282161186,-0.001725584997727383,0.03034204982138476,0.02300061027988857,0.0
historical_mean,2025-05-30,HYEM,-0.0011012187111369331,0.014454903619178339,-0.0011012187111369331,0.026317882165175485,0.015556122330315272,0.0
historical_mean,2025-06-30,SPY,0.008108926350340292,0.01908467259702551,0.008108926350340292,0.046486314861483725,0.010975746246685217,0.0
historical_mean,2025-06-30,MGK,0.010605593481912853,0.03526188252947149,0.010605593481912853,0.0606576555011281,0.024656289047558635,0.0
historical_mean,2025-06-30,VTV,0.005859941643768946,-0.002167296399311236,0.005859941643768946,0.04193038901454366,-0.00802723804308018,0.0
historical_mean,2025-06-30,IJR,0.0003246960305295518,0.005165530187941636,0.0003246960305295518,0.05921303348395245,0.004840834157412084,0.0
historical_mean,2025-06-30,IWM,-0.0004823898487730129,0.012760607343994756,-0.0004823898487730129,0.060611122841396574,0.01324299719276777,0.0
historical_mean,2025-06-30,VNQ,0.0013546316736564024,-0.0029632780526935854,0.0013546316736564024,0.05812882700489989,-0.004317909726349988,0.0
historical_mean,2025-06-30,VNQI,-0.0022727694219576216,-0.023931985253554888,-0.0022727694219576216,0.04884630943744813,-0.021659215831597266,0.0
historical_mean,2025-06-30,VEA,0.003744122309134855,-0.01766175570590245,0.003744122309134855,0.04590007007806359,-0.021405878015037304,0.0
historical_mean,2025-06-30,VWO,-0.0003407857045992409,0.002989658374459969,-0.0003407857045992409,0.0422731045191081,0.0033304440790592102,0.0
historical_mean,2025-06-30,VSS,0.001514017952864879,-0.009120730437294888,0.001514017952864879,0.04674135179227695,-0.010634748390159767,0.0
historical_mean,2025-06-30,BND,-0.002946087753866084,-0.006504632044136427,-0.002946087753866084,0.019219337399327574,-0.0035585442902703428,0.0
historical_mean,2025-06-30,IEF,-0.0037435755512500533,-0.00977429711868305,-0.0037435755512500533,0.022871930304032895,-0.0060307215674329975,0.0
historical_mean,2025-06-30,BNDX,-0.0026838969495620742,-0.00498710657025403,-0.0026838969495620742,0.015760777543273402,-0.0023032096206919554,0.0
historical_mean,2025-06-30,LQD,-0.0027526165445376795,-0.004751878550950606,-0.0027526165445376795,0.02969538299107734,-0.001999262006412926,0.0
historical_mean,2025-06-30,HYG,0.0003421210937805751,-0.002505544256353631,0.0003421210937805751,0.02337837316237756,-0.0028476653501342064,0.0
historical_mean,2025-06-30,EWX,0.002395697528289611,0.003689786989881094,0.002395697528289611,0.03695765100137487,0.0012940894615914834,0.0
historical_mean,2025-06-30,VWOB,-0.0012745926392981953,0.003448378263515961,-0.0012745926392981953,0.03020927485213051,0.004722970902814157,0.0
historical_mean,2025-06-30,HYEM,-0.0007961967046601631,0.0052854367518158085,-0.0007961967046601631,0.026144277822748356,0.006081633456475972,0.0
historical_mean,2025-07-31,SPY,0.008319998393545776,0.01702595928567807,0.008319998393545776,0.046053469308444485,0.008705960892132296,0.0
historical_mean,2025-07-31,MGK,0.011079752886673596,0.005506659536577585,0.011079752886673596,0.06015727754500016,-0.005573093350096011,0.0
historical_mean,2025-07-31,VTV,0.0057055716814020194,0.03136457393982228,0.0057055716814020194,0.04153219245869115,0.025659002258420265,0.0
historical_mean,2025-07-31,IJR,0.0004177889950951688,0.06670214284372133,0.0004177889950951688,0.058633482662584016,0.06628435384862616,0.0
historical_mean,2025-07-31,IWM,-0.00022771682583517123,0.06825711678016222,-0.00022771682583517123,0.06004204653297474,0.06848483360599739,0.0
historical_mean,2025-07-31,VNQ,0.0012715949481496719,0.031234506481848445,0.0012715949481496719,0.05755922989435626,0.029962911533698774,0.0
historical_mean,2025-07-31,VNQI,-0.002689292803334492,0.03800885965747658,-0.002689292803334492,0.04845822889781613,0.04069815246081107,0.0
historical_mean,2025-07-31,VEA,0.003332470808845676,0.040715343672140136,0.003332470808845676,0.045544682113617126,0.03738287286329446,0.0
historical_mean,2025-07-31,VWO,-0.0002767387030788715,0.03119670619044923,-0.0002767387030788715,0.041859158539873306,0.0314734448935281,0.0
historical_mean,2025-07-31,VSS,0.0013095035607464218,0.04570476560415426,0.0013095035607464218,0.04630432607636206,0.04439526204340784,0.0
historical_mean,2025-07-31,BND,-0.0030145212979097447,0.008078120866885197,-0.0030145212979097447,0.01903637705332175,0.011092642164794941,0.0
historical_mean,2025-07-31,IEF,-0.0038595509660083803,0.013001796164747947,-0.0038595509660083803,0.022662022294724343,0.016861347130756328,0.0
historical_mean,2025-07-31,BNDX,-0.002728189442267689,-0.002067319775812204,-0.002728189442267689,0.01560876337446942,0.0006608696664554847,0.0
historical_mean,2025-07-31,LQD,-0.002791063890814851,0.0069765482555901315,-0.002791063890814851,0.02940411760267529,0.009767612146404982,0.0
historical_mean,2025-07-31,HYG,0.0002873582985856865,0.007592278645943473,0.0002873582985856865,0.023151406952460717,0.007304920347357787,0.0
historical_mean,2025-07-31,EWX,0.002420583864089447,0.059400893238615415,0.002420583864089447,0.03659396736937123,0.056980309374525966,0.0
historical_mean,2025-07-31,VWOB,-0.0011837662757825385,0.013654429789281775,-0.0011837662757825385,0.029918809035243236,0.014838196065064313,0.0
historical_mean,2025-07-31,HYEM,-0.0006792422151125483,0.015516857251125726,-0.0006792422151125483,0.025900427029114596,0.016196099466238276,0.0
historical_mean,2025-08-29,SPY,0.008484261806604877,0.03208906394277711,0.008484261806604877,0.04562417280319489,0.02360480213617223,0.0
historical_mean,2025-08-29,MGK,0.010974600181954803,0.04538102472427963,0.010974600181954803,0.05958095227803427,0.03440642454232483,0.0
historical_mean,2025-08-29,VTV,0.00618970379948542,0.019529753810910266,0.00618970379948542,0.041281639516650696,0.013340050011424846,0.0
historical_mean,2025-08-29,IJR,0.001668437180918304,0.007030856049952794,0.001668437180918304,0.058776445259945825,0.00536241886903449,0.0
historical_mean,2025-08-29,IWM,0.0010644498459761002,0.028272862598571757,0.0010644498459761002,0.060201439664582336,0.027208412752595657,0.0
historical_mean,2025-08-29,VNQ,0.0018369329016156865,-0.002835540326792896,0.0018369329016156865,0.05715147705610083,-0.004672473228408582,0.0
historical_mean,2025-08-29,VNQI,-0.0019214031342625851,0.010131917120224765,-0.0019214031342625851,0.04831453143136225,0.01205332025448735,0.0
historical_mean,2025-08-29,VEA,0.0040378080326814204,0.022001068135094393,0.0040378080326814204,0.045395978549888576,0.017963260102412972,0.0
historical_mean,2025-08-29,VWO,0.00031709987981788515,0.053275426570534856,0.00031709987981788515,0.04167953159907015,0.05295832669071697,0.0
historical_mean,2025-08-29,VSS,0.002147150014395626,0.018182193335737562,0.002147150014395626,0.0462606272698465,0.016035043321341935,0.0
historical_mean,2025-08-29,BND,-0.0028052261627249343,0.007605185555678684,-0.0028052261627249343,0.01891392003224626,0.01041041171840362,0.0
historical_mean,2025-08-29,IEF,-0.00354141234089977,0.0030789765395491386,-0.00354141234089977,0.022562251814141464,0.006620388880448909,0.0
historical_mean,2025-08-29,BNDX,-0.0027157202032779626,0.0018362952066057758,-0.0027157202032779626,0.015458217074438056,0.0045520154098837385,0.0
historical_mean,2025-08-29,LQD,-0.002606769322014757,0.015298491121950697,-0.002606769322014757,0.02915090540247281,0.017905260443965454,0.0
historical_mean,2025-08-29,HYG,0.00042518698438489,0.005419530370210479,0.00042518698438489,0.022949662672026805,0.004994343385825589,0.0
historical_mean,2025-08-29,EWX,0.0034956840409672957,0.00934001338555035,0.0034956840409672957,0.03707594517574458,0.005844329344583054,0.0
historical_mean,2025-08-29,VWOB,-0.000903800312290759,0.011313877152875351,-0.000903800312290759,0.029699750617660087,0.01221767746516611,0.0
historical_mean,2025-08-29,HYEM,-0.000373655432730694,-0.003310550556556602,-0.000373655432730694,0.02574647192365626,-0.002936895123825908,0.0
historical_mean,2025-09-30,SPY,0.008921387772089548,0.02028375894432366,0.008921387772089548,0.04530572372076577,0.011362371172234112,0.0
historical_mean,2025-09-30,MGK,0.011611756191997856,0.04184616666398688,0.011611756191997856,0.059201630723363305,0.030234410471989027,0.0
historical_mean,2025-09-30,VTV,0.0064367417626599545,-0.007371739211896489,0.0064367417626599545,0.040930612480844425,-0.013808480974556444,0.0
historical_mean,2025-09-30,IJR,0.0017677412340485724,-0.012108590721114587,0.0017677412340485724,0.05822388311278559,-0.013876331955163159,0.0
historical_mean,2025-09-30,IWM,0.0015683093413945384,0.014115453040836279,0.0015683093413945384,0.05974563725561088,0.01254714369944174,0.0
historical_mean,2025-09-30,VNQ,0.00175040561960812,-0.027888055765740494,0.00175040561960812,0.05661331546382541,-0.029638461385348612,0.0
historical_mean,2025-09-30,VNQI,-0.0016981934999202267,-0.015995303603671296,-0.0016981934999202267,0.04788466437818778,-0.014297110103751069,0.0
historical_mean,2025-09-30,VEA,0.00437046099754092,0.014158067636574012,0.00437046099754092,0.04503207166216481,0.009787606639033091,0.0
historical_mean,2025-09-30,VWO,0.0012978096333496809,0.01105958429806142,0.0012978096333496809,0.04190874678886383,0.00976177466471174,0.0
historical_mean,2025-09-30,VSS,0.0024440952610871435,-0.004799080760367169,0.0024440952610871435,0.045874055257395636,-0.007243176021454313,0.0
historical_mean,2025-09-30,BND,-0.002612440760532275,0.002537797325417923,-0.002612440760532275,0.01878812400287835,0.005150238085950198,0.0
historical_mean,2025-09-30,IEF,-0.003418812546817383,0.0036171952388968087,-0.003418812546817383,0.022366538623873458,0.007036007785714192,0.0
historical_mean,2025-09-30,BNDX,-0.002631423621613449,0.006523664675198493,-0.002631423621613449,0.01532421553362729,0.009155088296811942,0.0
historical_mean,2025-09-30,LQD,-0.0022751904249042857,-0.0019813075408361414,-0.0022751904249042857,0.02897721167290285,0.0002938828840681443,0.0
historical_mean,2025-09-30,HYG,0.0005176748248631416,-0.003581832310472044,0.0005176748248631416,0.02274228312883123,-0.004099507135335185,0.0
historical_mean,2025-09-30,EWX,0.003603912362163278,-0.003915097877319473,0.003603912362163278,0.0367331171895964,-0.007519010239482751,0.0
historical_mean,2025-09-30,VWOB,-0.000677547025898794,0.017691150240358278,-0.000677547025898794,0.029465175179826473,0.018368697266257072,0.0
historical_mean,2025-09-30,HYEM,-0.0004280423794682108,0.00027660203614199297,-0.0004280423794682108,0.025505555474386703,0.0007046444156102037,0.0
historical_mean,2025-10-31,SPY,0.00912797633885744,-0.001039617729681419,0.00912797633885744,0.044910407117204544,-0.010167594068538859,0.0
historical_mean,2025-10-31,MGK,0.01216147274603402,-0.018174122322586972,0.01216147274603402,0.05879242400123929,-0.03033559506862099,0.0
historical_mean,2025-10-31,VTV,0.006185678472213474,0.02234958180665636,0.006185678472213474,0.040592579225395185,0.016163903334442887,0.0
historical_mean,2025-10-31,IJR,0.0015154442894092421,0.022999546830901885,0.0015154442894092421,0.05771259275305756,0.021484102541492644,0.0
historical_mean,2025-10-31,IWM,0.0017964392268389336,0.007219933427264902,0.0017964392268389336,0.05921402650770006,0.005423494200425968,0.0
historical_mean,2025-10-31,VNQ,0.0012115245035108726,0.02116455054555555,0.0012115245035108726,0.05622887152816875,0.019953026042044675,0.0
historical_mean,2025-10-31,VNQI,-0.0019581409563520645,0.011398276316832767,-0.0019581409563520645,0.04747837095054195,0.013356417273184831,0.0
historical_mean,2025-10-31,VEA,0.004548417481886976,0.006662577508105283,0.004548417481886976,0.0446326760841844,0.0021141600262183065,0.0
historical_mean,2025-10-31,VWO,0.0014752964454353488,-0.015135981764385575,0.0014752964454353488,0.041539749304071,-0.016611278209820925,0.0
historical_mean,2025-10-31,VSS,0.0023124011516061564,0.006820955763576553,0.0023124011516061564,0.04545780376317812,0.004508554611970396,0.0
historical_mean,2025-10-31,BND,-0.002518800068060453,0.00297114143881938,-0.002518800068060453,0.018626297453441548,0.005489941506879833,0.0
historical_mean,2025-10-31,IEF,-0.0032908851325316704,0.00686801303321638,-0.0032908851325316704,0.02217877445349183,0.01015889816574805,0.0
historical_mean,2025-10-31,BNDX,-0.002464967470762323,-0.004807659780811324,-0.002464967470762323,0.015231768429332786,-0.002342692310049001,0.0
historical_mean,2025-10-31,LQD,-0.00226984709973941,0.006300096794094712,-0.00226984709973941,0.028707677706642655,0.008569943893834121,0.0
historical_mean,2025-10-31,HYG,0.000443138331493411,0.004457641722011463,0.000443138331493411,0.022537502415602713,0.004014503390518052,0.0
historical_mean,2025-10-31,EWX,0.0034672030850817735,-0.016176668191666965,0.0034672030850817735,0.03640552670069025,-0.01964387127674874,0.0
historical_mean,2025-10-31,VWOB,-0.0003435707119668472,0.0006545758910070365,-0.0003435707119668472,0.029295964642314293,0.0009981466029738836,0.0
historical_mean,2025-10-31,HYEM,-0.0004152306628207526,-0.0021992661278306125,-0.0004152306628207526,0.025268467972682427,-0.0017840354650098598,0.0
historical_mean,2025-11-28,SPY,0.008946412159062103,-0.0024606389596457667,0.008946412159062103,0.04452099523915146,-0.01140705111870787,0.0
historical_mean,2025-11-28,MGK,0.011619765691237216,-0.006014656315694422,0.011619765691237216,0.058396367850803266,-0.01763442200693164,0.0
historical_mean,2025-11-28,VTV,0.006474319603185668,0.004591005630098177,0.006474319603185668,0.04027981912138792,-0.001883313973087491,0.0
historical_mean,2025-11-28,IJR,0.0018990889776501821,-0.0043423583691276635,0.0018990889776501821,0.05725754669804376,-0.006241447346777846,0.0
historical_mean,2025-11-28,IWM,0.0018932873375608259,-0.010325989693845572,0.0018932873375608259,0.0586777237486756,-0.012219277031406397,0.0
historical_mean,2025-11-28,VNQ,0.0015678285399759562,-0.02554537559841752,0.0015678285399759562,0.05577911918604514,-0.027113204138393476,0.0
historical_mean,2025-11-28,VNQI,-0.0017196335050451924,0.0008944661826628675,-0.0017196335050451924,0.04707861442999848,0.0026140996877080597,0.0
historical_mean,2025-11-28,VEA,0.004586170339498018,0.02842462799248069,0.004586170339498018,0.044225965568690156,0.023838457652982672,0.0
historical_mean,2025-11-28,VWO,0.0011786664774028324,0.006231798598067773,0.0011786664774028324,0.04122019559348269,0.00505313212066494,0.0
historical_mean,2025-11-28,VSS,0.002392911055391342,0.01745648547983225,0.002392911055391342,0.045046684455100794,0.01506357442444091,0.0
historical_mean,2025-11-28,BND,-0.002420765398294742,-0.00624728267814989,-0.002420765398294742,0.018470765560571062,-0.0038265172798551484,0.0
historical_mean,2025-11-28,IEF,-0.003109476236714741,-0.010842523271658244,-0.003109476236714741,0.02201811413583313,-0.007733047034943503,0.0
historical_mean,2025-11-28,BNDX,-0.002506801262013198,-0.00843043234441343,-0.002506801262013198,0.015095908991715557,-0.005923631082400232,0.0
historical_mean,2025-11-28,LQD,-0.0021168123873495153,-0.010606184040828248,-0.0021168123873495153,0.02846854514343274,-0.008489371653478732,0.0
historical_mean,2025-11-28,HYG,0.0005148258920383762,0.0016540803164204476,0.0005148258920383762,0.022338118771901058,0.0011392544243820713,0.0
historical_mean,2025-11-28,EWX,0.003116419669425546,0.005526301936131128,0.003116419669425546,0.0361684340399512,0.0024098822667055824,0.0
historical_mean,2025-11-28,VWOB,-0.00032574666548517074,-0.0012631324755422169,-0.00032574666548517074,0.029028722421739143,-0.0009373858100570462,0.0
historical_mean,2025-11-28,HYEM,-0.000447088438981643,0.006456216930834868,-0.000447088438981643,0.025038835845072816,0.006903305369816511,0.0
historical_mean,2025-12-31,SPY,0.008746288455225123,0.011594066475381304,0.008746288455225123,0.04414755775755146,0.002847778020156181,0.0
historical_mean,2025-12-31,MGK,0.011310389866554206,-0.01981088189923419,0.011310389866554206,0.05791973895197182,-0.031121271765788397,0.0
historical_mean,2025-12-31,VTV,0.00644127900716659,0.04262615110326995,0.00644127900716659,0.03991933724277847,0.03618487209610336,0.0
historical_mean,2025-12-31,IJR,0.0017895899013909218,0.05372327844739844,0.0017895899013909218,0.05675003747569404,0.051933688546007516,0.0
historical_mean,2025-12-31,IWM,0.0016789140563080822,0.05153392029332182,0.0016789140563080822,0.05817397411192298,0.04985500623701374,0.0
historical_mean,2025-12-31,VNQ,0.0010921582919339653,0.0229258613639709,0.0010921582919339653,0.05539537861696057,0.021833703072036935,0.0
historical_mean,2025-12-31,VNQI,-0.0016737721070152263,0.04257155181000494,-0.0016737721070152263,0.04665766093629219,0.044245323917020164,0.0
historical_mean,2025-12-31,VEA,0.005004388894813503,0.05642561347994279,0.005004388894813503,0.043942898023318626,0.051421224585129294,0.0
historical_mean,2025-12-31,VWO,0.0012673179181162523,0.04715510460279937,0.0012673179181162523,0.040855982915353244,0.045887786684683116,0.0
historical_mean,2025-12-31,VSS,0.002657184290907849,0.06068200468583562,0.002657184290907849,0.04468723417438362,0.058024820394927776,0.0
historical_mean,2025-12-31,BND,-0.0024878972803974637,-0.0009446630105405251,-0.0024878972803974637,0.01831212043723312,0.0015432342698569385,0.0
historical_mean,2025-12-31,IEF,-0.003245143728555855,-0.005378931439972923,-0.003245143728555855,0.021844664741227326,-0.0021337877114170675,0.0
historical_mean,2025-12-31,BNDX,-0.0026107246143360087,0.002059820670583523,-0.0026107246143360087,0.014981077086336935,0.004670545284919532,0.0
historical_mean,2025-12-31,LQD,-0.0022657487321473876,0.0003398451129934532,-0.0022657487321473876,0.02823561533177713,0.002605593845140841,0.0
historical_mean,2025-12-31,HYG,0.0005348128117643775,0.0029604455586125233,0.0005348128117643775,0.022138287130142906,0.002425632746848146,0.0
historical_mean,2025-12-31,EWX,0.0031586983056835385,0.02711570928152862,0.0031586983056835385,0.035845468132474606,0.023957010975845083,0.0
historical_mean,2025-12-31,VWOB,-0.0003421920305738908,0.0003023714262653243,-0.0003421920305738908,0.028768637802182126,0.0006445634568392151,0.0
historical_mean,2025-12-31,HYEM,-0.00032597781845854624,0.01193825183971775,-0.00032597781845854624,0.02483110847291286,0.012264229658176296,0.0
historical_mean,2026-01-30,SPY,0.0087953880762623,-0.011463064459755201,0.0087953880762623,0.04376018256408277,-0.0202584525360175,0.0
historical_mean,2026-01-30,MGK,0.010773816215419922,-0.049282081977910286,0.010773816215419922,0.05755467570999545,-0.06005589819333021,0.0
historical_mean,2026-01-30,VTV,0.00706515611227182,0.03464425383897951,0.00706515611227182,0.03985186721415389,0.02757909772670769,0.0
historical_mean,2026-01-30,IJR,0.002684998324597948,0.018113075612949725,0.002684998324597948,0.05666186940572184,0.015428077288351777,0.0
historical_mean,2026-01-30,IWM,0.0025384831293600433,0.003913446654500996,0.0025384831293600433,0.05803182711266881,0.0013749635251409527,0.0
historical_mean,2026-01-30,VNQ,0.0014686014483483952,0.05085567147315495,0.0014686014483483952,0.05498209882208653,0.04938707002480656,0.0
historical_mean,2026-01-30,VNQI,-0.0009109216946528097,0.05477043858428532,-0.0009109216946528097,0.04661006334219268,0.05568136027893813,0.0
historical_mean,2026-01-30,VEA,0.005890961732488146,0.05800790565870817,0.005890961732488146,0.04407595870355822,0.05211694392622002,0.0
historical_mean,2026-01-30,VWO,0.0020584866540590647,0.025936988754007295,0.0020584866540590647,0.04094181130205213,0.02387850209994823,0.0
historical_mean,2026-01-30,VSS,0.003657612228751431,0.046521625760379104,0.003657612228751431,0.044944013598831135,0.04286401353162767,0.0
historical_mean,2026-01-30,BND,-0.002461289792986137,0.013125538032234596,-0.002461289792986137,0.01815190811354069,0.015586827825220733,0.0
historical_mean,2026-01-30,IEF,-0.0032819331718561494,0.02178389001983616,-0.0032819331718561494,0.021654009676061948,0.02506582319169231,0.0
historical_mean,2026-01-30,BNDX,-0.0025301979714925688,0.01242298193585456,-0.0025301979714925688,0.014861741443180768,0.014953179907347128,0.0
historical_mean,2026-01-30,LQD,-0.0022208247003346147,0.010894680719308658,-0.0022208247003346147,0.027988929692119708,0.013115505419643273,0.0
historical_mean,2026-01-30,HYG,0.0005766340660203799,-0.0028581418854923824,0.0005766340660203799,0.021945543705572185,-0.0034347759515127624,0.0
historical_mean,2026-01-30,EWX,0.003571750219060178,0.03253007863200175,0.003571750219060178,0.035668627839499395,0.02895832841294157,0.0
historical_mean,2026-01-30,VWOB,-0.0003310788675249388,0.012410830018970698,-0.0003310788675249388,0.028515290288805777,0.012741908886495637,0.0
historical_mean,2026-01-30,HYEM,-0.00011452558297274804,0.006343486373523,-0.00011452558297274804,0.024664954581871748,0.006458011956495748,0.0
historical_mean,2026-02-27,SPY,0.008452024473956918,-0.05236481425659356,0.008452024473956918,0.043461398416077594,-0.06081683873055048,0.0
historical_mean,2026-02-27,MGK,0.009755919635871952,-0.05256666804441845,0.009755919635871952,0.0575895703996244,-0.062322587680290406,0.0
historical_mean,2026-02-27,VTV,0.0075325984466227975,-0.05111916666844174,0.0075325984466227975,0.03966964449209813,-0.058651765115064536,0.0
historical_mean,2026-02-27,IJR,0.0029464911599937408,-0.0430573291552121,0.0029464911599937408,0.0562071807255351,-0.04600382031520584,0.0
historical_mean,2026-02-27,IWM,0.002561787595887856,-0.052595723393065286,0.002561787595887856,0.057529656083935336,-0.05515751098895314,0.0
historical_mean,2026-02-27,VNQ,0.002305670431819693,-0.066081450572396,0.002305670431819693,0.05488397168531979,-0.06838712100421569,0.0
historical_mean,2026-02-27,VNQI,3.283017448173479e-05,-0.1261996923521307,3.283017448173479e-05,0.04677168513589526,-0.12623252252661243,0.0
historical_mean,2026-02-27,VEA,0.006774299765135943,-0.0890166153043781,0.006774299765135943,0.04421800941745542,-0.09579091506951404,0.0
historical_mean,2026-02-27,VWO,0.0024632070286344583,-0.07262882161942752,0.0024632070286344583,0.04070620933946308,-0.07509202864806198,0.0
historical_mean,2026-02-27,VSS,0.004384120932677324,-0.09195775776152426,0.004384120932677324,0.044902989495041144,-0.09634187869420159,0.0
historical_mean,2026-02-27,BND,-0.0021971062705247687,-0.020459273388676813,-0.0021971062705247687,0.018108800586641993,-0.018262167118152043,0.0
historical_mean,2026-02-27,IEF,-0.0028570887109800086,-0.02626946195927571,-0.0028570887109800086,0.02171314797696794,-0.0234123732482957,0.0
historical_mean,2026-02-27,BNDX,-0.002276754244249397,-0.02445812349945309,-0.002276754244249397,0.014861124503188227,-0.02218136925520369,0.0
historical_mean,2026-02-27,LQD,-0.0019985279983067627,-0.02380357071815431,-0.0019985279983067627,0.027799085668264167,-0.021805042719847546,0.0
historical_mean,2026-02-27,HYG,0.0005184175244693163,-0.01264655652256541,0.0005184175244693163,0.021760130566391447,-0.013164974047034726,0.0
historical_mean,2026-02-27,EWX,0.004062569344703256,-0.05906694056130268,0.004062569344703256,0.0355602158473397,-0.06312950990600594,0.0
historical_mean,2026-02-27,VWOB,-0.0001151143101267077,-0.03742886388704314,-0.0001151143101267077,0.02831703091655382,-0.03731374957691643,0.0
historical_mean,2026-02-27,HYEM,-5.067753201633674e-06,-0.024402651519384255,-5.067753201633674e-06,0.024465851696778215,-0.02439758376618262,0.0
historical_mean,2026-03-31,SPY,0.00743841049511441,0.10158469057343722,0.00743841049511441,0.04380094533218517,0.0941462800783228,0.0
historical_mean,2026-03-31,MGK,0.008717209841200446,0.13945658747726553,0.008717209841200446,0.057663513967847115,0.13073937763606508,0.0
historical_mean,2026-03-31,VTV,0.006555069028038389,0.0506170669983208,0.006555069028038389,0.04005423780130565,0.044061997970282415,0.0
historical_mean,2026-03-31,IJR,0.002179760821406977,0.09942684130728341,0.002179760821406977,0.056044385336257975,0.09724708048587644,0.0
historical_mean,2026-03-31,IWM,0.0016424957460719702,0.11732924859591698,0.0016424957460719702,0.057482790683064756,0.115686752849845,0.0
historical_mean,2026-03-31,VNQ,0.0011658850817494312,0.08261211567781301,0.0011658850817494312,0.05512841278293588,0.08144623059606358,0.0
historical_mean,2026-03-31,VNQI,-0.0020710452009618054,0.05920759938488018,-0.0020710452009618054,0.04915374065698681,0.061278644585841986,0.0
historical_mean,2026-03-31,VEA,0.005177784513977376,0.07028850576993428,0.005177784513977376,0.04555243662199848,0.0651107212559569,0.0
historical_mean,2026-03-31,VWO,0.0012116732178334255,0.08686516780484332,0.0012116732178334255,0.041507722443310205,0.0856534945870099,0.0
historical_mean,2026-03-31,VSS,0.002778422954440631,0.08096490152679459,0.002778422954440631,0.046225536385739896,0.07818647857235396,0.0
historical_mean,2026-03-31,BND,-0.0025014757224939696,-0.001644084190784434,-0.0025014757224939696,0.01810880977936401,0.0008573915317095357,0.0
historical_mean,2026-03-31,IEF,-0.003247294931784937,-0.004636900424381141,-0.003247294931784937,0.021739493734252734,-0.0013896054925962038,0.0
historical_mean,2026-03-31,BNDX,-0.002646443731836125,-0.0008092670395931645,-0.002646443731836125,0.015010328743313879,0.0018371766922429607,0.0
historical_mean,2026-03-31,LQD,-0.0023619453769708884,-0.0003280238707080718,-0.0023619453769708884,0.027705872555016418,0.0020339215062628166,0.0
historical_mean,2026-03-31,HYG,0.00029900129035207075,0.012020620280474459,0.00029900129035207075,0.02164177469464109,0.011721618990122388,0.0
historical_mean,2026-03-31,EWX,0.003010410846269823,0.10571433591391832,0.003010410846269823,0.03618726996296255,0.1027039250676485,0.0
historical_mean,2026-03-31,VWOB,-0.0007370101364086482,0.020791542317250666,-0.0007370101364086482,0.0284862906540071,0.021528552453659314,0.0
historical_mean,2026-03-31,HYEM,-0.0004116941493046774,0.022278894658412263,-0.0004116941493046774,0.02446125942559684,0.02269058880771694,0.0
historical_mean,2026-04-30,SPY,0.008981792135742652,0.049483664963993146,0.008981792135742652,0.04507605874518664,0.04050187282825049,0.0
historical_mean,2026-04-30,MGK,0.010860478327037579,0.08330425574857636,0.010860478327037579,0.059580805776805634,0.07244377742153878,0.0
historical_mean,2026-04-30,VTV,0.0072773968636167885,0.021460679046998887,0.0072773968636167885,0.0401177035821421,0.0141832821833821,0.0
historical_mean,2026-04-30,IJR,0.0037739752556016724,0.008359592272450422,0.0037739752556016724,0.05695310592921334,0.00458561701684875,0.0
historical_mean,2026-04-30,IWM,0.0035389998911513967,0.04170616807391436,0.0035389998911513967,0.058894825273066186,0.038167168182762966,0.0
historical_mean,2026-04-30,VNQ,0.002501069189881621,-0.009505527770350963,0.002501069189881621,0.055652809846333355,-0.012006596960232584,0.0
historical_mean,2026-04-30,VNQI,-0.0010664772569316092,-0.02873894096208207,-0.0010664772569316092,0.049369835043637414,-0.027672463705150464,0.0
historical_mean,2026-04-30,VEA,0.006245173387025849,0.04005467192775236,0.006245173387025849,0.045934074500483174,0.03380949854072651,0.0
historical_mean,2026-04-30,VWO,0.002615828866800801,0.013087733301134774,0.002615828866800801,0.042596326253976136,0.010471904434333972,0.0
historical_mean,2026-04-30,VSS,0.00406016850480709,0.0153673341636833,0.00406016850480709,0.04691910110238484,0.01130716565887621,0.0
historical_mean,2026-04-30,BND,-0.0024874201236134855,-0.00023588979226363271,-0.0024874201236134855,0.017957604505693114,0.002251530331349853,0.0
historical_mean,2026-04-30,IEF,-0.00327007534969635,-0.0031745273257528517,-0.00327007534969635,0.02155830428903072,9.554802394349821e-05,0.0
historical_mean,2026-04-30,BNDX,-0.002616326081143618,0.005188840393763217,-0.002616326081143618,0.014886575639767741,0.007805166474906835,0.0
historical_mean,2026-04-30,LQD,-0.002328602401458383,0.005612799118414058,-0.002328602401458383,0.027475254347549594,0.007941401519872441,0.0
historical_mean,2026-04-30,HYG,0.0004911589787147328,0.0013666068307942592,0.0004911589787147328,0.021513082165906798,0.0008754478520795263,0.0
historical_mean,2026-04-30,EWX,0.004694081749018159,0.01835836502980981,0.004694081749018159,0.03821796448204132,0.01366428328079165,0.0
historical_mean,2026-04-30,VWOB,-0.0003840830470043972,0.006564291011867507,-0.0003840830470043972,0.028382076832525596,0.006948374058871904,0.0
historical_mean,2026-04-30,HYEM,-3.971728360439966e-05,0.00658729224447252,-3.971728360439966e-05,0.024429920860436004,0.0066270095280769195,0.0
positive_no_prior,2025-05-30,SPY,0.007317202496114117,0.04769511906164903,0.008918124194843908,0.04581727389197109,0.04037791656553491,0.001600921698729791
positive_no_prior,2025-05-30,MGK,0.009610770673104944,0.06034673392230827,0.011246623254123785,0.061501975260735704,0.05073596324920333,0.0016358525810188408
positive_no_prior,2025-05-30,VTV,0.005312478651329571,0.0332330912657377,0.007386812009200525,0.04334293616148259,0.027920612614408133,0.0020743333578709545
positive_no_prior,2025-05-30,IJR,-0.00041575730887501996,0.03734736300075814,0.00243631270124816,0.0638142767648526,0.03776312030963316,0.00285207001012318
positive_no_prior,2025-05-30,IWM,-0.0015216367751140637,0.05147995646827952,0.0004933217335228513,0.06395571425108003,0.05300159324339358,0.002014958508636915
positive_no_prior,2025-05-30,VNQ,0.0013147227365438608,0.0033500785292834845,0.004291445963840108,0.05988411277499223,0.002035355792739624,0.0029767232272962475
positive_no_prior,2025-05-30,VNQI,-0.003141402592921254,0.04115888912622401,-0.001356095399696818,0.048334894264553514,0.04430029171914526,0.0017853071932244359
positive_no_prior,2025-05-30,VEA,0.003213867729195683,0.030256851306093457,0.0034586217720186142,0.047806096021405765,0.027042983576897776,0.0002447540428229312
positive_no_prior,2025-05-30,VWO,-0.0013812432635037686,0.05168209224062714,-0.0005907144295954518,0.04540309181878892,0.053063335504130914,0.0007905288339083168
positive_no_prior,2025-05-30,VSS,0.00044890942076046157,0.054769444558085745,0.000476572612887665,0.0475982683178484,0.054320535137325286,2.7663192127203452e-05
positive_no_prior,2025-05-30,BND,-0.003237055002469442,0.011602274676301816,-0.0024897853645323197,0.018229414760211334,0.014839329678771258,0.0007472696379371225
positive_no_prior,2025-05-30,IEF,-0.0040674968930327,0.012452491537882304,-0.0034320380671646277,0.02240063811989503,0.016519988430915004,0.0006354588258680725
positive_no_prior,2025-05-30,BNDX,-0.0027348125869511297,-0.0001381150801093023,-0.001403230943825083,0.01575980848417902,0.0025966975068418274,0.0013315816431260466
positive_no_prior,2025-05-30,LQD,-0.003152480733546488,0.01724059290590274,-0.0018464049840729317,0.027807475566113255,0.020393073639449227,0.0013060757494735562
positive_no_prior,2025-05-30,HYG,5.2760762575032596e-05,0.014810137654057698,0.0008332820662703148,0.023936729715018243,0.014757376891482665,0.0007805213036952822
positive_no_prior,2025-05-30,EWX,0.0014349156952656505,0.05043478917948763,0.0030318101140120665,0.03866099040178219,0.048999873484221974,0.001596894418746416
positive_no_prior,2025-05-30,VWOB,-0.001725584997727383,0.021275025282161186,-0.00046796671096288947,0.03101953182922437,0.02300061027988857,0.0012576182867644935
positive_no_prior,2025-05-30,HYEM,-0.0011012187111369331,0.014454903619178339,0.0011154895691418566,0.02835508649180812,0.015556122330315272,0.0022167082802787897
positive_no_prior,2025-06-30,SPY,0.008108926350340292,0.01908467259702551,0.007418425617615298,0.04579950803720218,0.010975746246685217,-0.0006905007327249945
positive_no_prior,2025-06-30,MGK,0.010605593481912853,0.03526188252947149,0.011318627574972205,0.06300073358670343,0.024656289047558635,0.0007130340930593514
positive_no_prior,2025-06-30,VTV,0.005859941643768946,-0.002167296399311236,0.005335206561398097,0.043093217821163855,-0.00802723804308018,-0.000524735082370849
positive_no_prior,2025-06-30,IJR,0.0003246960305295518,0.005165530187941636,0.0004629524860946374,0.05997912539540923,0.004840834157412084,0.00013825645556508561
positive_no_prior,2025-06-30,IWM,-0.0004823898487730129,0.012760607343994756,-0.00010151902390240594,0.0608796940384,0.01324299719276777,0.000380870824870607
positive_no_prior,2025-06-30,VNQ,0.0013546316736564024,-0.0029632780526935854,-0.001931692598922846,0.05448555925797304,-0.004317909726349988,-0.0032863242725792484
positive_no_prior,2025-06-30,VNQI,-0.0022727694219576216,-0.023931985253554888,-0.0020516047169569945,0.04638503634867701,-0.021659215831597266,0.00022116470500062714
positive_no_prior,2025-06-30,VEA,0.003744122309134855,-0.01766175570590245,0.0041985546891869134,0.04452848600887508,-0.021405878015037304,0.00045443238005205824
positive_no_prior,2025-06-30,VWO,-0.0003407857045992409,0.002989658374459969,0.0010087317109253654,0.04196148198776675,0.0033304440790592102,0.0013495174155246062
positive_no_prior,2025-06-30,VSS,0.001514017952864879,-0.009120730437294888,0.0007539733094568466,0.04673629006927609,-0.010634748390159767,-0.0007600446434080323
positive_no_prior,2025-06-30,BND,-0.002946087753866084,-0.006504632044136427,-0.00235500527617832,0.018556268590540773,-0.0035585442902703428,0.0005910824776877641
positive_no_prior,2025-06-30,IEF,-0.0037435755512500533,-0.00977429711868305,-0.0037102479968011796,0.022274143974996892,-0.0060307215674329975,3.332755444887363e-05
positive_no_prior,2025-06-30,BNDX,-0.0026838969495620742,-0.00498710657025403,-0.002288295756935137,0.01548816127359288,-0.0023032096206919554,0.00039560119262693717
positive_no_prior,2025-06-30,LQD,-0.0027526165445376795,-0.004751878550950606,-0.00272174541424906,0.02828625105363775,-0.001999262006412926,3.0871130288619326e-05
positive_no_prior,2025-06-30,HYG,0.0003421210937805751,-0.002505544256353631,4.141878036484272e-06,0.022681858890951312,-0.0028476653501342064,-0.0003379792157440908
positive_no_prior,2025-06-30,EWX,0.002395697528289611,0.003689786989881094,0.002581818275648601,0.03656895319262013,0.0012940894615914834,0.00018612074735899035
positive_no_prior,2025-06-30,VWOB,-0.0012745926392981953,0.003448378263515961,-0.0010680135219815726,0.02889235464168406,0.004722970902814157,0.0002065791173166227
positive_no_prior,2025-06-30,HYEM,-0.0007961967046601631,0.0052854367518158085,0.0008357497905190631,0.026218804168163565,0.006081633456475972,0.0016319464951792262
positive_no_prior,2025-07-31,SPY,0.008319998393545776,0.01702595928567807,0.008875148572203482,0.03823645288299713,0.008705960892132296,0.0005551501786577057
positive_no_prior,2025-07-31,MGK,0.011079752886673596,0.005506659536577585,0.011063501905524485,0.05382537343717732,-0.005573093350096011,-1.6250981149110513e-05
positive_no_prior,2025-07-31,VTV,0.0057055716814020194,0.03136457393982228,0.005843137732505446,0.03625481612883366,0.025659002258420265,0.0001375660511034266
positive_no_prior,2025-07-31,IJR,0.0004177889950951688,0.06670214284372133,0.0046635356249163755,0.049797170775982495,0.06628435384862616,0.004245746629821206
positive_no_prior,2025-07-31,IWM,-0.00022771682583517123,0.06825711678016222,0.0022647608200252398,0.05171312248821707,0.06848483360599739,0.002492477645860411
positive_no_prior,2025-07-31,VNQ,0.0012715949481496719,0.031234506481848445,0.003046295639680561,0.048057141885580835,0.029962911533698774,0.0017747006915308893
positive_no_prior,2025-07-31,VNQI,-0.002689292803334492,0.03800885965747658,-0.00616913363924543,0.04144804366435574,0.04069815246081107,-0.0034798408359109382
positive_no_prior,2025-07-31,VEA,0.003332470808845676,0.040715343672140136,0.0013065953025241596,0.03828295538400926,0.03738287286329446,-0.0020258755063215163
positive_no_prior,2025-07-31,VWO,-0.0002767387030788715,0.03119670619044923,0.00127010453446521,0.037077088022509745,0.0314734448935281,0.0015468432375440814
positive_no_prior,2025-07-31,VSS,0.0013095035607464218,0.04570476560415426,-0.0005037926368284809,0.03842314376908042,0.04439526204340784,-0.0018132961975749027
positive_no_prior,2025-07-31,BND,-0.0030145212979097447,0.008078120866885197,-0.0024000551512951608,0.015944427656256466,0.011092642164794941,0.0006144661466145839
positive_no_prior,2025-07-31,IEF,-0.0038595509660083803,0.013001796164747947,-0.003880843888012373,0.019880574720523667,0.016861347130756328,-2.1292922003992697e-05
positive_no_prior,2025-07-31,BNDX,-0.002728189442267689,-0.002067319775812204,-0.0020848916849047884,0.013120413734984548,0.0006608696664554847,0.0006432977573629004
positive_no_prior,2025-07-31,LQD,-0.002791063890814851,0.0069765482555901315,-0.002697658615520465,0.02508104381768765,0.009767612146404982,9.340527529438621e-05
positive_no_prior,2025-07-31,HYG,0.0002873582985856865,0.007592278645943473,-0.00019200031440573192,0.01860341625003749,0.007304920347357787,-0.0004793586129914184
positive_no_prior,2025-07-31,EWX,0.002420583864089447,0.059400893238615415,0.0003272269292778434,0.031022219814492994,0.056980309374525966,-0.0020933569348116038
positive_no_prior,2025-07-31,VWOB,-0.0011837662757825385,0.013654429789281775,-0.000631940299561528,0.024629052528158932,0.014838196065064313,0.0005518259762210104
positive_no_prior,2025-07-31,HYEM,-0.0006792422151125483,0.015516857251125726,0.0020061356757033345,0.022692227832649427,0.016196099466238276,0.002685377890815883
positive_no_prior,2025-08-29,SPY,0.008484261806604877,0.03208906394277711,0.008447846205078711,0.03506751363018325,0.02360480213617223,-3.6415601526165395e-05
positive_no_prior,2025-08-29,MGK,0.010974600181954803,0.04538102472427963,0.010738554428123848,0.04998403947699484,0.03440642454232483,-0.00023604575383095495
positive_no_prior,2025-08-29,VTV,0.00618970379948542,0.019529753810910266,0.007325350199411048,0.03325661958265387,0.013340050011424846,0.001135646399925628
positive_no_prior,2025-08-29,IJR,0.001668437180918304,0.007030856049952794,0.0017152719760148594,0.046914058278596446,0.00536241886903449,4.683479509655537e-05
positive_no_prior,2025-08-29,IWM,0.0010644498459761002,0.028272862598571757,0.0018695129255118228,0.04717982251889226,0.027208412752595657,0.0008050630795357226
positive_no_prior,2025-08-29,VNQ,0.0018369329016156865,-0.002835540326792896,0.004211746521788674,0.044995305924118,-0.004672473228408582,0.002374813620172987
positive_no_prior,2025-08-29,VNQI,-0.0019214031342625851,0.010131917120224765,0.0003710593187603009,0.03849881970403687,0.01205332025448735,0.002292462453022886
positive_no_prior,2025-08-29,VEA,0.0040378080326814204,0.022001068135094393,0.006749484813818582,0.03562154838380969,0.017963260102412972,0.0027116767811371616
positive_no_prior,2025-08-29,VWO,0.00031709987981788515,0.053275426570534856,0.003381090090480658,0.036992738018440406,0.05295832669071697,0.0030639902106627728
positive_no_prior,2025-08-29,VSS,0.002147150014395626,0.018182193335737562,0.0037220738304452345,0.035560443244802925,0.016035043321341935,0.0015749238160496083
positive_no_prior,2025-08-29,BND,-0.0028052261627249343,0.007605185555678684,-0.0011882777518937501,0.014473351522778283,0.01041041171840362,0.0016169484108311842
positive_no_prior,2025-08-29,IEF,-0.00354141234089977,0.0030789765395491386,-0.0019152734248179552,0.01707499556773983,0.006620388880448909,0.0016261389160818149
positive_no_prior,2025-08-29,BNDX,-0.0027157202032779626,0.0018362952066057758,-0.0017554719682975656,0.012777158186579199,0.0045520154098837385,0.000960248234980397
positive_no_prior,2025-08-29,LQD,-0.002606769322014757,0.015298491121950697,-0.0009194054395942261,0.02152505929461493,0.017905260443965454,0.0016873638824205308
positive_no_prior,2025-08-29,HYG,0.00042518698438489,0.005419530370210479,0.0016910451797595028,0.01702403747297375,0.004994343385825589,0.0012658581953746129
positive_no_prior,2025-08-29,EWX,0.0034956840409672957,0.00934001338555035,0.0045273424158995944,0.032719210798237384,0.005844329344583054,0.0010316583749322987
positive_no_prior,2025-08-29,VWOB,-0.000903800312290759,0.011313877152875351,0.0014240498329787434,0.022828709872827008,0.01221767746516611,0.0023278501452695024
positive_no_prior,2025-08-29,HYEM,-0.000373655432730694,-0.003310550556556602,0.002561948917399498,0.02203788382428824,-0.002936895123825908,0.002935604350130192
positive_no_prior,2025-09-30,SPY,0.008921387772089548,0.02028375894432366,0.012059203716756747,0.04307581550855373,0.011362371172234112,0.003137815944667199
positive_no_prior,2025-09-30,MGK,0.011611756191997856,0.04184616666398688,0.016457099824707548,0.057959129277047466,0.030234410471989027,0.004845343632709692
positive_no_prior,2025-09-30,VTV,0.0064367417626599545,-0.007371739211896489,0.008710377478392517,0.039042996636715385,-0.013808480974556444,0.002273635715732562
positive_no_prior,2025-09-30,IJR,0.0017677412340485724,-0.012108590721114587,0.007704173354771056,0.05717762130021221,-0.013876331955163159,0.005936432120722484
positive_no_prior,2025-09-30,IWM,0.0015683093413945384,0.014115453040836279,0.006336643822459317,0.05872995475634836,0.01254714369944174,0.004768334481064779
positive_no_prior,2025-09-30,VNQ,0.00175040561960812,-0.027888055765740494,0.007055925202955502,0.05277207689869746,-0.029638461385348612,0.0053055195833473815
positive_no_prior,2025-09-30,VNQI,-0.0016981934999202267,-0.015995303603671296,0.00015573510006954808,0.04309947902041102,-0.014297110103751069,0.0018539285999897748
positive_no_prior,2025-09-30,VEA,0.00437046099754092,0.014158067636574012,0.006103267085268463,0.04302764753247463,0.009787606639033091,0.001732806087727543
positive_no_prior,2025-09-30,VWO,0.0012978096333496809,0.01105958429806142,0.004415424548220645,0.03936001352482756,0.00976177466471174,0.0031176149148709645
positive_no_prior,2025-09-30,VSS,0.0024440952610871435,-0.004799080760367169,0.0029438262883516035,0.04111504254266623,-0.007243176021454313,0.00049973102726446
positive_no_prior,2025-09-30,BND,-0.002612440760532275,0.002537797325417923,-0.000495378123112955,0.01652935861263726,0.005150238085950198,0.00211706263741932
positive_no_prior,2025-09-30,IEF,-0.003418812546817383,0.0036171952388968087,-0.0015207681781345694,0.019968598480469505,0.007036007785714192,0.0018980443686828134
positive_no_prior,2025-09-30,BNDX,-0.002631423621613449,0.006523664675198493,-0.001463637602782933,0.013872674769334157,0.009155088296811942,0.001167786018830516
positive_no_prior,2025-09-30,LQD,-0.0022751904249042857,-0.0019813075408361414,0.00015735439842464328,0.025594714848973743,0.0002938828840681443,0.002432544823328929
positive_no_prior,2025-09-30,HYG,0.0005176748248631416,-0.003581832310472044,0.0022399586019571393,0.021048339245947473,-0.004099507135335185,0.0017222837770939977
positive_no_prior,2025-09-30,EWX,0.003603912362163278,-0.003915097877319473,0.005625594527297613,0.035544310433421954,-0.007519010239482751,0.002021682165134335
positive_no_prior,2025-09-30,VWOB,-0.000677547025898794,0.017691150240358278,0.001362596283611365,0.027543148452958407,0.018368697266257072,0.002040143309510159
positive_no_prior,2025-09-30,HYEM,-0.0004280423794682108,0.00027660203614199297,0.00064617380230641,0.024134292048232073,0.0007046444156102037,0.0010742161817746208
positive_no_prior,2025-10-31,SPY,0.00912797633885744,-0.001039617729681419,0.012091320227126383,0.036689891157667354,-0.010167594068538859,0.002963343888268943
positive_no_prior,2025-10-31,MGK,0.01216147274603402,-0.018174122322586972,0.016113986410511393,0.0537083631458821,-0.03033559506862099,0.003952513664477372
positive_no_prior,2025-10-31,VTV,0.006185678472213474,0.02234958180665636,0.00836036901064317,0.0351759237918813,0.016163903334442887,0.0021746905384296958
positive_no_prior,2025-10-31,IJR,0.0015154442894092421,0.022999546830901885,0.004924376569871006,0.052434101114270736,0.021484102541492644,0.0034089322804617636
positive_no_prior,2025-10-31,IWM,0.0017964392268389336,0.007219933427264902,0.007157640946817616,0.05091134078446648,0.005423494200425968,0.005361201719978683
positive_no_prior,2025-10-31,VNQ,0.0012115245035108726,0.02116455054555555,0.006030336433579694,0.04671518776663944,0.019953026042044675,0.0048188119300688215
positive_no_prior,2025-10-31,VNQI,-0.0019581409563520645,0.011398276316832767,0.0029338346420652423,0.04124815796359278,0.013356417273184831,0.004891975598417307
positive_no_prior,2025-10-31,VEA,0.004548417481886976,0.006662577508105283,0.0089240505596635,0.038164728657060096,0.0021141600262183065,0.004375633077776524
positive_no_prior,2025-10-31,VWO,0.0014752964454353488,-0.015135981764385575,0.006010825971281778,0.04184255895573848,-0.016611278209820925,0.004535529525846429
positive_no_prior,2025-10-31,VSS,0.0023124011516061564,0.006820955763576553,0.0054861327799524216,0.03876331099518074,0.004508554611970396,0.003173731628346265
positive_no_prior,2025-10-31,BND,-0.002518800068060453,0.00297114143881938,-0.000869418644688888,0.015377050272760682,0.005489941506879833,0.001649381423371565
positive_no_prior,2025-10-31,IEF,-0.0032908851325316704,0.00686801303321638,-0.0015716369080091205,0.018997316637127146,0.01015889816574805,0.00171924822452255
positive_no_prior,2025-10-31,BNDX,-0.002464967470762323,-0.004807659780811324,-0.0008027696003520329,0.013216933278486753,-0.002342692310049001,0.00166219787041029
positive_no_prior,2025-10-31,LQD,-0.00226984709973941,0.006300096794094712,-0.00011329482415277934,0.023026383687543134,0.008569943893834121,0.0021565522755866307
positive_no_prior,2025-10-31,HYG,0.000443138331493411,0.004457641722011463,0.0022036448221407702,0.019032505476887677,0.004014503390518052,0.0017605064906473593
positive_no_prior,2025-10-31,EWX,0.0034672030850817735,-0.016176668191666965,0.007821419071437779,0.036080138246276885,-0.01964387127674874,0.004354215986356005
positive_no_prior,2025-10-31,VWOB,-0.0003435707119668472,0.0006545758910070365,0.0020016661109245417,0.024267225764241382,0.0009981466029738836,0.002345236822891389
positive_no_prior,2025-10-31,HYEM,-0.0004152306628207526,-0.0021992661278306125,0.00211990401443712,0.02341694319362976,-0.0017840354650098598,0.0025351346772578727
positive_no_prior,2025-11-28,SPY,0.008946412159062103,-0.0024606389596457667,0.012906801445005221,0.03151909313901154,-0.01140705111870787,0.003960389285943118
positive_no_prior,2025-11-28,MGK,0.011619765691237216,-0.006014656315694422,0.015679693439847008,0.0472550415631849,-0.01763442200693164,0.004059927748609792
positive_no_prior,2025-11-28,VTV,0.006474319603185668,0.004591005630098177,0.012210002056283135,0.02980251720780865,-0.001883313973087491,0.005735682453097467
positive_no_prior,2025-11-28,IJR,0.0018990889776501821,-0.0043423583691276635,0.010188375830631482,0.04205744973105705,-0.006241447346777846,0.0082892868529813
positive_no_prior,2025-11-28,IWM,0.0018932873375608259,-0.010325989693845572,0.011486718767899862,0.044892849472384116,-0.012219277031406397,0.009593431430339036
positive_no_prior,2025-11-28,VNQ,0.0015678285399759562,-0.02554537559841752,0.008512443111718605,0.04175154920926016,-0.027113204138393476,0.006944614571742648
positive_no_prior,2025-11-28,VNQI,-0.0017196335050451924,0.0008944661826628675,0.0032314456732450477,0.03514713696922929,0.0026140996877080597,0.00495107917829024
positive_no_prior,2025-11-28,VEA,0.004586170339498018,0.02842462799248069,0.010524585376245926,0.03212823196842066,0.023838457652982672,0.005938415036747908
positive_no_prior,2025-11-28,VWO,0.0011786664774028324,0.006231798598067773,0.0034678352515142953,0.034147779310444014,0.00505313212066494,0.0022891687741114627
positive_no_prior,2025-11-28,VSS,0.002392911055391342,0.01745648547983225,0.006640109439821688,0.03134701189583061,0.01506357442444091,0.004247198384430346
positive_no_prior,2025-11-28,BND,-0.002420765398294742,-0.00624728267814989,-0.0010582958541120195,0.012912170243243747,-0.0038265172798551484,0.0013624695441827224
positive_no_prior,2025-11-28,IEF,-0.003109476236714741,-0.010842523271658244,-0.001266942743690332,0.015974155284217684,-0.007733047034943503,0.001842533493024409
positive_no_prior,2025-11-28,BNDX,-0.002506801262013198,-0.00843043234441343,-0.001584169438465026,0.011523764492138187,-0.005923631082400232,0.0009226318235481719
positive_no_prior,2025-11-28,LQD,-0.0021168123873495153,-0.010606184040828248,0.0005952206668308866,0.019275903608759807,-0.008489371653478732,0.002712033054180402
positive_no_prior,2025-11-28,HYG,0.0005148258920383762,0.0016540803164204476,0.0029038179457640213,0.015171342840616274,0.0011392544243820713,0.002388992053725645
positive_no_prior,2025-11-28,EWX,0.003116419669425546,0.005526301936131128,0.004536553211745666,0.029008426098607036,0.0024098822667055824,0.0014201335423201199
positive_no_prior,2025-11-28,VWOB,-0.00032574666548517074,-0.0012631324755422169,0.002803084393404851,0.0189905955399933,-0.0009373858100570462,0.003128831058890022
positive_no_prior,2025-11-28,HYEM,-0.000447088438981643,0.006456216930834868,0.0024339659234607607,0.018813300717253147,0.006903305369816511,0.002881054362442404
positive_no_prior,2025-12-31,SPY,0.008746288455225123,0.011594066475381304,0.01041566603664292,0.0359344152439864,0.002847778020156181,0.0016693775814177973
positive_no_prior,2025-12-31,MGK,0.011310389866554206,-0.01981088189923419,0.01387530422033416,0.05041652942212391,-0.031121271765788397,0.0025649143537799547
positive_no_prior,2025-12-31,VTV,0.00644127900716659,0.04262615110326995,0.010590301607799658,0.03181886370893718,0.03618487209610336,0.004149022600633068
positive_no_prior,2025-12-31,IJR,0.0017895899013909218,0.05372327844739844,0.007167291189819914,0.04718154953092659,0.051933688546007516,0.005377701288428993
positive_no_prior,2025-12-31,IWM,0.0016789140563080822,0.05153392029332182,0.008124548295884694,0.05053304137729181,0.04985500623701374,0.006445634239576612
positive_no_prior,2025-12-31,VNQ,0.0010921582919339653,0.0229258613639709,0.0019574012372412,0.043993564928073124,0.021833703072036935,0.0008652429453072346
positive_no_prior,2025-12-31,VNQI,-0.0016737721070152263,0.04257155181000494,0.0007196174427116289,0.037110804152315845,0.044245323917020164,0.0023933895497268553
positive_no_prior,2025-12-31,VEA,0.005004388894813503,0.05642561347994279,0.009317129704511085,0.03528077836479661,0.051421224585129294,0.004312740809697582
positive_no_prior,2025-12-31,VWO,0.0012673179181162523,0.04715510460279937,0.004274170550807073,0.034134150961221646,0.045887786684683116,0.0030068526326908203
positive_no_prior,2025-12-31,VSS,0.002657184290907849,0.06068200468583562,0.004107795327459621,0.03539485441245359,0.058024820394927776,0.0014506110365517721
positive_no_prior,2025-12-31,BND,-0.0024878972803974637,-0.0009446630105405251,-0.0008289529336995023,0.01453436979244059,0.0015432342698569385,0.0016589443466979614
positive_no_prior,2025-12-31,IEF,-0.003245143728555855,-0.005378931439972923,-0.0015490095222065983,0.017556419082190633,-0.0021337877114170675,0.0016961342063492569
positive_no_prior,2025-12-31,BNDX,-0.0026107246143360087,0.002059820670583523,-0.002142348920443235,0.011979786940637649,0.004670545284919532,0.0004683756938927736
positive_no_prior,2025-12-31,LQD,-0.0022657487321473876,0.0003398451129934532,-9.548395239461927e-05,0.021907912214844647,0.002605593845140841,0.0021702647797527683
positive_no_prior,2025-12-31,HYG,0.0005348128117643775,0.0029604455586125233,0.002484939352790835,0.016898443570943836,0.002425632746848146,0.0019501265410264575
positive_no_prior,2025-12-31,EWX,0.0031586983056835385,0.02711570928152862,0.0028382953419082303,0.030541482196162775,0.023957010975845083,-0.00032040296377530827
positive_no_prior,2025-12-31,VWOB,-0.0003421920305738908,0.0003023714262653243,0.0023312954510578045,0.02304416227050284,0.0006445634568392151,0.0026734874816316955
positive_no_prior,2025-12-31,HYEM,-0.00032597781845854624,0.01193825183971775,0.0030239251689404114,0.020714279016844184,0.012264229658176296,0.003349902987398958
positive_no_prior,2026-01-30,SPY,0.0087953880762623,-0.011463064459755201,0.01034736048505944,0.03721829701449222,-0.0202584525360175,0.0015519724087971407
positive_no_prior,2026-01-30,MGK,0.010773816215419922,-0.049282081977910286,0.011399441204715997,0.053061482771769045,-0.06005589819333021,0.0006256249892960756
positive_no_prior,2026-01-30,VTV,0.00706515611227182,0.03464425383897951,0.011024788341502719,0.033068764628380105,0.02757909772670769,0.003959632229230899
positive_no_prior,2026-01-30,IJR,0.002684998324597948,0.018113075612949725,0.006001575763090497,0.049227766155147214,0.015428077288351777,0.0033165774384925494
positive_no_prior,2026-01-30,IWM,0.0025384831293600433,0.003913446654500996,0.006740715015561626,0.051876382754676674,0.0013749635251409527,0.004202231886201583
positive_no_prior,2026-01-30,VNQ,0.0014686014483483952,0.05085567147315495,0.0013802810920820784,0.044056985954714495,0.04938707002480656,-8.832035626631682e-05
positive_no_prior,2026-01-30,VNQI,-0.0009109216946528097,0.05477043858428532,0.003813411726719124,0.04180946645375788,0.05568136027893813,0.004724333421371934
positive_no_prior,2026-01-30,VEA,0.005890961732488146,0.05800790565870817,0.011038554420891095,0.03768038130839897,0.05211694392622002,0.0051475926884029495
positive_no_prior,2026-01-30,VWO,0.0020584866540590647,0.025936988754007295,0.008505781161219588,0.03505463953193014,0.02387850209994823,0.006447294507160524
positive_no_prior,2026-01-30,VSS,0.003657612228751431,0.046521625760379104,0.008692347038526312,0.0394329869734191,0.04286401353162767,0.005034734809774881
positive_no_prior,2026-01-30,BND,-0.002461289792986137,0.013125538032234596,-0.0011087115614379045,0.014670457512279165,0.015586827825220733,0.0013525782315482325
positive_no_prior,2026-01-30,IEF,-0.0032819331718561494,0.02178389001983616,-0.0019896488950462317,0.017737141133204876,0.02506582319169231,0.0012922842768099178
positive_no_prior,2026-01-30,BNDX,-0.0025301979714925688,0.01242298193585456,-0.0016387384245626167,0.012203635792351656,0.014953179907347128,0.0008914595469299521
positive_no_prior,2026-01-30,LQD,-0.0022208247003346147,0.010894680719308658,-0.0002906247648635236,0.022082232456895348,0.013115505419643273,0.001930199935471091
positive_no_prior,2026-01-30,HYG,0.0005766340660203799,-0.0028581418854923824,0.0024295502561646385,0.01778485236582828,-0.0034347759515127624,0.0018529161901442584
positive_no_prior,2026-01-30,EWX,0.003571750219060178,0.03253007863200175,0.004086599031271381,0.03229471052525367,0.02895832841294157,0.0005148488122112033
positive_no_prior,2026-01-30,VWOB,-0.0003310788675249388,0.012410830018970698,0.002813291775880038,0.02442088212001493,0.012741908886495637,0.003144370643404977
positive_no_prior,2026-01-30,HYEM,-0.00011452558297274804,0.006343486373523,0.0035123155436470647,0.021549586059043023,0.006458011956495748,0.0036268411266198127
positive_no_prior,2026-02-27,SPY,0.008452024473956918,-0.05236481425659356,0.00776292873424153,0.03720875486862357,-0.06081683873055048,-0.0006890957397153877
positive_no_prior,2026-02-27,MGK,0.009755919635871952,-0.05256666804441845,0.005559456156008712,0.05344502462350254,-0.062322587680290406,-0.00419646347986324
positive_no_prior,2026-02-27,VTV,0.0075325984466227975,-0.05111916666844174,0.011304119556653681,0.03480686174714586,-0.058651765115064536,0.0037715211100308836
positive_no_prior,2026-02-27,IJR,0.0029464911599937408,-0.0430573291552121,0.004689116891787902,0.049619841812163286,-0.04600382031520584,0.0017426257317941615
positive_no_prior,2026-02-27,IWM,0.002561787595887856,-0.052595723393065286,0.00467865596328077,0.0505139598930078,-0.05515751098895314,0.002116868367392914
positive_no_prior,2026-02-27,VNQ,0.002305670431819693,-0.066081450572396,0.004195837276452749,0.04735987402567437,-0.06838712100421569,0.0018901668446330558
positive_no_prior,2026-02-27,VNQI,3.283017448173479e-05,-0.1261996923521307,0.007180576675472444,0.03897475859830699,-0.12623252252661243,0.007147746500990709
positive_no_prior,2026-02-27,VEA,0.006774299765135943,-0.0890166153043781,0.013426873328934687,0.03664112767960999,-0.09579091506951404,0.006652573563798745
positive_no_prior,2026-02-27,VWO,0.0024632070286344583,-0.07262882161942752,0.0116991941296586,0.03512864949485553,-0.07509202864806198,0.009235987101024141
positive_no_prior,2026-02-27,VSS,0.004384120932677324,-0.09195775776152426,0.011444054475720798,0.03740911323670597,-0.09634187869420159,0.007059933543043474
positive_no_prior,2026-02-27,BND,-0.0021971062705247687,-0.020459273388676813,-0.0007889177452384771,0.015220436017197563,-0.018262167118152043,0.0014081885252862916
positive_no_prior,2026-02-27,IEF,-0.0028570887109800086,-0.02626946195927571,-0.00149309063162933,0.018876942394235645,-0.0234123732482957,0.0013639980793506785
positive_no_prior,2026-02-27,BNDX,-0.002276754244249397,-0.02445812349945309,-0.0012830930520210874,0.013503709932098085,-0.02218136925520369,0.0009936611922283095
positive_no_prior,2026-02-27,LQD,-0.0019985279983067627,-0.02380357071815431,-0.0004122451341109332,0.022643519309537216,-0.021805042719847546,0.0015862828641958295
positive_no_prior,2026-02-27,HYG,0.0005184175244693163,-0.01264655652256541,0.0010891410149476998,0.017900928843170284,-0.013164974047034726,0.0005707234904783836
positive_no_prior,2026-02-27,EWX,0.004062569344703256,-0.05906694056130268,0.009054529996019137,0.03084022548933393,-0.06312950990600594,0.004991960651315882
positive_no_prior,2026-02-27,VWOB,-0.0001151143101267077,-0.03742886388704314,0.0024094728596048055,0.023451272853914903,-0.03731374957691643,0.002524587169731513
positive_no_prior,2026-02-27,HYEM,-5.067753201633674e-06,-0.024402651519384255,0.0027559661837276463,0.020803542821708456,-0.02439758376618262,0.00276103393692928
positive_no_prior,2026-03-31,SPY,0.00743841049511441,0.10158469057343722,0.009399487921253048,0.03462882904469258,0.0941462800783228,0.0019610774261386377
positive_no_prior,2026-03-31,MGK,0.008717209841200446,0.13945658747726553,0.013747568364171726,0.047198911343303236,0.13073937763606508,0.0050303585229712795
positive_no_prior,2026-03-31,VTV,0.006555069028038389,0.0506170669983208,0.0043719054184139464,0.03292599770818284,0.044061997970282415,-0.002183163609624442
positive_no_prior,2026-03-31,IJR,0.002179760821406977,0.09942684130728341,-0.0010320114189517372,0.04500926167699763,0.09724708048587644,-0.003211772240358714
positive_no_prior,2026-03-31,IWM,0.0016424957460719702,0.11732924859591698,0.0011974253879194557,0.04615044580405046,0.115686752849845,-0.0004450703581525145
positive_no_prior,2026-03-31,VNQ,0.0011658850817494312,0.08261211567781301,0.0007729874432699131,0.04187158523503453,0.08144623059606358,-0.0003928976384795181
positive_no_prior,2026-03-31,VNQI,-0.0020710452009618054,0.05920759938488018,0.0007137120530746111,0.03868519418692665,0.061278644585841986,0.0027847572540364166
positive_no_prior,2026-03-31,VEA,0.005177784513977376,0.07028850576993428,0.008903105878060511,0.03508946610396604,0.0651107212559569,0.0037253213640831354
positive_no_prior,2026-03-31,VWO,0.0012116732178334255,0.08686516780484332,0.006349843295964395,0.033347700560504366,0.0856534945870099,0.00513817007813097
positive_no_prior,2026-03-31,VSS,0.002778422954440631,0.08096490152679459,0.006528311302135829,0.035594326500502545,0.07818647857235396,0.0037498883476951976
positive_no_prior,2026-03-31,BND,-0.0025014757224939696,-0.001644084190784434,-0.0009044740974199765,0.012895049855296698,0.0008573915317095357,0.001597001625073993
positive_no_prior,2026-03-31,IEF,-0.003247294931784937,-0.004636900424381141,-0.0017036101830100758,0.01575482389082701,-0.0013896054925962038,0.0015436847487748612
positive_no_prior,2026-03-31,BNDX,-0.002646443731836125,-0.0008092670395931645,-0.0016571402577893,0.010931857832430072,0.0018371766922429607,0.0009893034740468252
positive_no_prior,2026-03-31,LQD,-0.0023619453769708884,-0.0003280238707080718,-0.00047025064912405027,0.019032372724085048,0.0020339215062628166,0.0018916947278468381
positive_no_prior,2026-03-31,HYG,0.00029900129035207075,0.012020620280474459,0.001103095038779154,0.015622165596222742,0.011721618990122388,0.0008040937484270833
positive_no_prior,2026-03-31,EWX,0.003010410846269823,0.10571433591391832,0.005036433592359268,0.031228467183916968,0.1027039250676485,0.002026022746089445
positive_no_prior,2026-03-31,VWOB,-0.0007370101364086482,0.020791542317250666,0.0015192107706308367,0.020473411076009734,0.021528552453659314,0.002256220907039485
positive_no_prior,2026-03-31,HYEM,-0.0004116941493046774,0.022278894658412263,0.0014247039020792128,0.020050607680490894,0.02269058880771694,0.0018363980513838901
positive_no_prior,2026-04-30,SPY,0.008981792135742652,0.049483664963993146,0.009145771160621909,0.038938611662974736,0.04050187282825049,0.0001639790248792565
positive_no_prior,2026-04-30,MGK,0.010860478327037579,0.08330425574857636,0.014683328442378189,0.057322410122968445,0.07244377742153878,0.0038228501153406095
positive_no_prior,2026-04-30,VTV,0.0072773968636167885,0.021460679046998887,0.004540022695475375,0.03864795430505189,0.0141832821833821,-0.002737374168141414
positive_no_prior,2026-04-30,IJR,0.0037739752556016724,0.008359592272450422,0.00028467414104771296,0.05470153895863597,0.00458561701684875,-0.0034893011145539594
positive_no_prior,2026-04-30,IWM,0.0035389998911513967,0.04170616807391436,0.0013573348132476085,0.05394349776303894,0.038167168182762966,-0.002181665077903788
positive_no_prior,2026-04-30,VNQ,0.002501069189881621,-0.009505527770350963,0.00207947307586772,0.05028687997055811,-0.012006596960232584,-0.00042159611401390096
positive_no_prior,2026-04-30,VNQI,-0.0010664772569316092,-0.02873894096208207,0.0006066455059907851,0.04989027802832404,-0.027672463705150464,0.0016731227629223943
positive_no_prior,2026-04-30,VEA,0.006245173387025849,0.04005467192775236,0.006336231446036415,0.045053693907188705,0.03380949854072651,9.10580590105653e-05
positive_no_prior,2026-04-30,VWO,0.002615828866800801,0.013087733301134774,0.0022840507411833453,0.04172085806526515,0.010471904434333972,-0.0003317781256174557
positive_no_prior,2026-04-30,VSS,0.00406016850480709,0.0153673341636833,0.004894449578881029,0.04482546722697672,0.01130716565887621,0.0008342810740739398
positive_no_prior,2026-04-30,BND,-0.0024874201236134855,-0.00023588979226363271,-0.002332092218071826,0.016076408331989697,0.002251530331349853,0.0001553279055416597
positive_no_prior,2026-04-30,IEF,-0.00327007534969635,-0.0031745273257528517,-0.00488338098577351,0.020320897605434485,9.554802394349821e-05,-0.0016133056360771603
positive_no_prior,2026-04-30,BNDX,-0.002616326081143618,0.005188840393763217,-0.0030811699274376015,0.013150672214882034,0.007805166474906835,-0.0004648438462939836
positive_no_prior,2026-04-30,LQD,-0.002328602401458383,0.005612799118414058,-0.003492694728336853,0.024445016232385434,0.007941401519872441,-0.0011640923268784699
positive_no_prior,2026-04-30,HYG,0.0004911589787147328,0.0013666068307942592,9.723306726148773e-05,0.01902964661118823,0.0008754478520795263,-0.0003939259114532451
positive_no_prior,2026-04-30,EWX,0.004694081749018159,0.01835836502980981,0.008460121385886114,0.037999974640214235,0.01366428328079165,0.0037660396368679547
positive_no_prior,2026-04-30,VWOB,-0.0003840830470043972,0.006564291011867507,0.0006982942595993012,0.027035966889763213,0.006948374058871904,0.0010823773066036984
positive_no_prior,2026-04-30,HYEM,-3.971728360439966e-05,0.00658729224447252,0.0013081479213772887,0.024683591783170054,0.0066270095280769195,0.0013478652049816883
positive_beta_prior,2025-05-30,SPY,0.007317202496114117,0.04769511906164903,0.009485754859640629,0.04716629674726727,0.04037791656553491,0.0021685523635265117
positive_beta_prior,2025-05-30,MGK,0.009610770673104944,0.06034673392230827,0.01195768052957041,0.0640153125381759,0.05073596324920333,0.0023469098564654657
positive_beta_prior,2025-05-30,VTV,0.005312478651329571,0.0332330912657377,0.005120965787402684,0.04373479764731909,0.027920612614408133,-0.00019151286392688708
positive_beta_prior,2025-05-30,IJR,-0.00041575730887501996,0.03734736300075814,-0.00028995064311420835,0.061491013446688836,0.03776312030963316,0.00012580666576081161
positive_beta_prior,2025-05-30,IWM,-0.0015216367751140637,0.05147995646827952,-0.0012555270819886708,0.06248200857598881,0.05300159324339358,0.00026610969312539285
positive_beta_prior,2025-05-30,VNQ,0.0013147227365438608,0.0033500785292834845,0.0009933705147621564,0.056459097172074105,0.002035355792739624,-0.00032135222178170434
positive_beta_prior,2025-05-30,VNQI,-0.003141402592921254,0.04115888912622401,-0.0021944675584365594,0.04772037026375875,0.04430029171914526,0.0009469350344846945
positive_beta_prior,2025-05-30,VEA,0.003213867729195683,0.030256851306093457,0.005170909521848092,0.045775040302830236,0.027042983576897776,0.001957041792652409
positive_beta_prior,2025-05-30,VWO,-0.0013812432635037686,0.05168209224062714,0.001670176196913804,0.04318284573752651,0.053063335504130914,0.0030514194604175727
positive_beta_prior,2025-05-30,VSS,0.00044890942076046157,0.054769444558085745,0.004417907167397178,0.04612111928023669,0.054320535137325286,0.003968997746636716
positive_beta_prior,2025-05-30,BND,-0.003237055002469442,0.011602274676301816,-0.002583621880999416,0.01783714344548643,0.014839329678771258,0.000653433121470026
positive_beta_prior,2025-05-30,IEF,-0.0040674968930327,0.012452491537882304,-0.003642054111969596,0.021454414430850846,0.016519988430915004,0.0004254427810631042
positive_beta_prior,2025-05-30,BNDX,-0.0027348125869511297,-0.0001381150801093023,-0.0004218859561016955,0.014917251923513043,0.0025966975068418274,0.002312926630849434
positive_beta_prior,2025-05-30,LQD,-0.003152480733546488,0.01724059290590274,-0.0020658182267873195,0.0264846842515703,0.020393073639449227,0.0010866625067591684
positive_beta_prior,2025-05-30,HYG,5.2760762575032596e-05,0.014810137654057698,0.0007251912268002398,0.022189708247787092,0.014757376891482665,0.0006724304642252071
positive_beta_prior,2025-05-30,EWX,0.0014349156952656505,0.05043478917948763,0.0033658208737023026,0.03751347683805664,0.048999873484221974,0.001930905178436652
positive_beta_prior,2025-05-30,VWOB,-0.001725584997727383,0.021275025282161186,-0.0001894868639331275,0.029028231044918463,0.02300061027988857,0.0015360981337942555
positive_beta_prior,2025-05-30,HYEM,-0.0011012187111369331,0.014454903619178339,0.00029321973092098145,0.026930653919601887,0.015556122330315272,0.0013944384420579146
positive_beta_prior,2025-06-30,SPY,0.008108926350340292,0.01908467259702551,0.008868916568495328,0.043559533140029826,0.010975746246685217,0.000759990218155036
positive_beta_prior,2025-06-30,MGK,0.010605593481912853,0.03526188252947149,0.01114214772857628,0.06047918816247085,0.024656289047558635,0.0005365542466634274
positive_beta_prior,2025-06-30,VTV,0.005859941643768946,-0.002167296399311236,0.005978994459056449,0.0415271633624212,-0.00802723804308018,0.00011905281528750301
positive_beta_prior,2025-06-30,IJR,0.0003246960305295518,0.005165530187941636,0.0010209849383858956,0.06113323347155538,0.004840834157412084,0.0006962889078563439
positive_beta_prior,2025-06-30,IWM,-0.0004823898487730129,0.012760607343994756,0.001184781588663857,0.06165176940152929,0.01324299719276777,0.00166717143743687
positive_beta_prior,2025-06-30,VNQ,0.0013546316736564024,-0.0029632780526935854,0.002281681496077419,0.058740952010882294,-0.004317909726349988,0.0009270498224210166
positive_beta_prior,2025-06-30,VNQI,-0.0022727694219576216,-0.023931985253554888,-0.0026618822433741893,0.04770994118833717,-0.021659215831597266,-0.00038911282141656763
positive_beta_prior,2025-06-30,VEA,0.003744122309134855,-0.01766175570590245,0.003684239635424856,0.04474186039982803,-0.021405878015037304,-5.9882673709999064e-05
positive_beta_prior,2025-06-30,VWO,-0.0003407857045992409,0.002989658374459969,0.0005839983596292431,0.043854903776415266,0.0033304440790592102,0.000924784064228484
positive_beta_prior,2025-06-30,VSS,0.001514017952864879,-0.009120730437294888,0.0005648776893177011,0.04554492080611111,-0.010634748390159767,-0.0009491402635471778
positive_beta_prior,2025-06-30,BND,-0.002946087753866084,-0.006504632044136427,-0.0025936799703614507,0.017901716197474108,-0.0035585442902703428,0.00035240778350463346
positive_beta_prior,2025-06-30,IEF,-0.0037435755512500533,-0.00977429711868305,-0.003696722238550937,0.021228152881655214,-0.0060307215674329975,4.685331269911608e-05
positive_beta_prior,2025-06-30,BNDX,-0.0026838969495620742,-0.00498710657025403,-0.002836517191785951,0.014546717786107393,-0.0023032096206919554,-0.00015262024222387682
positive_beta_prior,2025-06-30,LQD,-0.0027526165445376795,-0.004751878550950606,-0.002281049833170222,0.027383236692498737,-0.001999262006412926,0.00047156671136745765
positive_beta_prior,2025-06-30,HYG,0.0003421210937805751,-0.002505544256353631,3.361679858537625e-05,0.02134812441940299,-0.0028476653501342064,-0.0003085042951951988
positive_beta_prior,2025-06-30,EWX,0.002395697528289611,0.003689786989881094,0.00246551885269323,0.03797338384568784,0.0012940894615914834,6.982132440361928e-05
positive_beta_prior,2025-06-30,VWOB,-0.0012745926392981953,0.003448378263515961,-0.0015309400325614663,0.028655975046231925,0.004722970902814157,-0.000256347393263271
positive_beta_prior,2025-06-30,HYEM,-0.0007961967046601631,0.0052854367518158085,0.00014487087572306217,0.027972657042392646,0.006081633456475972,0.0009410675803832253
positive_beta_prior,2025-07-31,SPY,0.008319998393545776,0.01702595928567807,0.00833600711812003,0.0373782574056072,0.008705960892132296,1.600872457425441e-05
positive_beta_prior,2025-07-31,MGK,0.011079752886673596,0.005506659536577585,0.011638583375706522,0.05216714285556375,-0.005573093350096011,0.0005588304890329267
positive_beta_prior,2025-07-31,VTV,0.0057055716814020194,0.03136457393982228,0.005050744459450398,0.03268128515033859,0.025659002258420265,-0.0006548272219516213
positive_beta_prior,2025-07-31,IJR,0.0004177889950951688,0.06670214284372133,0.0014983306471481102,0.0485650640066769,0.06628435384862616,0.0010805416520529416
positive_beta_prior,2025-07-31,IWM,-0.00022771682583517123,0.06825711678016222,0.0008545681914146721,0.04933118930716651,0.06848483360599739,0.0010822850172498434
positive_beta_prior,2025-07-31,VNQ,0.0012715949481496719,0.031234506481848445,-5.5345768592645304e-06,0.047996689462786,0.029962911533698774,-0.0012771295250089364
positive_beta_prior,2025-07-31,VNQI,-0.002689292803334492,0.03800885965747658,-0.006347400010791189,0.038383655584919296,0.04069815246081107,-0.0036581072074566966
positive_beta_prior,2025-07-31,VEA,0.003332470808845676,0.040715343672140136,0.0018518393710284565,0.036459305387039835,0.03738287286329446,-0.0014806314378172194
positive_beta_prior,2025-07-31,VWO,-0.0002767387030788715,0.03119670619044923,-0.001219289261456669,0.035065723122040066,0.0314734448935281,-0.0009425505583777975
positive_beta_prior,2025-07-31,VSS,0.0013095035607464218,0.04570476560415426,-0.0010255815805033633,0.037127678967723926,0.04439526204340784,-0.002335085141249785
positive_beta_prior,2025-07-31,BND,-0.0030145212979097447,0.008078120866885197,-0.002148775418022222,0.01536891311216879,0.011092642164794941,0.0008657458798875224
positive_beta_prior,2025-07-31,IEF,-0.0038595509660083803,0.013001796164747947,-0.0028801690567571894,0.018121763929033016,0.016861347130756328,0.000979381909251191
positive_beta_prior,2025-07-31,BNDX,-0.002728189442267689,-0.002067319775812204,-0.001823230153359575,0.012615679820745433,0.0006608696664554847,0.0009049592889081139
positive_beta_prior,2025-07-31,LQD,-0.002791063890814851,0.0069765482555901315,-0.0023891274845440655,0.023093667886969496,0.009767612146404982,0.00040193640627078555
positive_beta_prior,2025-07-31,HYG,0.0002873582985856865,0.007592278645943473,0.0007112709047083547,0.017999932064270047,0.007304920347357787,0.00042391260612266825
positive_beta_prior,2025-07-31,EWX,0.002420583864089447,0.059400893238615415,0.0014226199848831201,0.031125163986343272,0.056980309374525966,-0.000997963879206327
positive_beta_prior,2025-07-31,VWOB,-0.0011837662757825385,0.013654429789281775,-0.0012937299752779567,0.023956886606337095,0.014838196065064313,-0.00010996369949541822
positive_beta_prior,2025-07-31,HYEM,-0.0006792422151125483,0.015516857251125726,0.00013143393882684832,0.020652315726552226,0.016196099466238276,0.0008106761539393966
positive_beta_prior,2025-08-29,SPY,0.008484261806604877,0.03208906394277711,0.008698266706529104,0.038517563542024014,0.02360480213617223,0.00021400489992422743
positive_beta_prior,2025-08-29,MGK,0.010974600181954803,0.04538102472427963,0.00922926489438447,0.052142225446817535,0.03440642454232483,-0.0017453352875703328
positive_beta_prior,2025-08-29,VTV,0.00618970379948542,0.019529753810910266,0.007964581551218914,0.03726150691926447,0.013340050011424846,0.0017748777517334943
positive_beta_prior,2025-08-29,IJR,0.001668437180918304,0.007030856049952794,0.004292347966446379,0.05346436212326956,0.00536241886903449,0.002623910785528075
positive_beta_prior,2025-08-29,IWM,0.0010644498459761002,0.028272862598571757,0.004133820177434515,0.05401122699150701,0.027208412752595657,0.0030693703314584146
positive_beta_prior,2025-08-29,VNQ,0.0018369329016156865,-0.002835540326792896,0.007256435254467749,0.047657887550713554,-0.004672473228408582,0.005419502352852063
positive_beta_prior,2025-08-29,VNQI,-0.0019214031342625851,0.010131917120224765,-0.0019420857299534654,0.04138321218009866,0.01205332025448735,-2.0682595690880252e-05
positive_beta_prior,2025-08-29,VEA,0.0040378080326814204,0.022001068135094393,0.005128326725548348,0.03931316521017406,0.017963260102412972,0.0010905186928669274
positive_beta_prior,2025-08-29,VWO,0.00031709987981788515,0.053275426570534856,0.001981917449703328,0.03685912743825205,0.05295832669071697,0.001664817569885443
positive_beta_prior,2025-08-29,VSS,0.002147150014395626,0.018182193335737562,0.0011944645991099814,0.0399897620099781,0.016035043321341935,-0.0009526854152856448
positive_beta_prior,2025-08-29,BND,-0.0028052261627249343,0.007605185555678684,-0.001219273650387902,0.015092760511139839,0.01041041171840362,0.0015859525123370322
positive_beta_prior,2025-08-29,IEF,-0.00354141234089977,0.0030789765395491386,-0.001628308666061136,0.0177033965692897,0.006620388880448909,0.0019131036748386342
positive_beta_prior,2025-08-29,BNDX,-0.0027157202032779626,0.0018362952066057758,-0.0014690024754973807,0.012542897440076679,0.0045520154098837385,0.001246717727780582
positive_beta_prior,2025-08-29,LQD,-0.002606769322014757,0.015298491121950697,-0.0015008329831203906,0.023573732524191326,0.017905260443965454,0.0011059363388943664
positive_beta_prior,2025-08-29,HYG,0.00042518698438489,0.005419530370210479,0.0015065925471217875,0.019874777018710498,0.004994343385825589,0.0010814055627368976
positive_beta_prior,2025-08-29,EWX,0.0034956840409672957,0.00934001338555035,0.003408628475721809,0.03404499409939446,0.005844329344583054,-8.705556524548665e-05
positive_beta_prior,2025-08-29,VWOB,-0.000903800312290759,0.011313877152875351,0.00032402555694864077,0.024878641943963626,0.01221767746516611,0.0012278258692393997
positive_beta_prior,2025-08-29,HYEM,-0.000373655432730694,-0.003310550556556602,0.0009166840760202008,0.023001787168882095,-0.002936895123825908,0.0012903395087508949
positive_beta_prior,2025-09-30,SPY,0.008921387772089548,0.02028375894432366,0.01345582443354902,0.03301283043416782,0.011362371172234112,0.004534436661459472
positive_beta_prior,2025-09-30,MGK,0.011611756191997856,0.04184616666398688,0.016705754263592387,0.04931891583455652,0.030234410471989027,0.005093998071594531
positive_beta_prior,2025-09-30,VTV,0.0064367417626599545,-0.007371739211896489,0.009789908789003963,0.03081946204755985,-0.013808480974556444,0.0033531670263440084
positive_beta_prior,2025-09-30,IJR,0.0017677412340485724,-0.012108590721114587,0.007133410869846656,0.04237208994830176,-0.013876331955163159,0.005365669635798084
positive_beta_prior,2025-09-30,IWM,0.0015683093413945384,0.014115453040836279,0.0071147930133471735,0.04222034718932628,0.01254714369944174,0.0055464836719526355
positive_beta_prior,2025-09-30,VNQ,0.00175040561960812,-0.027888055765740494,0.008537561074248384,0.04292365515545643,-0.029638461385348612,0.006787155454640264
positive_beta_prior,2025-09-30,VNQI,-0.0016981934999202267,-0.015995303603671296,0.002621420259857261,0.03654239473604595,-0.014297110103751069,0.004319613759777487
positive_beta_prior,2025-09-30,VEA,0.00437046099754092,0.014158067636574012,0.008014269687780327,0.03608877369185771,0.009787606639033091,0.0036438086902394065
positive_beta_prior,2025-09-30,VWO,0.0012978096333496809,0.01105958429806142,0.005862758070991089,0.0342607398241505,0.00976177466471174,0.0045649484376414085
positive_beta_prior,2025-09-30,VSS,0.0024440952610871435,-0.004799080760367169,0.005098337152314385,0.03403078718438312,-0.007243176021454313,0.002654241891227241
positive_beta_prior,2025-09-30,BND,-0.002612440760532275,0.002537797325417923,-0.0007515115328362121,0.014589651380919902,0.005150238085950198,0.0018609292276960628
positive_beta_prior,2025-09-30,IEF,-0.003418812546817383,0.0036171952388968087,-0.0018740425491707367,0.018199564328378028,0.007036007785714192,0.0015447699976466462
positive_beta_prior,2025-09-30,BNDX,-0.002631423621613449,0.006523664675198493,-0.0012692280934490875,0.012614350650848444,0.009155088296811942,0.0013621955281643615
positive_beta_prior,2025-09-30,LQD,-0.0022751904249042857,-0.0019813075408361414,0.0004694845984956897,0.02166418810748994,0.0002938828840681443,0.0027446750233999753
positive_beta_prior,2025-09-30,HYG,0.0005176748248631416,-0.003581832310472044,0.0017054148343995559,0.01640452193357998,-0.004099507135335185,0.0011877400095364143
positive_beta_prior,2025-09-30,EWX,0.003603912362163278,-0.003915097877319473,0.005763081454660738,0.03241523996806038,-0.007519010239482751,0.0021591690924974596
positive_beta_prior,2025-09-30,VWOB,-0.000677547025898794,0.017691150240358278,0.0026955405186241694,0.022445881024144913,0.018368697266257072,0.0033730875445229635
positive_beta_prior,2025-09-30,HYEM,-0.0004280423794682108,0.00027660203614199297,0.002500315627566276,0.021031848574215226,0.0007046444156102037,0.002928358007034487
positive_beta_prior,2025-10-31,SPY,0.00912797633885744,-0.001039617729681419,0.011172003218758698,0.041590785485516174,-0.010167594068538859,0.0020440268799012586
positive_beta_prior,2025-10-31,MGK,0.01216147274603402,-0.018174122322586972,0.016230662974160752,0.057246413392454794,-0.03033559506862099,0.004069190228126731
positive_beta_prior,2025-10-31,VTV,0.006185678472213474,0.02234958180665636,0.009101020876137388,0.03778157291073299,0.016163903334442887,0.002915342403923914
positive_beta_prior,2025-10-31,IJR,0.0015154442894092421,0.022999546830901885,0.007009033858575306,0.05351086417077821,0.021484102541492644,0.005493589569166063
positive_beta_prior,2025-10-31,IWM,0.0017964392268389336,0.007219933427264902,0.007168483519809475,0.056180919590474956,0.005423494200425968,0.005372044292970541
positive_beta_prior,2025-10-31,VNQ,0.0012115245035108726,0.02116455054555555,0.0051944279268268355,0.05141283476670052,0.019953026042044675,0.003982903423315963
positive_beta_prior,2025-10-31,VNQI,-0.0019581409563520645,0.011398276316832767,0.0004847917184823158,0.04182926740614209,0.013356417273184831,0.0024429326748343803
positive_beta_prior,2025-10-31,VEA,0.004548417481886976,0.006662577508105283,0.007200508137212449,0.040579622507568636,0.0021141600262183065,0.002652090655325473
positive_beta_prior,2025-10-31,VWO,0.0014752964454353488,-0.015135981764385575,0.004357226390302041,0.03662496925083012,-0.016611278209820925,0.0028819299448666924
positive_beta_prior,2025-10-31,VSS,0.0023124011516061564,0.006820955763576553,0.003871151908653101,0.04041924193898644,0.004508554611970396,0.0015587507570469445
positive_beta_prior,2025-10-31,BND,-0.002518800068060453,0.00297114143881938,-0.0015105079022294963,0.0160801961198563,0.005489941506879833,0.0010082921658309566
positive_beta_prior,2025-10-31,IEF,-0.0032908851325316704,0.00686801303321638,-0.002135267015872408,0.019098029859853132,0.01015889816574805,0.0011556181166592623
positive_beta_prior,2025-10-31,BNDX,-0.002464967470762323,-0.004807659780811324,-0.0008437800940804777,0.013820955508925014,-0.002342692310049001,0.0016211873766818453
positive_beta_prior,2025-10-31,LQD,-0.00226984709973941,0.006300096794094712,-0.0011442437578792577,0.025172319433665963,0.008569943893834121,0.0011256033418601524
positive_beta_prior,2025-10-31,HYG,0.000443138331493411,0.004457641722011463,0.0021919786520688996,0.019998943948712787,0.004014503390518052,0.0017488403205754887
positive_beta_prior,2025-10-31,EWX,0.0034672030850817735,-0.016176668191666965,0.005784119198922608,0.03219111605554359,-0.01964387127674874,0.002316916113840835
positive_beta_prior,2025-10-31,VWOB,-0.0003435707119668472,0.0006545758910070365,0.0013827891372547529,0.02584400922184562,0.0009981466029738836,0.0017263598492216
positive_beta_prior,2025-10-31,HYEM,-0.0004152306628207526,-0.0021992661278306125,0.0019434117333088233,0.023068477663627195,-0.0017840354650098598,0.002358642396129576
positive_beta_prior,2025-11-28,SPY,0.008946412159062103,-0.0024606389596457667,0.011771543217536144,0.036296794006431994,-0.01140705111870787,0.0028251310584740414
positive_beta_prior,2025-11-28,MGK,0.011619765691237216,-0.006014656315694422,0.014258491869275152,0.048866036424057534,-0.01763442200693164,0.002638726178037936
positive_beta_prior,2025-11-28,VTV,0.006474319603185668,0.004591005630098177,0.009433676618789858,0.03075253825899507,-0.001883313973087491,0.00295935701560419
positive_beta_prior,2025-11-28,IJR,0.0018990889776501821,-0.0043423583691276635,0.008447375740014713,0.04599841863086416,-0.006241447346777846,0.00654828676236453
positive_beta_prior,2025-11-28,IWM,0.0018932873375608259,-0.010325989693845572,0.007540599202811996,0.04718413102748397,-0.012219277031406397,0.00564731186525117
positive_beta_prior,2025-11-28,VNQ,0.0015678285399759562,-0.02554537559841752,0.0037566492095272995,0.040006712638813724,-0.027113204138393476,0.0021888206695513434
positive_beta_prior,2025-11-28,VNQI,-0.0017196335050451924,0.0008944661826628675,-0.0012104650085365968,0.03445754580935094,0.0026140996877080597,0.0005091684965085957
positive_beta_prior,2025-11-28,VEA,0.004586170339498018,0.02842462799248069,0.005666821102907696,0.033267090185093065,0.023838457652982672,0.0010806507634096782
positive_beta_prior,2025-11-28,VWO,0.0011786664774028324,0.006231798598067773,0.002710306997010346,0.03213489533359494,0.00505313212066494,0.0015316405196075134
positive_beta_prior,2025-11-28,VSS,0.002392911055391342,0.01745648547983225,0.001619171758855066,0.033946727032422776,0.01506357442444091,-0.0007737392965362759
positive_beta_prior,2025-11-28,BND,-0.002420765398294742,-0.00624728267814989,-0.0007025165927255167,0.013531614921725141,-0.0038265172798551484,0.0017182488055692252
positive_beta_prior,2025-11-28,IEF,-0.003109476236714741,-0.010842523271658244,-0.0013873877063448935,0.015838987252515573,-0.007733047034943503,0.0017220885303698475
positive_beta_prior,2025-11-28,BNDX,-0.002506801262013198,-0.00843043234441343,-0.0008782202951226948,0.01137823675299542,-0.005923631082400232,0.0016285809668905031
positive_beta_prior,2025-11-28,LQD,-0.0021168123873495153,-0.010606184040828248,-0.0006593144702524431,0.02050650092276604,-0.008489371653478732,0.0014574979170970722
positive_beta_prior,2025-11-28,HYG,0.0005148258920383762,0.0016540803164204476,0.0025032635054511826,0.01670882777240813,0.0011392544243820713,0.0019884376134128062
positive_beta_prior,2025-11-28,EWX,0.003116419669425546,0.005526301936131128,0.0033223632016805105,0.02872440957791584,0.0024098822667055824,0.0002059435322549646
positive_beta_prior,2025-11-28,VWOB,-0.00032574666548517074,-0.0012631324755422169,0.0021008722574507614,0.021328018736995885,-0.0009373858100570462,0.0024266189229359323
positive_beta_prior,2025-11-28,HYEM,-0.000447088438981643,0.006456216930834868,0.0015726556700555617,0.01926301093541221,0.006903305369816511,0.0020197441090372046
positive_beta_prior,2025-12-31,SPY,0.008746288455225123,0.011594066475381304,0.01000705514221182,0.03601323690422709,0.002847778020156181,0.0012607666869866967
positive_beta_prior,2025-12-31,MGK,0.011310389866554206,-0.01981088189923419,0.012888879184050194,0.04912334140356038,-0.031121271765788397,0.0015784893174959885
positive_beta_prior,2025-12-31,VTV,0.00644127900716659,0.04262615110326995,0.009520049510875851,0.0327046107773781,0.03618487209610336,0.0030787705037092616
positive_beta_prior,2025-12-31,IJR,0.0017895899013909218,0.05372327844739844,0.005933896931458793,0.048908398451901154,0.051933688546007516,0.004144307030067872
positive_beta_prior,2025-12-31,IWM,0.0016789140563080822,0.05153392029332182,0.007244271472504388,0.05011168976423871,0.04985500623701374,0.005565357416196306
positive_beta_prior,2025-12-31,VNQ,0.0010921582919339653,0.0229258613639709,0.0016648185576340776,0.04234126430382382,0.021833703072036935,0.0005726602657001123
positive_beta_prior,2025-12-31,VNQI,-0.0016737721070152263,0.04257155181000494,0.0005414509436333628,0.037758288029215895,0.044245323917020164,0.002215223050648589
positive_beta_prior,2025-12-31,VEA,0.005004388894813503,0.05642561347994279,0.008321693426116319,0.03680742923291237,0.051421224585129294,0.003317304531302816
positive_beta_prior,2025-12-31,VWO,0.0012673179181162523,0.04715510460279937,0.003166934252800152,0.03456809113268654,0.045887786684683116,0.0018996163346838998
positive_beta_prior,2025-12-31,VSS,0.002657184290907849,0.06068200468583562,0.003837290281614598,0.03732259237248099,0.058024820394927776,0.0011801059907067491
positive_beta_prior,2025-12-31,BND,-0.0024878972803974637,-0.0009446630105405251,-0.0010174583088004424,0.013766740502898351,0.0015432342698569385,0.0014704389715970213
positive_beta_prior,2025-12-31,IEF,-0.003245143728555855,-0.005378931439972923,-0.0018631495561705986,0.016016695207390116,-0.0021337877114170675,0.0013819941723852566
positive_beta_prior,2025-12-31,BNDX,-0.0026107246143360087,0.002059820670583523,-0.0015978349981308109,0.010992627748808093,0.004670545284919532,0.0010128896162051979
positive_beta_prior,2025-12-31,LQD,-0.0022657487321473876,0.0003398451129934532,-0.0010319835992458363,0.02068991760357092,0.002605593845140841,0.0012337651329015513
positive_beta_prior,2025-12-31,HYG,0.0005348128117643775,0.0029604455586125233,0.0014218416595740677,0.01731263481419224,0.002425632746848146,0.0008870288478096903
positive_beta_prior,2025-12-31,EWX,0.0031586983056835385,0.02711570928152862,0.004204512458356605,0.031807100801823175,0.023957010975845083,0.0010458141526730664
positive_beta_prior,2025-12-31,VWOB,-0.0003421920305738908,0.0003023714262653243,0.0018109916818158734,0.022418134460947804,0.0006445634568392151,0.0021531837123897643
positive_beta_prior,2025-12-31,HYEM,-0.00032597781845854624,0.01193825183971775,0.00261456951324224,0.02001253735662497,0.012264229658176296,0.0029405473317007866
positive_beta_prior,2026-01-30,SPY,0.0087953880762623,-0.011463064459755201,0.01165423744222364,0.03272381997883156,-0.0202584525360175,0.0028588493659613395
positive_beta_prior,2026-01-30,MGK,0.010773816215419922,-0.049282081977910286,0.012386180906332787,0.044471208253591486,-0.06005589819333021,0.001612364690912865
positive_beta_prior,2026-01-30,VTV,0.00706515611227182,0.03464425383897951,0.009599422102871265,0.030587029182957966,0.02757909772670769,0.0025342659905994453
positive_beta_prior,2026-01-30,IJR,0.002684998324597948,0.018113075612949725,0.005294276103598659,0.04824445646287204,0.015428077288351777,0.002609277779000711
positive_beta_prior,2026-01-30,IWM,0.0025384831293600433,0.003913446654500996,0.004858919918078219,0.045707821430261995,0.0013749635251409527,0.0023204367887181758
positive_beta_prior,2026-01-30,VNQ,0.0014686014483483952,0.05085567147315495,0.003242957116438822,0.041263031466731166,0.04938707002480656,0.0017743556680904268
positive_beta_prior,2026-01-30,VNQI,-0.0009109216946528097,0.05477043858428532,0.004330800834739273,0.0332362848243846,0.05568136027893813,0.005241722529392082
positive_beta_prior,2026-01-30,VEA,0.005890961732488146,0.05800790565870817,0.00985547287115429,0.030980024247838443,0.05211694392622002,0.003964511138666144
positive_beta_prior,2026-01-30,VWO,0.0020584866540590647,0.025936988754007295,0.008321189773682475,0.030183760576980696,0.02387850209994823,0.006262703119623411
positive_beta_prior,2026-01-30,VSS,0.003657612228751431,0.046521625760379104,0.007386228696900327,0.031587081860624325,0.04286401353162767,0.003728616468148896
positive_beta_prior,2026-01-30,BND,-0.002461289792986137,0.013125538032234596,-0.0012243245346151062,0.013204514065197676,0.015586827825220733,0.0012369652583710308
positive_beta_prior,2026-01-30,IEF,-0.0032819331718561494,0.02178389001983616,-0.0025028423556608752,0.015492074212541259,0.02506582319169231,0.0007790908161952742
positive_beta_prior,2026-01-30,BNDX,-0.0025301979714925688,0.01242298193585456,-0.0021376251023363727,0.010643590390425256,0.014953179907347128,0.0003925728691561961
positive_beta_prior,2026-01-30,LQD,-0.0022208247003346147,0.010894680719308658,-0.0009914252109564617,0.0191541230443304,0.013115505419643273,0.001229399489378153
positive_beta_prior,2026-01-30,HYG,0.0005766340660203799,-0.0028581418854923824,0.0016910222188546787,0.015568130945808752,-0.0034347759515127624,0.0011143881528342986
positive_beta_prior,2026-01-30,EWX,0.003571750219060178,0.03253007863200175,0.004565123891602129,0.026542119107597482,0.02895832841294157,0.000993373672541951
positive_beta_prior,2026-01-30,VWOB,-0.0003310788675249388,0.012410830018970698,0.002640646793922088,0.019646525708460517,0.012741908886495637,0.002971725661447027
positive_beta_prior,2026-01-30,HYEM,-0.00011452558297274804,0.006343486373523,0.0029056386074871403,0.017475238676643492,0.006458011956495748,0.0030201641904598884
positive_beta_prior,2026-02-27,SPY,0.008452024473956918,-0.05236481425659356,0.008173818174044943,0.03994658849772214,-0.06081683873055048,-0.00027820629991197506
positive_beta_prior,2026-02-27,MGK,0.009755919635871952,-0.05256666804441845,0.008306793763981676,0.053258637869262646,-0.062322587680290406,-0.001449125871890276
positive_beta_prior,2026-02-27,VTV,0.0075325984466227975,-0.05111916666844174,0.008598386195648249,0.03517659091679756,-0.058651765115064536,0.0010657877490254514
positive_beta_prior,2026-02-27,IJR,0.0029464911599937408,-0.0430573291552121,0.002881824714737896,0.05441619388853096,-0.04600382031520584,-6.46664452558449e-05
positive_beta_prior,2026-02-27,IWM,0.002561787595887856,-0.052595723393065286,0.0025420882403061115,0.05622676732145732,-0.05515751098895314,-1.9699355581744363e-05
positive_beta_prior,2026-02-27,VNQ,0.002305670431819693,-0.066081450572396,0.0045550861999482505,0.04643316719220286,-0.06838712100421569,0.0022494157681285576
positive_beta_prior,2026-02-27,VNQI,3.283017448173479e-05,-0.1261996923521307,0.004785691023812131,0.04150740453632024,-0.12623252252661243,0.004752860849330396
positive_beta_prior,2026-02-27,VEA,0.006774299765135943,-0.0890166153043781,0.01199750755632067,0.039855871626931605,-0.09579091506951404,0.005223207791184727
positive_beta_prior,2026-02-27,VWO,0.0024632070286344583,-0.07262882161942752,0.007438674407607761,0.03608168247987822,-0.07509202864806198,0.004975467378973303
positive_beta_prior,2026-02-27,VSS,0.004384120932677324,-0.09195775776152426,0.008497956587317668,0.03997659004448725,-0.09634187869420159,0.004113835654640343
positive_beta_prior,2026-02-27,BND,-0.0021971062705247687,-0.020459273388676813,-0.00016731600074857723,0.01508021025023161,-0.018262167118152043,0.0020297902697761915
positive_beta_prior,2026-02-27,IEF,-0.0028570887109800086,-0.02626946195927571,-0.0005574105410546043,0.017608760661850475,-0.0234123732482957,0.0022996781699254044
positive_beta_prior,2026-02-27,BNDX,-0.002276754244249397,-0.02445812349945309,-0.0008699130612594965,0.01262561711675282,-0.02218136925520369,0.0014068411829899004
positive_beta_prior,2026-02-27,LQD,-0.0019985279983067627,-0.02380357071815431,0.0001723327183999774,0.023577413248404056,-0.021805042719847546,0.00217086071670674
positive_beta_prior,2026-02-27,HYG,0.0005184175244693163,-0.01264655652256541,0.0014602937807903019,0.018415303110004676,-0.013164974047034726,0.0009418762563209856
positive_beta_prior,2026-02-27,EWX,0.004062569344703256,-0.05906694056130268,0.0066846127825950265,0.03208666950073608,-0.06312950990600594,0.0026220434378917707
positive_beta_prior,2026-02-27,VWOB,-0.0001151143101267077,-0.03742886388704314,0.0022265820250375813,0.024831177775126497,-0.03731374957691643,0.002341696335164289
positive_beta_prior,2026-02-27,HYEM,-5.067753201633674e-06,-0.024402651519384255,0.002266137612814163,0.0223058511274937,-0.02439758376618262,0.0022712053660157963
positive_beta_prior,2026-03-31,SPY,0.00743841049511441,0.10158469057343722,0.008366809412434988,0.03664036682495112,0.0941462800783228,0.0009283989173205784
positive_beta_prior,2026-03-31,MGK,0.008717209841200446,0.13945658747726553,0.009683718093089828,0.052116714825884175,0.13073937763606508,0.0009665082518893822
positive_beta_prior,2026-03-31,VTV,0.006555069028038389,0.0506170669983208,0.005847700661873159,0.033102026210505994,0.044061997970282415,-0.00070736836616523
positive_beta_prior,2026-03-31,IJR,0.002179760821406977,0.09942684130728341,-0.0013026943740574093,0.047250996620421794,0.09724708048587644,-0.003482455195464386
positive_beta_prior,2026-03-31,IWM,0.0016424957460719702,0.11732924859591698,-4.367624597298664e-05,0.04890817702588743,0.115686752849845,-0.0016861719920449568
positive_beta_prior,2026-03-31,VNQ,0.0011658850817494312,0.08261211567781301,0.0036062999498763836,0.045393489548574396,0.08144623059606358,0.0024404148681269524
positive_beta_prior,2026-03-31,VNQI,-0.0020710452009618054,0.05920759938488018,0.0012961739811767955,0.04083394751941655,0.061278644585841986,0.003367219182138601
positive_beta_prior,2026-03-31,VEA,0.005177784513977376,0.07028850576993428,0.007820598781676276,0.0368101517471762,0.0651107212559569,0.0026428142676988998
positive_beta_prior,2026-03-31,VWO,0.0012116732178334255,0.08686516780484332,0.005155340734834668,0.03434134031004785,0.0856534945870099,0.003943667517001243
positive_beta_prior,2026-03-31,VSS,0.002778422954440631,0.08096490152679459,0.005667942152043954,0.03789851429753764,0.07818647857235396,0.002889519197603323
positive_beta_prior,2026-03-31,BND,-0.0025014757224939696,-0.001644084190784434,-0.0005960926572646835,0.013931223540405204,0.0008573915317095357,0.001905383065229286
positive_beta_prior,2026-03-31,IEF,-0.003247294931784937,-0.004636900424381141,-0.0018633058043449758,0.01647804914916315,-0.0013896054925962038,0.0013839891274399611
positive_beta_prior,2026-03-31,BNDX,-0.002646443731836125,-0.0008092670395931645,-0.001083341889137024,0.012184571462718428,0.0018371766922429607,0.0015631018426991012
positive_beta_prior,2026-03-31,LQD,-0.0023619453769708884,-0.0003280238707080718,-0.00018325116893434584,0.02149823070052181,0.0020339215062628166,0.0021786942080365425
positive_beta_prior,2026-03-31,HYG,0.00029900129035207075,0.012020620280474459,0.0016714461890493747,0.01680099385417805,0.011721618990122388,0.001372444898697304
positive_beta_prior,2026-03-31,EWX,0.003010410846269823,0.10571433591391832,0.00590481564087628,0.031007128297062078,0.1027039250676485,0.0028944047946064567
positive_beta_prior,2026-03-31,VWOB,-0.0007370101364086482,0.020791542317250666,0.0010911125699582477,0.023409460804891934,0.021528552453659314,0.001828122706366896
positive_beta_prior,2026-03-31,HYEM,-0.0004116941493046774,0.022278894658412263,0.0005234290304520423,0.020895539298793498,0.02269058880771694,0.0009351231797567197
positive_beta_prior,2026-04-30,SPY,0.008981792135742652,0.049483664963993146,0.012085741689622193,0.044838435609737895,0.04050187282825049,0.003103949553879541
positive_beta_prior,2026-04-30,MGK,0.010860478327037579,0.08330425574857636,0.01624925701989131,0.06312257415354156,0.07244377742153878,0.005388778692853731
positive_beta_prior,2026-04-30,VTV,0.0072773968636167885,0.021460679046998887,0.004476278350504065,0.03678031265598667,0.0141832821833821,-0.0028011185131127233
positive_beta_prior,2026-04-30,IJR,0.0037739752556016724,0.008359592272450422,-0.002923542664189772,0.05166870039874313,0.00458561701684875,-0.0066975179197914445
positive_beta_prior,2026-04-30,IWM,0.0035389998911513967,0.04170616807391436,-0.0004861515682320818,0.05478380816628863,0.038167168182762966,-0.0040251514593834786
positive_beta_prior,2026-04-30,VNQ,0.002501069189881621,-0.009505527770350963,0.00032367007564066764,0.049645994760403815,-0.012006596960232584,-0.0021773991142409535
positive_beta_prior,2026-04-30,VNQI,-0.0010664772569316092,-0.02873894096208207,-0.0025617668336451902,0.045244687232452965,-0.027672463705150464,-0.001495289576713581
positive_beta_prior,2026-04-30,VEA,0.006245173387025849,0.04005467192775236,0.006426917578706297,0.04263654398715563,0.03380949854072651,0.00018174419168044773
positive_beta_prior,2026-04-30,VWO,0.002615828866800801,0.013087733301134774,0.005899197231842892,0.040729712304899454,0.010471904434333972,0.0032833683650420912
positive_beta_prior,2026-04-30,VSS,0.00406016850480709,0.0153673341636833,0.0045495192333966875,0.043169385596096455,0.01130716565887621,0.0004893507285895979
positive_beta_prior,2026-04-30,BND,-0.0024874201236134855,-0.00023588979226363271,-0.0016156416907290234,0.01653152579464274,0.002251530331349853,0.0008717784328844621
positive_beta_prior,2026-04-30,IEF,-0.00327007534969635,-0.0031745273257528517,-0.002251958688987357,0.019635310621292965,9.554802394349821e-05,0.001018116660708993
positive_beta_prior,2026-04-30,BNDX,-0.002616326081143618,0.005188840393763217,-0.0018477815660792945,0.01398213638762925,0.007805166474906835,0.0007685445150643234
positive_beta_prior,2026-04-30,LQD,-0.002328602401458383,0.005612799118414058,-0.0003024150657513257,0.02516782788328883,0.007941401519872441,0.0020261873357070572
positive_beta_prior,2026-04-30,HYG,0.0004911589787147328,0.0013666068307942592,0.0006456168828899745,0.01985396413866999,0.0008754478520795263,0.0001544579041752416
positive_beta_prior,2026-04-30,EWX,0.004694081749018159,0.01835836502980981,0.010375051837501453,0.03749973941993496,0.01366428328079165,0.005680970088483294
positive_beta_prior,2026-04-30,VWOB,-0.0003840830470043972,0.006564291011867507,0.0007712316358428745,0.02615757989217889,0.006948374058871904,0.0011553146828472717
positive_beta_prior,2026-04-30,HYEM,-3.971728360439966e-05,0.00658729224447252,0.002908719417933015,0.024899725861099897,0.0066270095280769195,0.002948436701537415
signed_no_prior,2025-05-30,SPY,0.007317202496114117,0.04769511906164903,0.01454659852661614,0.04857287398610622,0.04037791656553491,0.0072293960305020236
signed_no_prior,2025-05-30,MGK,0.009610770673104944,0.06034673392230827,0.023166129854051785,0.06491520638060892,0.05073596324920333,0.01355535918094684
signed_no_prior,2025-05-30,VTV,0.005312478651329571,0.0332330912657377,0.005695744103941741,0.03994801203455317,0.027920612614408133,0.0003832654526121698
signed_no_prior,2025-05-30,IJR,-0.00041575730887501996,0.03734736300075814,0.0051679948632260995,0.05813325496211177,0.03776312030963316,0.00558375217210112
signed_no_prior,2025-05-30,IWM,-0.0015216367751140637,0.05147995646827952,0.004966209392202929,0.057892983776368104,0.05300159324339358,0.006487846167316993
signed_no_prior,2025-05-30,VNQ,0.0013147227365438608,0.0033500785292834845,0.0025867391820977546,0.06007593732709808,0.002035355792739624,0.0012720164455538939
signed_no_prior,2025-05-30,VNQI,-0.003141402592921254,0.04115888912622401,-0.0019992021410744324,0.051880153225819854,0.04430029171914526,0.0011422004518468216
signed_no_prior,2025-05-30,VEA,0.003213867729195683,0.030256851306093457,0.004137856794024741,0.0486285394480379,0.027042983576897776,0.0009239890648290575
signed_no_prior,2025-05-30,VWO,-0.0013812432635037686,0.05168209224062714,0.004532337105020642,0.0464087119208441,0.053063335504130914,0.0059135803685244105
signed_no_prior,2025-05-30,VSS,0.00044890942076046157,0.054769444558085745,0.003192177402393539,0.04987007332323511,0.054320535137325286,0.0027432679816330775
signed_no_prior,2025-05-30,BND,-0.003237055002469442,0.011602274676301816,-0.002887979730404683,0.019361476863020335,0.014839329678771258,0.0003490752720647591
signed_no_prior,2025-05-30,IEF,-0.0040674968930327,0.012452491537882304,-0.0033513517105740616,0.021432279980352617,0.016519988430915004,0.0007161451824586385
signed_no_prior,2025-05-30,BNDX,-0.0027348125869511297,-0.0001381150801093023,0.000409911905278153,0.01573996830084931,0.0025966975068418274,0.0031447244922292827
signed_no_prior,2025-05-30,LQD,-0.003152480733546488,0.01724059290590274,-0.0012063601244719172,0.029292823551828127,0.020393073639449227,0.0019461206090745707
signed_no_prior,2025-05-30,HYG,5.2760762575032596e-05,0.014810137654057698,0.0022701465694652963,0.02326087425929671,0.014757376891482665,0.002217385806890264
signed_no_prior,2025-05-30,EWX,0.0014349156952656505,0.05043478917948763,0.009560620717482319,0.04254896647843518,0.048999873484221974,0.008125705022216668
signed_no_prior,2025-05-30,VWOB,-0.001725584997727383,0.021275025282161186,0.0002438199627611869,0.030294348476162778,0.02300061027988857,0.00196940496048857
signed_no_prior,2025-05-30,HYEM,-0.0011012187111369331,0.014454903619178339,-0.0007756559898600306,0.03013271114832036,0.015556122330315272,0.0003255627212769025
signed_no_prior,2025-06-30,SPY,0.008108926350340292,0.01908467259702551,0.009882255756280737,0.046642318754045314,0.010975746246685217,0.001773329405940445
signed_no_prior,2025-06-30,MGK,0.010605593481912853,0.03526188252947149,0.01102518505405146,0.06162139551649267,0.024656289047558635,0.000419591572138606
signed_no_prior,2025-06-30,VTV,0.005859941643768946,-0.002167296399311236,0.009960357123639824,0.0500548041689503,-0.00802723804308018,0.004100415479870878
signed_no_prior,2025-06-30,IJR,0.0003246960305295518,0.005165530187941636,0.006804774291728603,0.05634958722367423,0.004840834157412084,0.0064800782611990505
signed_no_prior,2025-06-30,IWM,-0.0004823898487730129,0.012760607343994756,0.0052023199902309376,0.0602298073220328,0.01324299719276777,0.00568470983900395
signed_no_prior,2025-06-30,VNQ,0.0013546316736564024,-0.0029632780526935854,0.0070055726968038835,0.05921497692286763,-0.004317909726349988,0.005650941023147481
signed_no_prior,2025-06-30,VNQI,-0.0022727694219576216,-0.023931985253554888,0.00020382765476975638,0.05067934308975799,-0.021659215831597266,0.002476597076727378
signed_no_prior,2025-06-30,VEA,0.003744122309134855,-0.01766175570590245,0.00744840051495097,0.04776016784224999,-0.021405878015037304,0.0037042782058161147
signed_no_prior,2025-06-30,VWO,-0.0003407857045992409,0.002989658374459969,0.0028582258568935755,0.04382029366288205,0.0033304440790592102,0.0031990115614928165
signed_no_prior,2025-06-30,VSS,0.001514017952864879,-0.009120730437294888,0.003717082153840031,0.05017895612212949,-0.010634748390159767,0.002203064200975152
signed_no_prior,2025-06-30,BND,-0.002946087753866084,-0.006504632044136427,-0.000756695502672395,0.022058509729668743,-0.0035585442902703428,0.002189392251193689
signed_no_prior,2025-06-30,IEF,-0.0037435755512500533,-0.00977429711868305,-0.003042095320519505,0.02683265997799439,-0.0060307215674329975,0.0007014802307305484
signed_no_prior,2025-06-30,BNDX,-0.0026838969495620742,-0.00498710657025403,-0.0017910602398845763,0.016689586623429817,-0.0023032096206919554,0.0008928367096774979
signed_no_prior,2025-06-30,LQD,-0.0027526165445376795,-0.004751878550950606,6.577839517463461e-05,0.031083436096128604,-0.001999262006412926,0.002818394939712314
signed_no_prior,2025-06-30,HYG,0.0003421210937805751,-0.002505544256353631,0.003455133707911976,0.024421664596340494,-0.0028476653501342064,0.0031130126141314008
signed_no_prior,2025-06-30,EWX,0.002395697528289611,0.003689786989881094,0.004650056796566637,0.038624967430062176,0.0012940894615914834,0.002254359268277026
signed_no_prior,2025-06-30,VWOB,-0.0012745926392981953,0.003448378263515961,0.0012257814752330864,0.031073052636678002,0.004722970902814157,0.0025003741145312817
signed_no_prior,2025-06-30,HYEM,-0.0007961967046601631,0.0052854367518158085,0.0024342835668492223,0.02983709624950646,0.006081633456475972,0.0032304802715093853
signed_no_prior,2025-07-31,SPY,0.008319998393545776,0.01702595928567807,0.009697839535503091,0.03987888023488869,0.008705960892132296,0.0013778411419573151
signed_no_prior,2025-07-31,MGK,0.011079752886673596,0.005506659536577585,0.014287652906098099,0.049000713291130156,-0.005573093350096011,0.0032079000194245033
signed_no_prior,2025-07-31,VTV,0.0057055716814020194,0.03136457393982228,0.00649926778408686,0.03380135255851685,0.025659002258420265,0.0007936961026848407
signed_no_prior,2025-07-31,IJR,0.0004177889950951688,0.06670214284372133,0.004702786655211555,0.04897623580508731,0.06628435384862616,0.004284997660116386
signed_no_prior,2025-07-31,IWM,-0.00022771682583517123,0.06825711678016222,0.0037637785297267206,0.052913113872493256,0.06848483360599739,0.003991495355561892
signed_no_prior,2025-07-31,VNQ,0.0012715949481496719,0.031234506481848445,0.00436807378427681,0.047717584408185056,0.029962911533698774,0.0030964788361271386
signed_no_prior,2025-07-31,VNQI,-0.002689292803334492,0.03800885965747658,-0.007946849634113295,0.0380655361782149,0.04069815246081107,-0.005257556830778803
signed_no_prior,2025-07-31,VEA,0.003332470808845676,0.040715343672140136,0.0008193030193577554,0.03534452060230838,0.03738287286329446,-0.0025131677894879205
signed_no_prior,2025-07-31,VWO,-0.0002767387030788715,0.03119670619044923,-0.001256486611221229,0.03653769767389539,0.0314734448935281,-0.0009797479081423575
signed_no_prior,2025-07-31,VSS,0.0013095035607464218,0.04570476560415426,-0.002439905317791512,0.035912124714298894,0.04439526204340784,-0.0037494088785379335
signed_no_prior,2025-07-31,BND,-0.0030145212979097447,0.008078120866885197,-0.0017346543045330912,0.015002260704985192,0.011092642164794941,0.0012798669933766535
signed_no_prior,2025-07-31,IEF,-0.0038595509660083803,0.013001796164747947,-0.0032897553959428125,0.019071065425738165,0.016861347130756328,0.0005697955700655678
signed_no_prior,2025-07-31,BNDX,-0.002728189442267689,-0.002067319775812204,-0.0014988003697802652,0.013029105317968751,0.0006608696664554847,0.0012293890724874236
signed_no_prior,2025-07-31,LQD,-0.002791063890814851,0.0069765482555901315,-0.0007313081594205149,0.022146997736999952,0.009767612146404982,0.002059755731394336
signed_no_prior,2025-07-31,HYG,0.0002873582985856865,0.007592278645943473,0.002159928560454375,0.019083643622484544,0.007304920347357787,0.0018725702618686885
signed_no_prior,2025-07-31,EWX,0.002420583864089447,0.059400893238615415,0.0028866838797130976,0.03098497294394268,0.056980309374525966,0.0004661000156236505
signed_no_prior,2025-07-31,VWOB,-0.0011837662757825385,0.013654429789281775,0.0003494052706608558,0.025958268308459407,0.014838196065064313,0.0015331715464433943
signed_no_prior,2025-07-31,HYEM,-0.0006792422151125483,0.015516857251125726,0.0013753180454706122,0.02602187955898499,0.016196099466238276,0.0020545602605831605
signed_no_prior,2025-08-29,SPY,0.008484261806604877,0.03208906394277711,0.009296944477359017,0.03757019677731019,0.02360480213617223,0.0008126826707541401
signed_no_prior,2025-08-29,MGK,0.010974600181954803,0.04538102472427963,0.012148629200232951,0.04848539369086043,0.03440642454232483,0.0011740290182781481
signed_no_prior,2025-08-29,VTV,0.00618970379948542,0.019529753810910266,0.008835489090942523,0.03531629012588831,0.013340050011424846,0.0026457852914571027
signed_no_prior,2025-08-29,IJR,0.001668437180918304,0.007030856049952794,0.0018312479390438434,0.04797486544919351,0.00536241886903449,0.00016281075812553934
signed_no_prior,2025-08-29,IWM,0.0010644498459761002,0.028272862598571757,0.0019035229420691015,0.04840815693970094,0.027208412752595657,0.0008390730960930013
signed_no_prior,2025-08-29,VNQ,0.0018369329016156865,-0.002835540326792896,0.005201257933038974,0.044349937271305,-0.004672473228408582,0.0033643250314232876
signed_no_prior,2025-08-29,VNQI,-0.0019214031342625851,0.010131917120224765,-0.003952835284951274,0.035578314502394,0.01205332025448735,-0.0020314321506886895
signed_no_prior,2025-08-29,VEA,0.0040378080326814204,0.022001068135094393,0.005024923436412829,0.03576114253365044,0.017963260102412972,0.0009871154037314088
signed_no_prior,2025-08-29,VWO,0.00031709987981788515,0.053275426570534856,0.0014760196608709997,0.03376393129735485,0.05295832669071697,0.0011589197810531146
signed_no_prior,2025-08-29,VSS,0.002147150014395626,0.018182193335737562,0.0015009617585017452,0.03683489369732599,0.016035043321341935,-0.000646188255893881
signed_no_prior,2025-08-29,BND,-0.0028052261627249343,0.007605185555678684,-5.5547072679804424e-05,0.013520062400839169,0.01041041171840362,0.00274967909004513
signed_no_prior,2025-08-29,IEF,-0.00354141234089977,0.0030789765395491386,-0.0008136623016688515,0.015862860469976574,0.006620388880448909,0.0027277500392309186
signed_no_prior,2025-08-29,BNDX,-0.0027157202032779626,0.0018362952066057758,-0.0016022332639906755,0.011634876950490045,0.0045520154098837385,0.0011134869392872872
signed_no_prior,2025-08-29,LQD,-0.002606769322014757,0.015298491121950697,-0.000308046241241582,0.020596407838184835,0.017905260443965454,0.002298723080773175
signed_no_prior,2025-08-29,HYG,0.00042518698438489,0.005419530370210479,0.0014499344000442956,0.01775740324112438,0.004994343385825589,0.0010247474156594057
signed_no_prior,2025-08-29,EWX,0.0034956840409672957,0.00934001338555035,0.0036882207895019862,0.030595735458055263,0.005844329344583054,0.0001925367485346905
signed_no_prior,2025-08-29,VWOB,-0.000903800312290759,0.011313877152875351,0.0009561527187769872,0.023380071852624057,0.01221767746516611,0.0018599530310677462
signed_no_prior,2025-08-29,HYEM,-0.000373655432730694,-0.003310550556556602,0.0023764281293714067,0.021404370250391692,-0.002936895123825908,0.0027500835621021005
signed_no_prior,2025-09-30,SPY,0.008921387772089548,0.02028375894432366,0.015011225943720442,0.037681398837886376,0.011362371172234112,0.006089838171630894
signed_no_prior,2025-09-30,MGK,0.011611756191997856,0.04184616666398688,0.017306567823740408,0.048969682412148524,0.030234410471989027,0.005694811631742552
signed_no_prior,2025-09-30,VTV,0.0064367417626599545,-0.007371739211896489,0.013505729839006386,0.036683907926915726,-0.013808480974556444,0.007068988076346432
signed_no_prior,2025-09-30,IJR,0.0017677412340485724,-0.012108590721114587,0.012626800803590377,0.051238828594382044,-0.013876331955163159,0.010859059569541805
signed_no_prior,2025-09-30,IWM,0.0015683093413945384,0.014115453040836279,0.01132463279770896,0.05211322083423412,0.01254714369944174,0.009756323456314423
signed_no_prior,2025-09-30,VNQ,0.00175040561960812,-0.027888055765740494,0.009355111709138074,0.04727667973744157,-0.029638461385348612,0.007604706089529954
signed_no_prior,2025-09-30,VNQI,-0.0016981934999202267,-0.015995303603671296,0.004672659690805381,0.04187790137839223,-0.014297110103751069,0.006370853190725607
signed_no_prior,2025-09-30,VEA,0.00437046099754092,0.014158067636574012,0.010711336890264699,0.03818056610908957,0.009787606639033091,0.006340875892723779
signed_no_prior,2025-09-30,VWO,0.0012978096333496809,0.01105958429806142,0.006767563003335987,0.03786100278262553,0.00976177466471174,0.005469753369986306
signed_no_prior,2025-09-30,VSS,0.0024440952610871435,-0.004799080760367169,0.007629688557687589,0.0396562328888241,-0.007243176021454313,0.005185593296600445
signed_no_prior,2025-09-30,BND,-0.002612440760532275,0.002537797325417923,-6.453412697904814e-05,0.015103939997710767,0.005150238085950198,0.0025479066335532268
signed_no_prior,2025-09-30,IEF,-0.003418812546817383,0.0036171952388968087,-0.001236531807977173,0.01642660224073243,0.007036007785714192,0.00218228073884021
signed_no_prior,2025-09-30,BNDX,-0.002631423621613449,0.006523664675198493,-0.0008175230961699228,0.013185251398555422,0.009155088296811942,0.0018139005254435262
signed_no_prior,2025-09-30,LQD,-0.0022751904249042857,-0.0019813075408361414,0.0015977484218154155,0.02232224727329967,0.0002938828840681443,0.003872938846719701
signed_no_prior,2025-09-30,HYG,0.0005176748248631416,-0.003581832310472044,0.0036716682590328814,0.020790979719148905,-0.004099507135335185,0.00315399343416974
signed_no_prior,2025-09-30,EWX,0.003603912362163278,-0.003915097877319473,0.00823344182231009,0.037113980499855134,-0.007519010239482751,0.0046295294601468116
signed_no_prior,2025-09-30,VWOB,-0.000677547025898794,0.017691150240358278,0.00431114010385478,0.02502475156910584,0.018368697266257072,0.004988687129753574
signed_no_prior,2025-09-30,HYEM,-0.0004280423794682108,0.00027660203614199297,0.003227958653399302,0.02574488533979525,0.0007046444156102037,0.003656001032867513
signed_no_prior,2025-10-31,SPY,0.00912797633885744,-0.001039617729681419,0.01472418362900455,0.042542914127835875,-0.010167594068538859,0.00559620729014711
signed_no_prior,2025-10-31,MGK,0.01216147274603402,-0.018174122322586972,0.01819649467653904,0.05831284046445364,-0.03033559506862099,0.00603502193050502
signed_no_prior,2025-10-31,VTV,0.006185678472213474,0.02234958180665636,0.012355624822371666,0.03613975554750421,0.016163903334442887,0.006169946350158192
signed_no_prior,2025-10-31,IJR,0.0015154442894092421,0.022999546830901885,0.007818857526776229,0.05252255612238588,0.021484102541492644,0.006303413237366986
signed_no_prior,2025-10-31,IWM,0.0017964392268389336,0.007219933427264902,0.009479640109164368,0.05529427109370777,0.005423494200425968,0.007683200882325434
signed_no_prior,2025-10-31,VNQ,0.0012115245035108726,0.02116455054555555,0.006857488892450036,0.05198475870884736,0.019953026042044675,0.005645964388939164
signed_no_prior,2025-10-31,VNQI,-0.0019581409563520645,0.011398276316832767,0.0031539613559627418,0.042992834180230304,0.013356417273184831,0.005112102312314806
signed_no_prior,2025-10-31,VEA,0.004548417481886976,0.006662577508105283,0.00929374336668668,0.04198767491475584,0.0021141600262183065,0.004745325884799703
signed_no_prior,2025-10-31,VWO,0.0014752964454353488,-0.015135981764385575,0.010847404435077321,0.04192623210715926,-0.016611278209820925,0.009372107989641972
signed_no_prior,2025-10-31,VSS,0.0023124011516061564,0.006820955763576553,0.005544163932865415,0.04332610863007565,0.004508554611970396,0.0032317627812592582
signed_no_prior,2025-10-31,BND,-0.002518800068060453,0.00297114143881938,-0.0009591901552179114,0.01589059312645357,0.005489941506879833,0.0015596099128425416
signed_no_prior,2025-10-31,IEF,-0.0032908851325316704,0.00686801303321638,-0.0017206003389737463,0.018277695426760224,0.01015889816574805,0.0015702847935579241
signed_no_prior,2025-10-31,BNDX,-0.002464967470762323,-0.004807659780811324,-0.0005016710068387032,0.013767256807917067,-0.002342692310049001,0.00196329646392362
signed_no_prior,2025-10-31,LQD,-0.00226984709973941,0.006300096794094712,0.0005104151585747733,0.02468999870891271,0.008569943893834121,0.0027802622583141833
signed_no_prior,2025-10-31,HYG,0.000443138331493411,0.004457641722011463,0.0025319528683832343,0.02063462114339966,0.004014503390518052,0.0020888145368898234
signed_no_prior,2025-10-31,EWX,0.0034672030850817735,-0.016176668191666965,0.010778278035586958,0.038275614525396025,-0.01964387127674874,0.007311074950505184
signed_no_prior,2025-10-31,VWOB,-0.0003435707119668472,0.0006545758910070365,0.0030659890830921025,0.027732067127049852,0.0009981466029738836,0.0034095597950589496
signed_no_prior,2025-10-31,HYEM,-0.0004152306628207526,-0.0021992661278306125,0.0027051769768203387,0.02633003424340448,-0.0017840354650098598,0.0031204076396410914
signed_no_prior,2025-11-28,SPY,0.008946412159062103,-0.0024606389596457667,0.011730104431464602,0.031896874345640695,-0.01140705111870787,0.002783692272402499
signed_no_prior,2025-11-28,MGK,0.011619765691237216,-0.006014656315694422,0.010204969654476148,0.04422893378160648,-0.01763442200693164,-0.0014147960367610676
signed_no_prior,2025-11-28,VTV,0.006474319603185668,0.004591005630098177,0.016519135778110094,0.027246105260291382,-0.001883313973087491,0.010044816174924427
signed_no_prior,2025-11-28,IJR,0.0018990889776501821,-0.0043423583691276635,0.018251017873879186,0.03996137038465686,-0.006241447346777846,0.016351928896229002
signed_no_prior,2025-11-28,IWM,0.0018932873375608259,-0.010325989693845572,0.018345410873976828,0.04141494559250214,-0.012219277031406397,0.016452123536416
signed_no_prior,2025-11-28,VNQ,0.0015678285399759562,-0.02554537559841752,0.013629447307428762,0.03880240103266507,-0.027113204138393476,0.012061618767452806
signed_no_prior,2025-11-28,VNQI,-0.0017196335050451924,0.0008944661826628675,-0.001008686177617278,0.032240565943366516,0.0026140996877080597,0.0007109473274279144
signed_no_prior,2025-11-28,VEA,0.004586170339498018,0.02842462799248069,0.009433933748383413,0.032321221895435744,0.023838457652982672,0.004847763408885395
signed_no_prior,2025-11-28,VWO,0.0011786664774028324,0.006231798598067773,-0.0032403454031829787,0.030959374388764505,0.00505313212066494,-0.004419011880585811
signed_no_prior,2025-11-28,VSS,0.002392911055391342,0.01745648547983225,0.003621103959984463,0.030730399249508215,0.01506357442444091,0.0012281929045931212
signed_no_prior,2025-11-28,BND,-0.002420765398294742,-0.00624728267814989,0.001428364787824639,0.013293669529825212,-0.0038265172798551484,0.003849130186119381
signed_no_prior,2025-11-28,IEF,-0.003109476236714741,-0.010842523271658244,0.0019631734820726066,0.014804954422066184,-0.007733047034943503,0.005072649718787348
signed_no_prior,2025-11-28,BNDX,-0.002506801262013198,-0.00843043234441343,-0.0005297510580503212,0.011119789554706726,-0.005923631082400232,0.0019770502039628767
signed_no_prior,2025-11-28,LQD,-0.0021168123873495153,-0.010606184040828248,0.0017892413759739625,0.020144214192600856,-0.008489371653478732,0.003906053763323478
signed_no_prior,2025-11-28,HYG,0.0005148258920383762,0.0016540803164204476,0.003970568405376761,0.015709824159516366,0.0011392544243820713,0.0034557425133383843
signed_no_prior,2025-11-28,EWX,0.003116419669425546,0.005526301936131128,-0.003952439490280221,0.029262983897436607,0.0024098822667055824,-0.007068859159705767
signed_no_prior,2025-11-28,VWOB,-0.00032574666548517074,-0.0012631324755422169,0.00563782822071871,0.020122902012548773,-0.0009373858100570462,0.00596357488620388
signed_no_prior,2025-11-28,HYEM,-0.000447088438981643,0.006456216930834868,0.000934057378457194,0.018224747138257925,0.006903305369816511,0.001381145817438837
signed_no_prior,2025-12-31,SPY,0.008746288455225123,0.011594066475381304,0.011836987955394878,0.0296446477504894,0.002847778020156181,0.003090699500169755
signed_no_prior,2025-12-31,MGK,0.011310389866554206,-0.01981088189923419,0.012140367535432012,0.04048119899988624,-0.031121271765788397,0.0008299776688778064
signed_no_prior,2025-12-31,VTV,0.00644127900716659,0.04262615110326995,0.01304075511749868,0.027964082005189683,0.03618487209610336,0.006599476110332091
signed_no_prior,2025-12-31,IJR,0.0017895899013909218,0.05372327844739844,0.00937569582461144,0.04139232244109455,0.051933688546007516,0.007586105923220518
signed_no_prior,2025-12-31,IWM,0.0016789140563080822,0.05153392029332182,0.011804727703910488,0.04676391263553698,0.04985500623701374,0.010125813647602407
signed_no_prior,2025-12-31,VNQ,0.0010921582919339653,0.0229258613639709,0.003316922566410383,0.03777044369311761,0.021833703072036935,0.002224764274476418
signed_no_prior,2025-12-31,VNQI,-0.0016737721070152263,0.04257155181000494,0.0053205257992415544,0.031723456772431415,0.044245323917020164,0.006994297906256781
signed_no_prior,2025-12-31,VEA,0.005004388894813503,0.05642561347994279,0.014976798167948144,0.03176792184698743,0.051421224585129294,0.009972409273134641
signed_no_prior,2025-12-31,VWO,0.0012673179181162523,0.04715510460279937,0.00648392595255938,0.029357516870481486,0.045887786684683116,0.005216608034443128
signed_no_prior,2025-12-31,VSS,0.002657184290907849,0.06068200468583562,0.009889648676888341,0.03070869969535054,0.058024820394927776,0.0072324643859804924
signed_no_prior,2025-12-31,BND,-0.0024878972803974637,-0.0009446630105405251,-0.001212340786131629,0.01291258931302121,0.0015432342698569385,0.0012755564942658346
signed_no_prior,2025-12-31,IEF,-0.003245143728555855,-0.005378931439972923,-0.0020660508879922403,0.01636501241141151,-0.0021337877114170675,0.0011790928405636149
signed_no_prior,2025-12-31,BNDX,-0.0026107246143360087,0.002059820670583523,-0.004340579218251575,0.012103146003073597,0.004670545284919532,-0.0017298546039155658
signed_no_prior,2025-12-31,LQD,-0.0022657487321473876,0.0003398451129934532,-0.0009355257379398715,0.018572353893306626,0.002605593845140841,0.001330222994207516
signed_no_prior,2025-12-31,HYG,0.0005348128117643775,0.0029604455586125233,0.002222018280515676,0.01496494071543987,0.002425632746848146,0.0016872054687512984
signed_no_prior,2025-12-31,EWX,0.0031586983056835385,0.02711570928152862,0.0045838103137967375,0.02496947851498213,0.023957010975845083,0.001425112008113199
signed_no_prior,2025-12-31,VWOB,-0.0003421920305738908,0.0003023714262653243,0.004487714443729938,0.02002753754573512,0.0006445634568392151,0.004829906474303828
signed_no_prior,2025-12-31,HYEM,-0.00032597781845854624,0.01193825183971775,0.0041646063862507635,0.017771855481078666,0.012264229658176296,0.00449058420470931
signed_no_prior,2026-01-30,SPY,0.0087953880762623,-0.011463064459755201,0.01127129724314988,0.03274964361516905,-0.0202584525360175,0.0024759091668875802
signed_no_prior,2026-01-30,MGK,0.010773816215419922,-0.049282081977910286,0.009675811011147211,0.046056832234204446,-0.06005589819333021,-0.0010980052042727107
signed_no_prior,2026-01-30,VTV,0.00706515611227182,0.03464425383897951,0.013057634458744829,0.028944353558512582,0.02757909772670769,0.005992478346473009
signed_no_prior,2026-01-30,IJR,0.002684998324597948,0.018113075612949725,0.007501383993322137,0.03921388453121198,0.015428077288351777,0.004816385668724188
signed_no_prior,2026-01-30,IWM,0.0025384831293600433,0.003913446654500996,0.00575407138135532,0.042140391500054476,0.0013749635251409527,0.0032155882519952768
signed_no_prior,2026-01-30,VNQ,0.0014686014483483952,0.05085567147315495,0.0029149298549830133,0.041206162673118156,0.04938707002480656,0.001446328406634618
signed_no_prior,2026-01-30,VNQI,-0.0009109216946528097,0.05477043858428532,0.00304450497563192,0.03320180527997662,0.05568136027893813,0.003955426670284729
signed_no_prior,2026-01-30,VEA,0.005890961732488146,0.05800790565870817,0.013581744464818492,0.0343220041314239,0.05211694392622002,0.007690782732330347
signed_no_prior,2026-01-30,VWO,0.0020584866540590647,0.025936988754007295,0.00973886324045111,0.03369730864143506,0.02387850209994823,0.007680376586392046
signed_no_prior,2026-01-30,VSS,0.003657612228751431,0.046521625760379104,0.010463110099197804,0.03852332205913162,0.04286401353162767,0.006805497870446373
signed_no_prior,2026-01-30,BND,-0.002461289792986137,0.013125538032234596,-2.454701159020859e-06,0.014021091162833807,0.015586827825220733,0.002458835091827116
signed_no_prior,2026-01-30,IEF,-0.0032819331718561494,0.02178389001983616,-0.002139353775483894,0.015224698324580547,0.02506582319169231,0.0011425793963722552
signed_no_prior,2026-01-30,BNDX,-0.0025301979714925688,0.01242298193585456,-0.001690124007120394,0.010757528210016838,0.014953179907347128,0.0008400739643721748
signed_no_prior,2026-01-30,LQD,-0.0022208247003346147,0.010894680719308658,0.001746761688977136,0.019421930054089903,0.013115505419643273,0.003967586389311751
signed_no_prior,2026-01-30,HYG,0.0005766340660203799,-0.0028581418854923824,0.0037176008471279587,0.015814334923409397,-0.0034347759515127624,0.0031409667811075786
signed_no_prior,2026-01-30,EWX,0.003571750219060178,0.03253007863200175,0.0090800635085683,0.028139673978911275,0.02895832841294157,0.005508313289508121
signed_no_prior,2026-01-30,VWOB,-0.0003310788675249388,0.012410830018970698,0.0035680861490106188,0.021407606359218144,0.012741908886495637,0.0038991650165355577
signed_no_prior,2026-01-30,HYEM,-0.00011452558297274804,0.006343486373523,0.0037507650790066364,0.019972050091841796,0.006458011956495748,0.0038652906619793845
signed_no_prior,2026-02-27,SPY,0.008452024473956918,-0.05236481425659356,0.009525741215134598,0.03600316096059692,-0.06081683873055048,0.0010737167411776806
signed_no_prior,2026-02-27,MGK,0.009755919635871952,-0.05256666804441845,0.010962726136568105,0.04880079494680678,-0.062322587680290406,0.0012068065006961524
signed_no_prior,2026-02-27,VTV,0.0075325984466227975,-0.05111916666844174,0.012308979888441825,0.031498426723274686,-0.058651765115064536,0.004776381441819027
signed_no_prior,2026-02-27,IJR,0.0029464911599937408,-0.0430573291552121,0.009884123962797711,0.04576148655104096,-0.04600382031520584,0.00693763280280397
signed_no_prior,2026-02-27,IWM,0.002561787595887856,-0.052595723393065286,0.008925917812331931,0.0483507137642506,-0.05515751098895314,0.006364130216444075
signed_no_prior,2026-02-27,VNQ,0.002305670431819693,-0.066081450572396,0.008072852156012318,0.04369008984479688,-0.06838712100421569,0.005767181724192625
signed_no_prior,2026-02-27,VNQI,3.283017448173479e-05,-0.1261996923521307,0.00816774869755775,0.03558435274769124,-0.12623252252661243,0.008134918523076016
signed_no_prior,2026-02-27,VEA,0.006774299765135943,-0.0890166153043781,0.017700791205045394,0.034883339150230556,-0.09579091506951404,0.010926491439909453
signed_no_prior,2026-02-27,VWO,0.0024632070286344583,-0.07262882161942752,0.012424592735248308,0.03430073600252041,-0.07509202864806198,0.00996138570661385
signed_no_prior,2026-02-27,VSS,0.004384120932677324,-0.09195775776152426,0.015648656082202624,0.03815459956455885,-0.09634187869420159,0.0112645351495253
signed_no_prior,2026-02-27,BND,-0.0021971062705247687,-0.020459273388676813,0.001023883033785171,0.013070671597114546,-0.018262167118152043,0.0032209893043099397
signed_no_prior,2026-02-27,IEF,-0.0028570887109800086,-0.02626946195927571,-0.00022517075064125815,0.015191097416309649,-0.0234123732482957,0.0026319179603387505
signed_no_prior,2026-02-27,BNDX,-0.002276754244249397,-0.02445812349945309,0.0003071259762747972,0.011020226827523204,-0.02218136925520369,0.002583880220524194
signed_no_prior,2026-02-27,LQD,-0.0019985279983067627,-0.02380357071815431,0.0019928458489358565,0.02019904039394925,-0.021805042719847546,0.003991373847242619
signed_no_prior,2026-02-27,HYG,0.0005184175244693163,-0.01264655652256541,0.0035674836534780575,0.0175296157393983,-0.013164974047034726,0.003049066129008741
signed_no_prior,2026-02-27,EWX,0.004062569344703256,-0.05906694056130268,0.010119363009282997,0.031142491936361927,-0.06312950990600594,0.0060567936645797415
signed_no_prior,2026-02-27,VWOB,-0.0001151143101267077,-0.03742886388704314,0.0051004403699664224,0.02306250252477649,-0.03731374957691643,0.00521555468009313
signed_no_prior,2026-02-27,HYEM,-5.067753201633674e-06,-0.024402651519384255,0.0042359444875099345,0.02161646283922591,-0.02439758376618262,0.0042410122407115685
signed_no_prior,2026-03-31,SPY,0.00743841049511441,0.10158469057343722,0.007641624582010372,0.033761695659803824,0.0941462800783228,0.00020321408689596195
signed_no_prior,2026-03-31,MGK,0.008717209841200446,0.13945658747726553,0.009293251488269089,0.04600811972164038,0.13073937763606508,0.0005760416470686428
signed_no_prior,2026-03-31,VTV,0.006555069028038389,0.0506170669983208,0.0053784597183010015,0.033386482661613655,0.044061997970282415,-0.0011766093097373871
signed_no_prior,2026-03-31,IJR,0.002179760821406977,0.09942684130728341,-0.0010941129199908187,0.04657957145654774,0.09724708048587644,-0.0032738737413977956
signed_no_prior,2026-03-31,IWM,0.0016424957460719702,0.11732924859591698,0.0006187530549869556,0.046164472337892434,0.115686752849845,-0.0010237426910850145
signed_no_prior,2026-03-31,VNQ,0.0011658850817494312,0.08261211567781301,0.0013835408950798286,0.04134613781754205,0.08144623059606358,0.00021765581333039736
signed_no_prior,2026-03-31,VNQI,-0.0020710452009618054,0.05920759938488018,-8.146564344745566e-05,0.03845828407853676,0.061278644585841986,0.00198957955751435
signed_no_prior,2026-03-31,VEA,0.005177784513977376,0.07028850576993428,0.0071164393158781305,0.03527535733159107,0.0651107212559569,0.0019386548019007547
signed_no_prior,2026-03-31,VWO,0.0012116732178334255,0.08686516780484332,0.0055555297224577785,0.034539334194699255,0.0856534945870099,0.004343856504624353
signed_no_prior,2026-03-31,VSS,0.002778422954440631,0.08096490152679459,0.004512757378917537,0.03668842307538253,0.07818647857235396,0.001734334424476906
signed_no_prior,2026-03-31,BND,-0.0025014757224939696,-0.001644084190784434,-0.00037165134428157,0.01398825339699047,0.0008573915317095357,0.0021298243782123995
signed_no_prior,2026-03-31,IEF,-0.003247294931784937,-0.004636900424381141,-0.0012321490753906747,0.0167575557622046,-0.0013896054925962038,0.0020151458563942622
signed_no_prior,2026-03-31,BNDX,-0.002646443731836125,-0.0008092670395931645,-0.0009647201010529274,0.011160311380495065,0.0018371766922429607,0.0016817236307831978
signed_no_prior,2026-03-31,LQD,-0.0023619453769708884,-0.0003280238707080718,7.23640649649489e-05,0.020852604312036813,0.0020339215062628166,0.0024343094419358373
signed_no_prior,2026-03-31,HYG,0.00029900129035207075,0.012020620280474459,0.0019627785716523844,0.016537910396845577,0.011721618990122388,0.0016637772813003137
signed_no_prior,2026-03-31,EWX,0.003010410846269823,0.10571433591391832,0.004769717112301801,0.02943411815932127,0.1027039250676485,0.001759306266031978
signed_no_prior,2026-03-31,VWOB,-0.0007370101364086482,0.020791542317250666,0.0013060049595100458,0.022267955423683785,0.021528552453659314,0.002043015095918694
signed_no_prior,2026-03-31,HYEM,-0.0004116941493046774,0.022278894658412263,0.0019292761421425366,0.02279433065559456,0.02269058880771694,0.002340970291447214
signed_no_prior,2026-04-30,SPY,0.008981792135742652,0.049483664963993146,0.013041204188992957,0.03631023977883256,0.04050187282825049,0.004059412053250305
signed_no_prior,2026-04-30,MGK,0.010860478327037579,0.08330425574857636,0.017104025519526438,0.0432694936957292,0.07244377742153878,0.0062435471924888585
signed_no_prior,2026-04-30,VTV,0.0072773968636167885,0.021460679046998887,0.008441468828914778,0.03663732848454775,0.0141832821833821,0.0011640719652979891
signed_no_prior,2026-04-30,IJR,0.0037739752556016724,0.008359592272450422,0.0021941809564197203,0.044429360033789486,0.00458561701684875,-0.001579794299181952
signed_no_prior,2026-04-30,IWM,0.0035389998911513967,0.04170616807391436,0.00765181363315595,0.04804701745084217,0.038167168182762966,0.004112813742004553
signed_no_prior,2026-04-30,VNQ,0.002501069189881621,-0.009505527770350963,0.0070817528462252255,0.047326775315708405,-0.012006596960232584,0.004580683656343605
signed_no_prior,2026-04-30,VNQI,-0.0010664772569316092,-0.02873894096208207,0.0023525579281538905,0.04155535322173744,-0.027672463705150464,0.0034190351850855
signed_no_prior,2026-04-30,VEA,0.006245173387025849,0.04005467192775236,0.008122577663930671,0.04138462807063027,0.03380949854072651,0.001877404276904822
signed_no_prior,2026-04-30,VWO,0.002615828866800801,0.013087733301134774,0.0078047622182688585,0.03577217679832072,0.010471904434333972,0.0051889333514680575
signed_no_prior,2026-04-30,VSS,0.00406016850480709,0.0153673341636833,0.005313143482409431,0.04134872845946847,0.01130716565887621,0.0012529749776023415
signed_no_prior,2026-04-30,BND,-0.0024874201236134855,-0.00023588979226363271,0.00015531446978441377,0.01713833254639913,0.002251530331349853,0.0026427345933978993
signed_no_prior,2026-04-30,IEF,-0.00327007534969635,-0.0031745273257528517,-0.0008827373649503093,0.019579247922945773,9.554802394349821e-05,0.0023873379847460406
signed_no_prior,2026-04-30,BNDX,-0.002616326081143618,0.005188840393763217,-0.0014072369185942368,0.012684420831874887,0.007805166474906835,0.001209089162549381
signed_no_prior,2026-04-30,LQD,-0.002328602401458383,0.005612799118414058,0.0010268182910356744,0.023223717717272458,0.007941401519872441,0.0033554206924940573
signed_no_prior,2026-04-30,HYG,0.0004911589787147328,0.0013666068307942592,0.001397067611783782,0.016568977842603676,0.0008754478520795263,0.0009059086330690491
signed_no_prior,2026-04-30,EWX,0.004694081749018159,0.01835836502980981,0.006397639918838091,0.03250172792813317,0.01366428328079165,0.0017035581698199315
signed_no_prior,2026-04-30,VWOB,-0.0003840830470043972,0.006564291011867507,0.0017908881597040556,0.02489994437380909,0.006948374058871904,0.002174971206708453
signed_no_prior,2026-04-30,HYEM,-3.971728360439966e-05,0.00658729224447252,0.0032367941845964448,0.021602364145984407,0.0066270095280769195,0.0032765114682008446
signed_lkj_eta_1,2025-05-30,SPY,0.007317202496114117,0.04769511906164903,0.007663758154380521,0.03691211362338645,0.04037791656553491,0.0003465556582664042
signed_lkj_eta_1,2025-05-30,MGK,0.009610770673104944,0.06034673392230827,0.010355329922696417,0.05176226457391099,0.05073596324920333,0.000744559249591473
signed_lkj_eta_1,2025-05-30,VTV,0.005312478651329571,0.0332330912657377,0.005206592254078366,0.034887018163069716,0.027920612614408133,-0.0001058863972512045
signed_lkj_eta_1,2025-05-30,IJR,-0.00041575730887501996,0.03734736300075814,9.107800301249105e-05,0.05221189003754699,0.03776312030963316,0.000506835311887511
signed_lkj_eta_1,2025-05-30,IWM,-0.0015216367751140637,0.05147995646827952,-0.0008431143862649912,0.05106311138409634,0.05300159324339358,0.0006785223888490725
signed_lkj_eta_1,2025-05-30,VNQ,0.0013147227365438608,0.0033500785292834845,0.0020490343107623433,0.0428813513624732,0.002035355792739624,0.0007343115742184825
signed_lkj_eta_1,2025-05-30,VNQI,-0.003141402592921254,0.04115888912622401,0.0007485839917323062,0.038304513648135474,0.04430029171914526,0.00388998658465356
signed_lkj_eta_1,2025-05-30,VEA,0.003213867729195683,0.030256851306093457,0.00557954780672688,0.034910951954076834,0.027042983576897776,0.0023656800775311974
signed_lkj_eta_1,2025-05-30,VWO,-0.0013812432635037686,0.05168209224062714,0.0024048574968526877,0.03566574189417213,0.053063335504130914,0.0037861007603564563
signed_lkj_eta_1,2025-05-30,VSS,0.00044890942076046157,0.054769444558085745,0.003083286504636464,0.032368981222292446,0.054320535137325286,0.0026343770838760023
signed_lkj_eta_1,2025-05-30,BND,-0.003237055002469442,0.011602274676301816,-0.0022170576071158755,0.013560557644341416,0.014839329678771258,0.0010199973953535666
signed_lkj_eta_1,2025-05-30,IEF,-0.0040674968930327,0.012452491537882304,-0.0030812399943736463,0.01613007151586111,0.016519988430915004,0.0009862568986590539
signed_lkj_eta_1,2025-05-30,BNDX,-0.0027348125869511297,-0.0001381150801093023,-0.0015055107967975455,0.011365519052911768,0.0025966975068418274,0.0012293017901535842
signed_lkj_eta_1,2025-05-30,LQD,-0.003152480733546488,0.01724059290590274,-0.001982359016045091,0.017860547245520532,0.020393073639449227,0.001170121717501397
signed_lkj_eta_1,2025-05-30,HYG,5.2760762575032596e-05,0.014810137654057698,0.0004324569137422122,0.014701738142698382,0.014757376891482665,0.00037969615116717964
signed_lkj_eta_1,2025-05-30,EWX,0.0014349156952656505,0.05043478917948763,0.002624529797556576,0.02651555522030804,0.048999873484221974,0.0011896141022909254
signed_lkj_eta_1,2025-05-30,VWOB,-0.001725584997727383,0.021275025282161186,-6.597862878637492e-05,0.016075284267325393,0.02300061027988857,0.001659606368941008
signed_lkj_eta_1,2025-05-30,HYEM,-0.0011012187111369331,0.014454903619178339,0.0005542307058623275,0.01990794238374583,0.015556122330315272,0.0016554494169992607
signed_lkj_eta_1,2025-06-30,SPY,0.008108926350340292,0.01908467259702551,0.009197740884521896,0.034356702276471925,0.010975746246685217,0.001088814534181604
signed_lkj_eta_1,2025-06-30,MGK,0.010605593481912853,0.03526188252947149,0.0108668251720853,0.04794593567698532,0.024656289047558635,0.0002612316901724459
signed_lkj_eta_1,2025-06-30,VTV,0.005859941643768946,-0.002167296399311236,0.0062223038056433986,0.029101680709379595,-0.00802723804308018,0.00036236216187445283
signed_lkj_eta_1,2025-06-30,IJR,0.0003246960305295518,0.005165530187941636,0.0003799387323779556,0.044360693652485086,0.004840834157412084,5.524270184840383e-05
signed_lkj_eta_1,2025-06-30,IWM,-0.0004823898487730129,0.012760607343994756,0.0002787947775349957,0.044707488726539506,0.01324299719276777,0.0007611846263080086
signed_lkj_eta_1,2025-06-30,VNQ,0.0013546316736564024,-0.0029632780526935854,0.001868386814963693,0.039803228176959554,-0.004317909726349988,0.0005137551413072906
signed_lkj_eta_1,2025-06-30,VNQI,-0.0022727694219576216,-0.023931985253554888,-0.0005197961829394666,0.03390211299453224,-0.021659215831597266,0.001752973239018155
signed_lkj_eta_1,2025-06-30,VEA,0.003744122309134855,-0.01766175570590245,0.00533680997470033,0.030706502587199386,-0.021405878015037304,0.0015926876655654744
signed_lkj_eta_1,2025-06-30,VWO,-0.0003407857045992409,0.002989658374459969,0.0027572917087791793,0.031748749247278864,0.0033304440790592102,0.0030980774133784203
signed_lkj_eta_1,2025-06-30,VSS,0.001514017952864879,-0.009120730437294888,0.0029119932788475534,0.030466510843360408,-0.010634748390159767,0.0013979753259826745
signed_lkj_eta_1,2025-06-30,BND,-0.002946087753866084,-0.006504632044136427,-0.0019990160911629775,0.012841937693435548,-0.0035585442902703428,0.0009470716627031067
signed_lkj_eta_1,2025-06-30,IEF,-0.0037435755512500533,-0.00977429711868305,-0.0029852663782714726,0.016464470943336546,-0.0060307215674329975,0.0007583091729785807
signed_lkj_eta_1,2025-06-30,BNDX,-0.0026838969495620742,-0.00498710657025403,-0.001970083816537715,0.010814001059043885,-0.0023032096206919554,0.0007138131330243591
signed_lkj_eta_1,2025-06-30,LQD,-0.0027526165445376795,-0.004751878550950606,-0.0012218717174106272,0.017038524777796903,-0.001999262006412926,0.0015307448271270523
signed_lkj_eta_1,2025-06-30,HYG,0.0003421210937805751,-0.002505544256353631,0.001057626852321468,0.0133578676262002,-0.0028476653501342064,0.000715505758540893
signed_lkj_eta_1,2025-06-30,EWX,0.002395697528289611,0.003689786989881094,0.0038070578338726055,0.02473911528238833,0.0012940894615914834,0.0014113603055829946
signed_lkj_eta_1,2025-06-30,VWOB,-0.0012745926392981953,0.003448378263515961,0.000526524236251486,0.014901098467935876,0.004722970902814157,0.0018011168755496813
signed_lkj_eta_1,2025-06-30,HYEM,-0.0007961967046601631,0.0052854367518158085,0.0016203785001397222,0.01775469810563113,0.006081633456475972,0.002416575204799885
signed_lkj_eta_1,2025-07-31,SPY,0.008319998393545776,0.01702595928567807,0.00873140317832636,0.03014372288414867,0.008705960892132296,0.00041140478478058316
signed_lkj_eta_1,2025-07-31,MGK,0.011079752886673596,0.005506659536577585,0.01289789160653818,0.04764038254426457,-0.005573093350096011,0.001818138719864585
signed_lkj_eta_1,2025-07-31,VTV,0.0057055716814020194,0.03136457393982228,0.00594712689086233,0.03179323753835894,0.025659002258420265,0.00024155520946031028
signed_lkj_eta_1,2025-07-31,IJR,0.0004177889950951688,0.06670214284372133,0.00063466638448558,0.0440060766125362,0.06628435384862616,0.00021687738939041117
signed_lkj_eta_1,2025-07-31,IWM,-0.00022771682583517123,0.06825711678016222,0.0005016018685091879,0.043431290372293235,0.06848483360599739,0.0007293186943443592
signed_lkj_eta_1,2025-07-31,VNQ,0.0012715949481496719,0.031234506481848445,0.000999148985896823,0.04147338991406373,0.029962911533698774,-0.00027244596225284886
signed_lkj_eta_1,2025-07-31,VNQI,-0.002689292803334492,0.03800885965747658,-0.0008166862823411377,0.03461113036417917,0.04069815246081107,0.0018726065209933543
signed_lkj_eta_1,2025-07-31,VEA,0.003332470808845676,0.040715343672140136,0.004956892731005484,0.03076895511163086,0.03738287286329446,0.0016244219221598077
signed_lkj_eta_1,2025-07-31,VWO,-0.0002767387030788715,0.03119670619044923,0.0011834127592610427,0.030677683627120377,0.0314734448935281,0.0014601514623399142
signed_lkj_eta_1,2025-07-31,VSS,0.0013095035607464218,0.04570476560415426,0.00228101081124333,0.028449927418494274,0.04439526204340784,0.0009715072504969081
signed_lkj_eta_1,2025-07-31,BND,-0.0030145212979097447,0.008078120866885197,-0.0020031639695999026,0.012068690782047328,0.011092642164794941,0.001011357328309842
signed_lkj_eta_1,2025-07-31,IEF,-0.0038595509660083803,0.013001796164747947,-0.002650983475992104,0.015520732198281262,0.016861347130756328,0.0012085674900162765
signed_lkj_eta_1,2025-07-31,BNDX,-0.002728189442267689,-0.002067319775812204,-0.001712474567107732,0.010342759056841216,0.0006608696664554847,0.001015714875159957
signed_lkj_eta_1,2025-07-31,LQD,-0.002791063890814851,0.0069765482555901315,-0.0016624021242135144,0.015323698999371431,0.009767612146404982,0.0011286617666013367
signed_lkj_eta_1,2025-07-31,HYG,0.0002873582985856865,0.007592278645943473,0.0009902794420315175,0.012671930849767555,0.007304920347357787,0.000702921143445831
signed_lkj_eta_1,2025-07-31,EWX,0.002420583864089447,0.059400893238615415,0.0028602640679278434,0.024173278258517956,0.056980309374525966,0.00043968020383839627
signed_lkj_eta_1,2025-07-31,VWOB,-0.0011837662757825385,0.013654429789281775,9.194599480039783e-05,0.014291766268035107,0.014838196065064313,0.0012757122705829363
signed_lkj_eta_1,2025-07-31,HYEM,-0.0006792422151125483,0.015516857251125726,0.0007441993258398992,0.017833925775984735,0.016196099466238276,0.0014234415409524474
signed_lkj_eta_1,2025-08-29,SPY,0.008484261806604877,0.03208906394277711,0.008583313650578125,0.02874669744421304,0.02360480213617223,9.905184397324823e-05
signed_lkj_eta_1,2025-08-29,MGK,0.010974600181954803,0.04538102472427963,0.0114714368320173,0.03955675454406197,0.03440642454232483,0.0004968366500624974
signed_lkj_eta_1,2025-08-29,VTV,0.00618970379948542,0.019529753810910266,0.006937845968989969,0.025583483633876813,0.013340050011424846,0.0007481421695045487
signed_lkj_eta_1,2025-08-29,IJR,0.001668437180918304,0.007030856049952794,0.0019688529187898767,0.037533220869946746,0.00536241886903449,0.0003004157378715727
signed_lkj_eta_1,2025-08-29,IWM,0.0010644498459761002,0.028272862598571757,0.00259957727740488,0.04152543999006421,0.027208412752595657,0.0015351274314287797
signed_lkj_eta_1,2025-08-29,VNQ,0.0018369329016156865,-0.002835540326792896,0.0038936170220627408,0.03426407994976928,-0.004672473228408582,0.0020566841204470543
signed_lkj_eta_1,2025-08-29,VNQI,-0.0019214031342625851,0.010131917120224765,0.00136815219301999,0.031251738271109296,0.01205332025448735,0.003289555327282575
signed_lkj_eta_1,2025-08-29,VEA,0.0040378080326814204,0.022001068135094393,0.0057950378560835715,0.027699701442021135,0.017963260102412972,0.001757229823402151
signed_lkj_eta_1,2025-08-29,VWO,0.00031709987981788515,0.053275426570534856,0.004105868372170075,0.02790413274656466,0.05295832669071697,0.0037887684923521895
signed_lkj_eta_1,2025-08-29,VSS,0.002147150014395626,0.018182193335737562,0.0035437712300256216,0.026164831523129876,0.016035043321341935,0.0013966212156299954
signed_lkj_eta_1,2025-08-29,BND,-0.0028052261627249343,0.007605185555678684,-0.0012113305507403397,0.012176238015724343,0.01041041171840362,0.0015938956119845946
signed_lkj_eta_1,2025-08-29,IEF,-0.00354141234089977,0.0030789765395491386,-0.0014803876295229404,0.01420887302285586,0.006620388880448909,0.0020610247113768297
signed_lkj_eta_1,2025-08-29,BNDX,-0.0027157202032779626,0.0018362952066057758,-0.0013885537271305251,0.009816684951726572,0.0045520154098837385,0.0013271664761474375
signed_lkj_eta_1,2025-08-29,LQD,-0.002606769322014757,0.015298491121950697,-0.000904167191149373,0.014159419589587708,0.017905260443965454,0.001702602130865384
signed_lkj_eta_1,2025-08-29,HYG,0.00042518698438489,0.005419530370210479,0.001607131700173913,0.011771799104638322,0.004994343385825589,0.001181944715789023
signed_lkj_eta_1,2025-08-29,EWX,0.0034956840409672957,0.00934001338555035,0.005097101345255696,0.02492962502578416,0.005844329344583054,0.0016014173042884004
signed_lkj_eta_1,2025-08-29,VWOB,-0.000903800312290759,0.011313877152875351,0.0017067667321344995,0.012895523417644465,0.01221767746516611,0.0026105670444252584
signed_lkj_eta_1,2025-08-29,HYEM,-0.000373655432730694,-0.003310550556556602,0.0024835260519268897,0.01747777119866222,-0.002936895123825908,0.0028571814846575835
signed_lkj_eta_1,2025-09-30,SPY,0.008921387772089548,0.02028375894432366,0.011750362676956254,0.026704521235819192,0.011362371172234112,0.0028289749048667056
signed_lkj_eta_1,2025-09-30,MGK,0.011611756191997856,0.04184616666398688,0.015383889757565758,0.03891509370332254,0.030234410471989027,0.003772133565567902
signed_lkj_eta_1,2025-09-30,VTV,0.0064367417626599545,-0.007371739211896489,0.008077671347083466,0.02585324134535762,-0.013808480974556444,0.0016409295844235115
signed_lkj_eta_1,2025-09-30,IJR,0.0017677412340485724,-0.012108590721114587,0.0051976921510767035,0.03798790904395278,-0.013876331955163159,0.003429950917028131
signed_lkj_eta_1,2025-09-30,IWM,0.0015683093413945384,0.014115453040836279,0.006994253192231447,0.038649173887716375,0.01254714369944174,0.005425943850836909
signed_lkj_eta_1,2025-09-30,VNQ,0.00175040561960812,-0.027888055765740494,0.004165180667234054,0.03261243940840558,-0.029638461385348612,0.0024147750476259337
signed_lkj_eta_1,2025-09-30,VNQI,-0.0016981934999202267,-0.015995303603671296,0.0028247335426045675,0.025701512092115825,-0.014297110103751069,0.004522927042524794
signed_lkj_eta_1,2025-09-30,VEA,0.00437046099754092,0.014158067636574012,0.007854978452694537,0.025869845029805973,0.009787606639033091,0.0034845174551536165
signed_lkj_eta_1,2025-09-30,VWO,0.0012978096333496809,0.01105958429806142,0.00784537955166713,0.02434964378925145,0.00976177466471174,0.0065475699183174495
signed_lkj_eta_1,2025-09-30,VSS,0.0024440952610871435,-0.004799080760367169,0.005882214765447048,0.024822509923053133,-0.007243176021454313,0.0034381195043599044
signed_lkj_eta_1,2025-09-30,BND,-0.002612440760532275,0.002537797325417923,-0.0005655263029505659,0.010191237517821174,0.005150238085950198,0.002046914457581709
signed_lkj_eta_1,2025-09-30,IEF,-0.003418812546817383,0.0036171952388968087,-0.00131641350708982,0.012302570831681492,0.007036007785714192,0.002102399039727563
signed_lkj_eta_1,2025-09-30,BNDX,-0.002631423621613449,0.006523664675198493,-0.0010574335285862707,0.008658994162448747,0.009155088296811942,0.0015739900930271783
signed_lkj_eta_1,2025-09-30,LQD,-0.0022751904249042857,-0.0019813075408361414,0.0005802068802241863,0.014313756253167416,0.0002938828840681443,0.002855397305128472
signed_lkj_eta_1,2025-09-30,HYG,0.0005176748248631416,-0.003581832310472044,0.002204195487739794,0.010843599473236295,-0.004099507135335185,0.0016865206628766522
signed_lkj_eta_1,2025-09-30,EWX,0.003603912362163278,-0.003915097877319473,0.006258671656612752,0.019889249248199303,-0.007519010239482751,0.0026547592944494744
signed_lkj_eta_1,2025-09-30,VWOB,-0.000677547025898794,0.017691150240358278,0.0028147070068431303,0.012211688937113283,0.018368697266257072,0.0034922540327419244
signed_lkj_eta_1,2025-09-30,HYEM,-0.0004280423794682108,0.00027660203614199297,0.002635838532476218,0.01453041279223301,0.0007046444156102037,0.0030638809119444286
signed_lkj_eta_1,2025-10-31,SPY,0.00912797633885744,-0.001039617729681419,0.012931344312575057,0.024393504587978673,-0.010167594068538859,0.003803367973717617
signed_lkj_eta_1,2025-10-31,MGK,0.01216147274603402,-0.018174122322586972,0.017143773838438292,0.03760496614457158,-0.03033559506862099,0.0049823010924042715
signed_lkj_eta_1,2025-10-31,VTV,0.006185678472213474,0.02234958180665636,0.007634313164195925,0.026143303199638413,0.016163903334442887,0.0014486346919824512
signed_lkj_eta_1,2025-10-31,IJR,0.0015154442894092421,0.022999546830901885,0.004673124479327826,0.03779244865073892,0.021484102541492644,0.0031576801899185843
signed_lkj_eta_1,2025-10-31,IWM,0.0017964392268389336,0.007219933427264902,0.007073770657180717,0.03855515408305302,0.005423494200425968,0.005277331430341784
signed_lkj_eta_1,2025-10-31,VNQ,0.0012115245035108726,0.02116455054555555,0.0023110968596880732,0.0338335111738751,0.019953026042044675,0.0010995723561772006
signed_lkj_eta_1,2025-10-31,VNQI,-0.0019581409563520645,0.011398276316832767,0.0023444144256731417,0.028705147395456414,0.013356417273184831,0.004302555382025206
signed_lkj_eta_1,2025-10-31,VEA,0.004548417481886976,0.006662577508105283,0.00903687026937144,0.026622254402521892,0.0021141600262183065,0.004488452787484464
signed_lkj_eta_1,2025-10-31,VWO,0.0014752964454353488,-0.015135981764385575,0.008658049448890365,0.026742455135103198,-0.016611278209820925,0.007182753003455016
signed_lkj_eta_1,2025-10-31,VSS,0.0023124011516061564,0.006820955763576553,0.006867155995179541,0.02554757171291087,0.004508554611970396,0.004554754843573384
signed_lkj_eta_1,2025-10-31,BND,-0.002518800068060453,0.00297114143881938,-0.0004741645544560644,0.010392384759465202,0.005489941506879833,0.0020446355136043886
signed_lkj_eta_1,2025-10-31,IEF,-0.0032908851325316704,0.00686801303321638,-0.0011382768597278147,0.013655942396336357,0.01015889816574805,0.0021526082728038558
signed_lkj_eta_1,2025-10-31,BNDX,-0.002464967470762323,-0.004807659780811324,-0.001151639076161653,0.008227211637034507,-0.002342692310049001,0.00131332839460067
signed_lkj_eta_1,2025-10-31,LQD,-0.00226984709973941,0.006300096794094712,1.5358202781889842e-05,0.0141116886014204,0.008569943893834121,0.0022852053025213
signed_lkj_eta_1,2025-10-31,HYG,0.000443138331493411,0.004457641722011463,0.002047264183895918,0.011218081537287128,0.004014503390518052,0.0016041258524025072
signed_lkj_eta_1,2025-10-31,EWX,0.0034672030850817735,-0.016176668191666965,0.006767202080890504,0.023765320436831435,-0.01964387127674874,0.0032999989958087308
signed_lkj_eta_1,2025-10-31,VWOB,-0.0003435707119668472,0.0006545758910070365,0.0034201830424666194,0.013343302846875894,0.0009981466029738836,0.0037637537544334665
signed_lkj_eta_1,2025-10-31,HYEM,-0.0004152306628207526,-0.0021992661278306125,0.00322242031741452,0.016417096167420517,-0.0017840354650098598,0.003637650980235273
signed_lkj_eta_1,2025-11-28,SPY,0.008946412159062103,-0.0024606389596457667,0.012266428548798987,0.026821262725758747,-0.01140705111870787,0.0033200163897368837
signed_lkj_eta_1,2025-11-28,MGK,0.011619765691237216,-0.006014656315694422,0.014785619385506755,0.03890990151743718,-0.01763442200693164,0.003165853694269539
signed_lkj_eta_1,2025-11-28,VTV,0.006474319603185668,0.004591005630098177,0.008737301598086136,0.02628185781171366,-0.001883313973087491,0.0022629819949004674
signed_lkj_eta_1,2025-11-28,IJR,0.0018990889776501821,-0.0043423583691276635,0.00665296381877427,0.03751529854656105,-0.006241447346777846,0.004753874841124088
signed_lkj_eta_1,2025-11-28,IWM,0.0018932873375608259,-0.010325989693845572,0.007191743561024815,0.03898864281531137,-0.012219277031406397,0.005298456223463989
signed_lkj_eta_1,2025-11-28,VNQ,0.0015678285399759562,-0.02554537559841752,0.004859971400107661,0.03197174199506285,-0.027113204138393476,0.0032921428601317046
signed_lkj_eta_1,2025-11-28,VNQI,-0.0017196335050451924,0.0008944661826628675,0.0021266952409572017,0.028499071883307296,0.0026140996877080597,0.003846328746002394
signed_lkj_eta_1,2025-11-28,VEA,0.004586170339498018,0.02842462799248069,0.008624498475008107,0.0255398548431534,0.023838457652982672,0.004038328135510089
signed_lkj_eta_1,2025-11-28,VWO,0.0011786664774028324,0.006231798598067773,0.006611078847736216,0.026696735015145325,0.00505313212066494,0.005432412370333383
signed_lkj_eta_1,2025-11-28,VSS,0.002392911055391342,0.01745648547983225,0.005581334046002227,0.024285264347920985,0.01506357442444091,0.0031884229906108848
signed_lkj_eta_1,2025-11-28,BND,-0.002420765398294742,-0.00624728267814989,-0.000323841461207652,0.01030852248107211,-0.0038265172798551484,0.00209692393708709
signed_lkj_eta_1,2025-11-28,IEF,-0.003109476236714741,-0.010842523271658244,-0.00019353065027322407,0.012304052060432794,-0.007733047034943503,0.002915945586441517
signed_lkj_eta_1,2025-11-28,BNDX,-0.002506801262013198,-0.00843043234441343,-0.000714876870272675,0.007933059177076474,-0.005923631082400232,0.001791924391740523
signed_lkj_eta_1,2025-11-28,LQD,-0.0021168123873495153,-0.010606184040828248,0.0007861450550450608,0.015566601581011499,-0.008489371653478732,0.002902957442394576
signed_lkj_eta_1,2025-11-28,HYG,0.0005148258920383762,0.0016540803164204476,0.0027014242034652824,0.010508709297283786,0.0011392544243820713,0.002186598311426906
signed_lkj_eta_1,2025-11-28,EWX,0.003116419669425546,0.005526301936131128,0.007522381353502053,0.02254323965802505,0.0024098822667055824,0.004405961684076507
signed_lkj_eta_1,2025-11-28,VWOB,-0.00032574666548517074,-0.0012631324755422169,0.003998947255660622,0.013893700453195755,-0.0009373858100570462,0.004324693921145793
signed_lkj_eta_1,2025-11-28,HYEM,-0.000447088438981643,0.006456216930834868,0.0035736290819415183,0.014240716889110907,0.006903305369816511,0.004020717520923161
signed_lkj_eta_1,2025-12-31,SPY,0.008746288455225123,0.011594066475381304,0.011839851620379158,0.02372086449131788,0.002847778020156181,0.003093563165154035
signed_lkj_eta_1,2025-12-31,MGK,0.011310389866554206,-0.01981088189923419,0.014622914841620182,0.03340526102642749,-0.031121271765788397,0.0033125249750659766
signed_lkj_eta_1,2025-12-31,VTV,0.00644127900716659,0.04262615110326995,0.009441555937677964,0.020900329377326502,0.03618487209610336,0.003000276930511374
signed_lkj_eta_1,2025-12-31,IJR,0.0017895899013909218,0.05372327844739844,0.007190614916432749,0.03272693452230027,0.051933688546007516,0.005401025015041827
signed_lkj_eta_1,2025-12-31,IWM,0.0016789140563080822,0.05153392029332182,0.010484093154434859,0.03448865474797455,0.04985500623701374,0.008805179098126777
signed_lkj_eta_1,2025-12-31,VNQ,0.0010921582919339653,0.0229258613639709,0.0003527793201669313,0.029330329835533787,0.021833703072036935,-0.000739378971767034
signed_lkj_eta_1,2025-12-31,VNQI,-0.0016737721070152263,0.04257155181000494,0.002670309273726591,0.022910482322820103,0.044245323917020164,0.004344081380741817
signed_lkj_eta_1,2025-12-31,VEA,0.005004388894813503,0.05642561347994279,0.012144073549678797,0.021745267870995004,0.051421224585129294,0.007139684654865294
signed_lkj_eta_1,2025-12-31,VWO,0.0012673179181162523,0.04715510460279937,0.008269617648752682,0.022845378728764673,0.045887786684683116,0.00700229973063643
signed_lkj_eta_1,2025-12-31,VSS,0.002657184290907849,0.06068200468583562,0.008293096048468458,0.022521973987575477,0.058024820394927776,0.005635911757560609
signed_lkj_eta_1,2025-12-31,BND,-0.0024878972803974637,-0.0009446630105405251,-0.0004716416356397952,0.009259129307912119,0.0015432342698569385,0.0020162556447576685
signed_lkj_eta_1,2025-12-31,IEF,-0.003245143728555855,-0.005378931439972923,-0.0010866279130426178,0.012154766678106886,-0.0021337877114170675,0.0021585158155132374
signed_lkj_eta_1,2025-12-31,BNDX,-0.0026107246143360087,0.002059820670583523,-0.002031863837824533,0.00751706060301411,0.004670545284919532,0.0005788607765114758
signed_lkj_eta_1,2025-12-31,LQD,-0.0022657487321473876,0.0003398451129934532,-0.00022743122755753287,0.012051392868775018,0.002605593845140841,0.0020383175045898547
signed_lkj_eta_1,2025-12-31,HYG,0.0005348128117643775,0.0029604455586125233,0.002345748787110635,0.009164978642812066,0.002425632746848146,0.0018109359753462574
signed_lkj_eta_1,2025-12-31,EWX,0.0031586983056835385,0.02711570928152862,0.004568792177179889,0.019468721619410576,0.023957010975845083,0.0014100938714963506
signed_lkj_eta_1,2025-12-31,VWOB,-0.0003421920305738908,0.0003023714262653243,0.004048041339628552,0.011541075497689195,0.0006445634568392151,0.004390233370202443
signed_lkj_eta_1,2025-12-31,HYEM,-0.00032597781845854624,0.01193825183971775,0.004085134503805369,0.013258427220607317,0.012264229658176296,0.004411112322263915
signed_lkj_eta_1,2026-01-30,SPY,0.0087953880762623,-0.011463064459755201,0.011506064421429273,0.024786902909872795,-0.0202584525360175,0.0027106763451669735
signed_lkj_eta_1,2026-01-30,MGK,0.010773816215419922,-0.049282081977910286,0.012551123740669412,0.03309419417755959,-0.06005589819333021,0.0017773075252494903
signed_lkj_eta_1,2026-01-30,VTV,0.00706515611227182,0.03464425383897951,0.009832045490256734,0.02295039244026739,0.02757909772670769,0.002766889377984914
signed_lkj_eta_1,2026-01-30,IJR,0.002684998324597948,0.018113075612949725,0.006329425297241219,0.0342506601929522,0.015428077288351777,0.003644426972643271
signed_lkj_eta_1,2026-01-30,IWM,0.0025384831293600433,0.003913446654500996,0.00790186877913307,0.035420744941124085,0.0013749635251409527,0.005363385649773027
signed_lkj_eta_1,2026-01-30,VNQ,0.0014686014483483952,0.05085567147315495,0.0018290167375807926,0.030441351316736004,0.04938707002480656,0.00036041528923239736
signed_lkj_eta_1,2026-01-30,VNQI,-0.0009109216946528097,0.05477043858428532,0.004344891298099319,0.026631930823311778,0.05568136027893813,0.005255812992752128
signed_lkj_eta_1,2026-01-30,VEA,0.005890961732488146,0.05800790565870817,0.014833761615018239,0.023492738940049118,0.05211694392622002,0.008942799882530092
signed_lkj_eta_1,2026-01-30,VWO,0.0020584866540590647,0.025936988754007295,0.011238320392161334,0.023804213400984462,0.02387850209994823,0.009179833738102269
signed_lkj_eta_1,2026-01-30,VSS,0.003657612228751431,0.046521625760379104,0.011601588807210055,0.023678248698279277,0.04286401353162767,0.007943976578458623
signed_lkj_eta_1,2026-01-30,BND,-0.002461289792986137,0.013125538032234596,-0.00033417375291653,0.009066622607753972,0.015586827825220733,0.002127116040069607
signed_lkj_eta_1,2026-01-30,IEF,-0.0032819331718561494,0.02178389001983616,-0.0015979894711301156,0.011919618131431078,0.02506582319169231,0.0016839437007260339
signed_lkj_eta_1,2026-01-30,BNDX,-0.0025301979714925688,0.01242298193585456,-0.0015385224999209413,0.007371224076230448,0.014953179907347128,0.0009916754715716275
signed_lkj_eta_1,2026-01-30,LQD,-0.0022208247003346147,0.010894680719308658,0.00046957729633595024,0.011554120765249242,0.013115505419643273,0.002690401996670565
signed_lkj_eta_1,2026-01-30,HYG,0.0005766340660203799,-0.0028581418854923824,0.002199205733245583,0.009768082223164309,-0.0034347759515127624,0.0016225716672252028
signed_lkj_eta_1,2026-01-30,EWX,0.003571750219060178,0.03253007863200175,0.006029125444429065,0.01960113918771449,0.02895832841294157,0.0024573752253688875
signed_lkj_eta_1,2026-01-30,VWOB,-0.0003310788675249388,0.012410830018970698,0.003908826926382602,0.011846259182377628,0.012741908886495637,0.004239905793907541
signed_lkj_eta_1,2026-01-30,HYEM,-0.00011452558297274804,0.006343486373523,0.004889092136969876,0.013495027364698363,0.006458011956495748,0.005003617719942624
signed_lkj_eta_1,2026-02-27,SPY,0.008452024473956918,-0.05236481425659356,0.0089877225490762,0.023772880219587365,-0.06081683873055048,0.0005356980751192817
signed_lkj_eta_1,2026-02-27,MGK,0.009755919635871952,-0.05256666804441845,0.009668829854906654,0.035920702773627314,-0.062322587680290406,-8.70897809652979e-05
signed_lkj_eta_1,2026-02-27,VTV,0.0075325984466227975,-0.05111916666844174,0.010034393606661406,0.021383395943493998,-0.058651765115064536,0.0025017951600386085
signed_lkj_eta_1,2026-02-27,IJR,0.0029464911599937408,-0.0430573291552121,0.005068341940228609,0.03415496856340356,-0.04600382031520584,0.0021218507802348682
signed_lkj_eta_1,2026-02-27,IWM,0.002561787595887856,-0.052595723393065286,0.006757824115485689,0.03448468939035234,-0.05515751098895314,0.004196036519597833
signed_lkj_eta_1,2026-02-27,VNQ,0.002305670431819693,-0.066081450572396,0.005364827709887162,0.031152221468953637,-0.06838712100421569,0.003059157278067469
signed_lkj_eta_1,2026-02-27,VNQI,3.283017448173479e-05,-0.1261996923521307,0.007862305104694966,0.024761372007385502,-0.12623252252661243,0.007829474930213232
signed_lkj_eta_1,2026-02-27,VEA,0.006774299765135943,-0.0890166153043781,0.01597138712467742,0.023581611975422367,-0.09579091506951404,0.00919708735954148
signed_lkj_eta_1,2026-02-27,VWO,0.0024632070286344583,-0.07262882161942752,0.012072121781585983,0.023951657875768216,-0.07509202864806198,0.009608914752951525
signed_lkj_eta_1,2026-02-27,VSS,0.004384120932677324,-0.09195775776152426,0.013532772077473616,0.02396385673109781,-0.09634187869420159,0.009148651144796292
signed_lkj_eta_1,2026-02-27,BND,-0.0021971062705247687,-0.020459273388676813,0.0003820179640374728,0.010087002749589343,-0.018262167118152043,0.0025791242345622415
signed_lkj_eta_1,2026-02-27,IEF,-0.0028570887109800086,-0.02626946195927571,-5.5360854986533786e-05,0.01268622853023627,-0.0234123732482957,0.002801727855993475
signed_lkj_eta_1,2026-02-27,BNDX,-0.002276754244249397,-0.02445812349945309,-0.0006330160558598095,0.008355253136594418,-0.02218136925520369,0.0016437381883895874
signed_lkj_eta_1,2026-02-27,LQD,-0.0019985279983067627,-0.02380357071815431,0.0010417862450853767,0.013323918117769286,-0.021805042719847546,0.0030403142433921395
signed_lkj_eta_1,2026-02-27,HYG,0.0005184175244693163,-0.01264655652256541,0.0023088027368508932,0.00991162640680846,-0.013164974047034726,0.001790385212381577
signed_lkj_eta_1,2026-02-27,EWX,0.004062569344703256,-0.05906694056130268,0.009789217675322853,0.021129711978384497,-0.06312950990600594,0.005726648330619597
signed_lkj_eta_1,2026-02-27,VWOB,-0.0001151143101267077,-0.03742886388704314,0.003860760441482919,0.012001328366540344,-0.03731374957691643,0.003975874751609627
signed_lkj_eta_1,2026-02-27,HYEM,-5.067753201633674e-06,-0.024402651519384255,0.004070456848337778,0.012782423067884751,-0.02439758376618262,0.004075524601539412
signed_lkj_eta_1,2026-03-31,SPY,0.00743841049511441,0.10158469057343722,0.008528398213429891,0.026737114374760913,0.0941462800783228,0.0010899877183154815
signed_lkj_eta_1,2026-03-31,MGK,0.008717209841200446,0.13945658747726553,0.009933154686779348,0.03371140006870807,0.13073937763606508,0.001215944845578902
signed_lkj_eta_1,2026-03-31,VTV,0.006555069028038389,0.0506170669983208,0.006022215740848304,0.0245474360613674,0.044061997970282415,-0.0005328532871900849
signed_lkj_eta_1,2026-03-31,IJR,0.002179760821406977,0.09942684130728341,0.000677583350237394,0.034402833930795726,0.09724708048587644,-0.0015021774711695829
signed_lkj_eta_1,2026-03-31,IWM,0.0016424957460719702,0.11732924859591698,0.0021566858828038276,0.035044810989099916,0.115686752849845,0.0005141901367318575
signed_lkj_eta_1,2026-03-31,VNQ,0.0011658850817494312,0.08261211567781301,0.0004041935602777741,0.03075252622371157,0.08144623059606358,-0.0007616915214716571
signed_lkj_eta_1,2026-03-31,VNQI,-0.0020710452009618054,0.05920759938488018,0.0023373492697123977,0.0259808418437937,0.061278644585841986,0.004408394470674203
signed_lkj_eta_1,2026-03-31,VEA,0.005177784513977376,0.07028850576993428,0.011022605491695777,0.025832496741151265,0.0651107212559569,0.005844820977718402
signed_lkj_eta_1,2026-03-31,VWO,0.0012116732178334255,0.08686516780484332,0.008286862058996876,0.025691825948426218,0.0856534945870099,0.00707518884116345
signed_lkj_eta_1,2026-03-31,VSS,0.002778422954440631,0.08096490152679459,0.008866882398649528,0.024332700641239862,0.07818647857235396,0.006088459444208896
signed_lkj_eta_1,2026-03-31,BND,-0.0025014757224939696,-0.001644084190784434,-4.6544795837507365e-05,0.009905421461695455,0.0008573915317095357,0.002454930926656462
signed_lkj_eta_1,2026-03-31,IEF,-0.003247294931784937,-0.004636900424381141,-0.0009307790452592547,0.012339425931187356,-0.0013896054925962038,0.002316515886525682
signed_lkj_eta_1,2026-03-31,BNDX,-0.002646443731836125,-0.0008092670395931645,-0.000947213939869545,0.007186133238006294,0.0018371766922429607,0.0016992297919665802
signed_lkj_eta_1,2026-03-31,LQD,-0.0023619453769708884,-0.0003280238707080718,-0.00035696509192544154,0.01478039756198874,0.0020339215062628166,0.002004980285045447
signed_lkj_eta_1,2026-03-31,HYG,0.00029900129035207075,0.012020620280474459,0.0013756223559911606,0.009742540982854167,0.011721618990122388,0.00107662106563909
signed_lkj_eta_1,2026-03-31,EWX,0.003010410846269823,0.10571433591391832,0.006010935504495829,0.01784963821765202,0.1027039250676485,0.003000524658226006
signed_lkj_eta_1,2026-03-31,VWOB,-0.0007370101364086482,0.020791542317250666,0.0019229571684278382,0.012068274039761807,0.021528552453659314,0.0026599673048364864
signed_lkj_eta_1,2026-03-31,HYEM,-0.0004116941493046774,0.022278894658412263,0.0024030574338941794,0.01388171169264782,0.02269058880771694,0.0028147515831988567
signed_lkj_eta_1,2026-04-30,SPY,0.008981792135742652,0.049483664963993146,0.009710652540008953,0.030528363398023818,0.04050187282825049,0.0007288604042663006
signed_lkj_eta_1,2026-04-30,MGK,0.010860478327037579,0.08330425574857636,0.012866715162143586,0.04683620226543759,0.07244377742153878,0.0020062368351060067
signed_lkj_eta_1,2026-04-30,VTV,0.0072773968636167885,0.021460679046998887,0.0058632571023777376,0.027212039711906073,0.0141832821833821,-0.001414139761239051
signed_lkj_eta_1,2026-04-30,IJR,0.0037739752556016724,0.008359592272450422,-0.0017620115678236231,0.044214631908959925,0.00458561701684875,-0.0055359868234252955
signed_lkj_eta_1,2026-04-30,IWM,0.0035389998911513967,0.04170616807391436,-0.0009316878120302361,0.04554464948788344,0.038167168182762966,-0.004470687703181633
signed_lkj_eta_1,2026-04-30,VNQ,0.002501069189881621,-0.009505527770350963,0.0032457815848574464,0.04004983305637349,-0.012006596960232584,0.0007447123949758253
signed_lkj_eta_1,2026-04-30,VNQI,-0.0010664772569316092,-0.02873894096208207,2.811522309051893e-05,0.037870589097221526,-0.027672463705150464,0.001094592480022128
signed_lkj_eta_1,2026-04-30,VEA,0.006245173387025849,0.04005467192775236,0.007178560118224429,0.032377875206944455,0.03380949854072651,0.0009333867311985796
signed_lkj_eta_1,2026-04-30,VWO,0.002615828866800801,0.013087733301134774,0.005749045822964806,0.03376368003359051,0.010471904434333972,0.003133216956164005
signed_lkj_eta_1,2026-04-30,VSS,0.00406016850480709,0.0153673341636833,0.0056336784512144595,0.02834366111440514,0.01130716565887621,0.0015735099464073699
signed_lkj_eta_1,2026-04-30,BND,-0.0024874201236134855,-0.00023588979226363271,-0.0017112963928846447,0.011753095552109615,0.002251530331349853,0.0007761237307288408
signed_lkj_eta_1,2026-04-30,IEF,-0.00327007534969635,-0.0031745273257528517,-0.0028976815534213227,0.016126559197482893,9.554802394349821e-05,0.0003723937962750272
signed_lkj_eta_1,2026-04-30,BNDX,-0.002616326081143618,0.005188840393763217,-0.0025549216386712985,0.010749162975459147,0.007805166474906835,6.140444247231935e-05
signed_lkj_eta_1,2026-04-30,LQD,-0.002328602401458383,0.005612799118414058,-0.0018757483927205317,0.016232990954671456,0.007941401519872441,0.0004528540087378513
signed_lkj_eta_1,2026-04-30,HYG,0.0004911589787147328,0.0013666068307942592,0.00010720830033179906,0.013610430376035026,0.0008754478520795263,-0.0003839506783829338
signed_lkj_eta_1,2026-04-30,EWX,0.004694081749018159,0.01835836502980981,0.006929835652956768,0.02913890341837841,0.01366428328079165,0.002235753903938609
signed_lkj_eta_1,2026-04-30,VWOB,-0.0003840830470043972,0.006564291011867507,0.000533532748962285,0.015584946093828858,0.006948374058871904,0.0009176157959666822
signed_lkj_eta_1,2026-04-30,HYEM,-3.971728360439966e-05,0.00658729224447252,0.0017278813872452314,0.017787570437010392,0.0066270095280769195,0.001767598670849631
signed_lkj_eta_2,2025-05-30,SPY,0.007317202496114117,0.04769511906164903,0.008333459744604607,0.03710579108852644,0.04037791656553491,0.00101625724849049
signed_lkj_eta_2,2025-05-30,MGK,0.009610770673104944,0.06034673392230827,0.012313069108875141,0.048036305825275294,0.05073596324920333,0.0027022984357701965
signed_lkj_eta_2,2025-05-30,VTV,0.005312478651329571,0.0332330912657377,0.004495493064598445,0.03117281571116414,0.027920612614408133,-0.0008169855867311256
signed_lkj_eta_2,2025-05-30,IJR,-0.00041575730887501996,0.03734736300075814,-0.0018807185335702479,0.04368667710611275,0.03776312030963316,-0.001464961224695228
signed_lkj_eta_2,2025-05-30,IWM,-0.0015216367751140637,0.05147995646827952,-0.0016867562847871684,0.047263951976075365,0.05300159324339358,-0.00016511950967310475
signed_lkj_eta_2,2025-05-30,VNQ,0.0013147227365438608,0.0033500785292834845,0.0007860423579138011,0.04257891004517407,0.002035355792739624,-0.0005286803786300597
signed_lkj_eta_2,2025-05-30,VNQI,-0.003141402592921254,0.04115888912622401,0.001389797323692351,0.03608372392069581,0.04430029171914526,0.004531199916613605
signed_lkj_eta_2,2025-05-30,VEA,0.003213867729195683,0.030256851306093457,0.006090179976582155,0.03254338353011788,0.027042983576897776,0.0028763122473864718
signed_lkj_eta_2,2025-05-30,VWO,-0.0013812432635037686,0.05168209224062714,0.0031433914688046454,0.031817813740182575,0.053063335504130914,0.004524634732308414
signed_lkj_eta_2,2025-05-30,VSS,0.00044890942076046157,0.054769444558085745,0.0037885826990966785,0.03169448839499806,0.054320535137325286,0.003339673278336217
signed_lkj_eta_2,2025-05-30,BND,-0.003237055002469442,0.011602274676301816,-0.0022140969995643814,0.013871233036050604,0.014839329678771258,0.0010229580029050608
signed_lkj_eta_2,2025-05-30,IEF,-0.0040674968930327,0.012452491537882304,-0.0032275388799916497,0.017892550154196926,0.016519988430915004,0.0008399580130410505
signed_lkj_eta_2,2025-05-30,BNDX,-0.0027348125869511297,-0.0001381150801093023,-0.0011080373680115447,0.011929006517535106,0.0025966975068418274,0.001626775218939585
signed_lkj_eta_2,2025-05-30,LQD,-0.003152480733546488,0.01724059290590274,-0.001615048592370822,0.020315963619964333,0.020393073639449227,0.0015374321411756658
signed_lkj_eta_2,2025-05-30,HYG,5.2760762575032596e-05,0.014810137654057698,0.0008234138539006913,0.014481789373877656,0.014757376891482665,0.0007706530913256587
signed_lkj_eta_2,2025-05-30,EWX,0.0014349156952656505,0.05043478917948763,0.003632588918732328,0.027394661926632903,0.048999873484221974,0.0021976732234666773
signed_lkj_eta_2,2025-05-30,VWOB,-0.001725584997727383,0.021275025282161186,0.00021470990601781003,0.015519967830638479,0.02300061027988857,0.001940294903745193
signed_lkj_eta_2,2025-05-30,HYEM,-0.0011012187111369331,0.014454903619178339,0.0014882295565905696,0.01828169023635789,0.015556122330315272,0.0025894482677275028
signed_lkj_eta_2,2025-06-30,SPY,0.008108926350340292,0.01908467259702551,0.008766207594683913,0.032688481529567284,0.010975746246685217,0.0006572812443436209
signed_lkj_eta_2,2025-06-30,MGK,0.010605593481912853,0.03526188252947149,0.011952209251780876,0.04454656776927897,0.024656289047558635,0.0013466157698680224
signed_lkj_eta_2,2025-06-30,VTV,0.005859941643768946,-0.002167296399311236,0.006144287561456075,0.030485458753871007,-0.00802723804308018,0.0002843459176871295
signed_lkj_eta_2,2025-06-30,IJR,0.0003246960305295518,0.005165530187941636,4.186098855880118e-05,0.04578748693206933,0.004840834157412084,-0.0002828350419707506
signed_lkj_eta_2,2025-06-30,IWM,-0.0004823898487730129,0.012760607343994756,0.0003471485623324731,0.04368148011893537,0.01324299719276777,0.000829538411105486
signed_lkj_eta_2,2025-06-30,VNQ,0.0013546316736564024,-0.0029632780526935854,0.001073407401601833,0.0391817405188126,-0.004317909726349988,-0.00028122427205456947
signed_lkj_eta_2,2025-06-30,VNQI,-0.0022727694219576216,-0.023931985253554888,-0.000170283233295313,0.03325675637943394,-0.021659215831597266,0.0021024861886623086
signed_lkj_eta_2,2025-06-30,VEA,0.003744122309134855,-0.01766175570590245,0.005890396265959623,0.02893405162800432,-0.021405878015037304,0.002146273956824768
signed_lkj_eta_2,2025-06-30,VWO,-0.0003407857045992409,0.002989658374459969,0.0028665729629750434,0.031190777937205903,0.0033304440790592102,0.0032073586675742845
signed_lkj_eta_2,2025-06-30,VSS,0.001514017952864879,-0.009120730437294888,0.0032248278960506083,0.029332865056850812,-0.010634748390159767,0.0017108099431857294
signed_lkj_eta_2,2025-06-30,BND,-0.002946087753866084,-0.006504632044136427,-0.0017962869268143946,0.014401765746603084,-0.0035585442902703428,0.0011498008270516896
signed_lkj_eta_2,2025-06-30,IEF,-0.0037435755512500533,-0.00977429711868305,-0.0028972550754033438,0.016473569443293833,-0.0060307215674329975,0.0008463204758467095
signed_lkj_eta_2,2025-06-30,BNDX,-0.0026838969495620742,-0.00498710657025403,-0.0019479083943285088,0.010852174771469185,-0.0023032096206919554,0.0007359885552335654
signed_lkj_eta_2,2025-06-30,LQD,-0.0027526165445376795,-0.004751878550950606,-0.0014130828282249643,0.017171325797886695,-0.001999262006412926,0.0013395337163127153
signed_lkj_eta_2,2025-06-30,HYG,0.0003421210937805751,-0.002505544256353631,0.0011595832447737406,0.013445304754012746,-0.0028476653501342064,0.0008174621509931656
signed_lkj_eta_2,2025-06-30,EWX,0.002395697528289611,0.003689786989881094,0.0034566940925825004,0.02464752468688381,0.0012940894615914834,0.0010609965642928896
signed_lkj_eta_2,2025-06-30,VWOB,-0.0012745926392981953,0.003448378263515961,0.0005754511974797834,0.01360710820995138,0.004722970902814157,0.0018500438367779787
signed_lkj_eta_2,2025-06-30,HYEM,-0.0007961967046601631,0.0052854367518158085,0.0016628031417430912,0.017160244612098655,0.006081633456475972,0.0024589998464032542
signed_lkj_eta_2,2025-07-31,SPY,0.008319998393545776,0.01702595928567807,0.009895677006720914,0.03401359104588707,0.008705960892132296,0.001575678613175138
signed_lkj_eta_2,2025-07-31,MGK,0.011079752886673596,0.005506659536577585,0.014283329106534536,0.04029038289466115,-0.005573093350096011,0.00320357621986094
signed_lkj_eta_2,2025-07-31,VTV,0.0057055716814020194,0.03136457393982228,0.005507596837077453,0.028901961607500245,0.025659002258420265,-0.00019797484432456606
signed_lkj_eta_2,2025-07-31,IJR,0.0004177889950951688,0.06670214284372133,-9.81994969438257e-05,0.0396404498000135,0.06628435384862616,-0.0005159884920389945
signed_lkj_eta_2,2025-07-31,IWM,-0.00022771682583517123,0.06825711678016222,0.000967495501326836,0.04064252739812955,0.06848483360599739,0.0011952123271620073
signed_lkj_eta_2,2025-07-31,VNQ,0.0012715949481496719,0.031234506481848445,0.0006271315310871888,0.036075416443139274,0.029962911533698774,-0.000644463417062483
signed_lkj_eta_2,2025-07-31,VNQI,-0.002689292803334492,0.03800885965747658,-0.0030395866922656805,0.031898275011183044,0.04069815246081107,-0.0003502938889311884
signed_lkj_eta_2,2025-07-31,VEA,0.003332470808845676,0.040715343672140136,0.004250476727389115,0.028424673181433643,0.03738287286329446,0.0009180059185434387
signed_lkj_eta_2,2025-07-31,VWO,-0.0002767387030788715,0.03119670619044923,0.0018088755484874887,0.028897543778485,0.0314734448935281,0.00208561425156636
signed_lkj_eta_2,2025-07-31,VSS,0.0013095035607464218,0.04570476560415426,0.002100952795141336,0.027343791402916703,0.04439526204340784,0.0007914492343949143
signed_lkj_eta_2,2025-07-31,BND,-0.0030145212979097447,0.008078120866885197,-0.0018876786796910743,0.010571692794443588,0.011092642164794941,0.0011268426182186703
signed_lkj_eta_2,2025-07-31,IEF,-0.0038595509660083803,0.013001796164747947,-0.002784450649960668,0.013526424780242775,0.016861347130756328,0.0010751003160477121
signed_lkj_eta_2,2025-07-31,BNDX,-0.002728189442267689,-0.002067319775812204,-0.001706299540176344,0.010258922911693764,0.0006608696664554847,0.0010218899020913448
signed_lkj_eta_2,2025-07-31,LQD,-0.002791063890814851,0.0069765482555901315,-0.0016636583561858167,0.015689445555585227,0.009767612146404982,0.0011274055346290343
signed_lkj_eta_2,2025-07-31,HYG,0.0002873582985856865,0.007592278645943473,0.0010934650565424294,0.012714094586087025,0.007304920347357787,0.000806106757956743
signed_lkj_eta_2,2025-07-31,EWX,0.002420583864089447,0.059400893238615415,0.002128939427772869,0.022569201704858682,0.056980309374525966,-0.0002916444363165781
signed_lkj_eta_2,2025-07-31,VWOB,-0.0011837662757825385,0.013654429789281775,0.00043316022064091085,0.01468000068877976,0.014838196065064313,0.0016169264964234493
signed_lkj_eta_2,2025-07-31,HYEM,-0.0006792422151125483,0.015516857251125726,0.0017180024622505186,0.01609371189899971,0.016196099466238276,0.002397244677363067
signed_lkj_eta_2,2025-08-29,SPY,0.008484261806604877,0.03208906394277711,0.008761572335431357,0.027618654655930927,0.02360480213617223,0.00027731052882648023
signed_lkj_eta_2,2025-08-29,MGK,0.010974600181954803,0.04538102472427963,0.011264459258632013,0.03942891867672997,0.03440642454232483,0.00028985907667720967
signed_lkj_eta_2,2025-08-29,VTV,0.00618970379948542,0.019529753810910266,0.006727079581314227,0.026467004037720655,0.013340050011424846,0.0005373757818288071
signed_lkj_eta_2,2025-08-29,IJR,0.001668437180918304,0.007030856049952794,0.0021946863820674197,0.03876043921247489,0.00536241886903449,0.0005262492011491157
signed_lkj_eta_2,2025-08-29,IWM,0.0010644498459761002,0.028272862598571757,0.0019185974361243668,0.03977385802415604,0.027208412752595657,0.0008541475901482666
signed_lkj_eta_2,2025-08-29,VNQ,0.0018369329016156865,-0.002835540326792896,0.002864853107771761,0.03475032175816466,-0.004672473228408582,0.0010279202061560743
signed_lkj_eta_2,2025-08-29,VNQI,-0.0019214031342625851,0.010131917120224765,0.0011888640187519143,0.028765437803765195,0.01205332025448735,0.0031102671530144994
signed_lkj_eta_2,2025-08-29,VEA,0.0040378080326814204,0.022001068135094393,0.006144343772728478,0.02385963328687708,0.017963260102412972,0.002106535740047057
signed_lkj_eta_2,2025-08-29,VWO,0.00031709987981788515,0.053275426570534856,0.002480898476944215,0.025448505608474135,0.05295832669071697,0.00216379859712633
signed_lkj_eta_2,2025-08-29,VSS,0.002147150014395626,0.018182193335737562,0.00376475239373706,0.023500653792995495,0.016035043321341935,0.0016176023793414338
signed_lkj_eta_2,2025-08-29,BND,-0.0028052261627249343,0.007605185555678684,-0.001449186008121052,0.01035862939533817,0.01041041171840362,0.0013560401546038822
signed_lkj_eta_2,2025-08-29,IEF,-0.00354141234089977,0.0030789765395491386,-0.0020807727019111245,0.013528337661295058,0.006620388880448909,0.0014606396389886455
signed_lkj_eta_2,2025-08-29,BNDX,-0.0027157202032779626,0.0018362952066057758,-0.0017095827735624466,0.009111358968226572,0.0045520154098837385,0.001006137429715516
signed_lkj_eta_2,2025-08-29,LQD,-0.002606769322014757,0.015298491121950697,-0.0008134897266163983,0.01365491215353635,0.017905260443965454,0.0017932795953983587
signed_lkj_eta_2,2025-08-29,HYG,0.00042518698438489,0.005419530370210479,0.0012218600256294232,0.01099468547745673,0.004994343385825589,0.0007966730412445333
signed_lkj_eta_2,2025-08-29,EWX,0.0034956840409672957,0.00934001338555035,0.003250444894381998,0.02228241038728769,0.005844329344583054,-0.0002452391465852977
signed_lkj_eta_2,2025-08-29,VWOB,-0.000903800312290759,0.011313877152875351,0.0011520206257769902,0.011755142131680484,0.01221767746516611,0.002055820938067749
signed_lkj_eta_2,2025-08-29,HYEM,-0.000373655432730694,-0.003310550556556602,0.0013980894129110783,0.013614474692936954,-0.002936895123825908,0.0017717448456417723
signed_lkj_eta_2,2025-09-30,SPY,0.008921387772089548,0.02028375894432366,0.011329830536124491,0.02701456805803583,0.011362371172234112,0.002408442764034943
signed_lkj_eta_2,2025-09-30,MGK,0.011611756191997856,0.04184616666398688,0.014703929815363507,0.03721108375905456,0.030234410471989027,0.003092173623365651
signed_lkj_eta_2,2025-09-30,VTV,0.0064367417626599545,-0.007371739211896489,0.007341720680231119,0.02636665330579453,-0.013808480974556444,0.0009049789175711647
signed_lkj_eta_2,2025-09-30,IJR,0.0017677412340485724,-0.012108590721114587,0.005461181734897805,0.03605051018304801,-0.013876331955163159,0.0036934405008492324
signed_lkj_eta_2,2025-09-30,IWM,0.0015683093413945384,0.014115453040836279,0.006821323802780678,0.03775896910148013,0.01254714369944174,0.00525301446138614
signed_lkj_eta_2,2025-09-30,VNQ,0.00175040561960812,-0.027888055765740494,0.004125176840394402,0.03155963950872885,-0.029638461385348612,0.002374771220786282
signed_lkj_eta_2,2025-09-30,VNQI,-0.0016981934999202267,-0.015995303603671296,0.0030311909985096704,0.028638012565203583,-0.014297110103751069,0.004729384498429897
signed_lkj_eta_2,2025-09-30,VEA,0.00437046099754092,0.014158067636574012,0.007127188986935084,0.025447517975753862,0.009787606639033091,0.0027567279893941634
signed_lkj_eta_2,2025-09-30,VWO,0.0012978096333496809,0.01105958429806142,0.007230494372989322,0.025809325629805292,0.00976177466471174,0.005932684739639642
signed_lkj_eta_2,2025-09-30,VSS,0.0024440952610871435,-0.004799080760367169,0.006187070494837722,0.023882021618171902,-0.007243176021454313,0.0037429752337505787
signed_lkj_eta_2,2025-09-30,BND,-0.002612440760532275,0.002537797325417923,-0.0008794126649412598,0.010333410356756449,0.005150238085950198,0.001733028095591015
signed_lkj_eta_2,2025-09-30,IEF,-0.003418812546817383,0.0036171952388968087,-0.0015037309660080268,0.013772910184195639,0.007036007785714192,0.001915081580809356
signed_lkj_eta_2,2025-09-30,BNDX,-0.002631423621613449,0.006523664675198493,-0.0009588782308489305,0.008962707654500931,0.009155088296811942,0.0016725453907645185
signed_lkj_eta_2,2025-09-30,LQD,-0.0022751904249042857,-0.0019813075408361414,0.0002888473523869569,0.014212944048391112,0.0002938828840681443,0.0025640377772912426
signed_lkj_eta_2,2025-09-30,HYG,0.0005176748248631416,-0.003581832310472044,0.0022046673764289995,0.011088400237723674,-0.004099507135335185,0.0016869925515658579
signed_lkj_eta_2,2025-09-30,EWX,0.003603912362163278,-0.003915097877319473,0.006382835749209321,0.0208602917653046,-0.007519010239482751,0.002778923387046043
signed_lkj_eta_2,2025-09-30,VWOB,-0.000677547025898794,0.017691150240358278,0.002564082384125753,0.011916913502053345,0.018368697266257072,0.003241629410024547
signed_lkj_eta_2,2025-09-30,HYEM,-0.0004280423794682108,0.00027660203614199297,0.0022492081464261875,0.014049690425813525,0.0007046444156102037,0.0026772505258943983
signed_lkj_eta_2,2025-10-31,SPY,0.00912797633885744,-0.001039617729681419,0.011464949771452546,0.02697062172266279,-0.010167594068538859,0.0023369734325951064
signed_lkj_eta_2,2025-10-31,MGK,0.01216147274603402,-0.018174122322586972,0.01568244572960509,0.03837497068924255,-0.03033559506862099,0.0035209729835710708
signed_lkj_eta_2,2025-10-31,VTV,0.006185678472213474,0.02234958180665636,0.007229547283425197,0.026183576529349273,0.016163903334442887,0.0010438688112117227
signed_lkj_eta_2,2025-10-31,IJR,0.0015154442894092421,0.022999546830901885,0.004637596342069394,0.037060414606493605,0.021484102541492644,0.0031221520526601523
signed_lkj_eta_2,2025-10-31,IWM,0.0017964392268389336,0.007219933427264902,0.006502955526761468,0.03867078038804036,0.005423494200425968,0.004706516299922535
signed_lkj_eta_2,2025-10-31,VNQ,0.0012115245035108726,0.02116455054555555,0.0030075991381053645,0.03307780514650239,0.019953026042044675,0.001796074634594492
signed_lkj_eta_2,2025-10-31,VNQI,-0.0019581409563520645,0.011398276316832767,0.0023730367047322394,0.028366840999028906,0.013356417273184831,0.004331177661084304
signed_lkj_eta_2,2025-10-31,VEA,0.004548417481886976,0.006662577508105283,0.008061349371738706,0.025577024344038746,0.0021141600262183065,0.00351293188985173
signed_lkj_eta_2,2025-10-31,VWO,0.0014752964454353488,-0.015135981764385575,0.00743848747513493,0.026626123448727335,-0.016611278209820925,0.005963191029699581
signed_lkj_eta_2,2025-10-31,VSS,0.0023124011516061564,0.006820955763576553,0.006127606614327437,0.024832115200111495,0.004508554611970396,0.0038152054627212805
signed_lkj_eta_2,2025-10-31,BND,-0.002518800068060453,0.00297114143881938,-0.0005862501188295477,0.010793607136513039,0.005489941506879833,0.0019325499492309052
signed_lkj_eta_2,2025-10-31,IEF,-0.0032908851325316704,0.00686801303321638,-0.0011195179036514115,0.013536747807037066,0.01015889816574805,0.002171367228880259
signed_lkj_eta_2,2025-10-31,BNDX,-0.002464967470762323,-0.004807659780811324,-0.0008708100356184508,0.009003845990841888,-0.002342692310049001,0.0015941574351438722
signed_lkj_eta_2,2025-10-31,LQD,-0.00226984709973941,0.006300096794094712,-7.369953268360034e-05,0.01419208194010888,0.008569943893834121,0.0021961475670558097
signed_lkj_eta_2,2025-10-31,HYG,0.000443138331493411,0.004457641722011463,0.0017870667212519942,0.011175319109965103,0.004014503390518052,0.0013439283897585834
signed_lkj_eta_2,2025-10-31,EWX,0.0034672030850817735,-0.016176668191666965,0.006115485464772086,0.02147587831002669,-0.01964387127674874,0.0026482823796903122
signed_lkj_eta_2,2025-10-31,VWOB,-0.0003435707119668472,0.0006545758910070365,0.0028846329291898603,0.012342955204972488,0.0009981466029738836,0.0032282036411567074
signed_lkj_eta_2,2025-10-31,HYEM,-0.0004152306628207526,-0.0021992661278306125,0.002577201078906107,0.014769811515300369,-0.0017840354650098598,0.0029924317417268594
signed_lkj_eta_2,2025-11-28,SPY,0.008946412159062103,-0.0024606389596457667,0.011406358527450396,0.02550263900617607,-0.01140705111870787,0.002459946368388293
signed_lkj_eta_2,2025-11-28,MGK,0.011619765691237216,-0.006014656315694422,0.014615305658900039,0.0374812074499347,-0.01763442200693164,0.0029955399676628233
signed_lkj_eta_2,2025-11-28,VTV,0.006474319603185668,0.004591005630098177,0.00842790607543142,0.024851811612970478,-0.001883313973087491,0.0019535864722457523
signed_lkj_eta_2,2025-11-28,IJR,0.0018990889776501821,-0.0043423583691276635,0.006323780093834924,0.03714074948194909,-0.006241447346777846,0.004424691116184742
signed_lkj_eta_2,2025-11-28,IWM,0.0018932873375608259,-0.010325989693845572,0.007352018972522251,0.03760973119846917,-0.012219277031406397,0.005458731634961425
signed_lkj_eta_2,2025-11-28,VNQ,0.0015678285399759562,-0.02554537559841752,0.004690968901917662,0.03296498065967376,-0.027113204138393476,0.003123140361941706
signed_lkj_eta_2,2025-11-28,VNQI,-0.0017196335050451924,0.0008944661826628675,0.002869108545871096,0.02818755493890371,0.0026140996877080597,0.004588742050916288
signed_lkj_eta_2,2025-11-28,VEA,0.004586170339498018,0.02842462799248069,0.007969452286582697,0.023766147541274877,0.023838457652982672,0.003383281947084679
signed_lkj_eta_2,2025-11-28,VWO,0.0011786664774028324,0.006231798598067773,0.006547888623901548,0.025678931547650323,0.00505313212066494,0.005369222146498715
signed_lkj_eta_2,2025-11-28,VSS,0.002392911055391342,0.01745648547983225,0.006045440796294715,0.02319757486620983,0.01506357442444091,0.0036525297409033732
signed_lkj_eta_2,2025-11-28,BND,-0.002420765398294742,-0.00624728267814989,-0.00020455338581032347,0.010166908603550075,-0.0038265172798551484,0.0022162120124844184
signed_lkj_eta_2,2025-11-28,IEF,-0.003109476236714741,-0.010842523271658244,-0.0005199685970481722,0.012876945453193232,-0.007733047034943503,0.002589507639666569
signed_lkj_eta_2,2025-11-28,BNDX,-0.002506801262013198,-0.00843043234441343,-0.0007173767821167826,0.008832491604445178,-0.005923631082400232,0.0017894244798964153
signed_lkj_eta_2,2025-11-28,LQD,-0.0021168123873495153,-0.010606184040828248,0.0006695297642305559,0.013585731417152769,-0.008489371653478732,0.0027863421515800712
signed_lkj_eta_2,2025-11-28,HYG,0.0005148258920383762,0.0016540803164204476,0.0021960661400406783,0.01054254224387814,0.0011392544243820713,0.001681240248002302
signed_lkj_eta_2,2025-11-28,EWX,0.003116419669425546,0.005526301936131128,0.0057013106555018995,0.021199304898833544,0.0024098822667055824,0.0025848909860763537
signed_lkj_eta_2,2025-11-28,VWOB,-0.00032574666548517074,-0.0012631324755422169,0.0033141281412182987,0.012122739432408521,-0.0009373858100570462,0.0036398748067034696
signed_lkj_eta_2,2025-11-28,HYEM,-0.000447088438981643,0.006456216930834868,0.002245502029085545,0.013895354359703781,0.006903305369816511,0.0026925904680671882
signed_lkj_eta_2,2025-12-31,SPY,0.008746288455225123,0.011594066475381304,0.011475772747884756,0.02368813303330302,0.002847778020156181,0.0027294842926596334
signed_lkj_eta_2,2025-12-31,MGK,0.011310389866554206,-0.01981088189923419,0.014477464037636662,0.034511387766657874,-0.031121271765788397,0.003167074171082456
signed_lkj_eta_2,2025-12-31,VTV,0.00644127900716659,0.04262615110326995,0.009133183335647025,0.021114466503707584,0.03618487209610336,0.0026919043284804357
signed_lkj_eta_2,2025-12-31,IJR,0.0017895899013909218,0.05372327844739844,0.006492923102603396,0.03398746912114991,0.051933688546007516,0.004703333201212474
signed_lkj_eta_2,2025-12-31,IWM,0.0016789140563080822,0.05153392029332182,0.008980999749330308,0.03492736547842918,0.04985500623701374,0.007302085693022225
signed_lkj_eta_2,2025-12-31,VNQ,0.0010921582919339653,0.0229258613639709,8.394299248845084e-05,0.028900238294884383,0.021833703072036935,-0.0010082152994455144
signed_lkj_eta_2,2025-12-31,VNQI,-0.0016737721070152263,0.04257155181000494,0.0017333802050708018,0.02522795761461053,0.044245323917020164,0.003407152312086028
signed_lkj_eta_2,2025-12-31,VEA,0.005004388894813503,0.05642561347994279,0.011540224809692114,0.022127932485552324,0.051421224585129294,0.006535835914878611
signed_lkj_eta_2,2025-12-31,VWO,0.0012673179181162523,0.04715510460279937,0.007787641876061058,0.02370843890083601,0.045887786684683116,0.0065203239579448066
signed_lkj_eta_2,2025-12-31,VSS,0.002657184290907849,0.06068200468583562,0.007847970729983462,0.02170679091728961,0.058024820394927776,0.005190786439075613
signed_lkj_eta_2,2025-12-31,BND,-0.0024878972803974637,-0.0009446630105405251,-0.0007275179229429165,0.008010355861895826,0.0015432342698569385,0.0017603793574545471
signed_lkj_eta_2,2025-12-31,IEF,-0.003245143728555855,-0.005378931439972923,-0.0016397046526166457,0.011127718294331537,-0.0021337877114170675,0.0016054390759392095
signed_lkj_eta_2,2025-12-31,BNDX,-0.0026107246143360087,0.002059820670583523,-0.0022009069282038453,0.008353222056371462,0.004670545284919532,0.0004098176861321635
signed_lkj_eta_2,2025-12-31,LQD,-0.0022657487321473876,0.0003398451129934532,-0.000890534460051657,0.012982723501092138,0.002605593845140841,0.0013752142720957305
signed_lkj_eta_2,2025-12-31,HYG,0.0005348128117643775,0.0029604455586125233,0.002336080382551128,0.009580548655504081,0.002425632746848146,0.0018012675707867504
signed_lkj_eta_2,2025-12-31,EWX,0.0031586983056835385,0.02711570928152862,0.004417241584550266,0.019888642390711173,0.023957010975845083,0.0012585432788667279
signed_lkj_eta_2,2025-12-31,VWOB,-0.0003421920305738908,0.0003023714262653243,0.003670330046068648,0.011663684309650337,0.0006445634568392151,0.004012522076642539
signed_lkj_eta_2,2025-12-31,HYEM,-0.00032597781845854624,0.01193825183971775,0.004037224758755389,0.012904710143996988,0.012264229658176296,0.0043632025772139356
signed_lkj_eta_2,2026-01-30,SPY,0.0087953880762623,-0.011463064459755201,0.011897548010462578,0.02136157076979941,-0.0202584525360175,0.003102159934200278
signed_lkj_eta_2,2026-01-30,MGK,0.010773816215419922,-0.049282081977910286,0.013743312009343835,0.029005864050972233,-0.06005589819333021,0.0029694957939239135
signed_lkj_eta_2,2026-01-30,VTV,0.00706515611227182,0.03464425383897951,0.010201363135417323,0.02019705478744073,0.02757909772670769,0.003136207023145503
signed_lkj_eta_2,2026-01-30,IJR,0.002684998324597948,0.018113075612949725,0.006664119357701802,0.03197394283231413,0.015428077288351777,0.003979121033103853
signed_lkj_eta_2,2026-01-30,IWM,0.0025384831293600433,0.003913446654500996,0.009272902282461717,0.03132636846692874,0.0013749635251409527,0.006734419153101674
signed_lkj_eta_2,2026-01-30,VNQ,0.0014686014483483952,0.05085567147315495,0.0020938359391145154,0.025861246944318975,0.04938707002480656,0.0006252344907661201
signed_lkj_eta_2,2026-01-30,VNQI,-0.0009109216946528097,0.05477043858428532,0.006111159774003505,0.022560392279309727,0.05568136027893813,0.007022081468656315
signed_lkj_eta_2,2026-01-30,VEA,0.005890961732488146,0.05800790565870817,0.015689396777020238,0.02038049690485332,0.05211694392622002,0.009798435044532091
signed_lkj_eta_2,2026-01-30,VWO,0.0020584866540590647,0.025936988754007295,0.013191492252107369,0.02165439296531778,0.02387850209994823,0.011133005598048303
signed_lkj_eta_2,2026-01-30,VSS,0.003657612228751431,0.046521625760379104,0.012351111031495852,0.020068831364795855,0.04286401353162767,0.00869349880274442
signed_lkj_eta_2,2026-01-30,BND,-0.002461289792986137,0.013125538032234596,-0.000145610210806002,0.008207502363567057,0.015586827825220733,0.002315679582180135
signed_lkj_eta_2,2026-01-30,IEF,-0.0032819331718561494,0.02178389001983616,-0.001215024644704295,0.010441549271749378,0.02506582319169231,0.0020669085271518544
signed_lkj_eta_2,2026-01-30,BNDX,-0.0025301979714925688,0.01242298193585456,-0.0011219033714342343,0.0065508205499716496,0.014953179907347128,0.0014082946000583344
signed_lkj_eta_2,2026-01-30,LQD,-0.0022208247003346147,0.010894680719308658,0.0008695846685203589,0.011398782921666165,0.013115505419643273,0.0030904093688549736
signed_lkj_eta_2,2026-01-30,HYG,0.0005766340660203799,-0.0028581418854923824,0.0025988535505393285,0.008412488083974917,-0.0034347759515127624,0.0020222194845189484
signed_lkj_eta_2,2026-01-30,EWX,0.003571750219060178,0.03253007863200175,0.007748884790085293,0.018037098232152642,0.02895832841294157,0.004177134571025115
signed_lkj_eta_2,2026-01-30,VWOB,-0.0003310788675249388,0.012410830018970698,0.004872719397070155,0.010524929418328464,0.012741908886495637,0.005203798264595093
signed_lkj_eta_2,2026-01-30,HYEM,-0.00011452558297274804,0.006343486373523,0.005434875576173756,0.011085621826345845,0.006458011956495748,0.005549401159146504
signed_lkj_eta_2,2026-02-27,SPY,0.008452024473956918,-0.05236481425659356,0.009090509158932511,0.024432660991582478,-0.06081683873055048,0.0006384846849755935
signed_lkj_eta_2,2026-02-27,MGK,0.009755919635871952,-0.05256666804441845,0.008794765420009785,0.03360806123773087,-0.062322587680290406,-0.0009611542158621672
signed_lkj_eta_2,2026-02-27,VTV,0.0075325984466227975,-0.05111916666844174,0.009865362060432538,0.022706217984378788,-0.058651765115064536,0.0023327636138097407
signed_lkj_eta_2,2026-02-27,IJR,0.0029464911599937408,-0.0430573291552121,0.005318728115864105,0.03297415770299679,-0.04600382031520584,0.002372236955870364
signed_lkj_eta_2,2026-02-27,IWM,0.002561787595887856,-0.052595723393065286,0.006146594776729077,0.03198529299713472,-0.05515751098895314,0.003584807180841221
signed_lkj_eta_2,2026-02-27,VNQ,0.002305670431819693,-0.066081450572396,0.004109789582505581,0.029276644026210025,-0.06838712100421569,0.001804119150685888
signed_lkj_eta_2,2026-02-27,VNQI,3.283017448173479e-05,-0.1261996923521307,0.00854287758782133,0.025404779808846267,-0.12623252252661243,0.008510047413339597
signed_lkj_eta_2,2026-02-27,VEA,0.006774299765135943,-0.0890166153043781,0.0167778538180124,0.023456954859794023,-0.09579091506951404,0.010003554052876458
signed_lkj_eta_2,2026-02-27,VWO,0.0024632070286344583,-0.07262882161942752,0.011917487547100664,0.023399218070704768,-0.07509202864806198,0.009454280518466206
signed_lkj_eta_2,2026-02-27,VSS,0.004384120932677324,-0.09195775776152426,0.014173359864820448,0.02198400931716067,-0.09634187869420159,0.009789238932143124
signed_lkj_eta_2,2026-02-27,BND,-0.0021971062705247687,-0.020459273388676813,0.0004081746381088976,0.009147013281110212,-0.018262167118152043,0.0026052809086336663
signed_lkj_eta_2,2026-02-27,IEF,-0.0028570887109800086,-0.02626946195927571,0.00019608822569557732,0.012016873359825105,-0.0234123732482957,0.003053176936675586
signed_lkj_eta_2,2026-02-27,BNDX,-0.002276754244249397,-0.02445812349945309,-0.0007144915647389126,0.008275352888301845,-0.02218136925520369,0.0015622626795104844
signed_lkj_eta_2,2026-02-27,LQD,-0.0019985279983067627,-0.02380357071815431,0.0009011154123002808,0.012253888944943362,-0.021805042719847546,0.0028996434106070435
signed_lkj_eta_2,2026-02-27,HYG,0.0005184175244693163,-0.01264655652256541,0.002060250876901001,0.009834247494135542,-0.013164974047034726,0.0015418333524316848
signed_lkj_eta_2,2026-02-27,EWX,0.004062569344703256,-0.05906694056130268,0.009283263830671157,0.01962299201938942,-0.06312950990600594,0.005220694485967901
signed_lkj_eta_2,2026-02-27,VWOB,-0.0001151143101267077,-0.03742886388704314,0.003853665925699224,0.011637134046346465,-0.03731374957691643,0.003968780235825932
signed_lkj_eta_2,2026-02-27,HYEM,-5.067753201633674e-06,-0.024402651519384255,0.003962047437801502,0.013380015208044514,-0.02439758376618262,0.003967115191003136
signed_lkj_eta_2,2026-03-31,SPY,0.00743841049511441,0.10158469057343722,0.008082927463848592,0.024346987756425353,0.0941462800783228,0.0006445169687341818
signed_lkj_eta_2,2026-03-31,MGK,0.008717209841200446,0.13945658747726553,0.009032132670343503,0.03300184714490076,0.13073937763606508,0.00031492282914305676
signed_lkj_eta_2,2026-03-31,VTV,0.006555069028038389,0.0506170669983208,0.005403385826549964,0.020877543640113766,0.044061997970282415,-0.0011516832014884246
signed_lkj_eta_2,2026-03-31,IJR,0.002179760821406977,0.09942684130728341,0.0008667180078634547,0.032475824640253524,0.09724708048587644,-0.0013130428135435222
signed_lkj_eta_2,2026-03-31,IWM,0.0016424957460719702,0.11732924859591698,0.0021073956887996117,0.03502418309682181,0.115686752849845,0.00046489994272764157
signed_lkj_eta_2,2026-03-31,VNQ,0.0011658850817494312,0.08261211567781301,0.00027183892176117145,0.03047188706136403,0.08144623059606358,-0.0008940461599882597
signed_lkj_eta_2,2026-03-31,VNQI,-0.0020710452009618054,0.05920759938488018,0.002582018700756196,0.029300526991067406,0.061278644585841986,0.004653063901718001
signed_lkj_eta_2,2026-03-31,VEA,0.005177784513977376,0.07028850576993428,0.011136690889554265,0.024348067887116732,0.0651107212559569,0.005958906375576889
signed_lkj_eta_2,2026-03-31,VWO,0.0012116732178334255,0.08686516780484332,0.008299640179894683,0.02386251958327745,0.0856534945870099,0.007087966962061257
signed_lkj_eta_2,2026-03-31,VSS,0.002778422954440631,0.08096490152679459,0.009320515883257604,0.024510850323170987,0.07818647857235396,0.006542092928816972
signed_lkj_eta_2,2026-03-31,BND,-0.0025014757224939696,-0.001644084190784434,-2.9298390840974686e-05,0.008722273228982868,0.0008573915317095357,0.002472177331652995
signed_lkj_eta_2,2026-03-31,IEF,-0.003247294931784937,-0.004636900424381141,-0.0006875967249501914,0.013087316241409443,-0.0013896054925962038,0.0025596982068347455
signed_lkj_eta_2,2026-03-31,BNDX,-0.002646443731836125,-0.0008092670395931645,-0.0010557763890186411,0.00783522993515282,0.0018371766922429607,0.001590667342817484
signed_lkj_eta_2,2026-03-31,LQD,-0.0023619453769708884,-0.0003280238707080718,-0.00012383250448800296,0.012624047534610218,0.0020339215062628166,0.0022381128724828854
signed_lkj_eta_2,2026-03-31,HYG,0.00029900129035207075,0.012020620280474459,0.0014363791088597864,0.01024932058786335,0.011721618990122388,0.0011373778185077158
signed_lkj_eta_2,2026-03-31,EWX,0.003010410846269823,0.10571433591391832,0.005850808793926916,0.01914743746070077,0.1027039250676485,0.002840397947657093
signed_lkj_eta_2,2026-03-31,VWOB,-0.0007370101364086482,0.020791542317250666,0.002235281968158075,0.01226148379434324,0.021528552453659314,0.002972292104566723
signed_lkj_eta_2,2026-03-31,HYEM,-0.0004116941493046774,0.022278894658412263,0.0025350498011780112,0.012730334750995465,0.02269058880771694,0.0029467439504826886
signed_lkj_eta_2,2026-04-30,SPY,0.008981792135742652,0.049483664963993146,0.009852629325132216,0.03441194809492607,0.04050187282825049,0.0008708371893895641
signed_lkj_eta_2,2026-04-30,MGK,0.010860478327037579,0.08330425574857636,0.013549254835816144,0.04750275697770068,0.07244377742153878,0.0026887765087785648
signed_lkj_eta_2,2026-04-30,VTV,0.0072773968636167885,0.021460679046998887,0.006667941440800143,0.02949290775586255,0.0141832821833821,-0.0006094554228166455
signed_lkj_eta_2,2026-04-30,IJR,0.0037739752556016724,0.008359592272450422,0.0010201591469144156,0.04442205194028137,0.00458561701684875,-0.0027538161086872568
signed_lkj_eta_2,2026-04-30,IWM,0.0035389998911513967,0.04170616807391436,0.002321951992566078,0.04555946186685689,0.038167168182762966,-0.0012170478985853187
signed_lkj_eta_2,2026-04-30,VNQ,0.002501069189881621,-0.009505527770350963,0.0034922439038136783,0.040754565424620186,-0.012006596960232584,0.0009911747139320572
signed_lkj_eta_2,2026-04-30,VNQI,-0.0010664772569316092,-0.02873894096208207,0.0018432367270857254,0.0381626202056584,-0.027672463705150464,0.0029097139840173346
signed_lkj_eta_2,2026-04-30,VEA,0.006245173387025849,0.04005467192775236,0.008251929326346738,0.033337044487907225,0.03380949854072651,0.0020067559393208883
signed_lkj_eta_2,2026-04-30,VWO,0.002615828866800801,0.013087733301134774,0.007905114051987114,0.03321360888985264,0.010471904434333972,0.005289285185186313
signed_lkj_eta_2,2026-04-30,VSS,0.00406016850480709,0.0153673341636833,0.006865587165438512,0.03146802598265606,0.01130716565887621,0.0028054186606314225
signed_lkj_eta_2,2026-04-30,BND,-0.0024874201236134855,-0.00023588979226363271,-0.0014550655443681055,0.012538796687400561,0.002251530331349853,0.00103235457924538
signed_lkj_eta_2,2026-04-30,IEF,-0.00327007534969635,-0.0031745273257528517,-0.002441278986641497,0.016100127932222517,9.554802394349821e-05,0.0008287963630548528
signed_lkj_eta_2,2026-04-30,BNDX,-0.002616326081143618,0.005188840393763217,-0.0022032165036547494,0.010310504625969415,0.007805166474906835,0.0004131095774888684
signed_lkj_eta_2,2026-04-30,LQD,-0.002328602401458383,0.005612799118414058,-0.0011854510335750428,0.017190111437189324,0.007941401519872441,0.0011431513678833401
signed_lkj_eta_2,2026-04-30,HYG,0.0004911589787147328,0.0013666068307942592,0.001077295244782556,0.01376417808288175,0.0008754478520795263,0.0005861362660678232
signed_lkj_eta_2,2026-04-30,EWX,0.004694081749018159,0.01835836502980981,0.008125963538474484,0.02756701176290285,0.01366428328079165,0.0034318817894563244
signed_lkj_eta_2,2026-04-30,VWOB,-0.0003840830470043972,0.006564291011867507,0.0015250603951430146,0.015256709788720395,0.006948374058871904,0.0019091434421474119
signed_lkj_eta_2,2026-04-30,HYEM,-3.971728360439966e-05,0.00658729224447252,0.0025335734804458644,0.017841841803721233,0.0066270095280769195,0.0025732907640502642
