variant,date,asset_id,train_mean,y_true,y_pred,y_std,y_true_resid,y_pred_resid
historical_mean,2025-05-30,SPY,0.007317202496114117,0.04769511906164903,0.007317202496114117,0.04660963933841646,0.04037791656553491,0.0
historical_mean,2025-05-30,MGK,0.009610770673104944,0.06034673392230827,0.009610770673104944,0.060851759297646975,0.05073596324920333,0.0
historical_mean,2025-05-30,VTV,0.005312478651329571,0.0332330912657377,0.005312478651329571,0.042171564323948404,0.027920612614408133,0.0
historical_mean,2025-05-30,IJR,-0.00041575730887501996,0.03734736300075814,-0.00041575730887501996,0.059575209762081326,0.03776312030963316,0.0
historical_mean,2025-05-30,IWM,-0.0015216367751140637,0.05147995646827952,-0.0015216367751140637,0.060765746839857096,0.05300159324339358,0.0
historical_mean,2025-05-30,VNQ,0.0013147227365438608,0.0033500785292834845,0.0013147227365438608,0.05871827671593424,0.002035355792739624,0.0
historical_mean,2025-05-30,VNQI,-0.003141402592921254,0.04115888912622401,-0.003141402592921254,0.04894271164589664,0.04430029171914526,0.0
historical_mean,2025-05-30,VEA,0.003213867729195683,0.030256851306093457,0.003213867729195683,0.04620801201923399,0.027042983576897776,0.0
historical_mean,2025-05-30,VWO,-0.0013812432635037686,0.05168209224062714,-0.0013812432635037686,0.04203746163569985,0.053063335504130914,0.0
historical_mean,2025-05-30,VSS,0.00044890942076046157,0.054769444558085745,0.00044890942076046157,0.046586508315900846,0.054320535137325286,0.0
historical_mean,2025-05-30,BND,-0.003237055002469442,0.011602274676301816,-0.003237055002469442,0.019300660111938473,0.014839329678771258,0.0
historical_mean,2025-05-30,IEF,-0.0040674968930327,0.012452491537882304,-0.0040674968930327,0.022985665875243404,0.016519988430915004,0.0
historical_mean,2025-05-30,BNDX,-0.0027348125869511297,-0.0001381150801093023,-0.0027348125869511297,0.015916552039829984,0.0025966975068418274,0.0
historical_mean,2025-05-30,LQD,-0.003152480733546488,0.01724059290590274,-0.003152480733546488,0.029857848780693245,0.020393073639449227,0.0
historical_mean,2025-05-30,HYG,5.2760762575032596e-05,0.014810137654057698,5.2760762575032596e-05,0.023523287034608546,0.014757376891482665,0.0
historical_mean,2025-05-30,EWX,0.0014349156952656505,0.05043478917948763,0.0014349156952656505,0.03668383644608861,0.048999873484221974,0.0
historical_mean,2025-05-30,VWOB,-0.001725584997727383,0.021275025282161186,-0.001725584997727383,0.03034204982138476,0.02300061027988857,0.0
historical_mean,2025-05-30,HYEM,-0.0011012187111369331,0.014454903619178339,-0.0011012187111369331,0.026317882165175485,0.015556122330315272,0.0
historical_mean,2025-06-30,SPY,0.008108926350340292,0.01908467259702551,0.008108926350340292,0.046486314861483725,0.010975746246685217,0.0
historical_mean,2025-06-30,MGK,0.010605593481912853,0.03526188252947149,0.010605593481912853,0.0606576555011281,0.024656289047558635,0.0
historical_mean,2025-06-30,VTV,0.005859941643768946,-0.002167296399311236,0.005859941643768946,0.04193038901454366,-0.00802723804308018,0.0
historical_mean,2025-06-30,IJR,0.0003246960305295518,0.005165530187941636,0.0003246960305295518,0.05921303348395245,0.004840834157412084,0.0
historical_mean,2025-06-30,IWM,-0.0004823898487730129,0.012760607343994756,-0.0004823898487730129,0.060611122841396574,0.01324299719276777,0.0
historical_mean,2025-06-30,VNQ,0.0013546316736564024,-0.0029632780526935854,0.0013546316736564024,0.05812882700489989,-0.004317909726349988,0.0
historical_mean,2025-06-30,VNQI,-0.0022727694219576216,-0.023931985253554888,-0.0022727694219576216,0.04884630943744813,-0.021659215831597266,0.0
historical_mean,2025-06-30,VEA,0.003744122309134855,-0.01766175570590245,0.003744122309134855,0.04590007007806359,-0.021405878015037304,0.0
historical_mean,2025-06-30,VWO,-0.0003407857045992409,0.002989658374459969,-0.0003407857045992409,0.0422731045191081,0.0033304440790592102,0.0
historical_mean,2025-06-30,VSS,0.001514017952864879,-0.009120730437294888,0.001514017952864879,0.04674135179227695,-0.010634748390159767,0.0
historical_mean,2025-06-30,BND,-0.002946087753866084,-0.006504632044136427,-0.002946087753866084,0.019219337399327574,-0.0035585442902703428,0.0
historical_mean,2025-06-30,IEF,-0.0037435755512500533,-0.00977429711868305,-0.0037435755512500533,0.022871930304032895,-0.0060307215674329975,0.0
historical_mean,2025-06-30,BNDX,-0.0026838969495620742,-0.00498710657025403,-0.0026838969495620742,0.015760777543273402,-0.0023032096206919554,0.0
historical_mean,2025-06-30,LQD,-0.0027526165445376795,-0.004751878550950606,-0.0027526165445376795,0.02969538299107734,-0.001999262006412926,0.0
historical_mean,2025-06-30,HYG,0.0003421210937805751,-0.002505544256353631,0.0003421210937805751,0.02337837316237756,-0.0028476653501342064,0.0
historical_mean,2025-06-30,EWX,0.002395697528289611,0.003689786989881094,0.002395697528289611,0.03695765100137487,0.0012940894615914834,0.0
historical_mean,2025-06-30,VWOB,-0.0012745926392981953,0.003448378263515961,-0.0012745926392981953,0.03020927485213051,0.004722970902814157,0.0
historical_mean,2025-06-30,HYEM,-0.0007961967046601631,0.0052854367518158085,-0.0007961967046601631,0.026144277822748356,0.006081633456475972,0.0
historical_mean,2025-07-31,SPY,0.008319998393545776,0.01702595928567807,0.008319998393545776,0.046053469308444485,0.008705960892132296,0.0
historical_mean,2025-07-31,MGK,0.011079752886673596,0.005506659536577585,0.011079752886673596,0.06015727754500016,-0.005573093350096011,0.0
historical_mean,2025-07-31,VTV,0.0057055716814020194,0.03136457393982228,0.0057055716814020194,0.04153219245869115,0.025659002258420265,0.0
historical_mean,2025-07-31,IJR,0.0004177889950951688,0.06670214284372133,0.0004177889950951688,0.058633482662584016,0.06628435384862616,0.0
historical_mean,2025-07-31,IWM,-0.00022771682583517123,0.06825711678016222,-0.00022771682583517123,0.06004204653297474,0.06848483360599739,0.0
historical_mean,2025-07-31,VNQ,0.0012715949481496719,0.031234506481848445,0.0012715949481496719,0.05755922989435626,0.029962911533698774,0.0
historical_mean,2025-07-31,VNQI,-0.002689292803334492,0.03800885965747658,-0.002689292803334492,0.04845822889781613,0.04069815246081107,0.0
historical_mean,2025-07-31,VEA,0.003332470808845676,0.040715343672140136,0.003332470808845676,0.045544682113617126,0.03738287286329446,0.0
historical_mean,2025-07-31,VWO,-0.0002767387030788715,0.03119670619044923,-0.0002767387030788715,0.041859158539873306,0.0314734448935281,0.0
historical_mean,2025-07-31,VSS,0.0013095035607464218,0.04570476560415426,0.0013095035607464218,0.04630432607636206,0.04439526204340784,0.0
historical_mean,2025-07-31,BND,-0.0030145212979097447,0.008078120866885197,-0.0030145212979097447,0.01903637705332175,0.011092642164794941,0.0
historical_mean,2025-07-31,IEF,-0.0038595509660083803,0.013001796164747947,-0.0038595509660083803,0.022662022294724343,0.016861347130756328,0.0
historical_mean,2025-07-31,BNDX,-0.002728189442267689,-0.002067319775812204,-0.002728189442267689,0.01560876337446942,0.0006608696664554847,0.0
historical_mean,2025-07-31,LQD,-0.002791063890814851,0.0069765482555901315,-0.002791063890814851,0.02940411760267529,0.009767612146404982,0.0
historical_mean,2025-07-31,HYG,0.0002873582985856865,0.007592278645943473,0.0002873582985856865,0.023151406952460717,0.007304920347357787,0.0
historical_mean,2025-07-31,EWX,0.002420583864089447,0.059400893238615415,0.002420583864089447,0.03659396736937123,0.056980309374525966,0.0
historical_mean,2025-07-31,VWOB,-0.0011837662757825385,0.013654429789281775,-0.0011837662757825385,0.029918809035243236,0.014838196065064313,0.0
historical_mean,2025-07-31,HYEM,-0.0006792422151125483,0.015516857251125726,-0.0006792422151125483,0.025900427029114596,0.016196099466238276,0.0
historical_mean,2025-08-29,SPY,0.008484261806604877,0.03208906394277711,0.008484261806604877,0.04562417280319489,0.02360480213617223,0.0
historical_mean,2025-08-29,MGK,0.010974600181954803,0.04538102472427963,0.010974600181954803,0.05958095227803427,0.03440642454232483,0.0
historical_mean,2025-08-29,VTV,0.00618970379948542,0.019529753810910266,0.00618970379948542,0.041281639516650696,0.013340050011424846,0.0
historical_mean,2025-08-29,IJR,0.001668437180918304,0.007030856049952794,0.001668437180918304,0.058776445259945825,0.00536241886903449,0.0
historical_mean,2025-08-29,IWM,0.0010644498459761002,0.028272862598571757,0.0010644498459761002,0.060201439664582336,0.027208412752595657,0.0
historical_mean,2025-08-29,VNQ,0.0018369329016156865,-0.002835540326792896,0.0018369329016156865,0.05715147705610083,-0.004672473228408582,0.0
historical_mean,2025-08-29,VNQI,-0.0019214031342625851,0.010131917120224765,-0.0019214031342625851,0.04831453143136225,0.01205332025448735,0.0
historical_mean,2025-08-29,VEA,0.0040378080326814204,0.022001068135094393,0.0040378080326814204,0.045395978549888576,0.017963260102412972,0.0
historical_mean,2025-08-29,VWO,0.00031709987981788515,0.053275426570534856,0.00031709987981788515,0.04167953159907015,0.05295832669071697,0.0
historical_mean,2025-08-29,VSS,0.002147150014395626,0.018182193335737562,0.002147150014395626,0.0462606272698465,0.016035043321341935,0.0
historical_mean,2025-08-29,BND,-0.0028052261627249343,0.007605185555678684,-0.0028052261627249343,0.01891392003224626,0.01041041171840362,0.0
historical_mean,2025-08-29,IEF,-0.00354141234089977,0.0030789765395491386,-0.00354141234089977,0.022562251814141464,0.006620388880448909,0.0
historical_mean,2025-08-29,BNDX,-0.0027157202032779626,0.0018362952066057758,-0.0027157202032779626,0.015458217074438056,0.0045520154098837385,0.0
historical_mean,2025-08-29,LQD,-0.002606769322014757,0.015298491121950697,-0.002606769322014757,0.02915090540247281,0.017905260443965454,0.0
historical_mean,2025-08-29,HYG,0.00042518698438489,0.005419530370210479,0.00042518698438489,0.022949662672026805,0.004994343385825589,0.0
historical_mean,2025-08-29,EWX,0.0034956840409672957,0.00934001338555035,0.0034956840409672957,0.03707594517574458,0.005844329344583054,0.0
historical_mean,2025-08-29,VWOB,-0.000903800312290759,0.011313877152875351,-0.000903800312290759,0.029699750617660087,0.01221767746516611,0.0
historical_mean,2025-08-29,HYEM,-0.000373655432730694,-0.003310550556556602,-0.000373655432730694,0.02574647192365626,-0.002936895123825908,0.0
historical_mean,2025-09-30,SPY,0.008921387772089548,0.02028375894432366,0.008921387772089548,0.04530572372076577,0.011362371172234112,0.0
historical_mean,2025-09-30,MGK,0.011611756191997856,0.04184616666398688,0.011611756191997856,0.059201630723363305,0.030234410471989027,0.0
historical_mean,2025-09-30,VTV,0.0064367417626599545,-0.007371739211896489,0.0064367417626599545,0.040930612480844425,-0.013808480974556444,0.0
historical_mean,2025-09-30,IJR,0.0017677412340485724,-0.012108590721114587,0.0017677412340485724,0.05822388311278559,-0.013876331955163159,0.0
historical_mean,2025-09-30,IWM,0.0015683093413945384,0.014115453040836279,0.0015683093413945384,0.05974563725561088,0.01254714369944174,0.0
historical_mean,2025-09-30,VNQ,0.00175040561960812,-0.027888055765740494,0.00175040561960812,0.05661331546382541,-0.029638461385348612,0.0
historical_mean,2025-09-30,VNQI,-0.0016981934999202267,-0.015995303603671296,-0.0016981934999202267,0.04788466437818778,-0.014297110103751069,0.0
historical_mean,2025-09-30,VEA,0.00437046099754092,0.014158067636574012,0.00437046099754092,0.04503207166216481,0.009787606639033091,0.0
historical_mean,2025-09-30,VWO,0.0012978096333496809,0.01105958429806142,0.0012978096333496809,0.04190874678886383,0.00976177466471174,0.0
historical_mean,2025-09-30,VSS,0.0024440952610871435,-0.004799080760367169,0.0024440952610871435,0.045874055257395636,-0.007243176021454313,0.0
historical_mean,2025-09-30,BND,-0.002612440760532275,0.002537797325417923,-0.002612440760532275,0.01878812400287835,0.005150238085950198,0.0
historical_mean,2025-09-30,IEF,-0.003418812546817383,0.0036171952388968087,-0.003418812546817383,0.022366538623873458,0.007036007785714192,0.0
historical_mean,2025-09-30,BNDX,-0.002631423621613449,0.006523664675198493,-0.002631423621613449,0.01532421553362729,0.009155088296811942,0.0
historical_mean,2025-09-30,LQD,-0.0022751904249042857,-0.0019813075408361414,-0.0022751904249042857,0.02897721167290285,0.0002938828840681443,0.0
historical_mean,2025-09-30,HYG,0.0005176748248631416,-0.003581832310472044,0.0005176748248631416,0.02274228312883123,-0.004099507135335185,0.0
historical_mean,2025-09-30,EWX,0.003603912362163278,-0.003915097877319473,0.003603912362163278,0.0367331171895964,-0.007519010239482751,0.0
historical_mean,2025-09-30,VWOB,-0.000677547025898794,0.017691150240358278,-0.000677547025898794,0.029465175179826473,0.018368697266257072,0.0
historical_mean,2025-09-30,HYEM,-0.0004280423794682108,0.00027660203614199297,-0.0004280423794682108,0.025505555474386703,0.0007046444156102037,0.0
historical_mean,2025-10-31,SPY,0.00912797633885744,-0.001039617729681419,0.00912797633885744,0.044910407117204544,-0.010167594068538859,0.0
historical_mean,2025-10-31,MGK,0.01216147274603402,-0.018174122322586972,0.01216147274603402,0.05879242400123929,-0.03033559506862099,0.0
historical_mean,2025-10-31,VTV,0.006185678472213474,0.02234958180665636,0.006185678472213474,0.040592579225395185,0.016163903334442887,0.0
historical_mean,2025-10-31,IJR,0.0015154442894092421,0.022999546830901885,0.0015154442894092421,0.05771259275305756,0.021484102541492644,0.0
historical_mean,2025-10-31,IWM,0.0017964392268389336,0.007219933427264902,0.0017964392268389336,0.05921402650770006,0.005423494200425968,0.0
historical_mean,2025-10-31,VNQ,0.0012115245035108726,0.02116455054555555,0.0012115245035108726,0.05622887152816875,0.019953026042044675,0.0
historical_mean,2025-10-31,VNQI,-0.0019581409563520645,0.011398276316832767,-0.0019581409563520645,0.04747837095054195,0.013356417273184831,0.0
historical_mean,2025-10-31,VEA,0.004548417481886976,0.006662577508105283,0.004548417481886976,0.0446326760841844,0.0021141600262183065,0.0
historical_mean,2025-10-31,VWO,0.0014752964454353488,-0.015135981764385575,0.0014752964454353488,0.041539749304071,-0.016611278209820925,0.0
historical_mean,2025-10-31,VSS,0.0023124011516061564,0.006820955763576553,0.0023124011516061564,0.04545780376317812,0.004508554611970396,0.0
historical_mean,2025-10-31,BND,-0.002518800068060453,0.00297114143881938,-0.002518800068060453,0.018626297453441548,0.005489941506879833,0.0
historical_mean,2025-10-31,IEF,-0.0032908851325316704,0.00686801303321638,-0.0032908851325316704,0.02217877445349183,0.01015889816574805,0.0
historical_mean,2025-10-31,BNDX,-0.002464967470762323,-0.004807659780811324,-0.002464967470762323,0.015231768429332786,-0.002342692310049001,0.0
historical_mean,2025-10-31,LQD,-0.00226984709973941,0.006300096794094712,-0.00226984709973941,0.028707677706642655,0.008569943893834121,0.0
historical_mean,2025-10-31,HYG,0.000443138331493411,0.004457641722011463,0.000443138331493411,0.022537502415602713,0.004014503390518052,0.0
historical_mean,2025-10-31,EWX,0.0034672030850817735,-0.016176668191666965,0.0034672030850817735,0.03640552670069025,-0.01964387127674874,0.0
historical_mean,2025-10-31,VWOB,-0.0003435707119668472,0.0006545758910070365,-0.0003435707119668472,0.029295964642314293,0.0009981466029738836,0.0
historical_mean,2025-10-31,HYEM,-0.0004152306628207526,-0.0021992661278306125,-0.0004152306628207526,0.025268467972682427,-0.0017840354650098598,0.0
historical_mean,2025-11-28,SPY,0.008946412159062103,-0.0024606389596457667,0.008946412159062103,0.04452099523915146,-0.01140705111870787,0.0
historical_mean,2025-11-28,MGK,0.011619765691237216,-0.006014656315694422,0.011619765691237216,0.058396367850803266,-0.01763442200693164,0.0
historical_mean,2025-11-28,VTV,0.006474319603185668,0.004591005630098177,0.006474319603185668,0.04027981912138792,-0.001883313973087491,0.0
historical_mean,2025-11-28,IJR,0.0018990889776501821,-0.0043423583691276635,0.0018990889776501821,0.05725754669804376,-0.006241447346777846,0.0
historical_mean,2025-11-28,IWM,0.0018932873375608259,-0.010325989693845572,0.0018932873375608259,0.0586777237486756,-0.012219277031406397,0.0
historical_mean,2025-11-28,VNQ,0.0015678285399759562,-0.02554537559841752,0.0015678285399759562,0.05577911918604514,-0.027113204138393476,0.0
historical_mean,2025-11-28,VNQI,-0.0017196335050451924,0.0008944661826628675,-0.0017196335050451924,0.04707861442999848,0.0026140996877080597,0.0
historical_mean,2025-11-28,VEA,0.004586170339498018,0.02842462799248069,0.004586170339498018,0.044225965568690156,0.023838457652982672,0.0
historical_mean,2025-11-28,VWO,0.0011786664774028324,0.006231798598067773,0.0011786664774028324,0.04122019559348269,0.00505313212066494,0.0
historical_mean,2025-11-28,VSS,0.002392911055391342,0.01745648547983225,0.002392911055391342,0.045046684455100794,0.01506357442444091,0.0
historical_mean,2025-11-28,BND,-0.002420765398294742,-0.00624728267814989,-0.002420765398294742,0.018470765560571062,-0.0038265172798551484,0.0
historical_mean,2025-11-28,IEF,-0.003109476236714741,-0.010842523271658244,-0.003109476236714741,0.02201811413583313,-0.007733047034943503,0.0
historical_mean,2025-11-28,BNDX,-0.002506801262013198,-0.00843043234441343,-0.002506801262013198,0.015095908991715557,-0.005923631082400232,0.0
historical_mean,2025-11-28,LQD,-0.0021168123873495153,-0.010606184040828248,-0.0021168123873495153,0.02846854514343274,-0.008489371653478732,0.0
historical_mean,2025-11-28,HYG,0.0005148258920383762,0.0016540803164204476,0.0005148258920383762,0.022338118771901058,0.0011392544243820713,0.0
historical_mean,2025-11-28,EWX,0.003116419669425546,0.005526301936131128,0.003116419669425546,0.0361684340399512,0.0024098822667055824,0.0
historical_mean,2025-11-28,VWOB,-0.00032574666548517074,-0.0012631324755422169,-0.00032574666548517074,0.029028722421739143,-0.0009373858100570462,0.0
historical_mean,2025-11-28,HYEM,-0.000447088438981643,0.006456216930834868,-0.000447088438981643,0.025038835845072816,0.006903305369816511,0.0
historical_mean,2025-12-31,SPY,0.008746288455225123,0.011594066475381304,0.008746288455225123,0.04414755775755146,0.002847778020156181,0.0
historical_mean,2025-12-31,MGK,0.011310389866554206,-0.01981088189923419,0.011310389866554206,0.05791973895197182,-0.031121271765788397,0.0
historical_mean,2025-12-31,VTV,0.00644127900716659,0.04262615110326995,0.00644127900716659,0.03991933724277847,0.03618487209610336,0.0
historical_mean,2025-12-31,IJR,0.0017895899013909218,0.05372327844739844,0.0017895899013909218,0.05675003747569404,0.051933688546007516,0.0
historical_mean,2025-12-31,IWM,0.0016789140563080822,0.05153392029332182,0.0016789140563080822,0.05817397411192298,0.04985500623701374,0.0
historical_mean,2025-12-31,VNQ,0.0010921582919339653,0.0229258613639709,0.0010921582919339653,0.05539537861696057,0.021833703072036935,0.0
historical_mean,2025-12-31,VNQI,-0.0016737721070152263,0.04257155181000494,-0.0016737721070152263,0.04665766093629219,0.044245323917020164,0.0
historical_mean,2025-12-31,VEA,0.005004388894813503,0.05642561347994279,0.005004388894813503,0.043942898023318626,0.051421224585129294,0.0
historical_mean,2025-12-31,VWO,0.0012673179181162523,0.04715510460279937,0.0012673179181162523,0.040855982915353244,0.045887786684683116,0.0
historical_mean,2025-12-31,VSS,0.002657184290907849,0.06068200468583562,0.002657184290907849,0.04468723417438362,0.058024820394927776,0.0
historical_mean,2025-12-31,BND,-0.0024878972803974637,-0.0009446630105405251,-0.0024878972803974637,0.01831212043723312,0.0015432342698569385,0.0
historical_mean,2025-12-31,IEF,-0.003245143728555855,-0.005378931439972923,-0.003245143728555855,0.021844664741227326,-0.0021337877114170675,0.0
historical_mean,2025-12-31,BNDX,-0.0026107246143360087,0.002059820670583523,-0.0026107246143360087,0.014981077086336935,0.004670545284919532,0.0
historical_mean,2025-12-31,LQD,-0.0022657487321473876,0.0003398451129934532,-0.0022657487321473876,0.02823561533177713,0.002605593845140841,0.0
historical_mean,2025-12-31,HYG,0.0005348128117643775,0.0029604455586125233,0.0005348128117643775,0.022138287130142906,0.002425632746848146,0.0
historical_mean,2025-12-31,EWX,0.0031586983056835385,0.02711570928152862,0.0031586983056835385,0.035845468132474606,0.023957010975845083,0.0
historical_mean,2025-12-31,VWOB,-0.0003421920305738908,0.0003023714262653243,-0.0003421920305738908,0.028768637802182126,0.0006445634568392151,0.0
historical_mean,2025-12-31,HYEM,-0.00032597781845854624,0.01193825183971775,-0.00032597781845854624,0.02483110847291286,0.012264229658176296,0.0
historical_mean,2026-01-30,SPY,0.0087953880762623,-0.011463064459755201,0.0087953880762623,0.04376018256408277,-0.0202584525360175,0.0
historical_mean,2026-01-30,MGK,0.010773816215419922,-0.049282081977910286,0.010773816215419922,0.05755467570999545,-0.06005589819333021,0.0
historical_mean,2026-01-30,VTV,0.00706515611227182,0.03464425383897951,0.00706515611227182,0.03985186721415389,0.02757909772670769,0.0
historical_mean,2026-01-30,IJR,0.002684998324597948,0.018113075612949725,0.002684998324597948,0.05666186940572184,0.015428077288351777,0.0
historical_mean,2026-01-30,IWM,0.0025384831293600433,0.003913446654500996,0.0025384831293600433,0.05803182711266881,0.0013749635251409527,0.0
historical_mean,2026-01-30,VNQ,0.0014686014483483952,0.05085567147315495,0.0014686014483483952,0.05498209882208653,0.04938707002480656,0.0
historical_mean,2026-01-30,VNQI,-0.0009109216946528097,0.05477043858428532,-0.0009109216946528097,0.04661006334219268,0.05568136027893813,0.0
historical_mean,2026-01-30,VEA,0.005890961732488146,0.05800790565870817,0.005890961732488146,0.04407595870355822,0.05211694392622002,0.0
historical_mean,2026-01-30,VWO,0.0020584866540590647,0.025936988754007295,0.0020584866540590647,0.04094181130205213,0.02387850209994823,0.0
historical_mean,2026-01-30,VSS,0.003657612228751431,0.046521625760379104,0.003657612228751431,0.044944013598831135,0.04286401353162767,0.0
historical_mean,2026-01-30,BND,-0.002461289792986137,0.013125538032234596,-0.002461289792986137,0.01815190811354069,0.015586827825220733,0.0
historical_mean,2026-01-30,IEF,-0.0032819331718561494,0.02178389001983616,-0.0032819331718561494,0.021654009676061948,0.02506582319169231,0.0
historical_mean,2026-01-30,BNDX,-0.0025301979714925688,0.01242298193585456,-0.0025301979714925688,0.014861741443180768,0.014953179907347128,0.0
historical_mean,2026-01-30,LQD,-0.0022208247003346147,0.010894680719308658,-0.0022208247003346147,0.027988929692119708,0.013115505419643273,0.0
historical_mean,2026-01-30,HYG,0.0005766340660203799,-0.0028581418854923824,0.0005766340660203799,0.021945543705572185,-0.0034347759515127624,0.0
historical_mean,2026-01-30,EWX,0.003571750219060178,0.03253007863200175,0.003571750219060178,0.035668627839499395,0.02895832841294157,0.0
historical_mean,2026-01-30,VWOB,-0.0003310788675249388,0.012410830018970698,-0.0003310788675249388,0.028515290288805777,0.012741908886495637,0.0
historical_mean,2026-01-30,HYEM,-0.00011452558297274804,0.006343486373523,-0.00011452558297274804,0.024664954581871748,0.006458011956495748,0.0
historical_mean,2026-02-27,SPY,0.008452024473956918,-0.05236481425659356,0.008452024473956918,0.043461398416077594,-0.06081683873055048,0.0
historical_mean,2026-02-27,MGK,0.009755919635871952,-0.05256666804441845,0.009755919635871952,0.0575895703996244,-0.062322587680290406,0.0
historical_mean,2026-02-27,VTV,0.0075325984466227975,-0.05111916666844174,0.0075325984466227975,0.03966964449209813,-0.058651765115064536,0.0
historical_mean,2026-02-27,IJR,0.0029464911599937408,-0.0430573291552121,0.0029464911599937408,0.0562071807255351,-0.04600382031520584,0.0
historical_mean,2026-02-27,IWM,0.002561787595887856,-0.052595723393065286,0.002561787595887856,0.057529656083935336,-0.05515751098895314,0.0
historical_mean,2026-02-27,VNQ,0.002305670431819693,-0.066081450572396,0.002305670431819693,0.05488397168531979,-0.06838712100421569,0.0
historical_mean,2026-02-27,VNQI,3.283017448173479e-05,-0.1261996923521307,3.283017448173479e-05,0.04677168513589526,-0.12623252252661243,0.0
historical_mean,2026-02-27,VEA,0.006774299765135943,-0.0890166153043781,0.006774299765135943,0.04421800941745542,-0.09579091506951404,0.0
historical_mean,2026-02-27,VWO,0.0024632070286344583,-0.07262882161942752,0.0024632070286344583,0.04070620933946308,-0.07509202864806198,0.0
historical_mean,2026-02-27,VSS,0.004384120932677324,-0.09195775776152426,0.004384120932677324,0.044902989495041144,-0.09634187869420159,0.0
historical_mean,2026-02-27,BND,-0.0021971062705247687,-0.020459273388676813,-0.0021971062705247687,0.018108800586641993,-0.018262167118152043,0.0
historical_mean,2026-02-27,IEF,-0.0028570887109800086,-0.02626946195927571,-0.0028570887109800086,0.02171314797696794,-0.0234123732482957,0.0
historical_mean,2026-02-27,BNDX,-0.002276754244249397,-0.02445812349945309,-0.002276754244249397,0.014861124503188227,-0.02218136925520369,0.0
historical_mean,2026-02-27,LQD,-0.0019985279983067627,-0.02380357071815431,-0.0019985279983067627,0.027799085668264167,-0.021805042719847546,0.0
historical_mean,2026-02-27,HYG,0.0005184175244693163,-0.01264655652256541,0.0005184175244693163,0.021760130566391447,-0.013164974047034726,0.0
historical_mean,2026-02-27,EWX,0.004062569344703256,-0.05906694056130268,0.004062569344703256,0.0355602158473397,-0.06312950990600594,0.0
historical_mean,2026-02-27,VWOB,-0.0001151143101267077,-0.03742886388704314,-0.0001151143101267077,0.02831703091655382,-0.03731374957691643,0.0
historical_mean,2026-02-27,HYEM,-5.067753201633674e-06,-0.024402651519384255,-5.067753201633674e-06,0.024465851696778215,-0.02439758376618262,0.0
historical_mean,2026-03-31,SPY,0.00743841049511441,0.10158469057343722,0.00743841049511441,0.04380094533218517,0.0941462800783228,0.0
historical_mean,2026-03-31,MGK,0.008717209841200446,0.13945658747726553,0.008717209841200446,0.057663513967847115,0.13073937763606508,0.0
historical_mean,2026-03-31,VTV,0.006555069028038389,0.0506170669983208,0.006555069028038389,0.04005423780130565,0.044061997970282415,0.0
historical_mean,2026-03-31,IJR,0.002179760821406977,0.09942684130728341,0.002179760821406977,0.056044385336257975,0.09724708048587644,0.0
historical_mean,2026-03-31,IWM,0.0016424957460719702,0.11732924859591698,0.0016424957460719702,0.057482790683064756,0.115686752849845,0.0
historical_mean,2026-03-31,VNQ,0.0011658850817494312,0.08261211567781301,0.0011658850817494312,0.05512841278293588,0.08144623059606358,0.0
historical_mean,2026-03-31,VNQI,-0.0020710452009618054,0.05920759938488018,-0.0020710452009618054,0.04915374065698681,0.061278644585841986,0.0
historical_mean,2026-03-31,VEA,0.005177784513977376,0.07028850576993428,0.005177784513977376,0.04555243662199848,0.0651107212559569,0.0
historical_mean,2026-03-31,VWO,0.0012116732178334255,0.08686516780484332,0.0012116732178334255,0.041507722443310205,0.0856534945870099,0.0
historical_mean,2026-03-31,VSS,0.002778422954440631,0.08096490152679459,0.002778422954440631,0.046225536385739896,0.07818647857235396,0.0
historical_mean,2026-03-31,BND,-0.0025014757224939696,-0.001644084190784434,-0.0025014757224939696,0.01810880977936401,0.0008573915317095357,0.0
historical_mean,2026-03-31,IEF,-0.003247294931784937,-0.004636900424381141,-0.003247294931784937,0.021739493734252734,-0.0013896054925962038,0.0
historical_mean,2026-03-31,BNDX,-0.002646443731836125,-0.0008092670395931645,-0.002646443731836125,0.015010328743313879,0.0018371766922429607,0.0
historical_mean,2026-03-31,LQD,-0.0023619453769708884,-0.0003280238707080718,-0.0023619453769708884,0.027705872555016418,0.0020339215062628166,0.0
historical_mean,2026-03-31,HYG,0.00029900129035207075,0.012020620280474459,0.00029900129035207075,0.02164177469464109,0.011721618990122388,0.0
historical_mean,2026-03-31,EWX,0.003010410846269823,0.10571433591391832,0.003010410846269823,0.03618726996296255,0.1027039250676485,0.0
historical_mean,2026-03-31,VWOB,-0.0007370101364086482,0.020791542317250666,-0.0007370101364086482,0.0284862906540071,0.021528552453659314,0.0
historical_mean,2026-03-31,HYEM,-0.0004116941493046774,0.022278894658412263,-0.0004116941493046774,0.02446125942559684,0.02269058880771694,0.0
historical_mean,2026-04-30,SPY,0.008981792135742652,0.049483664963993146,0.008981792135742652,0.04507605874518664,0.04050187282825049,0.0
historical_mean,2026-04-30,MGK,0.010860478327037579,0.08330425574857636,0.010860478327037579,0.059580805776805634,0.07244377742153878,0.0
historical_mean,2026-04-30,VTV,0.0072773968636167885,0.021460679046998887,0.0072773968636167885,0.0401177035821421,0.0141832821833821,0.0
historical_mean,2026-04-30,IJR,0.0037739752556016724,0.008359592272450422,0.0037739752556016724,0.05695310592921334,0.00458561701684875,0.0
historical_mean,2026-04-30,IWM,0.0035389998911513967,0.04170616807391436,0.0035389998911513967,0.058894825273066186,0.038167168182762966,0.0
historical_mean,2026-04-30,VNQ,0.002501069189881621,-0.009505527770350963,0.002501069189881621,0.055652809846333355,-0.012006596960232584,0.0
historical_mean,2026-04-30,VNQI,-0.0010664772569316092,-0.02873894096208207,-0.0010664772569316092,0.049369835043637414,-0.027672463705150464,0.0
historical_mean,2026-04-30,VEA,0.006245173387025849,0.04005467192775236,0.006245173387025849,0.045934074500483174,0.03380949854072651,0.0
historical_mean,2026-04-30,VWO,0.002615828866800801,0.013087733301134774,0.002615828866800801,0.042596326253976136,0.010471904434333972,0.0
historical_mean,2026-04-30,VSS,0.00406016850480709,0.0153673341636833,0.00406016850480709,0.04691910110238484,0.01130716565887621,0.0
historical_mean,2026-04-30,BND,-0.0024874201236134855,-0.00023588979226363271,-0.0024874201236134855,0.017957604505693114,0.002251530331349853,0.0
historical_mean,2026-04-30,IEF,-0.00327007534969635,-0.0031745273257528517,-0.00327007534969635,0.02155830428903072,9.554802394349821e-05,0.0
historical_mean,2026-04-30,BNDX,-0.002616326081143618,0.005188840393763217,-0.002616326081143618,0.014886575639767741,0.007805166474906835,0.0
historical_mean,2026-04-30,LQD,-0.002328602401458383,0.005612799118414058,-0.002328602401458383,0.027475254347549594,0.007941401519872441,0.0
historical_mean,2026-04-30,HYG,0.0004911589787147328,0.0013666068307942592,0.0004911589787147328,0.021513082165906798,0.0008754478520795263,0.0
historical_mean,2026-04-30,EWX,0.004694081749018159,0.01835836502980981,0.004694081749018159,0.03821796448204132,0.01366428328079165,0.0
historical_mean,2026-04-30,VWOB,-0.0003840830470043972,0.006564291011867507,-0.0003840830470043972,0.028382076832525596,0.006948374058871904,0.0
historical_mean,2026-04-30,HYEM,-3.971728360439966e-05,0.00658729224447252,-3.971728360439966e-05,0.024429920860436004,0.0066270095280769195,0.0
positive_no_prior,2025-05-30,SPY,0.007317202496114117,0.04769511906164903,0.007786740036916181,0.047745995476453654,0.04037791656553491,0.0004695375408020645
positive_no_prior,2025-05-30,MGK,0.009610770673104944,0.06034673392230827,0.009482252617258519,0.06314216828317809,0.05073596324920333,-0.00012851805584642578
positive_no_prior,2025-05-30,VTV,0.005312478651329571,0.0332330912657377,0.006113384714884365,0.04639462398850986,0.027920612614408133,0.0008009060635547939
positive_no_prior,2025-05-30,IJR,-0.00041575730887501996,0.03734736300075814,0.001726164526802445,0.06764760011379284,0.03776312030963316,0.002141921835677465
positive_no_prior,2025-05-30,IWM,-0.0015216367751140637,0.05147995646827952,0.0001723216611631516,0.06869722312588951,0.05300159324339358,0.0016939584362772153
positive_no_prior,2025-05-30,VNQ,0.0013147227365438608,0.0033500785292834845,0.00021026203632805158,0.061939348512860704,0.002035355792739624,-0.0011044607002158092
positive_no_prior,2025-05-30,VNQI,-0.003141402592921254,0.04115888912622401,-0.0021642626702060228,0.05142767308611661,0.04430029171914526,0.0009771399227152312
positive_no_prior,2025-05-30,VEA,0.003213867729195683,0.030256851306093457,0.004794816228719844,0.05087705477106607,0.027042983576897776,0.0015809484995241607
positive_no_prior,2025-05-30,VWO,-0.0013812432635037686,0.05168209224062714,0.00048236598059299245,0.04647787393366938,0.053063335504130914,0.001863609244096761
positive_no_prior,2025-05-30,VSS,0.00044890942076046157,0.054769444558085745,0.0014742444124553594,0.0497460754516517,0.054320535137325286,0.0010253349916948978
positive_no_prior,2025-05-30,BND,-0.003237055002469442,0.011602274676301816,-0.0032157523035732587,0.018785208960657662,0.014839329678771258,2.13026988961835e-05
positive_no_prior,2025-05-30,IEF,-0.0040674968930327,0.012452491537882304,-0.0039362809416064095,0.023514901106041982,0.016519988430915004,0.00013121595142629068
positive_no_prior,2025-05-30,BNDX,-0.0027348125869511297,-0.0001381150801093023,-0.0022403846626057777,0.016401783262929348,0.0025966975068418274,0.000494427924345352
positive_no_prior,2025-05-30,LQD,-0.003152480733546488,0.01724059290590274,-0.0026862010189073046,0.02944849645851624,0.020393073639449227,0.00046627971463918333
positive_no_prior,2025-05-30,HYG,5.2760762575032596e-05,0.014810137654057698,0.0005013927541491746,0.02579226971539368,0.014757376891482665,0.000448631991574142
positive_no_prior,2025-05-30,EWX,0.0014349156952656505,0.05043478917948763,0.0024456312838291075,0.03958541578155944,0.048999873484221974,0.001010715588563457
positive_no_prior,2025-05-30,VWOB,-0.001725584997727383,0.021275025282161186,-0.0009515985365002312,0.030681923231850317,0.02300061027988857,0.0007739864612271518
positive_no_prior,2025-05-30,HYEM,-0.0011012187111369331,0.014454903619178339,-0.0008422603807553271,0.029588493087499734,0.015556122330315272,0.0002589583303816061
positive_no_prior,2025-06-30,SPY,0.008108926350340292,0.01908467259702551,0.00875198830991513,0.042367790333379146,0.010975746246685217,0.0006430619595748383
positive_no_prior,2025-06-30,MGK,0.010605593481912853,0.03526188252947149,0.010430503540065209,0.05760861417351272,0.024656289047558635,-0.00017508994184764481
positive_no_prior,2025-06-30,VTV,0.005859941643768946,-0.002167296399311236,0.005714091373016495,0.03902536955609474,-0.00802723804308018,-0.0001458502707524503
positive_no_prior,2025-06-30,IJR,0.0003246960305295518,0.005165530187941636,-0.0007268933618073245,0.05588153070203399,0.004840834157412084,-0.0010515893923368762
positive_no_prior,2025-06-30,IWM,-0.0004823898487730129,0.012760607343994756,-0.0010375592270062109,0.0582057458190266,0.01324299719276777,-0.0005551693782331979
positive_no_prior,2025-06-30,VNQ,0.0013546316736564024,-0.0029632780526935854,-0.0009445974770087428,0.05323602286971931,-0.004317909726349988,-0.002299229150665145
positive_no_prior,2025-06-30,VNQI,-0.0022727694219576216,-0.023931985253554888,-0.003243806765865186,0.044152385617020506,-0.021659215831597266,-0.0009710373439075644
positive_no_prior,2025-06-30,VEA,0.003744122309134855,-0.01766175570590245,0.005017689188712292,0.042859951479383054,-0.021405878015037304,0.0012735668795774368
positive_no_prior,2025-06-30,VWO,-0.0003407857045992409,0.002989658374459969,0.0009276667014864388,0.040783638275079435,0.0033304440790592102,0.0012684524060856796
positive_no_prior,2025-06-30,VSS,0.001514017952864879,-0.009120730437294888,0.0005342211099359066,0.04315883837470567,-0.010634748390159767,-0.0009797968429289723
positive_no_prior,2025-06-30,BND,-0.002946087753866084,-0.006504632044136427,-0.0028377439340916003,0.017535245608865803,-0.0035585442902703428,0.00010834381977448387
positive_no_prior,2025-06-30,IEF,-0.0037435755512500533,-0.00977429711868305,-0.003207130680033267,0.02125577494152929,-0.0060307215674329975,0.0005364448712167863
positive_no_prior,2025-06-30,BNDX,-0.0026838969495620742,-0.00498710657025403,-0.0027663266692804357,0.01423197179790727,-0.0023032096206919554,-8.242971971836148e-05
positive_no_prior,2025-06-30,LQD,-0.0027526165445376795,-0.004751878550950606,-0.0035044950681895597,0.02665057645671662,-0.001999262006412926,-0.0007518785236518802
positive_no_prior,2025-06-30,HYG,0.0003421210937805751,-0.002505544256353631,0.00019669472664343016,0.02065056051958909,-0.0028476653501342064,-0.00014542636713714492
positive_no_prior,2025-06-30,EWX,0.002395697528289611,0.003689786989881094,0.0021435319349002884,0.035431638447601346,0.0012940894615914834,-0.00025216559338932243
positive_no_prior,2025-06-30,VWOB,-0.0012745926392981953,0.003448378263515961,-0.0016919367186331922,0.02767992083119031,0.004722970902814157,-0.00041734407933499695
positive_no_prior,2025-06-30,HYEM,-0.0007961967046601631,0.0052854367518158085,4.971094930885343e-05,0.024632197055274828,0.006081633456475972,0.0008459076539690165
positive_no_prior,2025-07-31,SPY,0.008319998393545776,0.01702595928567807,0.009930289159701986,0.0378577874929126,0.008705960892132296,0.00161029076615621
positive_no_prior,2025-07-31,MGK,0.011079752886673596,0.005506659536577585,0.011560682834568846,0.05388632053602428,-0.005573093350096011,0.00048092994789524987
positive_no_prior,2025-07-31,VTV,0.0057055716814020194,0.03136457393982228,0.006678967790494803,0.03676733788842951,0.025659002258420265,0.0009733961090927839
positive_no_prior,2025-07-31,IJR,0.0004177889950951688,0.06670214284372133,0.004265000429315827,0.04839145162695707,0.06628435384862616,0.0038472114342206587
positive_no_prior,2025-07-31,IWM,-0.00022771682583517123,0.06825711678016222,0.0003769201956928138,0.05254935667667151,0.06848483360599739,0.000604637021527985
positive_no_prior,2025-07-31,VNQ,0.0012715949481496719,0.031234506481848445,0.0019393930503913603,0.048616308103242974,0.029962911533698774,0.0006677981022416885
positive_no_prior,2025-07-31,VNQI,-0.002689292803334492,0.03800885965747658,-0.004876164963660297,0.04187877308868887,0.04069815246081107,-0.002186872160325805
positive_no_prior,2025-07-31,VEA,0.003332470808845676,0.040715343672140136,0.002396628918664848,0.03820361330063381,0.03738287286329446,-0.0009358418901808281
positive_no_prior,2025-07-31,VWO,-0.0002767387030788715,0.03119670619044923,0.0009773719963992124,0.038550786028433794,0.0314734448935281,0.0012541106994780839
positive_no_prior,2025-07-31,VSS,0.0013095035607464218,0.04570476560415426,0.00027037619822607543,0.038986128194301445,0.04439526204340784,-0.0010391273625203464
positive_no_prior,2025-07-31,BND,-0.0030145212979097447,0.008078120866885197,-0.0030911927452431545,0.016415066291550304,0.011092642164794941,-7.667144733340984e-05
positive_no_prior,2025-07-31,IEF,-0.0038595509660083803,0.013001796164747947,-0.004446788491443564,0.020094970538766542,0.016861347130756328,-0.0005872375254351836
positive_no_prior,2025-07-31,BNDX,-0.002728189442267689,-0.002067319775812204,-0.0027548637023307038,0.013000959328028463,0.0006608696664554847,-2.667426006301493e-05
positive_no_prior,2025-07-31,LQD,-0.002791063890814851,0.0069765482555901315,-0.0030011043849668966,0.024905374976371505,0.009767612146404982,-0.00021004049415204555
positive_no_prior,2025-07-31,HYG,0.0002873582985856865,0.007592278645943473,0.00035796547742769234,0.018722353047125044,0.007304920347357787,7.060717884200586e-05
positive_no_prior,2025-07-31,EWX,0.002420583864089447,0.059400893238615415,0.0006909878969557043,0.031123996360799298,0.056980309374525966,-0.0017295959671337429
positive_no_prior,2025-07-31,VWOB,-0.0011837662757825385,0.013654429789281775,-0.0015125527112738741,0.024501689281243154,0.014838196065064313,-0.00032878643549133567
positive_no_prior,2025-07-31,HYEM,-0.0006792422151125483,0.015516857251125726,0.0021594150105682143,0.023156151790465665,0.016196099466238276,0.0028386572256807628
positive_no_prior,2025-08-29,SPY,0.008484261806604877,0.03208906394277711,0.009161407822005358,0.03427808385957076,0.02360480213617223,0.0006771460154004812
positive_no_prior,2025-08-29,MGK,0.010974600181954803,0.04538102472427963,0.013009901048891166,0.04753510167145026,0.03440642454232483,0.0020353008669363633
positive_no_prior,2025-08-29,VTV,0.00618970379948542,0.019529753810910266,0.00758108115501407,0.032168830065743594,0.013340050011424846,0.00139137735552865
positive_no_prior,2025-08-29,IJR,0.001668437180918304,0.007030856049952794,0.002140196516998728,0.044818212934252595,0.00536241886903449,0.0004717593360804241
positive_no_prior,2025-08-29,IWM,0.0010644498459761002,0.028272862598571757,0.0019672141358971825,0.04531734601755982,0.027208412752595657,0.0009027642899210823
positive_no_prior,2025-08-29,VNQ,0.0018369329016156865,-0.002835540326792896,0.005540920901573768,0.04299453178899871,-0.004672473228408582,0.0037039879999580818
positive_no_prior,2025-08-29,VNQI,-0.0019214031342625851,0.010131917120224765,0.0015832832757270694,0.03706593470249575,0.01205332025448735,0.0035046864099896546
positive_no_prior,2025-08-29,VEA,0.0040378080326814204,0.022001068135094393,0.006639058628624619,0.03390835032479091,0.017963260102412972,0.0026012505959431987
positive_no_prior,2025-08-29,VWO,0.00031709987981788515,0.053275426570534856,0.00381301780921713,0.03506451463609804,0.05295832669071697,0.003495917929399245
positive_no_prior,2025-08-29,VSS,0.002147150014395626,0.018182193335737562,0.0035212823291993277,0.03464802836645899,0.016035043321341935,0.0013741323148037015
positive_no_prior,2025-08-29,BND,-0.0028052261627249343,0.007605185555678684,-0.0013730501260219717,0.013625629518009377,0.01041041171840362,0.0014321760367029626
positive_no_prior,2025-08-29,IEF,-0.00354141234089977,0.0030789765395491386,-0.00203547400674687,0.0165151636098906,0.006620388880448909,0.0015059383341528999
positive_no_prior,2025-08-29,BNDX,-0.0027157202032779626,0.0018362952066057758,-0.0019470455441088742,0.012310685361165988,0.0045520154098837385,0.0007686746591690885
positive_no_prior,2025-08-29,LQD,-0.002606769322014757,0.015298491121950697,-0.0015230458929322466,0.020674761666733668,0.017905260443965454,0.0010837234290825104
positive_no_prior,2025-08-29,HYG,0.00042518698438489,0.005419530370210479,0.0016413805150401204,0.017046359976001794,0.004994343385825589,0.0012161935306552304
positive_no_prior,2025-08-29,EWX,0.0034956840409672957,0.00934001338555035,0.0030505106768917906,0.031228661472565162,0.005844329344583054,-0.0004451733640755051
positive_no_prior,2025-08-29,VWOB,-0.000903800312290759,0.011313877152875351,0.0013967072242733148,0.021935262092433887,0.01221767746516611,0.002300507536564074
positive_no_prior,2025-08-29,HYEM,-0.000373655432730694,-0.003310550556556602,0.0024719949567587546,0.021264160036799512,-0.002936895123825908,0.0028456503894894484
positive_no_prior,2025-09-30,SPY,0.008921387772089548,0.02028375894432366,0.011220477909131164,0.041735505598795485,0.011362371172234112,0.002299090137041616
positive_no_prior,2025-09-30,MGK,0.011611756191997856,0.04184616666398688,0.01373604558888049,0.0539124371222211,0.030234410471989027,0.002124289396882634
positive_no_prior,2025-09-30,VTV,0.0064367417626599545,-0.007371739211896489,0.008764337725523184,0.040019973409861354,-0.013808480974556444,0.0023275959628632293
positive_no_prior,2025-09-30,IJR,0.0017677412340485724,-0.012108590721114587,0.004738338535193268,0.05885718945408746,-0.013876331955163159,0.0029705973011446957
positive_no_prior,2025-09-30,IWM,0.0015683093413945384,0.014115453040836279,0.004727457460241806,0.06036032722414443,0.01254714369944174,0.003159148118847267
positive_no_prior,2025-09-30,VNQ,0.00175040561960812,-0.027888055765740494,0.0027984678579023536,0.051726272083513165,-0.029638461385348612,0.0010480622382942335
positive_no_prior,2025-09-30,VNQI,-0.0016981934999202267,-0.015995303603671296,-0.0006188233382798862,0.04362709092914368,-0.014297110103751069,0.0010793701616403405
positive_no_prior,2025-09-30,VEA,0.00437046099754092,0.014158067636574012,0.006383391567337805,0.04195041861087412,0.009787606639033091,0.0020129305697968846
positive_no_prior,2025-09-30,VWO,0.0012978096333496809,0.01105958429806142,0.0036333885383319276,0.038847723267799394,0.00976177466471174,0.0023355789049822467
positive_no_prior,2025-09-30,VSS,0.0024440952610871435,-0.004799080760367169,0.0025086326753332674,0.04133930292566031,-0.007243176021454313,6.453741424612388e-05
positive_no_prior,2025-09-30,BND,-0.002612440760532275,0.002537797325417923,-0.0009266848030292376,0.01617463518512791,0.005150238085950198,0.0016857559575030373
positive_no_prior,2025-09-30,IEF,-0.003418812546817383,0.0036171952388968087,-0.0018723430616473192,0.01939234002476259,0.007036007785714192,0.0015464694851700636
positive_no_prior,2025-09-30,BNDX,-0.002631423621613449,0.006523664675198493,-0.001383826826309847,0.013352525331070576,0.009155088296811942,0.001247596795303602
positive_no_prior,2025-09-30,LQD,-0.0022751904249042857,-0.0019813075408361414,-0.00022443224843290543,0.024436084675697675,0.0002938828840681443,0.0020507581764713802
positive_no_prior,2025-09-30,HYG,0.0005176748248631416,-0.003581832310472044,0.002053267427477559,0.0201818292907458,-0.004099507135335185,0.0015355926026144175
positive_no_prior,2025-09-30,EWX,0.003603912362163278,-0.003915097877319473,0.004459048295696998,0.03452886359295892,-0.007519010239482751,0.0008551359335337203
positive_no_prior,2025-09-30,VWOB,-0.000677547025898794,0.017691150240358278,0.0013522935430264641,0.026658130130519066,0.018368697266257072,0.0020298405689252582
positive_no_prior,2025-09-30,HYEM,-0.0004280423794682108,0.00027660203614199297,0.0016162739972347129,0.02375041539699196,0.0007046444156102037,0.0020443163767029236
positive_no_prior,2025-10-31,SPY,0.00912797633885744,-0.001039617729681419,0.01312144075253759,0.03632561159469196,-0.010167594068538859,0.0039934644136801496
positive_no_prior,2025-10-31,MGK,0.01216147274603402,-0.018174122322586972,0.019591430541125856,0.050792317380114735,-0.03033559506862099,0.007429957795091835
positive_no_prior,2025-10-31,VTV,0.006185678472213474,0.02234958180665636,0.008466969063237304,0.03385296739335125,0.016163903334442887,0.0022812905910238298
positive_no_prior,2025-10-31,IJR,0.0015154442894092421,0.022999546830901885,0.00416726687814938,0.049219844701611996,0.021484102541492644,0.0026518225887401377
positive_no_prior,2025-10-31,IWM,0.0017964392268389336,0.007219933427264902,0.0058464230303617954,0.048434514074613105,0.005423494200425968,0.004049983803522862
positive_no_prior,2025-10-31,VNQ,0.0012115245035108726,0.02116455054555555,0.004448647713965784,0.0451011741134225,0.019953026042044675,0.0032371232104549115
positive_no_prior,2025-10-31,VNQI,-0.0019581409563520645,0.011398276316832767,0.002791590995248419,0.03903598144995576,0.013356417273184831,0.004749731951600483
positive_no_prior,2025-10-31,VEA,0.004548417481886976,0.006662577508105283,0.008380260062849839,0.03680397741124901,0.0021141600262183065,0.0038318425809628623
positive_no_prior,2025-10-31,VWO,0.0014752964454353488,-0.015135981764385575,0.008052889676528698,0.03944941319480906,-0.016611278209820925,0.006577593231093349
positive_no_prior,2025-10-31,VSS,0.0023124011516061564,0.006820955763576553,0.005232795074245956,0.03739838347502964,0.004508554611970396,0.0029203939226397995
positive_no_prior,2025-10-31,BND,-0.002518800068060453,0.00297114143881938,-0.00123527030028375,0.015089492654146866,0.005489941506879833,0.001283529767776703
positive_no_prior,2025-10-31,IEF,-0.0032908851325316704,0.00686801303321638,-0.002249137493090898,0.01807539501454194,0.01015889816574805,0.0010417476394407725
positive_no_prior,2025-10-31,BNDX,-0.002464967470762323,-0.004807659780811324,-0.0005968293333688266,0.012548283434927006,-0.002342692310049001,0.0018681381373934964
positive_no_prior,2025-10-31,LQD,-0.00226984709973941,0.006300096794094712,-0.0001989467503705298,0.022178362673256093,0.008569943893834121,0.0020709003493688803
positive_no_prior,2025-10-31,HYG,0.000443138331493411,0.004457641722011463,0.0024248980915447596,0.018143160757634495,0.004014503390518052,0.0019817597600513487
positive_no_prior,2025-10-31,EWX,0.0034672030850817735,-0.016176668191666965,0.006769163621901893,0.03456859535744788,-0.01964387127674874,0.0033019605368201192
positive_no_prior,2025-10-31,VWOB,-0.0003435707119668472,0.0006545758910070365,0.0022246726612605563,0.023034477731203665,0.0009981466029738836,0.0025682433732274034
positive_no_prior,2025-10-31,HYEM,-0.0004152306628207526,-0.0021992661278306125,0.0029237876281737653,0.02258694492922652,-0.0017840354650098598,0.003339018290994518
positive_no_prior,2025-11-28,SPY,0.008946412159062103,-0.0024606389596457667,0.010780870066264752,0.0347253029930589,-0.01140705111870787,0.0018344579072026492
positive_no_prior,2025-11-28,MGK,0.011619765691237216,-0.006014656315694422,0.013876490321775185,0.04852892928333509,-0.01763442200693164,0.002256724630537969
positive_no_prior,2025-11-28,VTV,0.006474319603185668,0.004591005630098177,0.008731966692253623,0.0330400818959166,-0.001883313973087491,0.002257647089067955
positive_no_prior,2025-11-28,IJR,0.0018990889776501821,-0.0043423583691276635,0.0044496961346254275,0.05040911426261749,-0.006241447346777846,0.002550607156975245
positive_no_prior,2025-11-28,IWM,0.0018932873375608259,-0.010325989693845572,0.005486950029248623,0.05104008199281073,-0.012219277031406397,0.0035936626916877965
positive_no_prior,2025-11-28,VNQ,0.0015678285399759562,-0.02554537559841752,0.006586317402937808,0.04650534636602956,-0.027113204138393476,0.005018488862961851
positive_no_prior,2025-11-28,VNQI,-0.0017196335050451924,0.0008944661826628675,0.003465962273052566,0.03749146359293841,0.0026140996877080597,0.005185595778097758
positive_no_prior,2025-11-28,VEA,0.004586170339498018,0.02842462799248069,0.009260274605195722,0.03429282516205211,0.023838457652982672,0.004674104265697704
positive_no_prior,2025-11-28,VWO,0.0011786664774028324,0.006231798598067773,0.004607571139338337,0.037313356923143214,0.00505313212066494,0.0034289046619355047
positive_no_prior,2025-11-28,VSS,0.002392911055391342,0.01745648547983225,0.005831893619037018,0.03405811766653369,0.01506357442444091,0.0034389825636456763
positive_no_prior,2025-11-28,BND,-0.002420765398294742,-0.00624728267814989,-0.00042171345988677774,0.01392919044474678,-0.0038265172798551484,0.001999051938407964
positive_no_prior,2025-11-28,IEF,-0.003109476236714741,-0.010842523271658244,-0.0004734842875576202,0.01688772877337543,-0.007733047034943503,0.002635991949157121
positive_no_prior,2025-11-28,BNDX,-0.002506801262013198,-0.00843043234441343,-0.0013074038214880683,0.012801748354972756,-0.005923631082400232,0.0011993974405251297
positive_no_prior,2025-11-28,LQD,-0.0021168123873495153,-0.010606184040828248,0.0008809982419272755,0.021044545079564193,-0.008489371653478732,0.002997810629276791
positive_no_prior,2025-11-28,HYG,0.0005148258920383762,0.0016540803164204476,0.00224180525740919,0.01718320612609478,0.0011392544243820713,0.0017269793653708135
positive_no_prior,2025-11-28,EWX,0.003116419669425546,0.005526301936131128,0.004749912316813456,0.032165935461728766,0.0024098822667055824,0.00163349264738791
positive_no_prior,2025-11-28,VWOB,-0.00032574666548517074,-0.0012631324755422169,0.002667181434425731,0.02223998347607457,-0.0009373858100570462,0.0029929280999109018
positive_no_prior,2025-11-28,HYEM,-0.000447088438981643,0.006456216930834868,0.001566530797567883,0.021536571979483127,0.006903305369816511,0.002013619236549526
positive_no_prior,2025-12-31,SPY,0.008746288455225123,0.011594066475381304,0.01108914541022284,0.03682544716427082,0.002847778020156181,0.002342856954997717
positive_no_prior,2025-12-31,MGK,0.011310389866554206,-0.01981088189923419,0.011305753949913209,0.05223368759627161,-0.031121271765788397,-4.635916640996843e-06
positive_no_prior,2025-12-31,VTV,0.00644127900716659,0.04262615110326995,0.010341487321864115,0.032967903431898635,0.03618487209610336,0.0039002083146975255
positive_no_prior,2025-12-31,IJR,0.0017895899013909218,0.05372327844739844,0.0044568405434775886,0.04824574395815113,0.051933688546007516,0.0026672506420866667
positive_no_prior,2025-12-31,IWM,0.0016789140563080822,0.05153392029332182,0.006565702465801087,0.05153879839674849,0.04985500623701374,0.004886788409493004
positive_no_prior,2025-12-31,VNQ,0.0010921582919339653,0.0229258613639709,0.004703339502243043,0.0451665255057727,0.021833703072036935,0.003611181210309078
positive_no_prior,2025-12-31,VNQI,-0.0016737721070152263,0.04257155181000494,0.0013830643160503834,0.03834628684041942,0.044245323917020164,0.0030568364230656097
positive_no_prior,2025-12-31,VEA,0.005004388894813503,0.05642561347994279,0.009074185963125508,0.03650744822995114,0.051421224585129294,0.004069797068312005
positive_no_prior,2025-12-31,VWO,0.0012673179181162523,0.04715510460279937,0.004976021022009095,0.03616532999426777,0.045887786684683116,0.0037087031038928425
positive_no_prior,2025-12-31,VSS,0.002657184290907849,0.06068200468583562,0.004816918838260558,0.0364179782323462,0.058024820394927776,0.002159734547352709
positive_no_prior,2025-12-31,BND,-0.0024878972803974637,-0.0009446630105405251,-0.0011276596780870087,0.01526707352789286,0.0015432342698569385,0.001360237602310455
positive_no_prior,2025-12-31,IEF,-0.003245143728555855,-0.005378931439972923,-0.001682132251119507,0.018269016095509193,-0.0021337877114170675,0.0015630114774363483
positive_no_prior,2025-12-31,BNDX,-0.0026107246143360087,0.002059820670583523,-0.002133223943567033,0.012360179518466189,0.004670545284919532,0.0004775006707689756
positive_no_prior,2025-12-31,LQD,-0.0022657487321473876,0.0003398451129934532,-0.0005484350452701504,0.02230066378807645,0.002605593845140841,0.0017173136868772372
positive_no_prior,2025-12-31,HYG,0.0005348128117643775,0.0029604455586125233,0.0027039243970329216,0.017519722439550404,0.002425632746848146,0.002169111585268544
positive_no_prior,2025-12-31,EWX,0.0031586983056835385,0.02711570928152862,0.003718715916066804,0.03221397128574192,0.023957010975845083,0.0005600176103832655
positive_no_prior,2025-12-31,VWOB,-0.0003421920305738908,0.0003023714262653243,0.0024684022043295743,0.02347173266174355,0.0006445634568392151,0.002810594234903465
positive_no_prior,2025-12-31,HYEM,-0.00032597781845854624,0.01193825183971775,0.0031006294304522656,0.02169554784061965,0.012264229658176296,0.003426607248910812
positive_no_prior,2026-01-30,SPY,0.0087953880762623,-0.011463064459755201,0.011305195931866205,0.03744928785548283,-0.0202584525360175,0.0025098078556039047
positive_no_prior,2026-01-30,MGK,0.010773816215419922,-0.049282081977910286,0.010767849272683693,0.05285682166720709,-0.06005589819333021,-5.9669427362289695e-06
positive_no_prior,2026-01-30,VTV,0.00706515611227182,0.03464425383897951,0.009882985147769405,0.031499143478947125,0.02757909772670769,0.002817829035497585
positive_no_prior,2026-01-30,IJR,0.002684998324597948,0.018113075612949725,0.0064948760550577475,0.047442428832256626,0.015428077288351777,0.0038098777304597996
positive_no_prior,2026-01-30,IWM,0.0025384831293600433,0.003913446654500996,0.004645541363109082,0.049674867781542766,0.0013749635251409527,0.002107058233749039
positive_no_prior,2026-01-30,VNQ,0.0014686014483483952,0.05085567147315495,0.005334231027656698,0.044622962787920786,0.04938707002480656,0.003865629579308303
positive_no_prior,2026-01-30,VNQI,-0.0009109216946528097,0.05477043858428532,0.004321866675381773,0.03843037215239241,0.05568136027893813,0.005232788370034582
positive_no_prior,2026-01-30,VEA,0.005890961732488146,0.05800790565870817,0.012575074508376891,0.036511161741988145,0.05211694392622002,0.0066841127758887455
positive_no_prior,2026-01-30,VWO,0.0020584866540590647,0.025936988754007295,0.008202497959246255,0.033340181892496365,0.02387850209994823,0.00614401130518719
positive_no_prior,2026-01-30,VSS,0.003657612228751431,0.046521625760379104,0.007471552931962734,0.03746790171078465,0.04286401353162767,0.0038139407032113026
positive_no_prior,2026-01-30,BND,-0.002461289792986137,0.013125538032234596,-0.0010594753176896422,0.014590668979964656,0.015586827825220733,0.0014018144752964948
positive_no_prior,2026-01-30,IEF,-0.0032819331718561494,0.02178389001983616,-0.0017722355632747704,0.01776367659429734,0.02506582319169231,0.001509697608581379
positive_no_prior,2026-01-30,BNDX,-0.0025301979714925688,0.01242298193585456,-0.0023320470980865106,0.011965830669720831,0.014953179907347128,0.00019815087340605822
positive_no_prior,2026-01-30,LQD,-0.0022208247003346147,0.010894680719308658,0.0006145653505807611,0.0216232830123052,0.013115505419643273,0.0028353900509153758
positive_no_prior,2026-01-30,HYG,0.0005766340660203799,-0.0028581418854923824,0.002381242848716101,0.017299737252526107,-0.0034347759515127624,0.0018046087826957208
positive_no_prior,2026-01-30,EWX,0.003571750219060178,0.03253007863200175,0.004987430625496588,0.03180170028737325,0.02895832841294157,0.00141568040643641
positive_no_prior,2026-01-30,VWOB,-0.0003310788675249388,0.012410830018970698,0.002669604015846523,0.02327595366555051,0.012741908886495637,0.003000682883371462
positive_no_prior,2026-01-30,HYEM,-0.00011452558297274804,0.006343486373523,0.002296725813642585,0.021703388890362583,0.006458011956495748,0.002411251396615333
positive_no_prior,2026-02-27,SPY,0.008452024473956918,-0.05236481425659356,0.007220418259784663,0.034742308645861884,-0.06081683873055048,-0.0012316062141722551
positive_no_prior,2026-02-27,MGK,0.009755919635871952,-0.05256666804441845,0.007152443465991733,0.04876419726245225,-0.062322587680290406,-0.0026034761698802197
positive_no_prior,2026-02-27,VTV,0.0075325984466227975,-0.05111916666844174,0.010092555746099227,0.03364819295183077,-0.058651765115064536,0.0025599572994764296
positive_no_prior,2026-02-27,IJR,0.0029464911599937408,-0.0430573291552121,0.007044513747410244,0.04673811271492671,-0.04600382031520584,0.004098022587416502
positive_no_prior,2026-02-27,IWM,0.002561787595887856,-0.052595723393065286,0.006844970250310428,0.04876167755252379,-0.05515751098895314,0.0042831826544225725
positive_no_prior,2026-02-27,VNQ,0.002305670431819693,-0.066081450572396,0.004074506723968439,0.04540663628349302,-0.06838712100421569,0.0017688362921487464
positive_no_prior,2026-02-27,VNQI,3.283017448173479e-05,-0.1261996923521307,0.004832568755546827,0.037917798359531796,-0.12623252252661243,0.004799738581065092
positive_no_prior,2026-02-27,VEA,0.006774299765135943,-0.0890166153043781,0.01459166880882902,0.03608429530426665,-0.09579091506951404,0.007817369043693078
positive_no_prior,2026-02-27,VWO,0.0024632070286344583,-0.07262882161942752,0.011520388884527213,0.03483557713606761,-0.07509202864806198,0.009057181855892755
positive_no_prior,2026-02-27,VSS,0.004384120932677324,-0.09195775776152426,0.012147234318247612,0.03683661978175367,-0.09634187869420159,0.007763113385570288
positive_no_prior,2026-02-27,BND,-0.0021971062705247687,-0.020459273388676813,-0.00040958613780848986,0.014276746924970047,-0.018262167118152043,0.0017875201327162788
positive_no_prior,2026-02-27,IEF,-0.0028570887109800086,-0.02626946195927571,-0.0009833794873022126,0.017620463468106053,-0.0234123732482957,0.001873709223677796
positive_no_prior,2026-02-27,BNDX,-0.002276754244249397,-0.02445812349945309,-0.0009062901531603355,0.012464682602443612,-0.02218136925520369,0.0013704640910890615
positive_no_prior,2026-02-27,LQD,-0.0019985279983067627,-0.02380357071815431,-0.0003028640991837421,0.021341765987785442,-0.021805042719847546,0.0016956638991230206
positive_no_prior,2026-02-27,HYG,0.0005184175244693163,-0.01264655652256541,0.001135586266297341,0.01692286923244096,-0.013164974047034726,0.0006171687418280248
positive_no_prior,2026-02-27,EWX,0.004062569344703256,-0.05906694056130268,0.009416526609245659,0.03061871266340698,-0.06312950990600594,0.005353957264542403
positive_no_prior,2026-02-27,VWOB,-0.0001151143101267077,-0.03742886388704314,0.0024151528131188334,0.022083949808533808,-0.03731374957691643,0.002530267123245541
positive_no_prior,2026-02-27,HYEM,-5.067753201633674e-06,-0.024402651519384255,0.002148056470658583,0.020235758667549085,-0.02439758376618262,0.0021531242238602166
positive_no_prior,2026-03-31,SPY,0.00743841049511441,0.10158469057343722,0.007616822491673361,0.035614292423059704,0.0941462800783228,0.00017841199655895153
positive_no_prior,2026-03-31,MGK,0.008717209841200446,0.13945658747726553,0.01228307397100568,0.0485455160409586,0.13073937763606508,0.0035658641298052345
positive_no_prior,2026-03-31,VTV,0.006555069028038389,0.0506170669983208,0.0047399890994405175,0.033869201325840974,0.044061997970282415,-0.0018150799285978712
positive_no_prior,2026-03-31,IJR,0.002179760821406977,0.09942684130728341,-0.0004449341714741605,0.04618349691739344,0.09724708048587644,-0.0026246949928811374
positive_no_prior,2026-03-31,IWM,0.0016424957460719702,0.11732924859591698,0.0004576316088362581,0.0480295975226905,0.115686752849845,-0.001184864137235712
positive_no_prior,2026-03-31,VNQ,0.0011658850817494312,0.08261211567781301,-0.0006585652831298582,0.04282228965896226,0.08144623059606358,-0.0018244503648792894
positive_no_prior,2026-03-31,VNQI,-0.0020710452009618054,0.05920759938488018,0.0019294732513002407,0.04070121094417327,0.061278644585841986,0.004000518452262046
positive_no_prior,2026-03-31,VEA,0.005177784513977376,0.07028850576993428,0.00882848905493052,0.037339592013095196,0.0651107212559569,0.0036507045409531445
positive_no_prior,2026-03-31,VWO,0.0012116732178334255,0.08686516780484332,0.005043695195290888,0.03481955180837728,0.0856534945870099,0.003832021977457462
positive_no_prior,2026-03-31,VSS,0.002778422954440631,0.08096490152679459,0.006761176200051181,0.03740750428032337,0.07818647857235396,0.00398275324561055
positive_no_prior,2026-03-31,BND,-0.0025014757224939696,-0.001644084190784434,-0.0007476930982490359,0.0136712638037467,0.0008573915317095357,0.0017537826242449337
positive_no_prior,2026-03-31,IEF,-0.003247294931784937,-0.004636900424381141,-0.0015608274494632386,0.01650612040033258,-0.0013896054925962038,0.0016864674823216983
positive_no_prior,2026-03-31,BNDX,-0.002646443731836125,-0.0008092670395931645,-0.0012607681281615365,0.01127239661987545,0.0018371766922429607,0.0013856756036745887
positive_no_prior,2026-03-31,LQD,-0.0023619453769708884,-0.0003280238707080718,-1.6942508320411196e-05,0.020216221790058636,0.0020339215062628166,0.002345002868650477
positive_no_prior,2026-03-31,HYG,0.00029900129035207075,0.012020620280474459,0.0006811958926576633,0.01625311138799113,0.011721618990122388,0.00038219460230559253
positive_no_prior,2026-03-31,EWX,0.003010410846269823,0.10571433591391832,0.0043134646761229705,0.03194016674874419,0.1027039250676485,0.0013030538298531473
positive_no_prior,2026-03-31,VWOB,-0.0007370101364086482,0.020791542317250666,0.0014174455141840318,0.022129793562162464,0.021528552453659314,0.00215445565059268
positive_no_prior,2026-03-31,HYEM,-0.0004116941493046774,0.022278894658412263,0.0010230966051908658,0.02074843749704773,0.02269058880771694,0.001434790754495543
positive_no_prior,2026-04-30,SPY,0.008981792135742652,0.049483664963993146,0.00977321534009303,0.036793558197917374,0.04050187282825049,0.0007914232043503781
positive_no_prior,2026-04-30,MGK,0.010860478327037579,0.08330425574857636,0.01471227873707435,0.05381937215856656,0.07244377742153878,0.003851800410036771
positive_no_prior,2026-04-30,VTV,0.0072773968636167885,0.021460679046998887,0.005121010756169471,0.03656887734416364,0.0141832821833821,-0.0021563861074473173
positive_no_prior,2026-04-30,IJR,0.0037739752556016724,0.008359592272450422,0.00015294650218108594,0.05133456366165239,0.00458561701684875,-0.0036210287534205864
positive_no_prior,2026-04-30,IWM,0.0035389998911513967,0.04170616807391436,0.0028299937874762975,0.05134275676708771,0.038167168182762966,-0.0007090061036750992
positive_no_prior,2026-04-30,VNQ,0.002501069189881621,-0.009505527770350963,0.0020337748797210216,0.04714197201128956,-0.012006596960232584,-0.0004672943101605995
positive_no_prior,2026-04-30,VNQI,-0.0010664772569316092,-0.02873894096208207,-0.0018051797250758297,0.04561792684292895,-0.027672463705150464,-0.0007387024681442206
positive_no_prior,2026-04-30,VEA,0.006245173387025849,0.04005467192775236,0.005973850698169927,0.040576829060775595,0.03380949854072651,-0.000271322688855922
positive_no_prior,2026-04-30,VWO,0.002615828866800801,0.013087733301134774,0.004385190573948043,0.039300017489662706,0.010471904434333972,0.0017693617071472423
positive_no_prior,2026-04-30,VSS,0.00406016850480709,0.0153673341636833,0.004051769935209786,0.041666025215926335,0.01130716565887621,-8.398569597303958e-06
positive_no_prior,2026-04-30,BND,-0.0024874201236134855,-0.00023588979226363271,-0.0033973755162082916,0.015140556185811407,0.002251530331349853,-0.0009099553925948061
positive_no_prior,2026-04-30,IEF,-0.00327007534969635,-0.0031745273257528517,-0.005294155315806032,0.018996079286897696,9.554802394349821e-05,-0.0020240799661096825
positive_no_prior,2026-04-30,BNDX,-0.002616326081143618,0.005188840393763217,-0.003755812291281934,0.012648062424749173,0.007805166474906835,-0.0011394862101383164
positive_no_prior,2026-04-30,LQD,-0.002328602401458383,0.005612799118414058,-0.003616852169549307,0.022477006282439982,0.007941401519872441,-0.0012882497680909242
positive_no_prior,2026-04-30,HYG,0.0004911589787147328,0.0013666068307942592,0.0006845473619743563,0.017731145320441465,0.0008754478520795263,0.00019338838325962343
positive_no_prior,2026-04-30,EWX,0.004694081749018159,0.01835836502980981,0.007065537539340687,0.03568890966598505,0.01366428328079165,0.0023714557903225277
positive_no_prior,2026-04-30,VWOB,-0.0003840830470043972,0.006564291011867507,-4.0322113809829695e-05,0.02483419529581191,0.006948374058871904,0.0003437609331945675
positive_no_prior,2026-04-30,HYEM,-3.971728360439966e-05,0.00658729224447252,0.001631939182076113,0.023080345446571296,0.0066270095280769195,0.0016716564656805127
positive_beta_prior,2025-05-30,SPY,0.007317202496114117,0.04769511906164903,0.009835563118670261,0.044343489777476826,0.04037791656553491,0.0025183606225561445
positive_beta_prior,2025-05-30,MGK,0.009610770673104944,0.06034673392230827,0.011124356449796452,0.059870113643578755,0.05073596324920333,0.0015135857766915076
positive_beta_prior,2025-05-30,VTV,0.005312478651329571,0.0332330912657377,0.00511766226857413,0.041687789330798024,0.027920612614408133,-0.00019481638275544062
positive_beta_prior,2025-05-30,IJR,-0.00041575730887501996,0.03734736300075814,0.00039654426130916276,0.05756152912562926,0.03776312030963316,0.0008123015701841827
positive_beta_prior,2025-05-30,IWM,-0.0015216367751140637,0.05147995646827952,-0.00026827986022195894,0.05765232480244819,0.05300159324339358,0.0012533569148921047
positive_beta_prior,2025-05-30,VNQ,0.0013147227365438608,0.0033500785292834845,0.0010953984747853465,0.05289541307694772,0.002035355792739624,-0.0002193242617585143
positive_beta_prior,2025-05-30,VNQI,-0.003141402592921254,0.04115888912622401,-0.0013024391598526904,0.04501496956233639,0.04430029171914526,0.0018389634330685635
positive_beta_prior,2025-05-30,VEA,0.003213867729195683,0.030256851306093457,0.004896246944779322,0.042775008586409834,0.027042983576897776,0.0016823792155836394
positive_beta_prior,2025-05-30,VWO,-0.0013812432635037686,0.05168209224062714,0.0015713624121640709,0.0407974373109926,0.053063335504130914,0.0029526056756678395
positive_beta_prior,2025-05-30,VSS,0.00044890942076046157,0.054769444558085745,0.003134104459572466,0.043614449241957995,0.054320535137325286,0.0026851950388120044
positive_beta_prior,2025-05-30,BND,-0.003237055002469442,0.011602274676301816,-0.002473054607371351,0.016857133354398417,0.014839329678771258,0.0007640003950980913
positive_beta_prior,2025-05-30,IEF,-0.0040674968930327,0.012452491537882304,-0.003423371557348405,0.020261946667105932,0.016519988430915004,0.0006441253356842952
positive_beta_prior,2025-05-30,BNDX,-0.0027348125869511297,-0.0001381150801093023,-0.0006059460667595129,0.01410892094858607,0.0025966975068418274,0.002128866520191617
positive_beta_prior,2025-05-30,LQD,-0.003152480733546488,0.01724059290590274,-0.0013172551440263798,0.024861120656346707,0.020393073639449227,0.001835225589520108
positive_beta_prior,2025-05-30,HYG,5.2760762575032596e-05,0.014810137654057698,0.0009859508854372595,0.02073003832615671,0.014757376891482665,0.0009331901228622269
positive_beta_prior,2025-05-30,EWX,0.0014349156952656505,0.05043478917948763,0.003830506004350532,0.035169039004521535,0.048999873484221974,0.0023955903090848813
positive_beta_prior,2025-05-30,VWOB,-0.001725584997727383,0.021275025282161186,0.0002552939158051077,0.026958068793591073,0.02300061027988857,0.0019808789135324907
positive_beta_prior,2025-05-30,HYEM,-0.0011012187111369331,0.014454903619178339,0.00043262890828002173,0.02531490308935055,0.015556122330315272,0.0015338476194169549
positive_beta_prior,2025-06-30,SPY,0.008108926350340292,0.01908467259702551,0.010007136656596392,0.03760256507452296,0.010975746246685217,0.0018982103062560995
positive_beta_prior,2025-06-30,MGK,0.010605593481912853,0.03526188252947149,0.013383730687822825,0.05307508822873125,0.024656289047558635,0.0027781372059099713
positive_beta_prior,2025-06-30,VTV,0.005859941643768946,-0.002167296399311236,0.007123817500876717,0.03663288006313713,-0.00802723804308018,0.0012638758571077713
positive_beta_prior,2025-06-30,IJR,0.0003246960305295518,0.005165530187941636,0.002322502146927663,0.05361822778081127,0.004840834157412084,0.001997806116398111
positive_beta_prior,2025-06-30,IWM,-0.0004823898487730129,0.012760607343994756,0.0018543247523156998,0.052477256993050544,0.01324299719276777,0.002336714601088713
positive_beta_prior,2025-06-30,VNQ,0.0013546316736564024,-0.0029632780526935854,0.0009267920860285157,0.051895574780175306,-0.004317909726349988,-0.00042783958762788673
positive_beta_prior,2025-06-30,VNQI,-0.0022727694219576216,-0.023931985253554888,-0.004611534712857069,0.04173463469196754,-0.021659215831597266,-0.0023387652908994474
positive_beta_prior,2025-06-30,VEA,0.003744122309134855,-0.01766175570590245,0.004344550138465215,0.0380294606983168,-0.021405878015037304,0.0006004278293303598
positive_beta_prior,2025-06-30,VWO,-0.0003407857045992409,0.002989658374459969,-0.0005472222284974384,0.0390249072546732,0.0033304440790592102,-0.0002064365238981975
positive_beta_prior,2025-06-30,VSS,0.001514017952864879,-0.009120730437294888,0.0004578539808122186,0.03991244228843166,-0.010634748390159767,-0.0010561639720526603
positive_beta_prior,2025-06-30,BND,-0.002946087753866084,-0.006504632044136427,-0.002974743355057418,0.015212194337155453,-0.0035585442902703428,-2.8655601191333955e-05
positive_beta_prior,2025-06-30,IEF,-0.0037435755512500533,-0.00977429711868305,-0.004547902079002208,0.01915701354522738,-0.0060307215674329975,-0.0008043265277521547
positive_beta_prior,2025-06-30,BNDX,-0.0026838969495620742,-0.00498710657025403,-0.002520815897129304,0.012829649873039733,-0.0023032096206919554,0.00016308105243277018
positive_beta_prior,2025-06-30,LQD,-0.0027526165445376795,-0.004751878550950606,-0.003322459548281841,0.02377494764381578,-0.001999262006412926,-0.0005698430037441617
positive_beta_prior,2025-06-30,HYG,0.0003421210937805751,-0.002505544256353631,0.00021892658977908132,0.018775242688197535,-0.0028476653501342064,-0.00012319450400149375
positive_beta_prior,2025-06-30,EWX,0.002395697528289611,0.003689786989881094,0.0028502140760673254,0.033692926169396904,0.0012940894615914834,0.00045451654777771454
positive_beta_prior,2025-06-30,VWOB,-0.0012745926392981953,0.003448378263515961,-0.0018409882689074085,0.025272316164340277,0.004722970902814157,-0.0005663956296092132
positive_beta_prior,2025-06-30,HYEM,-0.0007961967046601631,0.0052854367518158085,0.0014662238129546194,0.024652261116283682,0.006081633456475972,0.0022624205176147824
positive_beta_prior,2025-07-31,SPY,0.008319998393545776,0.01702595928567807,0.008389147877714505,0.03766783599446751,0.008705960892132296,6.914948416872867e-05
positive_beta_prior,2025-07-31,MGK,0.011079752886673596,0.005506659536577585,0.015131039432106875,0.05303530883497151,-0.005573093350096011,0.00405128654543328
positive_beta_prior,2025-07-31,VTV,0.0057055716814020194,0.03136457393982228,0.005303461497091603,0.03320229442403323,0.025659002258420265,-0.00040211018431041655
positive_beta_prior,2025-07-31,IJR,0.0004177889950951688,0.06670214284372133,-0.0006188836919225061,0.049662005152900944,0.06628435384862616,-0.001036672687017675
positive_beta_prior,2025-07-31,IWM,-0.00022771682583517123,0.06825711678016222,-0.0009551330551177176,0.051742637629581055,0.06848483360599739,-0.0007274162292825463
positive_beta_prior,2025-07-31,VNQ,0.0012715949481496719,0.031234506481848445,-0.0002846990355499148,0.04987684709143211,0.029962911533698774,-0.0015562939836995867
positive_beta_prior,2025-07-31,VNQI,-0.002689292803334492,0.03800885965747658,-0.005357420676304164,0.03947617511707962,0.04069815246081107,-0.0026681278729696715
positive_beta_prior,2025-07-31,VEA,0.003332470808845676,0.040715343672140136,0.003470039608398863,0.03721948864641325,0.03738287286329446,0.00013756879955318692
positive_beta_prior,2025-07-31,VWO,-0.0002767387030788715,0.03119670619044923,0.0005186717148428267,0.036054216963275904,0.0314734448935281,0.0007954104179216982
positive_beta_prior,2025-07-31,VSS,0.0013095035607464218,0.04570476560415426,-0.0013887307748183567,0.037007732086760795,0.04439526204340784,-0.0026982343355647785
positive_beta_prior,2025-07-31,BND,-0.0030145212979097447,0.008078120866885197,-0.0020794756310319766,0.015763698953491622,0.011092642164794941,0.0009350456668777681
positive_beta_prior,2025-07-31,IEF,-0.0038595509660083803,0.013001796164747947,-0.003115252964746338,0.0188113445662463,0.016861347130756328,0.0007442980012620421
positive_beta_prior,2025-07-31,BNDX,-0.002728189442267689,-0.002067319775812204,-0.0015371494603671234,0.012934050295972018,0.0006608696664554847,0.0011910399819005655
positive_beta_prior,2025-07-31,LQD,-0.002791063890814851,0.0069765482555901315,-0.002530665272133998,0.024242267298237502,0.009767612146404982,0.00026039861868085287
positive_beta_prior,2025-07-31,HYG,0.0002873582985856865,0.007592278645943473,0.000443778230751814,0.018241921522306765,0.007304920347357787,0.00015641993216612753
positive_beta_prior,2025-07-31,EWX,0.002420583864089447,0.059400893238615415,-0.0002726940518337712,0.03155478111388379,0.056980309374525966,-0.0026932779159232183
positive_beta_prior,2025-07-31,VWOB,-0.0011837662757825385,0.013654429789281775,-0.0010385461617745627,0.024149828649916737,0.014838196065064313,0.00014522011400797574
positive_beta_prior,2025-07-31,HYEM,-0.0006792422151125483,0.015516857251125726,0.0019006359419560662,0.021348924573960006,0.016196099466238276,0.0025798781570686145
positive_beta_prior,2025-08-29,SPY,0.008484261806604877,0.03208906394277711,0.00831342808300299,0.03969460370612953,0.02360480213617223,-0.00017083372360188719
positive_beta_prior,2025-08-29,MGK,0.010974600181954803,0.04538102472427963,0.011596743916499255,0.05234241131206723,0.03440642454232483,0.0006221437345444517
positive_beta_prior,2025-08-29,VTV,0.00618970379948542,0.019529753810910266,0.007124851033656306,0.03820718541185539,0.013340050011424846,0.0009351472341708857
positive_beta_prior,2025-08-29,IJR,0.001668437180918304,0.007030856049952794,0.003614498647633202,0.05510430876814685,0.00536241886903449,0.001946061466714898
positive_beta_prior,2025-08-29,IWM,0.0010644498459761002,0.028272862598571757,0.002825915675018529,0.05602691442555654,0.027208412752595657,0.0017614658290424287
positive_beta_prior,2025-08-29,VNQ,0.0018369329016156865,-0.002835540326792896,0.005580576226384316,0.04852303246945109,-0.004672473228408582,0.0037436433247686296
positive_beta_prior,2025-08-29,VNQI,-0.0019214031342625851,0.010131917120224765,1.1405137239169387e-05,0.042782788790070074,0.01205332025448735,0.0019328082715017545
positive_beta_prior,2025-08-29,VEA,0.0040378080326814204,0.022001068135094393,0.0050665035174873715,0.040986844999961136,0.017963260102412972,0.001028695484805951
positive_beta_prior,2025-08-29,VWO,0.00031709987981788515,0.053275426570534856,0.0017947721180275257,0.03739937127536132,0.05295832669071697,0.0014776722382096406
positive_beta_prior,2025-08-29,VSS,0.002147150014395626,0.018182193335737562,0.002302052051692978,0.04121146695088057,0.016035043321341935,0.000154902037297352
positive_beta_prior,2025-08-29,BND,-0.0028052261627249343,0.007605185555678684,-0.0011658977557656475,0.015226138811802374,0.01041041171840362,0.0016393284069592868
positive_beta_prior,2025-08-29,IEF,-0.00354141234089977,0.0030789765395491386,-0.0015400378452172865,0.018889715971999253,0.006620388880448909,0.0020013744956824835
positive_beta_prior,2025-08-29,BNDX,-0.0027157202032779626,0.0018362952066057758,-0.0016411111136392829,0.012774734307224865,0.0045520154098837385,0.0010746090896386797
positive_beta_prior,2025-08-29,LQD,-0.002606769322014757,0.015298491121950697,-0.0012717386666797116,0.024038728022087206,0.017905260443965454,0.0013350306553350454
positive_beta_prior,2025-08-29,HYG,0.00042518698438489,0.005419530370210479,0.0009972109617201732,0.020371234992486983,0.004994343385825589,0.0005720239773352833
positive_beta_prior,2025-08-29,EWX,0.0034956840409672957,0.00934001338555035,0.0035494716901010377,0.03427001093210643,0.005844329344583054,5.3787649133742003e-05
positive_beta_prior,2025-08-29,VWOB,-0.000903800312290759,0.011313877152875351,0.00030086965639290666,0.025627015882863497,0.01221767746516611,0.0012046699686836656
positive_beta_prior,2025-08-29,HYEM,-0.000373655432730694,-0.003310550556556602,0.0009841388045006634,0.023741652367114865,-0.002936895123825908,0.0013577942372313574
positive_beta_prior,2025-09-30,SPY,0.008921387772089548,0.02028375894432366,0.01413048718327541,0.033486337306649586,0.011362371172234112,0.005209099411185861
positive_beta_prior,2025-09-30,MGK,0.011611756191997856,0.04184616666398688,0.02015626808158999,0.05356299233563743,0.030234410471989027,0.008544511889592134
positive_beta_prior,2025-09-30,VTV,0.0064367417626599545,-0.007371739211896489,0.01157235975143988,0.03385596757475525,-0.013808480974556444,0.005135617988779925
positive_beta_prior,2025-09-30,IJR,0.0017677412340485724,-0.012108590721114587,0.0051809301971281925,0.04255598330986438,-0.013876331955163159,0.00341318896307962
positive_beta_prior,2025-09-30,IWM,0.0015683093413945384,0.014115453040836279,0.00499157565051645,0.04094812209693661,0.01254714369944174,0.003423266309121911
positive_beta_prior,2025-09-30,VNQ,0.00175040561960812,-0.027888055765740494,0.0048875486022967275,0.04482179843513559,-0.029638461385348612,0.0031371429826886075
positive_beta_prior,2025-09-30,VNQI,-0.0016981934999202267,-0.015995303603671296,0.000741586739004503,0.038058030779078086,-0.014297110103751069,0.0024397802389247297
positive_beta_prior,2025-09-30,VEA,0.00437046099754092,0.014158067636574012,0.010156205098615596,0.03587152137845698,0.009787606639033091,0.005785744101074676
positive_beta_prior,2025-09-30,VWO,0.0012978096333496809,0.01105958429806142,0.0034747491169836325,0.03589199137314024,0.00976177466471174,0.0021769394836339516
positive_beta_prior,2025-09-30,VSS,0.0024440952610871435,-0.004799080760367169,0.00452225356961534,0.03581162836233167,-0.007243176021454313,0.002078158308528196
positive_beta_prior,2025-09-30,BND,-0.002612440760532275,0.002537797325417923,-0.0019406928514681563,0.016395112790753102,0.005150238085950198,0.0006717479090641186
positive_beta_prior,2025-09-30,IEF,-0.003418812546817383,0.0036171952388968087,-0.002323641449169451,0.01950754468963583,0.007036007785714192,0.0010951710976479317
positive_beta_prior,2025-09-30,BNDX,-0.002631423621613449,0.006523664675198493,-0.001936132499413525,0.013570923760787217,0.009155088296811942,0.000695291122199924
positive_beta_prior,2025-09-30,LQD,-0.0022751904249042857,-0.0019813075408361414,-0.0017584042314845133,0.023034251016979358,0.0002938828840681443,0.0005167861934197724
positive_beta_prior,2025-09-30,HYG,0.0005176748248631416,-0.003581832310472044,0.0020147040930528137,0.017003405809525446,-0.004099507135335185,0.001497029268189672
positive_beta_prior,2025-09-30,EWX,0.003603912362163278,-0.003915097877319473,0.007161424650628901,0.03483342509165252,-0.007519010239482751,0.003557512288465623
positive_beta_prior,2025-09-30,VWOB,-0.000677547025898794,0.017691150240358278,0.001127281120101339,0.023539601315210486,0.018368697266257072,0.001804828146000133
positive_beta_prior,2025-09-30,HYEM,-0.0004280423794682108,0.00027660203614199297,0.0005614882267374504,0.022042115999921875,0.0007046444156102037,0.0009895306062056612
positive_beta_prior,2025-10-31,SPY,0.00912797633885744,-0.001039617729681419,0.012520221759128008,0.040028728924048525,-0.010167594068538859,0.0033922454202705687
positive_beta_prior,2025-10-31,MGK,0.01216147274603402,-0.018174122322586972,0.015369218624042672,0.05595537235157345,-0.03033559506862099,0.0032077458780086516
positive_beta_prior,2025-10-31,VTV,0.006185678472213474,0.02234958180665636,0.009063772097574682,0.03536768340029826,0.016163903334442887,0.002878093625361208
positive_beta_prior,2025-10-31,IJR,0.0015154442894092421,0.022999546830901885,0.007321627183616765,0.05194512176456513,0.021484102541492644,0.005806182894207522
positive_beta_prior,2025-10-31,IWM,0.0017964392268389336,0.007219933427264902,0.007089535945912114,0.05252074008812203,0.005423494200425968,0.005293096719073181
positive_beta_prior,2025-10-31,VNQ,0.0012115245035108726,0.02116455054555555,0.005785089522113819,0.044774655235699186,0.019953026042044675,0.004573565018602947
positive_beta_prior,2025-10-31,VNQI,-0.0019581409563520645,0.011398276316832767,0.0023165131916698775,0.04176034425329032,0.013356417273184831,0.004274654148021942
positive_beta_prior,2025-10-31,VEA,0.004548417481886976,0.006662577508105283,0.006236885884537377,0.038661640239436225,0.0021141600262183065,0.0016884684026504003
positive_beta_prior,2025-10-31,VWO,0.0014752964454353488,-0.015135981764385575,0.006429295411296811,0.03436875836421971,-0.016611278209820925,0.004953998965861461
positive_beta_prior,2025-10-31,VSS,0.0023124011516061564,0.006820955763576553,0.005122257008308314,0.03863763073508025,0.004508554611970396,0.0028098558567021576
positive_beta_prior,2025-10-31,BND,-0.002518800068060453,0.00297114143881938,-0.0012314479461737883,0.01587882339112481,0.005489941506879833,0.0012873521218866647
positive_beta_prior,2025-10-31,IEF,-0.0032908851325316704,0.00686801303321638,-0.001770446733461653,0.019179439778327395,0.01015889816574805,0.0015204383990700175
positive_beta_prior,2025-10-31,BNDX,-0.002464967470762323,-0.004807659780811324,-0.0010633647205330568,0.013335457023518559,-0.002342692310049001,0.0014016027502292661
positive_beta_prior,2025-10-31,LQD,-0.00226984709973941,0.006300096794094712,-0.0011286259281843307,0.023623837129141914,0.008569943893834121,0.0011412211715550794
positive_beta_prior,2025-10-31,HYG,0.000443138331493411,0.004457641722011463,0.002168355692041867,0.020043384533337382,0.004014503390518052,0.001725217360548456
positive_beta_prior,2025-10-31,EWX,0.0034672030850817735,-0.016176668191666965,0.006425646993244756,0.03211994313500589,-0.01964387127674874,0.002958443908162982
positive_beta_prior,2025-10-31,VWOB,-0.0003435707119668472,0.0006545758910070365,0.0014230116589045447,0.024811491339596824,0.0009981466029738836,0.0017665823708713918
positive_beta_prior,2025-10-31,HYEM,-0.0004152306628207526,-0.0021992661278306125,0.0018506127977647438,0.022395575143774438,-0.0017840354650098598,0.0022658434605854964
positive_beta_prior,2025-11-28,SPY,0.008946412159062103,-0.0024606389596457667,0.010485469383530446,0.038572931088501315,-0.01140705111870787,0.0015390572244683431
positive_beta_prior,2025-11-28,MGK,0.011619765691237216,-0.006014656315694422,0.015061509468842106,0.053658918741548906,-0.01763442200693164,0.0034417437776048908
positive_beta_prior,2025-11-28,VTV,0.006474319603185668,0.004591005630098177,0.008871055192540457,0.032493892559328795,-0.001883313973087491,0.0023967355893547886
positive_beta_prior,2025-11-28,IJR,0.0018990889776501821,-0.0043423583691276635,0.007384682063930945,0.050212896853845196,-0.006241447346777846,0.0054855930862807625
positive_beta_prior,2025-11-28,IWM,0.0018932873375608259,-0.010325989693845572,0.007055138433957045,0.051177527600843,-0.012219277031406397,0.0051618510963962186
positive_beta_prior,2025-11-28,VNQ,0.0015678285399759562,-0.02554537559841752,0.004039753911555198,0.04413587509576427,-0.027113204138393476,0.0024719253715792416
positive_beta_prior,2025-11-28,VNQI,-0.0017196335050451924,0.0008944661826628675,-0.0013660493451289437,0.03738997286910734,0.0026140996877080597,0.00035358415991624875
positive_beta_prior,2025-11-28,VEA,0.004586170339498018,0.02842462799248069,0.005909271897532266,0.03576930441546498,0.023838457652982672,0.0013231015580342483
positive_beta_prior,2025-11-28,VWO,0.0011786664774028324,0.006231798598067773,0.0033031522453470987,0.03484020160048877,0.00505313212066494,0.002124485767944266
positive_beta_prior,2025-11-28,VSS,0.002392911055391342,0.01745648547983225,0.0009530028557801519,0.036124522469203245,0.01506357442444091,-0.00143990819961119
positive_beta_prior,2025-11-28,BND,-0.002420765398294742,-0.00624728267814989,-0.0008503918870163558,0.014548810210045103,-0.0038265172798551484,0.001570373511278386
positive_beta_prior,2025-11-28,IEF,-0.003109476236714741,-0.010842523271658244,-0.001080517993374709,0.016938728859371546,-0.007733047034943503,0.002028958243340032
positive_beta_prior,2025-11-28,BNDX,-0.002506801262013198,-0.00843043234441343,-0.0007975930877113062,0.011836761012859194,-0.005923631082400232,0.0017092081743018918
positive_beta_prior,2025-11-28,LQD,-0.0021168123873495153,-0.010606184040828248,-0.00043566147796796593,0.02218904699483515,-0.008489371653478732,0.0016811509093815494
positive_beta_prior,2025-11-28,HYG,0.0005148258920383762,0.0016540803164204476,0.0019005080259882861,0.018170626551199248,0.0011392544243820713,0.0013856821339499098
positive_beta_prior,2025-11-28,EWX,0.003116419669425546,0.005526301936131128,0.0029925485914910873,0.031096972385869042,0.0024098822667055824,-0.0001238710779344586
positive_beta_prior,2025-11-28,VWOB,-0.00032574666548517074,-0.0012631324755422169,0.0018096830082018815,0.023141020481719062,-0.0009373858100570462,0.002135429673687052
positive_beta_prior,2025-11-28,HYEM,-0.000447088438981643,0.006456216930834868,0.0011672016980544125,0.02069456233588616,0.006903305369816511,0.0016142901370360555
positive_beta_prior,2025-12-31,SPY,0.008746288455225123,0.011594066475381304,0.010969714723102354,0.03469162472487722,0.002847778020156181,0.0022234262678772314
positive_beta_prior,2025-12-31,MGK,0.011310389866554206,-0.01981088189923419,0.013591057106107151,0.04671735861650043,-0.031121271765788397,0.0022806672395529453
positive_beta_prior,2025-12-31,VTV,0.00644127900716659,0.04262615110326995,0.008563030236818802,0.03174048565555,0.03618487209610336,0.002121751229652212
positive_beta_prior,2025-12-31,IJR,0.0017895899013909218,0.05372327844739844,0.006715524795448381,0.04679144076572246,0.051933688546007516,0.00492593489405746
positive_beta_prior,2025-12-31,IWM,0.0016789140563080822,0.05153392029332182,0.008056657370266113,0.04725074508279816,0.04985500623701374,0.0063777433139580305
positive_beta_prior,2025-12-31,VNQ,0.0010921582919339653,0.0229258613639709,0.0007689749449453684,0.040664806339645566,0.021833703072036935,-0.0003231833469885968
positive_beta_prior,2025-12-31,VNQI,-0.0016737721070152263,0.04257155181000494,0.00011152503893292927,0.03643586470334067,0.044245323917020164,0.0017852971459481556
positive_beta_prior,2025-12-31,VEA,0.005004388894813503,0.05642561347994279,0.008416319644784405,0.03567827162393117,0.051421224585129294,0.003411930749970902
positive_beta_prior,2025-12-31,VWO,0.0012673179181162523,0.04715510460279937,0.004034528363626545,0.03281355377495799,0.045887786684683116,0.0027672104455102923
positive_beta_prior,2025-12-31,VSS,0.002657184290907849,0.06068200468583562,0.00512161590672397,0.03664088506910708,0.058024820394927776,0.0024644316158161208
positive_beta_prior,2025-12-31,BND,-0.0024878972803974637,-0.0009446630105405251,-0.0013415041244643653,0.012914377626312146,0.0015432342698569385,0.0011463931559330984
positive_beta_prior,2025-12-31,IEF,-0.003245143728555855,-0.005378931439972923,-0.0018657517579368042,0.015361513044620712,-0.0021337877114170675,0.001379391970619051
positive_beta_prior,2025-12-31,BNDX,-0.0026107246143360087,0.002059820670583523,-0.0018952872719982554,0.010721336491112576,0.004670545284919532,0.0007154373423377534
positive_beta_prior,2025-12-31,LQD,-0.0022657487321473876,0.0003398451129934532,-0.0005567815171787982,0.019795453387929922,0.002605593845140841,0.0017089672149685894
positive_beta_prior,2025-12-31,HYG,0.0005348128117643775,0.0029604455586125233,0.0012582733891903551,0.017061704981284825,0.002425632746848146,0.0007234605774259777
positive_beta_prior,2025-12-31,EWX,0.0031586983056835385,0.02711570928152862,0.004399400409065309,0.029670677079538882,0.023957010975845083,0.0012407021033817704
positive_beta_prior,2025-12-31,VWOB,-0.0003421920305738908,0.0003023714262653243,0.0018010383815667379,0.021515856263801703,0.0006445634568392151,0.002143230412140629
positive_beta_prior,2025-12-31,HYEM,-0.00032597781845854624,0.01193825183971775,0.0023322457326891448,0.018919879621632413,0.012264229658176296,0.002658223551147691
positive_beta_prior,2026-01-30,SPY,0.0087953880762623,-0.011463064459755201,0.011477786338200662,0.027703639699966566,-0.0202584525360175,0.0026823982619383624
positive_beta_prior,2026-01-30,MGK,0.010773816215419922,-0.049282081977910286,0.010343693624086402,0.0384026482557867,-0.06005589819333021,-0.00043012259133352014
positive_beta_prior,2026-01-30,VTV,0.00706515611227182,0.03464425383897951,0.010580953091414238,0.023527120508941398,0.02757909772670769,0.003515796979142418
positive_beta_prior,2026-01-30,IJR,0.002684998324597948,0.018113075612949725,0.004507150880091728,0.03824842706458406,0.015428077288351777,0.0018221525554937804
positive_beta_prior,2026-01-30,IWM,0.0025384831293600433,0.003913446654500996,0.004805580434617143,0.043599732052356954,0.0013749635251409527,0.0022670973052570996
positive_beta_prior,2026-01-30,VNQ,0.0014686014483483952,0.05085567147315495,0.0009450609980777364,0.03650037914643729,0.04938707002480656,-0.0005235404502706588
positive_beta_prior,2026-01-30,VNQI,-0.0009109216946528097,0.05477043858428532,0.005335071758148619,0.028401253186324475,0.05568136027893813,0.006245993452801428
positive_beta_prior,2026-01-30,VEA,0.005890961732488146,0.05800790565870817,0.013632440534539037,0.026815215265831523,0.05211694392622002,0.007741478802050891
positive_beta_prior,2026-01-30,VWO,0.0020584866540590647,0.025936988754007295,0.008192189787229652,0.02846254105217953,0.02387850209994823,0.006133703133170587
positive_beta_prior,2026-01-30,VSS,0.003657612228751431,0.046521625760379104,0.008395504650500908,0.02758169500824723,0.04286401353162767,0.004737892421749477
positive_beta_prior,2026-01-30,BND,-0.002461289792986137,0.013125538032234596,-0.0013615921860629261,0.011689588097774307,0.015586827825220733,0.0010996976069232109
positive_beta_prior,2026-01-30,IEF,-0.0032819331718561494,0.02178389001983616,-0.0028122537306215483,0.014277918636331438,0.02506582319169231,0.00046967944123460113
positive_beta_prior,2026-01-30,BNDX,-0.0025301979714925688,0.01242298193585456,-0.002176597650167697,0.009271969246432405,0.014953179907347128,0.0003536003213248716
positive_beta_prior,2026-01-30,LQD,-0.0022208247003346147,0.010894680719308658,-0.0011860476322161676,0.017322604861117058,0.013115505419643273,0.001034777068118447
positive_beta_prior,2026-01-30,HYG,0.0005766340660203799,-0.0028581418854923824,0.002652326244581811,0.012980312305344247,-0.0034347759515127624,0.002075692178561431
positive_beta_prior,2026-01-30,EWX,0.003571750219060178,0.03253007863200175,0.005432866364997147,0.023443706470444848,0.02895832841294157,0.001861116145936969
positive_beta_prior,2026-01-30,VWOB,-0.0003310788675249388,0.012410830018970698,0.0025458446212319346,0.0175446139401543,0.012741908886495637,0.0028769234887568735
positive_beta_prior,2026-01-30,HYEM,-0.00011452558297274804,0.006343486373523,0.002869209086701866,0.015988072073209358,0.006458011956495748,0.002983734669674614
positive_beta_prior,2026-02-27,SPY,0.008452024473956918,-0.05236481425659356,0.007652291654229965,0.037512706095522194,-0.06081683873055048,-0.000799732819726953
positive_beta_prior,2026-02-27,MGK,0.009755919635871952,-0.05256666804441845,0.008093092534039784,0.050781535476506316,-0.062322587680290406,-0.001662827101832168
positive_beta_prior,2026-02-27,VTV,0.0075325984466227975,-0.05111916666844174,0.008402391988318922,0.03403735916821524,-0.058651765115064536,0.0008697935416961244
positive_beta_prior,2026-02-27,IJR,0.0029464911599937408,-0.0430573291552121,0.002129936176282385,0.04826034389591791,-0.04600382031520584,-0.0008165549837113556
positive_beta_prior,2026-02-27,IWM,0.002561787595887856,-0.052595723393065286,0.00198497446686578,0.04996293422138611,-0.05515751098895314,-0.0005768131290220758
positive_beta_prior,2026-02-27,VNQ,0.002305670431819693,-0.066081450572396,0.0045784645372915905,0.0465569191946348,-0.06838712100421569,0.0022727941054718976
positive_beta_prior,2026-02-27,VNQI,3.283017448173479e-05,-0.1261996923521307,0.004753910693451524,0.037562469438633186,-0.12623252252661243,0.004721080518969789
positive_beta_prior,2026-02-27,VEA,0.006774299765135943,-0.0890166153043781,0.011930270018869864,0.03598228338645896,-0.09579091506951404,0.005155970253733921
positive_beta_prior,2026-02-27,VWO,0.0024632070286344583,-0.07262882161942752,0.010053078212268349,0.03396423319662206,-0.07509202864806198,0.007589871183633891
positive_beta_prior,2026-02-27,VSS,0.004384120932677324,-0.09195775776152426,0.009523527816399875,0.0368787329115051,-0.09634187869420159,0.005139406883722551
positive_beta_prior,2026-02-27,BND,-0.0021971062705247687,-0.020459273388676813,-0.0005652921336614779,0.014794118424352687,-0.018262167118152043,0.0016318141368632908
positive_beta_prior,2026-02-27,IEF,-0.0028570887109800086,-0.02626946195927571,-0.0008743395386507234,0.01788548227774738,-0.0234123732482957,0.001982749172329285
positive_beta_prior,2026-02-27,BNDX,-0.002276754244249397,-0.02445812349945309,-0.001377942445047186,0.012014966598224496,-0.02218136925520369,0.0008988117992022109
positive_beta_prior,2026-02-27,LQD,-0.0019985279983067627,-0.02380357071815431,-0.0003938960906550062,0.021989267375735692,-0.021805042719847546,0.0016046319076517565
positive_beta_prior,2026-02-27,HYG,0.0005184175244693163,-0.01264655652256541,0.0012155965055131264,0.017471881473016267,-0.013164974047034726,0.0006971789810438101
positive_beta_prior,2026-02-27,EWX,0.004062569344703256,-0.05906694056130268,0.006844696437963971,0.029502903662624404,-0.06312950990600594,0.002782127093260715
positive_beta_prior,2026-02-27,VWOB,-0.0001151143101267077,-0.03742886388704314,0.0019227487124619334,0.023087689102766464,-0.03731374957691643,0.002037863022588641
positive_beta_prior,2026-02-27,HYEM,-5.067753201633674e-06,-0.024402651519384255,0.002470552868623681,0.02064037017787865,-0.02439758376618262,0.0024756206218253143
positive_beta_prior,2026-03-31,SPY,0.00743841049511441,0.10158469057343722,0.009146389868783666,0.03374189333645672,0.0941462800783228,0.0017079793736692562
positive_beta_prior,2026-03-31,MGK,0.008717209841200446,0.13945658747726553,0.012039098594922849,0.049405243755186706,0.13073937763606508,0.0033218887537224025
positive_beta_prior,2026-03-31,VTV,0.006555069028038389,0.0506170669983208,0.005515639093165159,0.03108396867888294,0.044061997970282415,-0.0010394299348732297
positive_beta_prior,2026-03-31,IJR,0.002179760821406977,0.09942684130728341,-0.0014681758467256795,0.043902186788041024,0.09724708048587644,-0.0036479366681326565
positive_beta_prior,2026-03-31,IWM,0.0016424957460719702,0.11732924859591698,-0.00048589543416815983,0.04585171422899678,0.115686752849845,-0.00212839118024013
positive_beta_prior,2026-03-31,VNQ,0.0011658850817494312,0.08261211567781301,0.00357434112999915,0.04351253046732128,0.08144623059606358,0.0024084560482497187
positive_beta_prior,2026-03-31,VNQI,-0.0020710452009618054,0.05920759938488018,0.0015541922295326076,0.037827784625556374,0.061278644585841986,0.003625237430494413
positive_beta_prior,2026-03-31,VEA,0.005177784513977376,0.07028850576993428,0.00821408116859116,0.03374861990529259,0.0651107212559569,0.003036296654613784
positive_beta_prior,2026-03-31,VWO,0.0012116732178334255,0.08686516780484332,0.007353851404983884,0.032412384268371515,0.0856534945870099,0.006142178187150458
positive_beta_prior,2026-03-31,VSS,0.002778422954440631,0.08096490152679459,0.00556733055100098,0.035060645585929286,0.07818647857235396,0.0027889075965603486
positive_beta_prior,2026-03-31,BND,-0.0025014757224939696,-0.001644084190784434,-0.0009712625967404538,0.013227633095527144,0.0008573915317095357,0.0015302131257535158
positive_beta_prior,2026-03-31,IEF,-0.003247294931784937,-0.004636900424381141,-0.0017906115094514096,0.016066838751178855,-0.0013896054925962038,0.0014566834223335274
positive_beta_prior,2026-03-31,BNDX,-0.002646443731836125,-0.0008092670395931645,-0.0010779614379856,0.011797125959909543,0.0018371766922429607,0.0015684822938505252
positive_beta_prior,2026-03-31,LQD,-0.0023619453769708884,-0.0003280238707080718,-0.0003912094664709929,0.01965597308287563,0.0020339215062628166,0.0019707359104998955
positive_beta_prior,2026-03-31,HYG,0.00029900129035207075,0.012020620280474459,0.0013909011519722399,0.01586603931402832,0.011721618990122388,0.0010918998616201692
positive_beta_prior,2026-03-31,EWX,0.003010410846269823,0.10571433591391832,0.006820090921379839,0.029326026856592483,0.1027039250676485,0.0038096800751100156
positive_beta_prior,2026-03-31,VWOB,-0.0007370101364086482,0.020791542317250666,0.0014263999663249622,0.02145951423416936,0.021528552453659314,0.0021634101027336104
positive_beta_prior,2026-03-31,HYEM,-0.0004116941493046774,0.022278894658412263,0.0003572366319137586,0.01936232244109949,0.02269058880771694,0.000768930781218436
positive_beta_prior,2026-04-30,SPY,0.008981792135742652,0.049483664963993146,0.0081725237384626,0.04190951104961348,0.04050187282825049,-0.0008092683972800527
positive_beta_prior,2026-04-30,MGK,0.010860478327037579,0.08330425574857636,0.007816634768447909,0.05992857109738322,0.07244377742153878,-0.0030438435585896702
positive_beta_prior,2026-04-30,VTV,0.0072773968636167885,0.021460679046998887,0.007988481154993204,0.034417107918965684,0.0141832821833821,0.0007110842913764159
positive_beta_prior,2026-04-30,IJR,0.0037739752556016724,0.008359592272450422,0.003397708507671712,0.052431857381464775,0.00458561701684875,-0.00037626674792996025
positive_beta_prior,2026-04-30,IWM,0.0035389998911513967,0.04170616807391436,0.0046797087899245,0.05465953247335279,0.038167168182762966,0.0011407088987731035
positive_beta_prior,2026-04-30,VNQ,0.002501069189881621,-0.009505527770350963,0.004212445928214124,0.04774067572497812,-0.012006596960232584,0.001711376738332503
positive_beta_prior,2026-04-30,VNQI,-0.0010664772569316092,-0.02873894096208207,0.0015297807988716133,0.044408471226806294,-0.027672463705150464,0.0025962580558032224
positive_beta_prior,2026-04-30,VEA,0.006245173387025849,0.04005467192775236,0.008979373188646167,0.03979237085557192,0.03380949854072651,0.0027341998016203175
positive_beta_prior,2026-04-30,VWO,0.002615828866800801,0.013087733301134774,0.007112448345302745,0.03955970631513039,0.010471904434333972,0.004496619478501944
positive_beta_prior,2026-04-30,VSS,0.00406016850480709,0.0153673341636833,0.006283487510529525,0.04228901968971799,0.01130716565887621,0.002223319005722435
positive_beta_prior,2026-04-30,BND,-0.0024874201236134855,-0.00023588979226363271,-0.0013159487813824316,0.015593302056881263,0.002251530331349853,0.001171471342231054
positive_beta_prior,2026-04-30,IEF,-0.00327007534969635,-0.0031745273257528517,-0.001847123977306115,0.01833118510161246,9.554802394349821e-05,0.001422951372390235
positive_beta_prior,2026-04-30,BNDX,-0.002616326081143618,0.005188840393763217,-0.002183142507605727,0.0130520433947184,0.007805166474906835,0.00043318357353789097
positive_beta_prior,2026-04-30,LQD,-0.002328602401458383,0.005612799118414058,-0.0009464611405292148,0.023092525994069597,0.007941401519872441,0.0013821412609291682
positive_beta_prior,2026-04-30,HYG,0.0004911589787147328,0.0013666068307942592,0.001901938301378075,0.01921094147570058,0.0008754478520795263,0.0014107793226633423
positive_beta_prior,2026-04-30,EWX,0.004694081749018159,0.01835836502980981,0.005987203557430326,0.035977232595532815,0.01366428328079165,0.0012931218084121666
positive_beta_prior,2026-04-30,VWOB,-0.0003840830470043972,0.006564291011867507,0.0010267947599816945,0.024875563324893046,0.006948374058871904,0.0014108778069860917
positive_beta_prior,2026-04-30,HYEM,-3.971728360439966e-05,0.00658729224447252,0.001438440703948506,0.022325933381134044,0.0066270095280769195,0.0014781579875529057
signed_no_prior,2025-05-30,SPY,0.007317202496114117,0.04769511906164903,0.008309371880513675,0.04482289704901263,0.04037791656553491,0.0009921693843995584
signed_no_prior,2025-05-30,MGK,0.009610770673104944,0.06034673392230827,0.007340738192383146,0.061475783934856774,0.05073596324920333,-0.0022700324807217983
signed_no_prior,2025-05-30,VTV,0.005312478651329571,0.0332330912657377,0.008668435134041417,0.03986200505531727,0.027920612614408133,0.0033559564827118464
signed_no_prior,2025-05-30,IJR,-0.00041575730887501996,0.03734736300075814,0.007737312100176081,0.05312081773519687,0.03776312030963316,0.008153069409051101
signed_no_prior,2025-05-30,IWM,-0.0015216367751140637,0.05147995646827952,0.004117538373375248,0.05354531819648667,0.05300159324339358,0.005639175148489312
signed_no_prior,2025-05-30,VNQ,0.0013147227365438608,0.0033500785292834845,0.0016167072920736944,0.057807389329258704,0.002035355792739624,0.00030198455552983366
signed_no_prior,2025-05-30,VNQI,-0.003141402592921254,0.04115888912622401,-0.003385958457872782,0.04827401061498067,0.04430029171914526,-0.00024455586495152797
signed_no_prior,2025-05-30,VEA,0.003213867729195683,0.030256851306093457,0.006427765801491745,0.04691489890262576,0.027042983576897776,0.0032138980722960617
signed_no_prior,2025-05-30,VWO,-0.0013812432635037686,0.05168209224062714,0.0054834600452871845,0.04440953380450084,0.053063335504130914,0.006864703308790953
signed_no_prior,2025-05-30,VSS,0.00044890942076046157,0.054769444558085745,0.0029916053891913467,0.04449799538620014,0.054320535137325286,0.002542695968430885
signed_no_prior,2025-05-30,BND,-0.003237055002469442,0.011602274676301816,-0.002982395085669316,0.018193368912542564,0.014839329678771258,0.00025465991680012623
signed_no_prior,2025-05-30,IEF,-0.0040674968930327,0.012452491537882304,-0.004654361296499221,0.021444975502070154,0.016519988430915004,-0.0005868644034665209
signed_no_prior,2025-05-30,BNDX,-0.0027348125869511297,-0.0001381150801093023,0.0016361428236876538,0.015449871850740383,0.0025966975068418274,0.0043709554106387835
signed_no_prior,2025-05-30,LQD,-0.003152480733546488,0.01724059290590274,-0.001055583199105553,0.028498302611506834,0.020393073639449227,0.002096897534440935
signed_no_prior,2025-05-30,HYG,5.2760762575032596e-05,0.014810137654057698,0.002101977067806025,0.023605335186527826,0.014757376891482665,0.002049216305230993
signed_no_prior,2025-05-30,EWX,0.0014349156952656505,0.05043478917948763,0.011240828113645188,0.03985757399210916,0.048999873484221974,0.009805912418379538
signed_no_prior,2025-05-30,VWOB,-0.001725584997727383,0.021275025282161186,-0.001055277856951571,0.03130109734296422,0.02300061027988857,0.000670307140775812
signed_no_prior,2025-05-30,HYEM,-0.0011012187111369331,0.014454903619178339,0.0008506049470151432,0.02817350695941721,0.015556122330315272,0.0019518236581520763
signed_no_prior,2025-06-30,SPY,0.008108926350340292,0.01908467259702551,0.009807190547814528,0.043960409321051205,0.010975746246685217,0.0016982641974742363
signed_no_prior,2025-06-30,MGK,0.010605593481912853,0.03526188252947149,0.010758507332319454,0.05657626246376847,0.024656289047558635,0.00015291385040660035
signed_no_prior,2025-06-30,VTV,0.005859941643768946,-0.002167296399311236,0.009830422351824616,0.047118131029706516,-0.00802723804308018,0.003970480708055671
signed_no_prior,2025-06-30,IJR,0.0003246960305295518,0.005165530187941636,0.005053589865281226,0.05500806840387198,0.004840834157412084,0.004728893834751674
signed_no_prior,2025-06-30,IWM,-0.0004823898487730129,0.012760607343994756,0.0035751891675842285,0.05695684831950324,0.01324299719276777,0.0040575790163572415
signed_no_prior,2025-06-30,VNQ,0.0013546316736564024,-0.0029632780526935854,0.006518056938855648,0.05091699460775393,-0.004317909726349988,0.0051634252651992455
signed_no_prior,2025-06-30,VNQI,-0.0022727694219576216,-0.023931985253554888,-0.0020270555316280613,0.0434407654151949,-0.021659215831597266,0.00024571389032956035
signed_no_prior,2025-06-30,VEA,0.003744122309134855,-0.01766175570590245,0.006274149692538084,0.042312997050643265,-0.021405878015037304,0.0025300273834032287
signed_no_prior,2025-06-30,VWO,-0.0003407857045992409,0.002989658374459969,0.00045288773629197386,0.042174472277691444,0.0033304440790592102,0.0007936734408912148
signed_no_prior,2025-06-30,VSS,0.001514017952864879,-0.009120730437294888,0.0006228243171172604,0.044491144144021215,-0.010634748390159767,-0.0008911936357476185
signed_no_prior,2025-06-30,BND,-0.002946087753866084,-0.006504632044136427,-0.002041857323478332,0.01892873825556959,-0.0035585442902703428,0.0009042304303877521
signed_no_prior,2025-06-30,IEF,-0.0037435755512500533,-0.00977429711868305,-0.003613827692701058,0.023262923098127126,-0.0060307215674329975,0.0001297478585489953
signed_no_prior,2025-06-30,BNDX,-0.0026838969495620742,-0.00498710657025403,-0.0026072678631944074,0.01696296581669793,-0.0023032096206919554,7.662908636766686e-05
signed_no_prior,2025-06-30,LQD,-0.0027526165445376795,-0.004751878550950606,-0.0017903802377000318,0.029733071365099686,-0.001999262006412926,0.0009622363068376477
signed_no_prior,2025-06-30,HYG,0.0003421210937805751,-0.002505544256353631,0.0008983444536531029,0.02084384697879057,-0.0028476653501342064,0.0005562233598725278
signed_no_prior,2025-06-30,EWX,0.002395697528289611,0.003689786989881094,0.005627326632055663,0.037631405330444234,0.0012940894615914834,0.0032316291037660524
signed_no_prior,2025-06-30,VWOB,-0.0012745926392981953,0.003448378263515961,-0.0009157014499089906,0.030339782571487,0.004722970902814157,0.0003588911893892047
signed_no_prior,2025-06-30,HYEM,-0.0007961967046601631,0.0052854367518158085,-0.00039414122392458475,0.03958941809950662,0.006081633456475972,0.00040205548073557836
signed_no_prior,2025-07-31,SPY,0.008319998393545776,0.01702595928567807,0.009843044475376615,0.03994861097531278,0.008705960892132296,0.001523046081830839
signed_no_prior,2025-07-31,MGK,0.011079752886673596,0.005506659536577585,0.01583164241940095,0.05984440899842855,-0.005573093350096011,0.004751889532727356
signed_no_prior,2025-07-31,VTV,0.0057055716814020194,0.03136457393982228,0.005920008395358319,0.03593175188262789,0.025659002258420265,0.0002144367139562996
signed_no_prior,2025-07-31,IJR,0.0004177889950951688,0.06670214284372133,0.0032128387748182026,0.0564882993119098,0.06628435384862616,0.002795049779723034
signed_no_prior,2025-07-31,IWM,-0.00022771682583517123,0.06825711678016222,0.0022788973211030988,0.05378054820865746,0.06848483360599739,0.00250661414693827
signed_no_prior,2025-07-31,VNQ,0.0012715949481496719,0.031234506481848445,0.0017984148757568463,0.04991070851582607,0.029962911533698774,0.0005268199276071744
signed_no_prior,2025-07-31,VNQI,-0.002689292803334492,0.03800885965747658,-0.0052144237735399,0.04018242728468514,0.04069815246081107,-0.0025251309702054078
signed_no_prior,2025-07-31,VEA,0.003332470808845676,0.040715343672140136,0.0021353508448033473,0.03908039513488125,0.03738287286329446,-0.0011971199640423286
signed_no_prior,2025-07-31,VWO,-0.0002767387030788715,0.03119670619044923,-0.0005865807675108056,0.03495887233523018,0.0314734448935281,-0.00030984206443193413
signed_no_prior,2025-07-31,VSS,0.0013095035607464218,0.04570476560415426,-0.0004380651055783328,0.03804982530574812,0.04439526204340784,-0.0017475686663247546
signed_no_prior,2025-07-31,BND,-0.0030145212979097447,0.008078120866885197,-0.0028056842053658724,0.01600644396018622,0.011092642164794941,0.00020883709254387222
signed_no_prior,2025-07-31,IEF,-0.0038595509660083803,0.013001796164747947,-0.0039783823442666386,0.01859262212355546,0.016861347130756328,-0.00011883137825825828
signed_no_prior,2025-07-31,BNDX,-0.002728189442267689,-0.002067319775812204,-0.0018961744906249734,0.014200391862404274,0.0006608696664554847,0.0008320149516427154
signed_no_prior,2025-07-31,LQD,-0.002791063890814851,0.0069765482555901315,-0.0020351402830718576,0.024763939542052228,0.009767612146404982,0.0007559236077429934
signed_no_prior,2025-07-31,HYG,0.0002873582985856865,0.007592278645943473,0.0005500605695211091,0.019603417464044415,0.007304920347357787,0.0002627022709354226
signed_no_prior,2025-07-31,EWX,0.002420583864089447,0.059400893238615415,0.002239810446927372,0.03237045910706682,0.056980309374525966,-0.00018077341716207524
signed_no_prior,2025-07-31,VWOB,-0.0011837662757825385,0.013654429789281775,-0.0010624218511375218,0.025368931713459088,0.014838196065064313,0.00012134442464501664
signed_no_prior,2025-07-31,HYEM,-0.0006792422151125483,0.015516857251125726,-0.00038046885495671525,0.025654634654208832,0.016196099466238276,0.000298773360155833
signed_no_prior,2025-08-29,SPY,0.008484261806604877,0.03208906394277711,0.009743742453500223,0.03943045435495174,0.02360480213617223,0.0012594806468953466
signed_no_prior,2025-08-29,MGK,0.010974600181954803,0.04538102472427963,0.01434643270854076,0.05168190170722907,0.03440642454232483,0.003371832526585957
signed_no_prior,2025-08-29,VTV,0.00618970379948542,0.019529753810910266,0.008468418183220992,0.034359650029317255,0.013340050011424846,0.0022787143837355722
signed_no_prior,2025-08-29,IJR,0.001668437180918304,0.007030856049952794,0.0036124440824095057,0.05183539428565118,0.00536241886903449,0.0019440069014912016
signed_no_prior,2025-08-29,IWM,0.0010644498459761002,0.028272862598571757,0.004798504237766213,0.05197210042144222,0.027208412752595657,0.003734054391790113
signed_no_prior,2025-08-29,VNQ,0.0018369329016156865,-0.002835540326792896,0.0023875524201036353,0.04844152274029283,-0.004672473228408582,0.0005506195184879488
signed_no_prior,2025-08-29,VNQI,-0.0019214031342625851,0.010131917120224765,-0.0004984934918711677,0.03677675476521254,0.01205332025448735,0.0014229096423914174
signed_no_prior,2025-08-29,VEA,0.0040378080326814204,0.022001068135094393,0.007998534167185978,0.036226618654834127,0.017963260102412972,0.003960726134504558
signed_no_prior,2025-08-29,VWO,0.00031709987981788515,0.053275426570534856,0.002544993287202732,0.033344309749428765,0.05295832669071697,0.0022278934073848467
signed_no_prior,2025-08-29,VSS,0.002147150014395626,0.018182193335737562,0.004447691603966398,0.03559612359275481,0.016035043321341935,0.0023005415895707717
signed_no_prior,2025-08-29,BND,-0.0028052261627249343,0.007605185555678684,-0.0010783458938702878,0.01484916654987889,0.01041041171840362,0.0017268802688546465
signed_no_prior,2025-08-29,IEF,-0.00354141234089977,0.0030789765395491386,-0.001945954672637293,0.01593969030283122,0.006620388880448909,0.001595457668262477
signed_no_prior,2025-08-29,BNDX,-0.0027157202032779626,0.0018362952066057758,-0.0016154296399947812,0.011786115460334243,0.0045520154098837385,0.0011002905632831815
signed_no_prior,2025-08-29,LQD,-0.002606769322014757,0.015298491121950697,-0.0007607368001397244,0.021425942699353794,0.017905260443965454,0.0018460325218750326
signed_no_prior,2025-08-29,HYG,0.00042518698438489,0.005419530370210479,0.0018593943484871292,0.01778597700365611,0.004994343385825589,0.0014342073641022393
signed_no_prior,2025-08-29,EWX,0.0034956840409672957,0.00934001338555035,0.005820266574463962,0.030480668781672576,0.005844329344583054,0.002324582533496666
signed_no_prior,2025-08-29,VWOB,-0.000903800312290759,0.011313877152875351,0.00047541793938936415,0.023654855494704388,0.01221767746516611,0.0013792182516801231
signed_no_prior,2025-08-29,HYEM,-0.000373655432730694,-0.003310550556556602,0.0029176458855509147,0.021862193242469605,-0.002936895123825908,0.0032913013182816085
signed_no_prior,2025-09-30,SPY,0.008921387772089548,0.02028375894432366,0.016133540718892985,0.03671435858149411,0.011362371172234112,0.007212152946803437
signed_no_prior,2025-09-30,MGK,0.011611756191997856,0.04184616666398688,0.01794197719090442,0.04684779006449329,0.030234410471989027,0.006330220998906563
signed_no_prior,2025-09-30,VTV,0.0064367417626599545,-0.007371739211896489,0.011897356454356231,0.03305135423694797,-0.013808480974556444,0.0054606146916962766
signed_no_prior,2025-09-30,IJR,0.0017677412340485724,-0.012108590721114587,0.0117409437013956,0.046663166804450026,-0.013876331955163159,0.009973202467347028
signed_no_prior,2025-09-30,IWM,0.0015683093413945384,0.014115453040836279,0.009440768387226087,0.04767979044096172,0.01254714369944174,0.007872459045831549
signed_no_prior,2025-09-30,VNQ,0.00175040561960812,-0.027888055765740494,0.013691308968371053,0.04321220124297949,-0.029638461385348612,0.011940903348762933
signed_no_prior,2025-09-30,VNQI,-0.0016981934999202267,-0.015995303603671296,0.005622078868047055,0.038352292294363925,-0.014297110103751069,0.007320272367967282
signed_no_prior,2025-09-30,VEA,0.00437046099754092,0.014158067636574012,0.011493443921820203,0.03548321693850715,0.009787606639033091,0.007122982924279282
signed_no_prior,2025-09-30,VWO,0.0012978096333496809,0.01105958429806142,0.006577596966890566,0.03164195945094715,0.00976177466471174,0.005279787333540885
signed_no_prior,2025-09-30,VSS,0.0024440952610871435,-0.004799080760367169,0.00758877377296061,0.03535821359689054,-0.007243176021454313,0.005144678511873466
signed_no_prior,2025-09-30,BND,-0.002612440760532275,0.002537797325417923,-0.0004086244007927035,0.014198749926643892,0.005150238085950198,0.0022038163597395714
signed_no_prior,2025-09-30,IEF,-0.003418812546817383,0.0036171952388968087,-0.0013789180923635316,0.01632254113263037,0.007036007785714192,0.0020398944544538513
signed_no_prior,2025-09-30,BNDX,-0.002631423621613449,0.006523664675198493,-0.0006324073470252594,0.012691603825791969,0.009155088296811942,0.0019990162745881896
signed_no_prior,2025-09-30,LQD,-0.0022751904249042857,-0.0019813075408361414,0.000729831377510321,0.02211046578427203,0.0002938828840681443,0.0030050218024146066
signed_no_prior,2025-09-30,HYG,0.0005176748248631416,-0.003581832310472044,0.00405938656094757,0.018523846721657314,-0.004099507135335185,0.003541711736084429
signed_no_prior,2025-09-30,EWX,0.003603912362163278,-0.003915097877319473,0.007248523152326663,0.03305247746114118,-0.007519010239482751,0.003644610790163385
signed_no_prior,2025-09-30,VWOB,-0.000677547025898794,0.017691150240358278,0.00420779319545744,0.025044072068341916,0.018368697266257072,0.004885340221356234
signed_no_prior,2025-09-30,HYEM,-0.0004280423794682108,0.00027660203614199297,0.0024303618941358828,0.02219963774698976,0.0007046444156102037,0.0028584042736040935
signed_no_prior,2025-10-31,SPY,0.00912797633885744,-0.001039617729681419,0.015381540125084404,0.039973763060009715,-0.010167594068538859,0.006253563786226964
signed_no_prior,2025-10-31,MGK,0.01216147274603402,-0.018174122322586972,0.020313243697549086,0.05419695710491442,-0.03033559506862099,0.008151770951515066
signed_no_prior,2025-10-31,VTV,0.006185678472213474,0.02234958180665636,0.011111420052146544,0.03448340518469715,0.016163903334442887,0.00492574157993307
signed_no_prior,2025-10-31,IJR,0.0015154442894092421,0.022999546830901885,0.007380003266341922,0.04817353016223646,0.021484102541492644,0.0058645589769326795
signed_no_prior,2025-10-31,IWM,0.0017964392268389336,0.007219933427264902,0.009935010224220275,0.05239608783790985,0.005423494200425968,0.008138570997381342
signed_no_prior,2025-10-31,VNQ,0.0012115245035108726,0.02116455054555555,0.01036556026226632,0.04873670611934514,0.019953026042044675,0.009154035758755449
signed_no_prior,2025-10-31,VNQI,-0.0019581409563520645,0.011398276316832767,0.004636594680502152,0.03861088808084362,0.013356417273184831,0.006594735636854216
signed_no_prior,2025-10-31,VEA,0.004548417481886976,0.006662577508105283,0.008697679633957024,0.03786936248306173,0.0021141600262183065,0.0041492621520700474
signed_no_prior,2025-10-31,VWO,0.0014752964454353488,-0.015135981764385575,0.009991647888891132,0.040733413455524,-0.016611278209820925,0.008516351443455783
signed_no_prior,2025-10-31,VSS,0.0023124011516061564,0.006820955763576553,0.0055867217549919555,0.03939966031640616,0.004508554611970396,0.003274320603385799
signed_no_prior,2025-10-31,BND,-0.002518800068060453,0.00297114143881938,-0.0004919530194559293,0.01414307796523026,0.005489941506879833,0.0020268470486045236
signed_no_prior,2025-10-31,IEF,-0.0032908851325316704,0.00686801303321638,-0.0010152427487876165,0.017385939100937307,0.01015889816574805,0.002275642383744054
signed_no_prior,2025-10-31,BNDX,-0.002464967470762323,-0.004807659780811324,-0.0006927934935247592,0.012690116314086085,-0.002342692310049001,0.0017721739772375638
signed_no_prior,2025-10-31,LQD,-0.00226984709973941,0.006300096794094712,0.0009042304094846886,0.02231912929160265,0.008569943893834121,0.0031740775092240986
signed_no_prior,2025-10-31,HYG,0.000443138331493411,0.004457641722011463,0.0027209111626207015,0.018958136217347068,0.004014503390518052,0.0022777728311272906
signed_no_prior,2025-10-31,EWX,0.0034672030850817735,-0.016176668191666965,0.009423706158706288,0.03685381843625382,-0.01964387127674874,0.005956503073624515
signed_no_prior,2025-10-31,VWOB,-0.0003435707119668472,0.0006545758910070365,0.0035110376392280336,0.025255200700887902,0.0009981466029738836,0.0038546083511948807
signed_no_prior,2025-10-31,HYEM,-0.0004152306628207526,-0.0021992661278306125,0.0033399126703379887,0.024475426946369103,-0.0017840354650098598,0.0037551433331587413
signed_no_prior,2025-11-28,SPY,0.008946412159062103,-0.0024606389596457667,0.012076314776024156,0.029239021742911073,-0.01140705111870787,0.003129902616962053
signed_no_prior,2025-11-28,MGK,0.011619765691237216,-0.006014656315694422,0.013975496168260906,0.04010438752844825,-0.01763442200693164,0.00235573047702369
signed_no_prior,2025-11-28,VTV,0.006474319603185668,0.004591005630098177,0.013529931749614286,0.02561672330012109,-0.001883313973087491,0.007055612146428618
signed_no_prior,2025-11-28,IJR,0.0018990889776501821,-0.0043423583691276635,0.014723713594462865,0.03823962096195902,-0.006241447346777846,0.012824624616812684
signed_no_prior,2025-11-28,IWM,0.0018932873375608259,-0.010325989693845572,0.011344398841722001,0.03600122041244664,-0.012219277031406397,0.009451111504161176
signed_no_prior,2025-11-28,VNQ,0.0015678285399759562,-0.02554537559841752,0.007928552709938107,0.03763952317182286,-0.027113204138393476,0.00636072416996215
signed_no_prior,2025-11-28,VNQI,-0.0017196335050451924,0.0008944661826628675,0.003018549878231762,0.031724200988094683,0.0026140996877080597,0.004738183383276954
signed_no_prior,2025-11-28,VEA,0.004586170339498018,0.02842462799248069,0.010666625367785381,0.030873789379489418,0.023838457652982672,0.006080455028287363
signed_no_prior,2025-11-28,VWO,0.0011786664774028324,0.006231798598067773,7.520976837584116e-05,0.030389399825892626,0.00505313212066494,-0.0011034567090269913
signed_no_prior,2025-11-28,VSS,0.002392911055391342,0.01745648547983225,0.004550377140654318,0.029604297205830958,0.01506357442444091,0.0021574660852629757
signed_no_prior,2025-11-28,BND,-0.002420765398294742,-0.00624728267814989,7.516289752206506e-05,0.013533612079702583,-0.0038265172798551484,0.002495928295816807
signed_no_prior,2025-11-28,IEF,-0.003109476236714741,-0.010842523271658244,0.000582837628559828,0.016453536504849313,-0.007733047034943503,0.003692313865274569
signed_no_prior,2025-11-28,BNDX,-0.002506801262013198,-0.00843043234441343,-0.00040126429752317767,0.01141906687225849,-0.005923631082400232,0.0021055369644900203
signed_no_prior,2025-11-28,LQD,-0.0021168123873495153,-0.010606184040828248,0.0013569484875134994,0.01993533650881333,-0.008489371653478732,0.0034737608748630147
signed_no_prior,2025-11-28,HYG,0.0005148258920383762,0.0016540803164204476,0.004263651476242404,0.014891554361451509,0.0011392544243820713,0.003748825584204028
signed_no_prior,2025-11-28,EWX,0.003116419669425546,0.005526301936131128,0.0018210008034030497,0.026918060626462088,0.0024098822667055824,-0.0012954188660224961
signed_no_prior,2025-11-28,VWOB,-0.00032574666548517074,-0.0012631324755422169,0.004231615598531537,0.019915974431827764,-0.0009373858100570462,0.0045573622640167075
signed_no_prior,2025-11-28,HYEM,-0.000447088438981643,0.006456216930834868,0.0022091023565991882,0.018766139627553958,0.006903305369816511,0.0026561907955808314
signed_no_prior,2025-12-31,SPY,0.008746288455225123,0.011594066475381304,0.011304005187296996,0.028430416263407116,0.002847778020156181,0.0025577167320718734
signed_no_prior,2025-12-31,MGK,0.011310389866554206,-0.01981088189923419,0.01228569488630673,0.03907209090959954,-0.031121271765788397,0.0009753050197525235
signed_no_prior,2025-12-31,VTV,0.00644127900716659,0.04262615110326995,0.01339593345479764,0.02703699468337909,0.03618487209610336,0.00695465444763105
signed_no_prior,2025-12-31,IJR,0.0017895899013909218,0.05372327844739844,0.009319626036976421,0.0401904280714452,0.051933688546007516,0.0075300361355855
signed_no_prior,2025-12-31,IWM,0.0016789140563080822,0.05153392029332182,0.011963825510916756,0.045158975054163074,0.04985500623701374,0.010284911454608674
signed_no_prior,2025-12-31,VNQ,0.0010921582919339653,0.0229258613639709,0.0023860264051759157,0.03662646840459724,0.021833703072036935,0.0012938681132419504
signed_no_prior,2025-12-31,VNQI,-0.0016737721070152263,0.04257155181000494,0.004705193150327286,0.03105059884572295,0.044245323917020164,0.006378965257342512
signed_no_prior,2025-12-31,VEA,0.005004388894813503,0.05642561347994279,0.015970369833458783,0.032036439620127276,0.051421224585129294,0.01096598093864528
signed_no_prior,2025-12-31,VWO,0.0012673179181162523,0.04715510460279937,0.006931839634718105,0.029030460750603407,0.045887786684683116,0.005664521716601853
signed_no_prior,2025-12-31,VSS,0.002657184290907849,0.06068200468583562,0.010600601198697882,0.031886247599032996,0.058024820394927776,0.007943416907790032
signed_no_prior,2025-12-31,BND,-0.0024878972803974637,-0.0009446630105405251,-0.0012059776001082873,0.01211936247905315,0.0015432342698569385,0.0012819196802891764
signed_no_prior,2025-12-31,IEF,-0.003245143728555855,-0.005378931439972923,-0.002725715316155158,0.01536707720968234,-0.0021337877114170675,0.0005194284124006971
signed_no_prior,2025-12-31,BNDX,-0.0026107246143360087,0.002059820670583523,-0.0044507228909296224,0.011701646849064391,0.004670545284919532,-0.0018399982765936137
signed_no_prior,2025-12-31,LQD,-0.0022657487321473876,0.0003398451129934532,-0.001168724562792158,0.01737624322329421,0.002605593845140841,0.0010970241693552295
signed_no_prior,2025-12-31,HYG,0.0005348128117643775,0.0029604455586125233,0.0030167842080249083,0.01412345858320202,0.002425632746848146,0.002481971396260531
signed_no_prior,2025-12-31,EWX,0.0031586983056835385,0.02711570928152862,0.004201118595282379,0.024645249598285637,0.023957010975845083,0.0010424202895988406
signed_no_prior,2025-12-31,VWOB,-0.0003421920305738908,0.0003023714262653243,0.003999445839285201,0.01938226872972078,0.0006445634568392151,0.004341637869859092
signed_no_prior,2025-12-31,HYEM,-0.00032597781845854624,0.01193825183971775,0.003976556178380285,0.017424312080516445,0.012264229658176296,0.004302533996838832
signed_no_prior,2026-01-30,SPY,0.0087953880762623,-0.011463064459755201,0.010912435814055753,0.030589609074773743,-0.0202584525360175,0.0021170477377934534
signed_no_prior,2026-01-30,MGK,0.010773816215419922,-0.049282081977910286,0.009078974413906954,0.04105073778812944,-0.06005589819333021,-0.0016948418015129679
signed_no_prior,2026-01-30,VTV,0.00706515611227182,0.03464425383897951,0.011245995908212979,0.02978142932621322,0.02757909772670769,0.004180839795941159
signed_no_prior,2026-01-30,IJR,0.002684998324597948,0.018113075612949725,0.006583882741938655,0.04013650531654916,0.015428077288351777,0.0038988844173407067
signed_no_prior,2026-01-30,IWM,0.0025384831293600433,0.003913446654500996,0.007506287698549477,0.045744404070575714,0.0013749635251409527,0.0049678045691894344
signed_no_prior,2026-01-30,VNQ,0.0014686014483483952,0.05085567147315495,0.00541110614743325,0.04044818841909326,0.04938707002480656,0.003942504699084855
signed_no_prior,2026-01-30,VNQI,-0.0009109216946528097,0.05477043858428532,0.004919423432869774,0.03369396823117581,0.05568136027893813,0.0058303451275225834
signed_no_prior,2026-01-30,VEA,0.005890961732488146,0.05800790565870817,0.014893447269977055,0.034013461275183975,0.05211694392622002,0.009002485537488909
signed_no_prior,2026-01-30,VWO,0.0020584866540590647,0.025936988754007295,0.00989608376418449,0.031271073838749316,0.02387850209994823,0.007837597110125424
signed_no_prior,2026-01-30,VSS,0.003657612228751431,0.046521625760379104,0.010804996828565009,0.036433644469521576,0.04286401353162767,0.007147384599813578
signed_no_prior,2026-01-30,BND,-0.002461289792986137,0.013125538032234596,-1.1316066012546054e-06,0.012953351389463746,0.015586827825220733,0.0024601581863848824
signed_no_prior,2026-01-30,IEF,-0.0032819331718561494,0.02178389001983616,-0.001353150028202557,0.015048341484634721,0.02506582319169231,0.0019287831436535924
signed_no_prior,2026-01-30,BNDX,-0.0025301979714925688,0.01242298193585456,-0.0012951200634224581,0.010540133415525461,0.014953179907347128,0.0012350779080701106
signed_no_prior,2026-01-30,LQD,-0.0022208247003346147,0.010894680719308658,0.0007742373813890966,0.019588310373521784,0.013115505419643273,0.0029950620817237113
signed_no_prior,2026-01-30,HYG,0.0005766340660203799,-0.0028581418854923824,0.003581765939818919,0.015829075882694707,-0.0034347759515127624,0.003005131873798539
signed_no_prior,2026-01-30,EWX,0.003571750219060178,0.03253007863200175,0.009265039594884386,0.028482140504139948,0.02895832841294157,0.0056932893758242075
signed_no_prior,2026-01-30,VWOB,-0.0003310788675249388,0.012410830018970698,0.003893133243013175,0.021644849737032276,0.012741908886495637,0.004224212110538114
signed_no_prior,2026-01-30,HYEM,-0.00011452558297274804,0.006343486373523,0.004649394063229524,0.02058322189856198,0.006458011956495748,0.004763919646202272
signed_no_prior,2026-02-27,SPY,0.008452024473956918,-0.05236481425659356,0.012644434419236123,0.03583754301365096,-0.06081683873055048,0.004192409945279205
signed_no_prior,2026-02-27,MGK,0.009755919635871952,-0.05256666804441845,0.012645837496256194,0.04907372197475082,-0.062322587680290406,0.002889917860384242
signed_no_prior,2026-02-27,VTV,0.0075325984466227975,-0.05111916666844174,0.014786191322991048,0.031178499806608324,-0.058651765115064536,0.00725359287636825
signed_no_prior,2026-02-27,IJR,0.0029464911599937408,-0.0430573291552121,0.011633397626415276,0.0456801480485332,-0.04600382031520584,0.008686906466421535
signed_no_prior,2026-02-27,IWM,0.002561787595887856,-0.052595723393065286,0.011506348701030317,0.0483927192562768,-0.05515751098895314,0.008944561105142461
signed_no_prior,2026-02-27,VNQ,0.002305670431819693,-0.066081450572396,0.013861029615156301,0.04416274350307541,-0.06838712100421569,0.011555359183336607
signed_no_prior,2026-02-27,VNQI,3.283017448173479e-05,-0.1261996923521307,0.010080881186153098,0.03529325081292193,-0.12623252252661243,0.010048051011671364
signed_no_prior,2026-02-27,VEA,0.006774299765135943,-0.0890166153043781,0.01652852852736689,0.03371799440555767,-0.09579091506951404,0.009754228762230949
signed_no_prior,2026-02-27,VWO,0.0024632070286344583,-0.07262882161942752,0.013813457836135216,0.035150212140764775,-0.07509202864806198,0.011350250807500758
signed_no_prior,2026-02-27,VSS,0.004384120932677324,-0.09195775776152426,0.015566799325390767,0.035838782166553146,-0.09634187869420159,0.011182678392713443
signed_no_prior,2026-02-27,BND,-0.0021971062705247687,-0.020459273388676813,0.0016599739395143386,0.013673869430845774,-0.018262167118152043,0.0038570802100391073
signed_no_prior,2026-02-27,IEF,-0.0028570887109800086,-0.02626946195927571,0.000589912533241181,0.014731621294057346,-0.0234123732482957,0.0034470012442211896
signed_no_prior,2026-02-27,BNDX,-0.002276754244249397,-0.02445812349945309,0.00011303517860007705,0.011556235747776844,-0.02218136925520369,0.002389789422849474
signed_no_prior,2026-02-27,LQD,-0.0019985279983067627,-0.02380357071815431,0.0032996164373063856,0.021184212299697008,-0.021805042719847546,0.005298144435613148
signed_no_prior,2026-02-27,HYG,0.0005184175244693163,-0.01264655652256541,0.0034997743065409924,0.01758377310361795,-0.013164974047034726,0.002981356782071676
signed_no_prior,2026-02-27,EWX,0.004062569344703256,-0.05906694056130268,0.011870032589376633,0.030315427748820737,-0.06312950990600594,0.007807463244673378
signed_no_prior,2026-02-27,VWOB,-0.0001151143101267077,-0.03742886388704314,0.006404262281792346,0.022848471016407843,-0.03731374957691643,0.006519376591919054
signed_no_prior,2026-02-27,HYEM,-5.067753201633674e-06,-0.024402651519384255,0.006027785954251231,0.021750168612922414,-0.02439758376618262,0.006032853707452865
signed_no_prior,2026-03-31,SPY,0.00743841049511441,0.10158469057343722,0.008132432903604334,0.03199345797226718,0.0941462800783228,0.000694022408489924
signed_no_prior,2026-03-31,MGK,0.008717209841200446,0.13945658747726553,0.01088787777770612,0.04365071383770577,0.13073937763606508,0.0021706679365056745
signed_no_prior,2026-03-31,VTV,0.006555069028038389,0.0506170669983208,0.006405053158487388,0.031023902972319693,0.044061997970282415,-0.00015001586955100052
signed_no_prior,2026-03-31,IJR,0.002179760821406977,0.09942684130728341,0.00047673104173475453,0.04363114411279113,0.09724708048587644,-0.0017030297796722224
signed_no_prior,2026-03-31,IWM,0.0016424957460719702,0.11732924859591698,0.0025642149273256876,0.044565905590731744,0.115686752849845,0.0009217191812537174
signed_no_prior,2026-03-31,VNQ,0.0011658850817494312,0.08261211567781301,0.001485419868062868,0.04178225294188665,0.08144623059606358,0.0003195347863134369
signed_no_prior,2026-03-31,VNQI,-0.0020710452009618054,0.05920759938488018,0.0003434135220398934,0.03807138192071572,0.061278644585841986,0.002414458723001699
signed_no_prior,2026-03-31,VEA,0.005177784513977376,0.07028850576993428,0.007651330425690333,0.03464772094214545,0.0651107212559569,0.0024735459117129575
signed_no_prior,2026-03-31,VWO,0.0012116732178334255,0.08686516780484332,0.006483111808579451,0.03271921868638034,0.0856534945870099,0.005271438590746026
signed_no_prior,2026-03-31,VSS,0.002778422954440631,0.08096490152679459,0.004255420050560972,0.03505517321980336,0.07818647857235396,0.0014769970961203411
signed_no_prior,2026-03-31,BND,-0.0025014757224939696,-0.001644084190784434,-0.00038687610566576084,0.013564031020981845,0.0008573915317095357,0.0021145996168282087
signed_no_prior,2026-03-31,IEF,-0.003247294931784937,-0.004636900424381141,-0.0009470064645193464,0.01632398059340799,-0.0013896054925962038,0.0023002884672655905
signed_no_prior,2026-03-31,BNDX,-0.002646443731836125,-0.0008092670395931645,-0.0012954830820067886,0.011131234937865588,0.0018371766922429607,0.0013509606498293366
signed_no_prior,2026-03-31,LQD,-0.0023619453769708884,-0.0003280238707080718,6.078940435680358e-06,0.019942522332393228,0.0020339215062628166,0.0023680243174065687
signed_no_prior,2026-03-31,HYG,0.00029900129035207075,0.012020620280474459,0.0020132446208421936,0.01653035820221146,0.011721618990122388,0.001714243330490123
signed_no_prior,2026-03-31,EWX,0.003010410846269823,0.10571433591391832,0.003469954526104318,0.028158595379439735,0.1027039250676485,0.0004595436798344949
signed_no_prior,2026-03-31,VWOB,-0.0007370101364086482,0.020791542317250666,0.0014868128245103614,0.021975072612452337,0.021528552453659314,0.0022238229609190096
signed_no_prior,2026-03-31,HYEM,-0.0004116941493046774,0.022278894658412263,0.002358402681194531,0.021833799492354703,0.02269058880771694,0.002770096830499208
signed_no_prior,2026-04-30,SPY,0.008981792135742652,0.049483664963993146,0.012515215057272586,0.03753816939178432,0.04050187282825049,0.0035334229215299336
signed_no_prior,2026-04-30,MGK,0.010860478327037579,0.08330425574857636,0.014886108608462255,0.048259472697369354,0.07244377742153878,0.004025630281424676
signed_no_prior,2026-04-30,VTV,0.0072773968636167885,0.021460679046998887,0.008522281449456711,0.03734339310177343,0.0141832821833821,0.0012448845858399225
signed_no_prior,2026-04-30,IJR,0.0037739752556016724,0.008359592272450422,0.0036485582648362784,0.04812919851918458,0.00458561701684875,-0.00012541699076539393
signed_no_prior,2026-04-30,IWM,0.0035389998911513967,0.04170616807391436,0.005239420445663548,0.051789080967659086,0.038167168182762966,0.0017004205545121508
signed_no_prior,2026-04-30,VNQ,0.002501069189881621,-0.009505527770350963,0.0038965838108181257,0.045879545218270104,-0.012006596960232584,0.0013955146209365045
signed_no_prior,2026-04-30,VNQI,-0.0010664772569316092,-0.02873894096208207,-0.001760585029595735,0.04130328924895635,-0.027672463705150464,-0.0006941077726641258
signed_no_prior,2026-04-30,VEA,0.006245173387025849,0.04005467192775236,0.006661607983965758,0.04292929804426797,0.03380949854072651,0.00041643459693990834
signed_no_prior,2026-04-30,VWO,0.002615828866800801,0.013087733301134774,0.006332177415536532,0.037175358800233975,0.010471904434333972,0.003716348548735731
signed_no_prior,2026-04-30,VSS,0.00406016850480709,0.0153673341636833,0.006055813950411534,0.039389131999445444,0.01130716565887621,0.0019956454456044447
signed_no_prior,2026-04-30,BND,-0.0024874201236134855,-0.00023588979226363271,-0.0009857422937176717,0.015348943076885817,0.002251530331349853,0.0015016778298958138
signed_no_prior,2026-04-30,IEF,-0.00327007534969635,-0.0031745273257528517,-0.0032875577781374767,0.01956813051426127,9.554802394349821e-05,-1.7482428441126848e-05
signed_no_prior,2026-04-30,BNDX,-0.002616326081143618,0.005188840393763217,-0.0009837747438335214,0.013130874720930968,0.007805166474906835,0.0016325513373100964
signed_no_prior,2026-04-30,LQD,-0.002328602401458383,0.005612799118414058,-0.0005164157442202044,0.02420545556192766,0.007941401519872441,0.0018121866572381785
signed_no_prior,2026-04-30,HYG,0.0004911589787147328,0.0013666068307942592,0.000991546776024768,0.017678003437751135,0.0008754478520795263,0.0005003877973100351
signed_no_prior,2026-04-30,EWX,0.004694081749018159,0.01835836502980981,0.010156123456402452,0.035461202484947066,0.01366428328079165,0.005462041707384293
signed_no_prior,2026-04-30,VWOB,-0.0003840830470043972,0.006564291011867507,0.0012118680316168008,0.024840689791353846,0.006948374058871904,0.001595951078621198
signed_no_prior,2026-04-30,HYEM,-3.971728360439966e-05,0.00658729224447252,0.003478564661503644,0.022174210821384766,0.0066270095280769195,0.0035182819451080437
signed_lkj_eta_1,2025-05-30,SPY,0.007317202496114117,0.04769511906164903,0.007704135966618824,0.03766417824585146,0.04037791656553491,0.00038693347050470714
signed_lkj_eta_1,2025-05-30,MGK,0.009610770673104944,0.06034673392230827,0.01131936790355943,0.049216251747156,0.05073596324920333,0.0017085972304544863
signed_lkj_eta_1,2025-05-30,VTV,0.005312478651329571,0.0332330912657377,0.004833389550755552,0.0335654191925284,0.027920612614408133,-0.000479089100574019
signed_lkj_eta_1,2025-05-30,IJR,-0.00041575730887501996,0.03734736300075814,-0.0010252720205369895,0.048307578888863084,0.03776312030963316,-0.0006095147116619695
signed_lkj_eta_1,2025-05-30,IWM,-0.0015216367751140637,0.05147995646827952,-0.0015447577632831907,0.04899754406536895,0.05300159324339358,-2.3120988169126992e-05
signed_lkj_eta_1,2025-05-30,VNQ,0.0013147227365438608,0.0033500785292834845,0.0009462907798093969,0.0436218264469213,0.002035355792739624,-0.0003684319567344639
signed_lkj_eta_1,2025-05-30,VNQI,-0.003141402592921254,0.04115888912622401,0.0005979502600130335,0.03728090289075553,0.04430029171914526,0.0037393528529342875
signed_lkj_eta_1,2025-05-30,VEA,0.003213867729195683,0.030256851306093457,0.005401353392053841,0.03372415069002148,0.027042983576897776,0.002187485662858158
signed_lkj_eta_1,2025-05-30,VWO,-0.0013812432635037686,0.05168209224062714,0.002727298761397192,0.035483319605663706,0.053063335504130914,0.00410854202490096
signed_lkj_eta_1,2025-05-30,VSS,0.00044890942076046157,0.054769444558085745,0.002948364695427839,0.03290018017330664,0.054320535137325286,0.0024994552746673776
signed_lkj_eta_1,2025-05-30,BND,-0.003237055002469442,0.011602274676301816,-0.002297294424153287,0.013830978645924752,0.014839329678771258,0.0009397605783161554
signed_lkj_eta_1,2025-05-30,IEF,-0.0040674968930327,0.012452491537882304,-0.003107857478353764,0.015000289591177558,0.016519988430915004,0.0009596394146789361
signed_lkj_eta_1,2025-05-30,BNDX,-0.0027348125869511297,-0.0001381150801093023,-0.0011594599082739476,0.009920998564329485,0.0025966975068418274,0.001575352678677182
signed_lkj_eta_1,2025-05-30,LQD,-0.003152480733546488,0.01724059290590274,-0.0015923474985808416,0.017931411426250023,0.020393073639449227,0.0015601332349656463
signed_lkj_eta_1,2025-05-30,HYG,5.2760762575032596e-05,0.014810137654057698,0.0008167846069681363,0.01524590769690192,0.014757376891482665,0.0007640238443931037
signed_lkj_eta_1,2025-05-30,EWX,0.0014349156952656505,0.05043478917948763,0.0036179512094883627,0.02685311532722321,0.048999873484221974,0.002183035514222712
signed_lkj_eta_1,2025-05-30,VWOB,-0.001725584997727383,0.021275025282161186,0.0003679907342841295,0.0157517829809088,0.02300061027988857,0.0020935757320115125
signed_lkj_eta_1,2025-05-30,HYEM,-0.0011012187111369331,0.014454903619178339,0.0014161556739718856,0.018147846775332453,0.015556122330315272,0.0025173743851088187
signed_lkj_eta_1,2025-06-30,SPY,0.008108926350340292,0.01908467259702551,0.009421463491522503,0.03749961211229077,0.010975746246685217,0.0013125371411822108
signed_lkj_eta_1,2025-06-30,MGK,0.010605593481912853,0.03526188252947149,0.01182497615025677,0.043002476027931204,0.024656289047558635,0.0012193826683439164
signed_lkj_eta_1,2025-06-30,VTV,0.005859941643768946,-0.002167296399311236,0.006704982407157376,0.02728885126156359,-0.00802723804308018,0.0008450407633884306
signed_lkj_eta_1,2025-06-30,IJR,0.0003246960305295518,0.005165530187941636,-0.0003867446429817539,0.04622794082989215,0.004840834157412084,-0.0007114406735113057
signed_lkj_eta_1,2025-06-30,IWM,-0.0004823898487730129,0.012760607343994756,0.0002415084838552339,0.04343237486402363,0.01324299719276777,0.0007238983326282468
signed_lkj_eta_1,2025-06-30,VNQ,0.0013546316736564024,-0.0029632780526935854,-5.216849946823761e-05,0.04275020361276466,-0.004317909726349988,-0.00140680017312464
signed_lkj_eta_1,2025-06-30,VNQI,-0.0022727694219576216,-0.023931985253554888,-0.0015502933484215994,0.035210187067073385,-0.021659215831597266,0.0007224760735360222
signed_lkj_eta_1,2025-06-30,VEA,0.003744122309134855,-0.01766175570590245,0.00626888987313008,0.03257755935646987,-0.021405878015037304,0.002524767563995225
signed_lkj_eta_1,2025-06-30,VWO,-0.0003407857045992409,0.002989658374459969,0.002061722894623304,0.03234571844911422,0.0033304440790592102,0.002402508599222545
signed_lkj_eta_1,2025-06-30,VSS,0.001514017952864879,-0.009120730437294888,0.002798696393703454,0.03111053880264779,-0.010634748390159767,0.0012846784408385753
signed_lkj_eta_1,2025-06-30,BND,-0.002946087753866084,-0.006504632044136427,-0.0017894749860756347,0.013190114117217972,-0.0035585442902703428,0.0011566127677904495
signed_lkj_eta_1,2025-06-30,IEF,-0.0037435755512500533,-0.00977429711868305,-0.0028975557544326175,0.016184816297247117,-0.0060307215674329975,0.0008460197968174358
signed_lkj_eta_1,2025-06-30,BNDX,-0.0026838969495620742,-0.00498710657025403,-0.002257360401634374,0.011084702786917785,-0.0023032096206919554,0.0004265365479277001
signed_lkj_eta_1,2025-06-30,LQD,-0.0027526165445376795,-0.004751878550950606,-0.0016723563000154741,0.01828046854914331,-0.001999262006412926,0.0010802602445222054
signed_lkj_eta_1,2025-06-30,HYG,0.0003421210937805751,-0.002505544256353631,0.000889479701536822,0.012980098019661226,-0.0028476653501342064,0.000547358607756247
signed_lkj_eta_1,2025-06-30,EWX,0.002395697528289611,0.003689786989881094,0.0027284500922114896,0.024763527672850342,0.0012940894615914834,0.00033275256392187877
signed_lkj_eta_1,2025-06-30,VWOB,-0.0012745926392981953,0.003448378263515961,0.0002647965220411608,0.01629535392242704,0.004722970902814157,0.001539389161339356
signed_lkj_eta_1,2025-06-30,HYEM,-0.0007961967046601631,0.0052854367518158085,0.0014880767517601269,0.01838209415937733,0.006081633456475972,0.00228427345642029
signed_lkj_eta_1,2025-07-31,SPY,0.008319998393545776,0.01702595928567807,0.009982490600820269,0.02764631704030247,0.008705960892132296,0.0016624922072744925
signed_lkj_eta_1,2025-07-31,MGK,0.011079752886673596,0.005506659536577585,0.01466090328693136,0.041647504266215475,-0.005573093350096011,0.0035811504002577644
signed_lkj_eta_1,2025-07-31,VTV,0.0057055716814020194,0.03136457393982228,0.005715106064419115,0.0295444603817811,0.025659002258420265,9.534383017095749e-06
signed_lkj_eta_1,2025-07-31,IJR,0.0004177889950951688,0.06670214284372133,0.00028664480570607604,0.03840464653919091,0.06628435384862616,-0.00013114418938909276
signed_lkj_eta_1,2025-07-31,IWM,-0.00022771682583517123,0.06825711678016222,0.0006548076781728448,0.038765575842546224,0.06848483360599739,0.0008825245040080161
signed_lkj_eta_1,2025-07-31,VNQ,0.0012715949481496719,0.031234506481848445,0.000943775180003702,0.0336846686272987,0.029962911533698774,-0.0003278197681459698
signed_lkj_eta_1,2025-07-31,VNQI,-0.002689292803334492,0.03800885965747658,-0.002695944870155731,0.033208242279215615,0.04069815246081107,-6.652066821238867e-06
signed_lkj_eta_1,2025-07-31,VEA,0.003332470808845676,0.040715343672140136,0.004643456576675907,0.029767109862545774,0.03738287286329446,0.0013109857678302314
signed_lkj_eta_1,2025-07-31,VWO,-0.0002767387030788715,0.03119670619044923,0.002118408054928673,0.031199374555990173,0.0314734448935281,0.0023951467580075447
signed_lkj_eta_1,2025-07-31,VSS,0.0013095035607464218,0.04570476560415426,0.002234850548414078,0.028854703335813706,0.04439526204340784,0.0009253469876676563
signed_lkj_eta_1,2025-07-31,BND,-0.0030145212979097447,0.008078120866885197,-0.0017212856323127643,0.012284588417012686,0.011092642164794941,0.0012932356655969803
signed_lkj_eta_1,2025-07-31,IEF,-0.0038595509660083803,0.013001796164747947,-0.002655980534457165,0.015539139446952299,0.016861347130756328,0.001203570431551215
signed_lkj_eta_1,2025-07-31,BNDX,-0.002728189442267689,-0.002067319775812204,-0.0016246302961170343,0.010144018392770794,0.0006608696664554847,0.0011035591461506546
signed_lkj_eta_1,2025-07-31,LQD,-0.002791063890814851,0.0069765482555901315,-0.0014966316811052859,0.01765827666356472,0.009767612146404982,0.0012944322097095651
signed_lkj_eta_1,2025-07-31,HYG,0.0002873582985856865,0.007592278645943473,0.0012250460664552912,0.012613574460850409,0.007304920347357787,0.0009376877678696047
signed_lkj_eta_1,2025-07-31,EWX,0.002420583864089447,0.059400893238615415,0.0027882223978833057,0.023141509130105594,0.056980309374525966,0.0003676385337938585
signed_lkj_eta_1,2025-07-31,VWOB,-0.0011837662757825385,0.013654429789281775,0.0007208665030488707,0.014802408652278776,0.014838196065064313,0.0019046327788314092
signed_lkj_eta_1,2025-07-31,HYEM,-0.0006792422151125483,0.015516857251125726,0.001831982570819541,0.017079428694984335,0.016196099466238276,0.002511224785932089
signed_lkj_eta_1,2025-08-29,SPY,0.008484261806604877,0.03208906394277711,0.008623898702868215,0.02596241087500126,0.02360480213617223,0.00013963689626333813
signed_lkj_eta_1,2025-08-29,MGK,0.010974600181954803,0.04538102472427963,0.011449365725170635,0.03955005250609289,0.03440642454232483,0.00047476554321583195
signed_lkj_eta_1,2025-08-29,VTV,0.00618970379948542,0.019529753810910266,0.006928938232930162,0.02324092128470998,0.013340050011424846,0.000739234433444742
signed_lkj_eta_1,2025-08-29,IJR,0.001668437180918304,0.007030856049952794,0.0016792829509140782,0.03678718917320905,0.00536241886903449,1.0845769995774168e-05
signed_lkj_eta_1,2025-08-29,IWM,0.0010644498459761002,0.028272862598571757,0.0030921572658569336,0.03998312660244302,0.027208412752595657,0.0020277074198808333
signed_lkj_eta_1,2025-08-29,VNQ,0.0018369329016156865,-0.002835540326792896,0.0037387700296748925,0.03256501008170806,-0.004672473228408582,0.001901837128059206
signed_lkj_eta_1,2025-08-29,VNQI,-0.0019214031342625851,0.010131917120224765,0.0009415100116397996,0.030213291975249565,0.01205332025448735,0.0028629131459023847
signed_lkj_eta_1,2025-08-29,VEA,0.0040378080326814204,0.022001068135094393,0.0055208422534679166,0.02773333130170091,0.017963260102412972,0.0014830342207864961
signed_lkj_eta_1,2025-08-29,VWO,0.00031709987981788515,0.053275426570534856,0.0036413069311997176,0.025561575877530964,0.05295832669071697,0.0033242070513818324
signed_lkj_eta_1,2025-08-29,VSS,0.002147150014395626,0.018182193335737562,0.00299337672637904,0.027246520724192695,0.016035043321341935,0.0008462267119834139
signed_lkj_eta_1,2025-08-29,BND,-0.0028052261627249343,0.007605185555678684,-0.0011737621256015375,0.011452379326575945,0.01041041171840362,0.0016314640371233968
signed_lkj_eta_1,2025-08-29,IEF,-0.00354141234089977,0.0030789765395491386,-0.0013469762273964924,0.013782120549017519,0.006620388880448909,0.0021944361135032777
signed_lkj_eta_1,2025-08-29,BNDX,-0.0027157202032779626,0.0018362952066057758,-0.001446255862766201,0.009508351717044158,0.0045520154098837385,0.0012694643405117617
signed_lkj_eta_1,2025-08-29,LQD,-0.002606769322014757,0.015298491121950697,-0.0009939341716211946,0.01470855031298803,0.017905260443965454,0.0016128351503935624
signed_lkj_eta_1,2025-08-29,HYG,0.00042518698438489,0.005419530370210479,0.0014754262268009092,0.010413590740795514,0.004994343385825589,0.0010502392424160192
signed_lkj_eta_1,2025-08-29,EWX,0.0034956840409672957,0.00934001338555035,0.00461740918265193,0.021168535013195086,0.005844329344583054,0.0011217251416846346
signed_lkj_eta_1,2025-08-29,VWOB,-0.000903800312290759,0.011313877152875351,0.0016898419437108882,0.012856279254792876,0.01221767746516611,0.002593642256001647
signed_lkj_eta_1,2025-08-29,HYEM,-0.000373655432730694,-0.003310550556556602,0.0023866238285788583,0.015166651509080453,-0.002936895123825908,0.002760279261309552
signed_lkj_eta_1,2025-09-30,SPY,0.008921387772089548,0.02028375894432366,0.012027938943089903,0.027461383023554206,0.011362371172234112,0.0031065511710003553
signed_lkj_eta_1,2025-09-30,MGK,0.011611756191997856,0.04184616666398688,0.015939943419038812,0.034694741756507906,0.030234410471989027,0.004328187227040956
signed_lkj_eta_1,2025-09-30,VTV,0.0064367417626599545,-0.007371739211896489,0.0078718416740265,0.02521243188924141,-0.013808480974556444,0.001435099911366546
signed_lkj_eta_1,2025-09-30,IJR,0.0017677412340485724,-0.012108590721114587,0.0053544146678595785,0.03540972838762401,-0.013876331955163159,0.003586673433811006
signed_lkj_eta_1,2025-09-30,IWM,0.0015683093413945384,0.014115453040836279,0.00679630945919385,0.03761109730859211,0.01254714369944174,0.005228000117799312
signed_lkj_eta_1,2025-09-30,VNQ,0.00175040561960812,-0.027888055765740494,0.0032584591673075047,0.030921450228645824,-0.029638461385348612,0.0015080535476993846
signed_lkj_eta_1,2025-09-30,VNQI,-0.0016981934999202267,-0.015995303603671296,0.001963268811614012,0.026459263185743723,-0.014297110103751069,0.0036614623115342384
signed_lkj_eta_1,2025-09-30,VEA,0.00437046099754092,0.014158067636574012,0.007906766722520785,0.026526019780573725,0.009787606639033091,0.003536305724979865
signed_lkj_eta_1,2025-09-30,VWO,0.0012978096333496809,0.01105958429806142,0.00739329838580805,0.0253237179077646,0.00976177466471174,0.0060954887524583695
signed_lkj_eta_1,2025-09-30,VSS,0.0024440952610871435,-0.004799080760367169,0.0054824314393606514,0.02511794461108244,-0.007243176021454313,0.003038336178273508
signed_lkj_eta_1,2025-09-30,BND,-0.002612440760532275,0.002537797325417923,-0.0004530414970507399,0.010513106214352877,0.005150238085950198,0.002159399263481535
signed_lkj_eta_1,2025-09-30,IEF,-0.003418812546817383,0.0036171952388968087,-0.0011691478529375853,0.012448251082889258,0.007036007785714192,0.0022496646938797975
signed_lkj_eta_1,2025-09-30,BNDX,-0.002631423621613449,0.006523664675198493,-0.00103992538673868,0.008459239944316577,0.009155088296811942,0.001591498234874769
signed_lkj_eta_1,2025-09-30,LQD,-0.0022751904249042857,-0.0019813075408361414,0.0003374002562426203,0.01463248097445253,0.0002938828840681443,0.002612590681146906
signed_lkj_eta_1,2025-09-30,HYG,0.0005176748248631416,-0.003581832310472044,0.0024250151668915804,0.009763152271855008,-0.004099507135335185,0.0019073403420284388
signed_lkj_eta_1,2025-09-30,EWX,0.003603912362163278,-0.003915097877319473,0.0059327974119390255,0.01912565793928644,-0.007519010239482751,0.0023288850497757475
signed_lkj_eta_1,2025-09-30,VWOB,-0.000677547025898794,0.017691150240358278,0.0025999169707723964,0.012250915117359698,0.018368697266257072,0.0032774639966711904
signed_lkj_eta_1,2025-09-30,HYEM,-0.0004280423794682108,0.00027660203614199297,0.0024596039062524887,0.013664633072563576,0.0007046444156102037,0.0028876462857206995
signed_lkj_eta_1,2025-10-31,SPY,0.00912797633885744,-0.001039617729681419,0.013044759391422986,0.02434484816271171,-0.010167594068538859,0.003916783052565546
signed_lkj_eta_1,2025-10-31,MGK,0.01216147274603402,-0.018174122322586972,0.02013875419857705,0.038239203757167044,-0.03033559506862099,0.007977281452543028
signed_lkj_eta_1,2025-10-31,VTV,0.006185678472213474,0.02234958180665636,0.008008766519836754,0.02567501097490307,0.016163903334442887,0.00182308804762328
signed_lkj_eta_1,2025-10-31,IJR,0.0015154442894092421,0.022999546830901885,0.006437422345979098,0.037587868836319274,0.021484102541492644,0.004921978056569855
signed_lkj_eta_1,2025-10-31,IWM,0.0017964392268389336,0.007219933427264902,0.009745221863573496,0.03651384396972443,0.005423494200425968,0.007948782636734562
signed_lkj_eta_1,2025-10-31,VNQ,0.0012115245035108726,0.02116455054555555,0.002106724494227152,0.03297263851729966,0.019953026042044675,0.0008951999907162796
signed_lkj_eta_1,2025-10-31,VNQI,-0.0019581409563520645,0.011398276316832767,0.0021978904743706865,0.028043521207626942,0.013356417273184831,0.004156031430722751
signed_lkj_eta_1,2025-10-31,VEA,0.004548417481886976,0.006662577508105283,0.009982294832142177,0.027316010399093413,0.0021141600262183065,0.005433877350255201
signed_lkj_eta_1,2025-10-31,VWO,0.0014752964454353488,-0.015135981764385575,0.010416789671054845,0.023629656320668827,-0.016611278209820925,0.008941493225619495
signed_lkj_eta_1,2025-10-31,VSS,0.0023124011516061564,0.006820955763576553,0.007338554262556578,0.0254931279679248,0.004508554611970396,0.005026153110950421
signed_lkj_eta_1,2025-10-31,BND,-0.002518800068060453,0.00297114143881938,-0.00016650550901736597,0.01011037425814169,0.005489941506879833,0.002352294559043087
signed_lkj_eta_1,2025-10-31,IEF,-0.0032908851325316704,0.00686801303321638,-0.0009086002494363538,0.013395145525159755,0.01015889816574805,0.0023822848830953166
signed_lkj_eta_1,2025-10-31,BNDX,-0.002464967470762323,-0.004807659780811324,-0.0008436363255842425,0.008536017696431683,-0.002342692310049001,0.0016213311451780804
signed_lkj_eta_1,2025-10-31,LQD,-0.00226984709973941,0.006300096794094712,-0.00044783218015413207,0.014579327957175316,0.008569943893834121,0.001822014919585278
signed_lkj_eta_1,2025-10-31,HYG,0.000443138331493411,0.004457641722011463,0.0021728323366126353,0.01099609492665757,0.004014503390518052,0.0017296940051192244
signed_lkj_eta_1,2025-10-31,EWX,0.0034672030850817735,-0.016176668191666965,0.007675259667820635,0.02379865957060924,-0.01964387127674874,0.0042080565827388615
signed_lkj_eta_1,2025-10-31,VWOB,-0.0003435707119668472,0.0006545758910070365,0.003523618493194663,0.013069393017431846,0.0009981466029738836,0.0038671892051615102
signed_lkj_eta_1,2025-10-31,HYEM,-0.0004152306628207526,-0.0021992661278306125,0.0029323278987007074,0.015276157661508794,-0.0017840354650098598,0.00334755856152146
signed_lkj_eta_1,2025-11-28,SPY,0.008946412159062103,-0.0024606389596457667,0.012993899515491637,0.028300848366585103,-0.01140705111870787,0.004047487356429534
signed_lkj_eta_1,2025-11-28,MGK,0.011619765691237216,-0.006014656315694422,0.017077934730552767,0.032210904574000075,-0.01763442200693164,0.005458169039315551
signed_lkj_eta_1,2025-11-28,VTV,0.006474319603185668,0.004591005630098177,0.010310344893612804,0.02576559653939535,-0.001883313973087491,0.003836025290427136
signed_lkj_eta_1,2025-11-28,IJR,0.0018990889776501821,-0.0043423583691276635,0.008827027205935617,0.035104174265055084,-0.006241447346777846,0.006927938228285435
signed_lkj_eta_1,2025-11-28,IWM,0.0018932873375608259,-0.010325989693845572,0.009476544066253315,0.036962470771951784,-0.012219277031406397,0.007583256728692489
signed_lkj_eta_1,2025-11-28,VNQ,0.0015678285399759562,-0.02554537559841752,0.0048646851276458215,0.03273358693725705,-0.027113204138393476,0.0032968565876698654
signed_lkj_eta_1,2025-11-28,VNQI,-0.0017196335050451924,0.0008944661826628675,0.001485097992322937,0.028139491655940915,0.0026140996877080597,0.0032047314973681295
signed_lkj_eta_1,2025-11-28,VEA,0.004586170339498018,0.02842462799248069,0.00815761584804925,0.021041718249165717,0.023838457652982672,0.0035714455085512327
signed_lkj_eta_1,2025-11-28,VWO,0.0011786664774028324,0.006231798598067773,0.00767118502078614,0.0255519764648477,0.00505313212066494,0.006492518543383307
signed_lkj_eta_1,2025-11-28,VSS,0.002392911055391342,0.01745648547983225,0.0062172705931246575,0.025292388379265247,0.01506357442444091,0.0038243595377333156
signed_lkj_eta_1,2025-11-28,BND,-0.002420765398294742,-0.00624728267814989,0.00021411793808637745,0.010533029511882265,-0.0038265172798551484,0.0026348833363811193
signed_lkj_eta_1,2025-11-28,IEF,-0.003109476236714741,-0.010842523271658244,0.0002305999131885987,0.01239568865885329,-0.007733047034943503,0.0033400761499033397
signed_lkj_eta_1,2025-11-28,BNDX,-0.002506801262013198,-0.00843043234441343,-0.0009692655068170815,0.007828916308999146,-0.005923631082400232,0.0015375357551961164
signed_lkj_eta_1,2025-11-28,LQD,-0.0021168123873495153,-0.010606184040828248,0.00013554191787072982,0.017134073994838767,-0.008489371653478732,0.002252354305220245
signed_lkj_eta_1,2025-11-28,HYG,0.0005148258920383762,0.0016540803164204476,0.0025859067925734303,0.009865523090893674,0.0011392544243820713,0.002071080900535054
signed_lkj_eta_1,2025-11-28,EWX,0.003116419669425546,0.005526301936131128,0.004012620536427658,0.01996809364073652,0.0024098822667055824,0.0008962008670021122
signed_lkj_eta_1,2025-11-28,VWOB,-0.00032574666548517074,-0.0012631324755422169,0.0034048507592940487,0.015527583406116199,-0.0009373858100570462,0.0037305974247792196
signed_lkj_eta_1,2025-11-28,HYEM,-0.000447088438981643,0.006456216930834868,0.0028024528349059486,0.014565109895638678,0.006903305369816511,0.0032495412738875917
signed_lkj_eta_1,2025-12-31,SPY,0.008746288455225123,0.011594066475381304,0.011591554870086002,0.023296348695388335,0.002847778020156181,0.002845266414860879
signed_lkj_eta_1,2025-12-31,MGK,0.011310389866554206,-0.01981088189923419,0.013690649908241995,0.03059004029888732,-0.031121271765788397,0.002380260041687789
signed_lkj_eta_1,2025-12-31,VTV,0.00644127900716659,0.04262615110326995,0.011320194655269684,0.019530036166351312,0.03618487209610336,0.004878915648103095
signed_lkj_eta_1,2025-12-31,IJR,0.0017895899013909218,0.05372327844739844,0.009336674925849517,0.03148112603582015,0.051933688546007516,0.007547085024458595
signed_lkj_eta_1,2025-12-31,IWM,0.0016789140563080822,0.05153392029332182,0.012612850183526543,0.03100019826655664,0.04985500623701374,0.010933936127218461
signed_lkj_eta_1,2025-12-31,VNQ,0.0010921582919339653,0.0229258613639709,-0.0005912650999172716,0.027120697023408438,0.021833703072036935,-0.0016834233918512369
signed_lkj_eta_1,2025-12-31,VNQI,-0.0016737721070152263,0.04257155181000494,0.002957817257419249,0.0228837388132997,0.044245323917020164,0.004631589364434475
signed_lkj_eta_1,2025-12-31,VEA,0.005004388894813503,0.05642561347994279,0.01356543658360017,0.021267163775057597,0.051421224585129294,0.008561047688786667
signed_lkj_eta_1,2025-12-31,VWO,0.0012673179181162523,0.04715510460279937,0.00782671854752686,0.021199715208234403,0.045887786684683116,0.006559400629410609
signed_lkj_eta_1,2025-12-31,VSS,0.002657184290907849,0.06068200468583562,0.009237377012916367,0.02195143970795696,0.058024820394927776,0.006580192722008518
signed_lkj_eta_1,2025-12-31,BND,-0.0024878972803974637,-0.0009446630105405251,-0.0004052116206754554,0.009035191032039536,0.0015432342698569385,0.0020826856597220083
signed_lkj_eta_1,2025-12-31,IEF,-0.003245143728555855,-0.005378931439972923,-0.0012013409116596522,0.011214491705077335,-0.0021337877114170675,0.002043802816896203
signed_lkj_eta_1,2025-12-31,BNDX,-0.0026107246143360087,0.002059820670583523,-0.002715478331799017,0.007456805205081655,0.004670545284919532,-0.00010475371746300824
signed_lkj_eta_1,2025-12-31,LQD,-0.0022657487321473876,0.0003398451129934532,-0.001006865622904513,0.010800412922420215,0.002605593845140841,0.0012588831092428746
signed_lkj_eta_1,2025-12-31,HYG,0.0005348128117643775,0.0029604455586125233,0.0023699656879975547,0.008097216689146492,0.002425632746848146,0.0018351528762331772
signed_lkj_eta_1,2025-12-31,EWX,0.0031586983056835385,0.02711570928152862,0.002908933538865739,0.01659275010443084,0.023957010975845083,-0.00024976476681779934
signed_lkj_eta_1,2025-12-31,VWOB,-0.0003421920305738908,0.0003023714262653243,0.003853740953237222,0.009637610981763536,0.0006445634568392151,0.004195932983811113
signed_lkj_eta_1,2025-12-31,HYEM,-0.00032597781845854624,0.01193825183971775,0.004169329487734399,0.00986335095481565,0.012264229658176296,0.004495307306192946
signed_lkj_eta_1,2026-01-30,SPY,0.0087953880762623,-0.011463064459755201,0.011781950015881454,0.02515643048851796,-0.0202584525360175,0.0029865619396191537
signed_lkj_eta_1,2026-01-30,MGK,0.010773816215419922,-0.049282081977910286,0.01326137922286489,0.031860345814712844,-0.06005589819333021,0.002487563007444968
signed_lkj_eta_1,2026-01-30,VTV,0.00706515611227182,0.03464425383897951,0.010512825275018307,0.021959749751075994,0.02757909772670769,0.003447669162746487
signed_lkj_eta_1,2026-01-30,IJR,0.002684998324597948,0.018113075612949725,0.006907688997178293,0.033361510687423386,0.015428077288351777,0.004222690672580345
signed_lkj_eta_1,2026-01-30,IWM,0.0025384831293600433,0.003913446654500996,0.00911730747634187,0.03448008037780978,0.0013749635251409527,0.006578824346981827
signed_lkj_eta_1,2026-01-30,VNQ,0.0014686014483483952,0.05085567147315495,0.0017708535301678542,0.029936093515719856,0.04938707002480656,0.000302252081819459
signed_lkj_eta_1,2026-01-30,VNQI,-0.0009109216946528097,0.05477043858428532,0.005399802233179358,0.025782654856268843,0.05568136027893813,0.006310723927832168
signed_lkj_eta_1,2026-01-30,VEA,0.005890961732488146,0.05800790565870817,0.016502660615526615,0.02355789949003788,0.05211694392622002,0.010611698883038468
signed_lkj_eta_1,2026-01-30,VWO,0.0020584866540590647,0.025936988754007295,0.012231454079022031,0.022294348079397883,0.02387850209994823,0.010172967424962966
signed_lkj_eta_1,2026-01-30,VSS,0.003657612228751431,0.046521625760379104,0.013410356872446232,0.024282157308671115,0.04286401353162767,0.0097527446436948
signed_lkj_eta_1,2026-01-30,BND,-0.002461289792986137,0.013125538032234596,-0.00019674242099546177,0.009098533196542956,0.015586827825220733,0.0022645473719906752
signed_lkj_eta_1,2026-01-30,IEF,-0.0032819331718561494,0.02178389001983616,-0.0015754504199017828,0.01167879792669169,0.02506582319169231,0.0017064827519543667
signed_lkj_eta_1,2026-01-30,BNDX,-0.0025301979714925688,0.01242298193585456,-0.00160731970299956,0.007346352453235247,0.014953179907347128,0.0009228782684930087
signed_lkj_eta_1,2026-01-30,LQD,-0.0022208247003346147,0.010894680719308658,0.0004004419915063671,0.010971339807863752,0.013115505419643273,0.0026212666918409818
signed_lkj_eta_1,2026-01-30,HYG,0.0005766340660203799,-0.0028581418854923824,0.0024879291584835516,0.00961249094361117,-0.0034347759515127624,0.0019112950924631716
signed_lkj_eta_1,2026-01-30,EWX,0.003571750219060178,0.03253007863200175,0.006118329671538828,0.018873646900011223,0.02895832841294157,0.00254657945247865
signed_lkj_eta_1,2026-01-30,VWOB,-0.0003310788675249388,0.012410830018970698,0.0044514330155449216,0.011978014388829538,0.012741908886495637,0.00478251188306986
signed_lkj_eta_1,2026-01-30,HYEM,-0.00011452558297274804,0.006343486373523,0.005495757605984207,0.013546545198503943,0.006458011956495748,0.005610283188956955
signed_lkj_eta_1,2026-02-27,SPY,0.008452024473956918,-0.05236481425659356,0.009367661368006536,0.022736203673954937,-0.06081683873055048,0.0009156368940496182
signed_lkj_eta_1,2026-02-27,MGK,0.009755919635871952,-0.05256666804441845,0.01033563548595956,0.03393057713102381,-0.062322587680290406,0.0005797158500876077
signed_lkj_eta_1,2026-02-27,VTV,0.0075325984466227975,-0.05111916666844174,0.010238613954248073,0.02046564207791844,-0.058651765115064536,0.002706015507625276
signed_lkj_eta_1,2026-02-27,IJR,0.0029464911599937408,-0.0430573291552121,0.005033514677817812,0.03412909922963636,-0.04600382031520584,0.002087023517824071
signed_lkj_eta_1,2026-02-27,IWM,0.002561787595887856,-0.052595723393065286,0.006976691227127743,0.03363333475819483,-0.05515751098895314,0.004414903631239887
signed_lkj_eta_1,2026-02-27,VNQ,0.002305670431819693,-0.066081450572396,0.0049247393123986625,0.029875975611644394,-0.06838712100421569,0.0026190688805789696
signed_lkj_eta_1,2026-02-27,VNQI,3.283017448173479e-05,-0.1261996923521307,0.007884888688881575,0.0248937324110916,-0.12623252252661243,0.00785205851439984
signed_lkj_eta_1,2026-02-27,VEA,0.006774299765135943,-0.0890166153043781,0.01694974196168078,0.02335332714957219,-0.09579091506951404,0.01017544219654484
signed_lkj_eta_1,2026-02-27,VWO,0.0024632070286344583,-0.07262882161942752,0.012746535055946317,0.023490860268506462,-0.07509202864806198,0.010283328027311859
signed_lkj_eta_1,2026-02-27,VSS,0.004384120932677324,-0.09195775776152426,0.013710000898416601,0.023186160286059927,-0.09634187869420159,0.009325879965739277
signed_lkj_eta_1,2026-02-27,BND,-0.0021971062705247687,-0.020459273388676813,0.0004168846819633462,0.0097905865737831,-0.018262167118152043,0.002613990952488115
signed_lkj_eta_1,2026-02-27,IEF,-0.0028570887109800086,-0.02626946195927571,-0.00013945222301014505,0.012432886979142667,-0.0234123732482957,0.0027176364879698636
signed_lkj_eta_1,2026-02-27,BNDX,-0.002276754244249397,-0.02445812349945309,-0.0005751672644169999,0.008388280677229023,-0.02218136925520369,0.001701586979832397
signed_lkj_eta_1,2026-02-27,LQD,-0.0019985279983067627,-0.02380357071815431,0.000728888034955911,0.013742896739623107,-0.021805042719847546,0.0027274160332626737
signed_lkj_eta_1,2026-02-27,HYG,0.0005184175244693163,-0.01264655652256541,0.002648428657584996,0.010456388541449042,-0.013164974047034726,0.0021300111331156797
signed_lkj_eta_1,2026-02-27,EWX,0.004062569344703256,-0.05906694056130268,0.009170095258915562,0.0199959112863559,-0.06312950990600594,0.0051075259142123065
signed_lkj_eta_1,2026-02-27,VWOB,-0.0001151143101267077,-0.03742886388704314,0.004177771088250452,0.011822388474542735,-0.03731374957691643,0.00429288539837716
signed_lkj_eta_1,2026-02-27,HYEM,-5.067753201633674e-06,-0.024402651519384255,0.004351591688543822,0.011741644425261379,-0.02439758376618262,0.004356659441745456
signed_lkj_eta_1,2026-03-31,SPY,0.00743841049511441,0.10158469057343722,0.008370188123991255,0.02556817602034507,0.0941462800783228,0.0009317776288768455
signed_lkj_eta_1,2026-03-31,MGK,0.008717209841200446,0.13945658747726553,0.009695910887903754,0.033950685012745375,0.13073937763606508,0.0009787010467033081
signed_lkj_eta_1,2026-03-31,VTV,0.006555069028038389,0.0506170669983208,0.006054521314295146,0.024060509521500257,0.044061997970282415,-0.000500547713743243
signed_lkj_eta_1,2026-03-31,IJR,0.002179760821406977,0.09942684130728341,0.0007651619905962098,0.03363346401867351,0.09724708048587644,-0.0014145988308107672
signed_lkj_eta_1,2026-03-31,IWM,0.0016424957460719702,0.11732924859591698,0.0021052195143225682,0.033404824709760826,0.115686752849845,0.0004627237682505981
signed_lkj_eta_1,2026-03-31,VNQ,0.0011658850817494312,0.08261211567781301,0.0005917772752109793,0.030113662026129025,0.08144623059606358,-0.0005741078065384519
signed_lkj_eta_1,2026-03-31,VNQI,-0.0020710452009618054,0.05920759938488018,0.0024101642651089485,0.025461884456339928,0.061278644585841986,0.004481209466070754
signed_lkj_eta_1,2026-03-31,VEA,0.005177784513977376,0.07028850576993428,0.010850721716616742,0.025112278266005983,0.0651107212559569,0.0056729372026393665
signed_lkj_eta_1,2026-03-31,VWO,0.0012116732178334255,0.08686516780484332,0.008184355429602627,0.025514352589653164,0.0856534945870099,0.006972682211769201
signed_lkj_eta_1,2026-03-31,VSS,0.002778422954440631,0.08096490152679459,0.008656856665906874,0.023218847872615776,0.07818647857235396,0.0058784337114662424
signed_lkj_eta_1,2026-03-31,BND,-0.0025014757224939696,-0.001644084190784434,-0.0001029107022153591,0.009574259125608489,0.0008573915317095357,0.0023985650202786105
signed_lkj_eta_1,2026-03-31,IEF,-0.003247294931784937,-0.004636900424381141,-0.0009542453099460101,0.011728910488991546,-0.0013896054925962038,0.002293049621838927
signed_lkj_eta_1,2026-03-31,BNDX,-0.002646443731836125,-0.0008092670395931645,-0.0009609638700932681,0.00722335277187248,0.0018371766922429607,0.0016854798617428571
signed_lkj_eta_1,2026-03-31,LQD,-0.0023619453769708884,-0.0003280238707080718,-0.0003357823321248955,0.013912610050722439,0.0020339215062628166,0.002026163044845993
signed_lkj_eta_1,2026-03-31,HYG,0.00029900129035207075,0.012020620280474459,0.0013950498879867768,0.00942852234718581,0.011721618990122388,0.0010960485976347061
signed_lkj_eta_1,2026-03-31,EWX,0.003010410846269823,0.10571433591391832,0.0060613200327679605,0.018532210384776066,0.1027039250676485,0.0030509091864981373
signed_lkj_eta_1,2026-03-31,VWOB,-0.0007370101364086482,0.020791542317250666,0.0018707269794381186,0.011476182580591281,0.021528552453659314,0.002607737115846767
signed_lkj_eta_1,2026-03-31,HYEM,-0.0004116941493046774,0.022278894658412263,0.0024879132040208545,0.013161576707909196,0.02269058880771694,0.002899607353325532
signed_lkj_eta_1,2026-04-30,SPY,0.008981792135742652,0.049483664963993146,0.009942341493777908,0.029260602767331525,0.04050187282825049,0.0009605493580352557
signed_lkj_eta_1,2026-04-30,MGK,0.010860478327037579,0.08330425574857636,0.013137223065562885,0.045099807780191396,0.07244377742153878,0.002276744738525306
signed_lkj_eta_1,2026-04-30,VTV,0.0072773968636167885,0.021460679046998887,0.006111451969144149,0.026370208100842802,0.0141832821833821,-0.0011659448944726395
signed_lkj_eta_1,2026-04-30,IJR,0.0037739752556016724,0.008359592272450422,-0.0009035206825000284,0.04282591370961674,0.00458561701684875,-0.004677495938101701
signed_lkj_eta_1,2026-04-30,IWM,0.0035389998911513967,0.04170616807391436,-5.6725212230144574e-05,0.04468027136936312,0.038167168182762966,-0.0035957251033815413
signed_lkj_eta_1,2026-04-30,VNQ,0.002501069189881621,-0.009505527770350963,0.003089642477344189,0.038064512379553446,-0.012006596960232584,0.0005885732874625679
signed_lkj_eta_1,2026-04-30,VNQI,-0.0010664772569316092,-0.02873894096208207,0.0005090423799965235,0.03631380696425038,-0.027672463705150464,0.0015755196369281327
signed_lkj_eta_1,2026-04-30,VEA,0.006245173387025849,0.04005467192775236,0.007863514271395136,0.030593180296776993,0.03380949854072651,0.0016183408843692864
signed_lkj_eta_1,2026-04-30,VWO,0.002615828866800801,0.013087733301134774,0.006447403628481523,0.03302906836935521,0.010471904434333972,0.003831574761680722
signed_lkj_eta_1,2026-04-30,VSS,0.00406016850480709,0.0153673341636833,0.006174147584727943,0.027393846974674476,0.01130716565887621,0.002113979079920853
signed_lkj_eta_1,2026-04-30,BND,-0.0024874201236134855,-0.00023588979226363271,-0.0016697269071470739,0.011588118308869662,0.002251530331349853,0.0008176932164664116
signed_lkj_eta_1,2026-04-30,IEF,-0.00327007534969635,-0.0031745273257528517,-0.0027762306261606266,0.015727549207925604,9.554802394349821e-05,0.0004938447235357233
signed_lkj_eta_1,2026-04-30,BNDX,-0.002616326081143618,0.005188840393763217,-0.002511952800275872,0.01032119373749074,0.007805166474906835,0.00010437328086774578
signed_lkj_eta_1,2026-04-30,LQD,-0.002328602401458383,0.005612799118414058,-0.001613150461116643,0.01585160829933856,0.007941401519872441,0.00071545194034174
signed_lkj_eta_1,2026-04-30,HYG,0.0004911589787147328,0.0013666068307942592,0.00023910357498160107,0.013162832221994717,0.0008754478520795263,-0.0002520554037331318
signed_lkj_eta_1,2026-04-30,EWX,0.004694081749018159,0.01835836502980981,0.007377364324975714,0.028714662599893512,0.01366428328079165,0.0026832825759575546
signed_lkj_eta_1,2026-04-30,VWOB,-0.0003840830470043972,0.006564291011867507,0.0008320130019219291,0.014543510077694671,0.006948374058871904,0.0012160960489263264
signed_lkj_eta_1,2026-04-30,HYEM,-3.971728360439966e-05,0.00658729224447252,0.0019174676015382955,0.016875348727166402,0.0066270095280769195,0.001957184885142695
signed_lkj_eta_2,2025-05-30,SPY,0.007317202496114117,0.04769511906164903,0.008498566134710039,0.038248345422218125,0.04037791656553491,0.0011813636385959222
signed_lkj_eta_2,2025-05-30,MGK,0.009610770673104944,0.06034673392230827,0.012712527771949223,0.04888786367285901,0.05073596324920333,0.0031017570988442784
signed_lkj_eta_2,2025-05-30,VTV,0.005312478651329571,0.0332330912657377,0.00511908131540521,0.032855071405491376,0.027920612614408133,-0.0001933973359243609
signed_lkj_eta_2,2025-05-30,IJR,-0.00041575730887501996,0.03734736300075814,-0.0019273800000930135,0.04274532039608682,0.03776312030963316,-0.0015116226912179937
signed_lkj_eta_2,2025-05-30,IWM,-0.0015216367751140637,0.05147995646827952,-0.0019884137007958294,0.04978395372152157,0.05300159324339358,-0.00046677692568176574
signed_lkj_eta_2,2025-05-30,VNQ,0.0013147227365438608,0.0033500785292834845,0.0006104405864044831,0.04362780469195591,0.002035355792739624,-0.0007042821501393777
signed_lkj_eta_2,2025-05-30,VNQI,-0.003141402592921254,0.04115888912622401,0.0006737843627229556,0.037418512443713574,0.04430029171914526,0.0038151869556442095
signed_lkj_eta_2,2025-05-30,VEA,0.003213867729195683,0.030256851306093457,0.006697276808588221,0.03353653793209729,0.027042983576897776,0.003483409079392538
signed_lkj_eta_2,2025-05-30,VWO,-0.0013812432635037686,0.05168209224062714,0.002875459722406119,0.032924614970260994,0.053063335504130914,0.004256702985909888
signed_lkj_eta_2,2025-05-30,VSS,0.00044890942076046157,0.054769444558085745,0.003663267043252855,0.033300553432969185,0.054320535137325286,0.0032143576224923933
signed_lkj_eta_2,2025-05-30,BND,-0.003237055002469442,0.011602274676301816,-0.0020895632809533483,0.01459732905105645,0.014839329678771258,0.0011474917215160939
signed_lkj_eta_2,2025-05-30,IEF,-0.0040674968930327,0.012452491537882304,-0.003263209452379541,0.018489672595231637,0.016519988430915004,0.0008042874406531592
signed_lkj_eta_2,2025-05-30,BNDX,-0.0027348125869511297,-0.0001381150801093023,-0.0010905197946582997,0.0119238280373966,0.0025966975068418274,0.00164429279229283
signed_lkj_eta_2,2025-05-30,LQD,-0.003152480733546488,0.01724059290590274,-0.0017747255212149896,0.022141347316209283,0.020393073639449227,0.0013777552123314983
signed_lkj_eta_2,2025-05-30,HYG,5.2760762575032596e-05,0.014810137654057698,0.0008179199757577521,0.014934568877338298,0.014757376891482665,0.0007651592131827195
signed_lkj_eta_2,2025-05-30,EWX,0.0014349156952656505,0.05043478917948763,0.002973670193699946,0.02802567790899559,0.048999873484221974,0.0015387544984342956
signed_lkj_eta_2,2025-05-30,VWOB,-0.001725584997727383,0.021275025282161186,0.0002238041871620586,0.015369524843707042,0.02300061027988857,0.0019493891848894416
signed_lkj_eta_2,2025-05-30,HYEM,-0.0011012187111369331,0.014454903619178339,0.0016305954807097217,0.01834023785493744,0.015556122330315272,0.002731814191846655
signed_lkj_eta_2,2025-06-30,SPY,0.008108926350340292,0.01908467259702551,0.009246213057045026,0.03248710239515304,0.010975746246685217,0.0011372867067047342
signed_lkj_eta_2,2025-06-30,MGK,0.010605593481912853,0.03526188252947149,0.012287507874382519,0.03931667665491451,0.024656289047558635,0.0016819143924696658
signed_lkj_eta_2,2025-06-30,VTV,0.005859941643768946,-0.002167296399311236,0.006141698460604865,0.03145828332488119,-0.00802723804308018,0.0002817568168359194
signed_lkj_eta_2,2025-06-30,IJR,0.0003246960305295518,0.005165530187941636,-0.0005559448375927389,0.046642116291815555,0.004840834157412084,-0.0008806408681222907
signed_lkj_eta_2,2025-06-30,IWM,-0.0004823898487730129,0.012760607343994756,0.0004800428703164961,0.044664598171408894,0.01324299719276777,0.000962432719089509
signed_lkj_eta_2,2025-06-30,VNQ,0.0013546316736564024,-0.0029632780526935854,6.42337362920071e-05,0.03958177400729501,-0.004317909726349988,-0.0012903979373643953
signed_lkj_eta_2,2025-06-30,VNQI,-0.0022727694219576216,-0.023931985253554888,-0.0010958032090890339,0.03490722458284877,-0.021659215831597266,0.0011769662128685878
signed_lkj_eta_2,2025-06-30,VEA,0.003744122309134855,-0.01766175570590245,0.006398474995701935,0.029983255916507707,-0.021405878015037304,0.00265435268656708
signed_lkj_eta_2,2025-06-30,VWO,-0.0003407857045992409,0.002989658374459969,0.002306137943229647,0.031526971529993356,0.0033304440790592102,0.002646923647828888
signed_lkj_eta_2,2025-06-30,VSS,0.001514017952864879,-0.009120730437294888,0.0028806550787925708,0.03129450465856626,-0.010634748390159767,0.0013666371259276919
signed_lkj_eta_2,2025-06-30,BND,-0.002946087753866084,-0.006504632044136427,-0.001730784776985241,0.014863196095983078,-0.0035585442902703428,0.001215302976880843
signed_lkj_eta_2,2025-06-30,IEF,-0.0037435755512500533,-0.00977429711868305,-0.002757532081232887,0.016848701597529853,-0.0060307215674329975,0.000986043470017166
signed_lkj_eta_2,2025-06-30,BNDX,-0.0026838969495620742,-0.00498710657025403,-0.0021859234868835536,0.01093500818957134,-0.0023032096206919554,0.0004979734626785206
signed_lkj_eta_2,2025-06-30,LQD,-0.0027526165445376795,-0.004751878550950606,-0.0016549669918094671,0.016226691340445014,-0.001999262006412926,0.0010976495527282124
signed_lkj_eta_2,2025-06-30,HYG,0.0003421210937805751,-0.002505544256353631,0.0008204606483351585,0.013778616420665366,-0.0028476653501342064,0.00047833955455458345
signed_lkj_eta_2,2025-06-30,EWX,0.002395697528289611,0.003689786989881094,0.002637023491546201,0.02497049522416734,0.0012940894615914834,0.00024132596325659008
signed_lkj_eta_2,2025-06-30,VWOB,-0.0012745926392981953,0.003448378263515961,0.00032375879168650037,0.013922393497705642,0.004722970902814157,0.0015983514309846957
signed_lkj_eta_2,2025-06-30,HYEM,-0.0007961967046601631,0.0052854367518158085,0.0018943109408409266,0.017047522440188298,0.006081633456475972,0.0026905076455010896
signed_lkj_eta_2,2025-07-31,SPY,0.008319998393545776,0.01702595928567807,0.00988085556012427,0.034757897050080984,0.008705960892132296,0.0015608571665784946
signed_lkj_eta_2,2025-07-31,MGK,0.011079752886673596,0.005506659536577585,0.014209544220050947,0.04126603236217458,-0.005573093350096011,0.0031297913333773516
signed_lkj_eta_2,2025-07-31,VTV,0.0057055716814020194,0.03136457393982228,0.005514696925639479,0.02948070653689762,0.025659002258420265,-0.00019087475576254082
signed_lkj_eta_2,2025-07-31,IJR,0.0004177889950951688,0.06670214284372133,-0.00010059261723763323,0.03985175024463535,0.06628435384862616,-0.000518381612332802
signed_lkj_eta_2,2025-07-31,IWM,-0.00022771682583517123,0.06825711678016222,0.000807873104685996,0.04182735077231975,0.06848483360599739,0.0010355899305211672
signed_lkj_eta_2,2025-07-31,VNQ,0.0012715949481496719,0.031234506481848445,0.0007855711277859529,0.03683137114848465,0.029962911533698774,-0.00048602382036371894
signed_lkj_eta_2,2025-07-31,VNQI,-0.002689292803334492,0.03800885965747658,-0.0024637488522952157,0.03252537083775942,0.04069815246081107,0.00022554395103927634
signed_lkj_eta_2,2025-07-31,VEA,0.003332470808845676,0.040715343672140136,0.0045459598892087175,0.028893470986321886,0.03738287286329446,0.0012134890803630416
signed_lkj_eta_2,2025-07-31,VWO,-0.0002767387030788715,0.03119670619044923,0.0019345446613183654,0.029452447976401907,0.0314734448935281,0.002211283364397237
signed_lkj_eta_2,2025-07-31,VSS,0.0013095035607464218,0.04570476560415426,0.0025287155498481006,0.027161930787915636,0.04439526204340784,0.0012192119891016788
signed_lkj_eta_2,2025-07-31,BND,-0.0030145212979097447,0.008078120866885197,-0.0018004793890707355,0.010528692653936127,0.011092642164794941,0.0012140419088390092
signed_lkj_eta_2,2025-07-31,IEF,-0.0038595509660083803,0.013001796164747947,-0.0027564809919366383,0.013470233167127501,0.016861347130756328,0.001103069974071742
signed_lkj_eta_2,2025-07-31,BNDX,-0.002728189442267689,-0.002067319775812204,-0.001651457506335791,0.010374610129974256,0.0006608696664554847,0.0010767319359318978
signed_lkj_eta_2,2025-07-31,LQD,-0.002791063890814851,0.0069765482555901315,-0.0015729198570456915,0.015964849046796372,0.009767612146404982,0.0012181440337691596
signed_lkj_eta_2,2025-07-31,HYG,0.0002873582985856865,0.007592278645943473,0.0011344075649292436,0.013247469784600766,0.007304920347357787,0.0008470492663435571
signed_lkj_eta_2,2025-07-31,EWX,0.002420583864089447,0.059400893238615415,0.002284444328822812,0.023043211208067006,0.056980309374525966,-0.00013613953526663523
signed_lkj_eta_2,2025-07-31,VWOB,-0.0011837662757825385,0.013654429789281775,0.0005227328647968215,0.014420849214662398,0.014838196065064313,0.00170649914057936
signed_lkj_eta_2,2025-07-31,HYEM,-0.0006792422151125483,0.015516857251125726,0.0016600413130185853,0.016500438328465997,0.016196099466238276,0.0023392835281311336
signed_lkj_eta_2,2025-08-29,SPY,0.008484261806604877,0.03208906394277711,0.009320479967941012,0.02845369939176249,0.02360480213617223,0.0008362181613361351
signed_lkj_eta_2,2025-08-29,MGK,0.010974600181954803,0.04538102472427963,0.011895642921334243,0.03808033996008435,0.03440642454232483,0.00092104273937944
signed_lkj_eta_2,2025-08-29,VTV,0.00618970379948542,0.019529753810910266,0.007355352895473956,0.025734036861964817,0.013340050011424846,0.001165649095988536
signed_lkj_eta_2,2025-08-29,IJR,0.001668437180918304,0.007030856049952794,0.0016813991767220145,0.03859706187272713,0.00536241886903449,1.296199580371046e-05
signed_lkj_eta_2,2025-08-29,IWM,0.0010644498459761002,0.028272862598571757,0.0029393872814931915,0.0360433130080756,0.027208412752595657,0.0018749374355170913
signed_lkj_eta_2,2025-08-29,VNQ,0.0018369329016156865,-0.002835540326792896,0.003886088298942043,0.033709595963351144,-0.004672473228408582,0.0020491553973263567
signed_lkj_eta_2,2025-08-29,VNQI,-0.0019214031342625851,0.010131917120224765,0.0023122428225487383,0.029501399192019478,0.01205332025448735,0.004233645956811323
signed_lkj_eta_2,2025-08-29,VEA,0.0040378080326814204,0.022001068135094393,0.006882612435325388,0.023557936573304725,0.017963260102412972,0.002844804402643968
signed_lkj_eta_2,2025-08-29,VWO,0.00031709987981788515,0.053275426570534856,0.005008149819860596,0.027124074364393753,0.05295832669071697,0.004691049940042711
signed_lkj_eta_2,2025-08-29,VSS,0.002147150014395626,0.018182193335737562,0.00481615000536615,0.026742946301985145,0.016035043321341935,0.002668999990970524
signed_lkj_eta_2,2025-08-29,BND,-0.0028052261627249343,0.007605185555678684,-0.0010256364252801235,0.011146932113498601,0.01041041171840362,0.0017795897374448108
signed_lkj_eta_2,2025-08-29,IEF,-0.00354141234089977,0.0030789765395491386,-0.0013554695135470115,0.013883139330106683,0.006620388880448909,0.0021859428273527585
signed_lkj_eta_2,2025-08-29,BNDX,-0.0027157202032779626,0.0018362952066057758,-0.0015292868363821794,0.009325624997224887,0.0045520154098837385,0.0011864333668957833
signed_lkj_eta_2,2025-08-29,LQD,-0.002606769322014757,0.015298491121950697,-0.0004861078834275832,0.013810654694290547,0.017905260443965454,0.0021206614385871738
signed_lkj_eta_2,2025-08-29,HYG,0.00042518698438489,0.005419530370210479,0.0017459263640036392,0.012046954342399491,0.004994343385825589,0.0013207393796187492
signed_lkj_eta_2,2025-08-29,EWX,0.0034956840409672957,0.00934001338555035,0.00546894831892461,0.01996710296542783,0.005844329344583054,0.0019732642779573145
signed_lkj_eta_2,2025-08-29,VWOB,-0.000903800312290759,0.011313877152875351,0.0024615305286402995,0.013189045115380682,0.01221767746516611,0.0033653308409310584
signed_lkj_eta_2,2025-08-29,HYEM,-0.000373655432730694,-0.003310550556556602,0.003204435372954193,0.014781434678953913,-0.002936895123825908,0.0035780908056848868
signed_lkj_eta_2,2025-09-30,SPY,0.008921387772089548,0.02028375894432366,0.012429178284646984,0.024991805195378816,0.011362371172234112,0.003507790512557436
signed_lkj_eta_2,2025-09-30,MGK,0.011611756191997856,0.04184616666398688,0.01655665023120185,0.037401790485955995,0.030234410471989027,0.0049448940392039925
signed_lkj_eta_2,2025-09-30,VTV,0.0064367417626599545,-0.007371739211896489,0.008325561237055088,0.025312697550587338,-0.013808480974556444,0.0018888194743951333
signed_lkj_eta_2,2025-09-30,IJR,0.0017677412340485724,-0.012108590721114587,0.005095510868299706,0.03452873706461601,-0.013876331955163159,0.0033277696342511333
signed_lkj_eta_2,2025-09-30,IWM,0.0015683093413945384,0.014115453040836279,0.007165043797391893,0.03703347794643156,0.01254714369944174,0.005596734455997355
signed_lkj_eta_2,2025-09-30,VNQ,0.00175040561960812,-0.027888055765740494,0.0037075357458551763,0.029848703937645982,-0.029638461385348612,0.0019571301262470563
signed_lkj_eta_2,2025-09-30,VNQI,-0.0016981934999202267,-0.015995303603671296,0.0022108030058187724,0.029080110895704836,-0.014297110103751069,0.003908996505738999
signed_lkj_eta_2,2025-09-30,VEA,0.00437046099754092,0.014158067636574012,0.008570301682290435,0.02441693049023555,0.009787606639033091,0.004199840684749515
signed_lkj_eta_2,2025-09-30,VWO,0.0012978096333496809,0.01105958429806142,0.008314545749560396,0.024822888363949903,0.00976177466471174,0.0070167361162107155
signed_lkj_eta_2,2025-09-30,VSS,0.0024440952610871435,-0.004799080760367169,0.0063377212793189076,0.02464245187568364,-0.007243176021454313,0.003893626018231764
signed_lkj_eta_2,2025-09-30,BND,-0.002612440760532275,0.002537797325417923,-0.00027676952932555437,0.011022102425318892,0.005150238085950198,0.0023356712312067205
signed_lkj_eta_2,2025-09-30,IEF,-0.003418812546817383,0.0036171952388968087,-0.0010046889335937814,0.013208167126848006,0.007036007785714192,0.0024141236132236015
signed_lkj_eta_2,2025-09-30,BNDX,-0.002631423621613449,0.006523664675198493,-0.0011534336737529945,0.008744849234770364,0.009155088296811942,0.0014779899478604545
signed_lkj_eta_2,2025-09-30,LQD,-0.0022751904249042857,-0.0019813075408361414,0.0005010978108632466,0.01367632434418436,0.0002938828840681443,0.0027762882357675323
signed_lkj_eta_2,2025-09-30,HYG,0.0005176748248631416,-0.003581832310472044,0.0021983907597807363,0.011469905171339752,-0.004099507135335185,0.0016807159349175947
signed_lkj_eta_2,2025-09-30,EWX,0.003603912362163278,-0.003915097877319473,0.005864530942671563,0.01980489664095862,-0.007519010239482751,0.002260618580508285
signed_lkj_eta_2,2025-09-30,VWOB,-0.000677547025898794,0.017691150240358278,0.0029187808257809355,0.013010032470494126,0.018368697266257072,0.0035963278516797296
signed_lkj_eta_2,2025-09-30,HYEM,-0.0004280423794682108,0.00027660203614199297,0.0027850827297749305,0.013525520783314418,0.0007046444156102037,0.0032131251092431413
signed_lkj_eta_2,2025-10-31,SPY,0.00912797633885744,-0.001039617729681419,0.01183665516783759,0.02723462408395218,-0.010167594068538859,0.002708678828980151
signed_lkj_eta_2,2025-10-31,MGK,0.01216147274603402,-0.018174122322586972,0.016256750988217057,0.038232166230046695,-0.03033559506862099,0.004095278242183037
signed_lkj_eta_2,2025-10-31,VTV,0.006185678472213474,0.02234958180665636,0.007403994784802005,0.026227303326293788,0.016163903334442887,0.0012183163125885311
signed_lkj_eta_2,2025-10-31,IJR,0.0015154442894092421,0.022999546830901885,0.005898469020323049,0.036423774328187664,0.021484102541492644,0.004383024730913806
signed_lkj_eta_2,2025-10-31,IWM,0.0017964392268389336,0.007219933427264902,0.0072984208288619035,0.037387607918288025,0.005423494200425968,0.00550198160202297
signed_lkj_eta_2,2025-10-31,VNQ,0.0012115245035108726,0.02116455054555555,0.004155423640578693,0.032952126053400546,0.019953026042044675,0.00294389913706782
signed_lkj_eta_2,2025-10-31,VNQI,-0.0019581409563520645,0.011398276316832767,0.0028373866276084326,0.027907602814049387,0.013356417273184831,0.004795527583960497
signed_lkj_eta_2,2025-10-31,VEA,0.004548417481886976,0.006662577508105283,0.008409988549246149,0.025516473910825437,0.0021141600262183065,0.0038615710673591723
signed_lkj_eta_2,2025-10-31,VWO,0.0014752964454353488,-0.015135981764385575,0.007797642593032155,0.026502612791086684,-0.016611278209820925,0.006322346147596806
signed_lkj_eta_2,2025-10-31,VSS,0.0023124011516061564,0.006820955763576553,0.006449158889969839,0.024206600465961875,0.004508554611970396,0.004136757738363682
signed_lkj_eta_2,2025-10-31,BND,-0.002518800068060453,0.00297114143881938,-0.0003418815479059858,0.011276573393839945,0.005489941506879833,0.002176918520154467
signed_lkj_eta_2,2025-10-31,IEF,-0.0032908851325316704,0.00686801303321638,-0.0009433478161215477,0.013440347706756138,0.01015889816574805,0.0023475373164101227
signed_lkj_eta_2,2025-10-31,BNDX,-0.002464967470762323,-0.004807659780811324,-0.000763471685482501,0.009011371841670886,-0.002342692310049001,0.001701495785279822
signed_lkj_eta_2,2025-10-31,LQD,-0.00226984709973941,0.006300096794094712,0.0005857533733577042,0.014208340100919085,0.008569943893834121,0.0028556004730971142
signed_lkj_eta_2,2025-10-31,HYG,0.000443138331493411,0.004457641722011463,0.002229344191157172,0.011009665128399015,0.004014503390518052,0.001786205859663761
signed_lkj_eta_2,2025-10-31,EWX,0.0034672030850817735,-0.016176668191666965,0.007441677718342036,0.021755036941182564,-0.01964387127674874,0.003974474633260262
signed_lkj_eta_2,2025-10-31,VWOB,-0.0003435707119668472,0.0006545758910070365,0.0033725659360093877,0.01258726100245778,0.0009981466029738836,0.003716136647976235
signed_lkj_eta_2,2025-10-31,HYEM,-0.0004152306628207526,-0.0021992661278306125,0.00283555017648985,0.014927096820059806,-0.0017840354650098598,0.0032507808393106028
signed_lkj_eta_2,2025-11-28,SPY,0.008946412159062103,-0.0024606389596457667,0.012040179627437976,0.024927130762564236,-0.01140705111870787,0.0030937674683758735
signed_lkj_eta_2,2025-11-28,MGK,0.011619765691237216,-0.006014656315694422,0.01651792366714962,0.03586687612450397,-0.01763442200693164,0.004898157975912405
signed_lkj_eta_2,2025-11-28,VTV,0.006474319603185668,0.004591005630098177,0.008847599262725533,0.024086823738944038,-0.001883313973087491,0.0023732796595398653
signed_lkj_eta_2,2025-11-28,IJR,0.0018990889776501821,-0.0043423583691276635,0.0066256154504711,0.03623182591263426,-0.006241447346777846,0.004726526472820918
signed_lkj_eta_2,2025-11-28,IWM,0.0018932873375608259,-0.010325989693845572,0.008344347873060409,0.03570665333610408,-0.012219277031406397,0.006451060535499583
signed_lkj_eta_2,2025-11-28,VNQ,0.0015678285399759562,-0.02554537559841752,0.003360999353806876,0.031043591125645757,-0.027113204138393476,0.00179317081383092
signed_lkj_eta_2,2025-11-28,VNQI,-0.0017196335050451924,0.0008944661826628675,0.002403439366254318,0.027108349167433113,0.0026140996877080597,0.00412307287129951
signed_lkj_eta_2,2025-11-28,VEA,0.004586170339498018,0.02842462799248069,0.009336995192717988,0.02349525318048871,0.023838457652982672,0.00475082485321997
signed_lkj_eta_2,2025-11-28,VWO,0.0011786664774028324,0.006231798598067773,0.007987531764663314,0.024391680641528465,0.00505313212066494,0.006808865287260482
signed_lkj_eta_2,2025-11-28,VSS,0.002392911055391342,0.01745648547983225,0.007187905394053343,0.02436430440177832,0.01506357442444091,0.0047949943386620016
signed_lkj_eta_2,2025-11-28,BND,-0.002420765398294742,-0.00624728267814989,-1.1363595264596207e-05,0.009533629987312471,-0.0038265172798551484,0.0024094018030301457
signed_lkj_eta_2,2025-11-28,IEF,-0.003109476236714741,-0.010842523271658244,-1.1713660140178633e-05,0.013468066668501926,-0.007733047034943503,0.0030977625765745624
signed_lkj_eta_2,2025-11-28,BNDX,-0.002506801262013198,-0.00843043234441343,-0.0008017149142910567,0.008729487123675387,-0.005923631082400232,0.0017050863477221412
signed_lkj_eta_2,2025-11-28,LQD,-0.0021168123873495153,-0.010606184040828248,0.0006144485349309347,0.014861311465903715,-0.008489371653478732,0.00273126092228045
signed_lkj_eta_2,2025-11-28,HYG,0.0005148258920383762,0.0016540803164204476,0.0025714922194626172,0.009613902602502472,0.0011392544243820713,0.002056666327424241
signed_lkj_eta_2,2025-11-28,EWX,0.003116419669425546,0.005526301936131128,0.0048603622273889775,0.021046179134462238,0.0024098822667055824,0.0017439425579634316
signed_lkj_eta_2,2025-11-28,VWOB,-0.00032574666548517074,-0.0012631324755422169,0.003651243990897278,0.01204622756133223,-0.0009373858100570462,0.003976990656382449
signed_lkj_eta_2,2025-11-28,HYEM,-0.000447088438981643,0.006456216930834868,0.003203874414213854,0.01378549488221183,0.006903305369816511,0.003650962853195497
signed_lkj_eta_2,2025-12-31,SPY,0.008746288455225123,0.011594066475381304,0.011631964480936901,0.024565949407865436,0.002847778020156181,0.0028856760257117784
signed_lkj_eta_2,2025-12-31,MGK,0.011310389866554206,-0.01981088189923419,0.014225414156869728,0.03406763653623681,-0.031121271765788397,0.002915024290315522
signed_lkj_eta_2,2025-12-31,VTV,0.00644127900716659,0.04262615110326995,0.009789051886012059,0.020939923329154734,0.03618487209610336,0.003347772878845469
signed_lkj_eta_2,2025-12-31,IJR,0.0017895899013909218,0.05372327844739844,0.007060349874829775,0.03331604847462192,0.051933688546007516,0.005270759973438854
signed_lkj_eta_2,2025-12-31,IWM,0.0016789140563080822,0.05153392029332182,0.00980947348008097,0.034843783122691624,0.04985500623701374,0.008130559423772889
signed_lkj_eta_2,2025-12-31,VNQ,0.0010921582919339653,0.0229258613639709,-0.0003946973228615429,0.029538443584591834,0.021833703072036935,-0.0014868556147955082
signed_lkj_eta_2,2025-12-31,VNQI,-0.0016737721070152263,0.04257155181000494,0.0022195110396657095,0.026203999281070717,0.044245323917020164,0.0038932831466809356
signed_lkj_eta_2,2025-12-31,VEA,0.005004388894813503,0.05642561347994279,0.012444416019068327,0.022866814407261477,0.051421224585129294,0.0074400271242548235
signed_lkj_eta_2,2025-12-31,VWO,0.0012673179181162523,0.04715510460279937,0.007811320325801051,0.023714786004137952,0.045887786684683116,0.006544002407684799
signed_lkj_eta_2,2025-12-31,VSS,0.002657184290907849,0.06068200468583562,0.00842398846013729,0.02227069319264891,0.058024820394927776,0.005766804169229441
signed_lkj_eta_2,2025-12-31,BND,-0.0024878972803974637,-0.0009446630105405251,-0.0006575107610033838,0.007644442271277659,0.0015432342698569385,0.0018303865193940799
signed_lkj_eta_2,2025-12-31,IEF,-0.003245143728555855,-0.005378931439972923,-0.0015280352951030467,0.010717420916420492,-0.0021337877114170675,0.0017171084334528085
signed_lkj_eta_2,2025-12-31,BNDX,-0.0026107246143360087,0.002059820670583523,-0.0023444861252694014,0.008304469073866082,0.004670545284919532,0.00026623848906660733
signed_lkj_eta_2,2025-12-31,LQD,-0.0022657487321473876,0.0003398451129934532,-0.0009458785557746917,0.013010431543583613,0.002605593845140841,0.0013198701763726959
signed_lkj_eta_2,2025-12-31,HYG,0.0005348128117643775,0.0029604455586125233,0.002160843974003352,0.009711595535115341,0.002425632746848146,0.0016260311622389744
signed_lkj_eta_2,2025-12-31,EWX,0.0031586983056835385,0.02711570928152862,0.0037350332456328908,0.02072325092495778,0.023957010975845083,0.0005763349399493523
signed_lkj_eta_2,2025-12-31,VWOB,-0.0003421920305738908,0.0003023714262653243,0.0037330605235169306,0.011686940296227457,0.0006445634568392151,0.0040752525540908215
signed_lkj_eta_2,2025-12-31,HYEM,-0.00032597781845854624,0.01193825183971775,0.00412452624967238,0.012305997029825523,0.012264229658176296,0.004450504068130926
signed_lkj_eta_2,2026-01-30,SPY,0.0087953880762623,-0.011463064459755201,0.01148624348596382,0.02214627123975884,-0.0202584525360175,0.00269085540970152
signed_lkj_eta_2,2026-01-30,MGK,0.010773816215419922,-0.049282081977910286,0.012532528665771796,0.030500932607660403,-0.06005589819333021,0.0017587124503518747
signed_lkj_eta_2,2026-01-30,VTV,0.00706515611227182,0.03464425383897951,0.009498359828657947,0.020838631172532,0.02757909772670769,0.0024332037163861276
signed_lkj_eta_2,2026-01-30,IJR,0.002684998324597948,0.018113075612949725,0.005895645024162278,0.030908674183483028,0.015428077288351777,0.00321064669956433
signed_lkj_eta_2,2026-01-30,IWM,0.0025384831293600433,0.003913446654500996,0.007920173748770803,0.031554642784591184,0.0013749635251409527,0.00538169061941076
signed_lkj_eta_2,2026-01-30,VNQ,0.0014686014483483952,0.05085567147315495,0.0010767632757204449,0.027897971302186977,0.04938707002480656,-0.0003918381726279504
signed_lkj_eta_2,2026-01-30,VNQI,-0.0009109216946528097,0.05477043858428532,0.004651314482813833,0.024158681351401163,0.05568136027893813,0.005562236177466643
signed_lkj_eta_2,2026-01-30,VEA,0.005890961732488146,0.05800790565870817,0.015570637433253598,0.02183733027711928,0.05211694392622002,0.009679675700765451
signed_lkj_eta_2,2026-01-30,VWO,0.0020584866540590647,0.025936988754007295,0.010895169796975523,0.02348098607504838,0.02387850209994823,0.008836683142916458
signed_lkj_eta_2,2026-01-30,VSS,0.003657612228751431,0.046521625760379104,0.012124443885214914,0.021602284129058905,0.04286401353162767,0.008466831656463482
signed_lkj_eta_2,2026-01-30,BND,-0.002461289792986137,0.013125538032234596,-0.00021036494054595123,0.0088918657224244,0.015586827825220733,0.0022509248524401858
signed_lkj_eta_2,2026-01-30,IEF,-0.0032819331718561494,0.02178389001983616,-0.0013969847989670182,0.011105808045018848,0.02506582319169231,0.0018849483728891313
signed_lkj_eta_2,2026-01-30,BNDX,-0.0025301979714925688,0.01242298193585456,-0.001668232347735852,0.006716586370285402,0.014953179907347128,0.0008619656237567168
signed_lkj_eta_2,2026-01-30,LQD,-0.0022208247003346147,0.010894680719308658,1.183921111224534e-05,0.012173744584817271,0.013115505419643273,0.00223266391144686
signed_lkj_eta_2,2026-01-30,HYG,0.0005766340660203799,-0.0028581418854923824,0.0020844469208961486,0.009347197939882921,-0.0034347759515127624,0.0015078128548757686
signed_lkj_eta_2,2026-01-30,EWX,0.003571750219060178,0.03253007863200175,0.005462012918573994,0.01915274200632441,0.02895832841294157,0.0018902626995138164
signed_lkj_eta_2,2026-01-30,VWOB,-0.0003310788675249388,0.012410830018970698,0.003957039611113076,0.012554230847521839,0.012741908886495637,0.004288118478638014
signed_lkj_eta_2,2026-01-30,HYEM,-0.00011452558297274804,0.006343486373523,0.004476459105253637,0.012182968523160365,0.006458011956495748,0.004590984688226385
signed_lkj_eta_2,2026-02-27,SPY,0.008452024473956918,-0.05236481425659356,0.009199743789326389,0.02420757963756645,-0.06081683873055048,0.000747719315369471
signed_lkj_eta_2,2026-02-27,MGK,0.009755919635871952,-0.05256666804441845,0.008825109870685017,0.03358202577225176,-0.062322587680290406,-0.0009308097651869358
signed_lkj_eta_2,2026-02-27,VTV,0.0075325984466227975,-0.05111916666844174,0.01004963605808516,0.022579069124953995,-0.058651765115064536,0.002517037611462363
signed_lkj_eta_2,2026-02-27,IJR,0.0029464911599937408,-0.0430573291552121,0.005206341214404976,0.032908865631426094,-0.04600382031520584,0.0022598500544112354
signed_lkj_eta_2,2026-02-27,IWM,0.002561787595887856,-0.052595723393065286,0.0057775881582023715,0.031846004477251846,-0.05515751098895314,0.0032158005623145157
signed_lkj_eta_2,2026-02-27,VNQ,0.002305670431819693,-0.066081450572396,0.0038062206503172947,0.028535418426765696,-0.06838712100421569,0.0015005502184976018
signed_lkj_eta_2,2026-02-27,VNQI,3.283017448173479e-05,-0.1261996923521307,0.008417167077495019,0.025822476004907124,-0.12623252252661243,0.008384336903013285
signed_lkj_eta_2,2026-02-27,VEA,0.006774299765135943,-0.0890166153043781,0.017531109603611268,0.023638532377505714,-0.09579091506951404,0.010756809838475326
signed_lkj_eta_2,2026-02-27,VWO,0.0024632070286344583,-0.07262882161942752,0.012038246786468566,0.024343156818630442,-0.07509202864806198,0.009575039757834108
signed_lkj_eta_2,2026-02-27,VSS,0.004384120932677324,-0.09195775776152426,0.014530612427230367,0.021867064775088686,-0.09634187869420159,0.010146491494553043
signed_lkj_eta_2,2026-02-27,BND,-0.0021971062705247687,-0.020459273388676813,0.0005282498403990574,0.00919612819021291,-0.018262167118152043,0.002725356110923826
signed_lkj_eta_2,2026-02-27,IEF,-0.0028570887109800086,-0.02626946195927571,0.00023866133393268688,0.011845458030603257,-0.0234123732482957,0.0030957500449126955
signed_lkj_eta_2,2026-02-27,BNDX,-0.002276754244249397,-0.02445812349945309,-0.0007980882094321287,0.008532800929423977,-0.02218136925520369,0.0014786660348172682
signed_lkj_eta_2,2026-02-27,LQD,-0.0019985279983067627,-0.02380357071815431,0.0008635978720925772,0.012391243348971105,-0.021805042719847546,0.00286212587039934
signed_lkj_eta_2,2026-02-27,HYG,0.0005184175244693163,-0.01264655652256541,0.00181230700682695,0.009823492220552985,-0.013164974047034726,0.0012938894823576338
signed_lkj_eta_2,2026-02-27,EWX,0.004062569344703256,-0.05906694056130268,0.008987235794513361,0.019357951860643638,-0.06312950990600594,0.004924666449810105
signed_lkj_eta_2,2026-02-27,VWOB,-0.0001151143101267077,-0.03742886388704314,0.0037620919790192875,0.011986344107250576,-0.03731374957691643,0.003877206289145995
signed_lkj_eta_2,2026-02-27,HYEM,-5.067753201633674e-06,-0.024402651519384255,0.004150582945963095,0.013453507327772844,-0.02439758376618262,0.004155650699164729
signed_lkj_eta_2,2026-03-31,SPY,0.00743841049511441,0.10158469057343722,0.008127172191362253,0.024725057444085808,0.0941462800783228,0.0006887616962478428
signed_lkj_eta_2,2026-03-31,MGK,0.008717209841200446,0.13945658747726553,0.009630613338134955,0.036101040940628645,0.13073937763606508,0.0009134034969345093
signed_lkj_eta_2,2026-03-31,VTV,0.006555069028038389,0.0506170669983208,0.006781230083568167,0.023602605990658134,0.044061997970282415,0.0002261610555297786
signed_lkj_eta_2,2026-03-31,IJR,0.002179760821406977,0.09942684130728341,0.0024422056952846404,0.03623295534853435,0.09724708048587644,0.0002624448738776635
signed_lkj_eta_2,2026-03-31,IWM,0.0016424957460719702,0.11732924859591698,0.002962246506426975,0.03618412916490205,0.115686752849845,0.0013197507603550048
signed_lkj_eta_2,2026-03-31,VNQ,0.0011658850817494312,0.08261211567781301,0.0024062573486049008,0.031075779264375984,0.08144623059606358,0.0012403722668554696
signed_lkj_eta_2,2026-03-31,VNQI,-0.0020710452009618054,0.05920759938488018,0.002863163483206719,0.02930333172230251,0.061278644585841986,0.004934208684168525
signed_lkj_eta_2,2026-03-31,VEA,0.005177784513977376,0.07028850576993428,0.008535597119465721,0.025081819404793364,0.0651107212559569,0.003357812605488345
signed_lkj_eta_2,2026-03-31,VWO,0.0012116732178334255,0.08686516780484332,0.006935251693466896,0.02498194224486476,0.0856534945870099,0.00572357847563347
signed_lkj_eta_2,2026-03-31,VSS,0.002778422954440631,0.08096490152679459,0.006605960236697935,0.024417058539278846,0.07818647857235396,0.0038275372822573037
signed_lkj_eta_2,2026-03-31,BND,-0.0025014757224939696,-0.001644084190784434,-0.0006393806066080634,0.009385582482520846,0.0008573915317095357,0.0018620951158859061
signed_lkj_eta_2,2026-03-31,IEF,-0.003247294931784937,-0.004636900424381141,-0.0013411433670113253,0.013083562778703596,-0.0013896054925962038,0.0019061515647736116
signed_lkj_eta_2,2026-03-31,BNDX,-0.002646443731836125,-0.0008092670395931645,-0.000943319410396727,0.008079098053578105,0.0018371766922429607,0.0017031243214393982
signed_lkj_eta_2,2026-03-31,LQD,-0.0023619453769708884,-0.0003280238707080718,-0.00021506787448788596,0.012904158903752214,0.0020339215062628166,0.0021468775024830024
signed_lkj_eta_2,2026-03-31,HYG,0.00029900129035207075,0.012020620280474459,0.0014847569921533671,0.010430537766877886,0.011721618990122388,0.0011857557018012965
signed_lkj_eta_2,2026-03-31,EWX,0.003010410846269823,0.10571433591391832,0.005449580161888487,0.019174538654765125,0.1027039250676485,0.0024391693156186637
signed_lkj_eta_2,2026-03-31,VWOB,-0.0007370101364086482,0.020791542317250666,0.001956423917271276,0.011691907717515321,0.021528552453659314,0.002693434053679924
signed_lkj_eta_2,2026-03-31,HYEM,-0.0004116941493046774,0.022278894658412263,0.0017014391814075811,0.012823278800922735,0.02269058880771694,0.0021131333307122585
signed_lkj_eta_2,2026-04-30,SPY,0.008981792135742652,0.049483664963993146,0.010276200716973776,0.03457501446636266,0.04050187282825049,0.0012944085812311244
signed_lkj_eta_2,2026-04-30,MGK,0.010860478327037579,0.08330425574857636,0.0140578056213199,0.046893516052353736,0.07244377742153878,0.0031973272942823205
signed_lkj_eta_2,2026-04-30,VTV,0.0072773968636167885,0.021460679046998887,0.005447877112007336,0.028948480335234946,0.0141832821833821,-0.0018295197516094526
signed_lkj_eta_2,2026-04-30,IJR,0.0037739752556016724,0.008359592272450422,-0.0018066231071432702,0.04507537206740524,0.00458561701684875,-0.005580598362744943
signed_lkj_eta_2,2026-04-30,IWM,0.0035389998911513967,0.04170616807391436,-0.0008400688487102976,0.04829634321892705,0.038167168182762966,-0.004379068739861694
signed_lkj_eta_2,2026-04-30,VNQ,0.002501069189881621,-0.009505527770350963,0.0029736139899138947,0.04197911247761043,-0.012006596960232584,0.0004725448000322736
signed_lkj_eta_2,2026-04-30,VNQI,-0.0010664772569316092,-0.02873894096208207,-0.0002567860623630966,0.030082567619786865,-0.027672463705150464,0.0008096911945685125
signed_lkj_eta_2,2026-04-30,VEA,0.006245173387025849,0.04005467192775236,0.00734373249963928,0.03165706290890414,0.03380949854072651,0.0010985591126134306
signed_lkj_eta_2,2026-04-30,VWO,0.002615828866800801,0.013087733301134774,0.005431021781696993,0.032974113971776756,0.010471904434333972,0.002815192914896192
signed_lkj_eta_2,2026-04-30,VSS,0.00406016850480709,0.0153673341636833,0.006104731161833084,0.03264745989246034,0.01130716565887621,0.002044562657025994
signed_lkj_eta_2,2026-04-30,BND,-0.0024874201236134855,-0.00023588979226363271,-0.001646119810107463,0.012985508727479942,0.002251530331349853,0.0008413003135060225
signed_lkj_eta_2,2026-04-30,IEF,-0.00327007534969635,-0.0031745273257528517,-0.002694356767950265,0.01610301274567345,9.554802394349821e-05,0.0005757185817460847
signed_lkj_eta_2,2026-04-30,BNDX,-0.002616326081143618,0.005188840393763217,-0.002749743833995786,0.010174253324698016,0.007805166474906835,-0.00013341775285216802
signed_lkj_eta_2,2026-04-30,LQD,-0.002328602401458383,0.005612799118414058,-0.0024602304612923935,0.018799616851968785,0.007941401519872441,-0.00013162805983401053
signed_lkj_eta_2,2026-04-30,HYG,0.0004911589787147328,0.0013666068307942592,-0.00033498701345542907,0.013599199493050043,0.0008754478520795263,-0.0008261459921701619
signed_lkj_eta_2,2026-04-30,EWX,0.004694081749018159,0.01835836502980981,0.006570606502120325,0.027698025436484534,0.01366428328079165,0.0018765247531021658
signed_lkj_eta_2,2026-04-30,VWOB,-0.0003840830470043972,0.006564291011867507,0.0002678883438627856,0.017031751110861342,0.006948374058871904,0.0006519713908671828
signed_lkj_eta_2,2026-04-30,HYEM,-3.971728360439966e-05,0.00658729224447252,0.0015273344477584926,0.01503598639710802,0.0066270095280769195,0.0015670517313628922
