variant,date,asset_id,train_mean,y_true,y_pred,y_std,y_true_resid,y_pred_resid
historical_mean,2025-05-30,SPY,0.007317202496114117,0.04769511906164903,0.007317202496114117,0.04660963933841646,0.04037791656553491,0.0
historical_mean,2025-05-30,MGK,0.009610770673104944,0.06034673392230827,0.009610770673104944,0.060851759297646975,0.05073596324920333,0.0
historical_mean,2025-05-30,VTV,0.005312478651329571,0.0332330912657377,0.005312478651329571,0.042171564323948404,0.027920612614408133,0.0
historical_mean,2025-05-30,IJR,-0.00041575730887501996,0.03734736300075814,-0.00041575730887501996,0.059575209762081326,0.03776312030963316,0.0
historical_mean,2025-05-30,IWM,-0.0015216367751140637,0.05147995646827952,-0.0015216367751140637,0.060765746839857096,0.05300159324339358,0.0
historical_mean,2025-05-30,VNQ,0.0013147227365438608,0.0033500785292834845,0.0013147227365438608,0.05871827671593424,0.002035355792739624,0.0
historical_mean,2025-05-30,VNQI,-0.003141402592921254,0.04115888912622401,-0.003141402592921254,0.04894271164589664,0.04430029171914526,0.0
historical_mean,2025-05-30,VEA,0.003213867729195683,0.030256851306093457,0.003213867729195683,0.04620801201923399,0.027042983576897776,0.0
historical_mean,2025-05-30,VWO,-0.0013812432635037686,0.05168209224062714,-0.0013812432635037686,0.04203746163569985,0.053063335504130914,0.0
historical_mean,2025-05-30,VSS,0.00044890942076046157,0.054769444558085745,0.00044890942076046157,0.046586508315900846,0.054320535137325286,0.0
historical_mean,2025-05-30,BND,-0.003237055002469442,0.011602274676301816,-0.003237055002469442,0.019300660111938473,0.014839329678771258,0.0
historical_mean,2025-05-30,IEF,-0.0040674968930327,0.012452491537882304,-0.0040674968930327,0.022985665875243404,0.016519988430915004,0.0
historical_mean,2025-05-30,BNDX,-0.0027348125869511297,-0.0001381150801093023,-0.0027348125869511297,0.015916552039829984,0.0025966975068418274,0.0
historical_mean,2025-05-30,LQD,-0.003152480733546488,0.01724059290590274,-0.003152480733546488,0.029857848780693245,0.020393073639449227,0.0
historical_mean,2025-05-30,HYG,5.2760762575032596e-05,0.014810137654057698,5.2760762575032596e-05,0.023523287034608546,0.014757376891482665,0.0
historical_mean,2025-05-30,EWX,0.0014349156952656505,0.05043478917948763,0.0014349156952656505,0.03668383644608861,0.048999873484221974,0.0
historical_mean,2025-05-30,VWOB,-0.001725584997727383,0.021275025282161186,-0.001725584997727383,0.03034204982138476,0.02300061027988857,0.0
historical_mean,2025-05-30,HYEM,-0.0011012187111369331,0.014454903619178339,-0.0011012187111369331,0.026317882165175485,0.015556122330315272,0.0
positive_no_prior_both,2025-05-30,SPY,0.007317202496114117,0.04769511906164903,0.008473292721301116,0.046291719957253556,0.04037791656553491,0.0011560902251869995
positive_no_prior_both,2025-05-30,MGK,0.009610770673104944,0.06034673392230827,0.010639739648354922,0.06291600181164828,0.05073596324920333,0.001028968975249978
positive_no_prior_both,2025-05-30,VTV,0.005312478651329571,0.0332330912657377,0.006195921323710249,0.044640659591703796,0.027920612614408133,0.000883442672380678
positive_no_prior_both,2025-05-30,IJR,-0.00041575730887501996,0.03734736300075814,0.0011091456498007381,0.06598926590592034,0.03776312030963316,0.001524902958675758
positive_no_prior_both,2025-05-30,IWM,-0.0015216367751140637,0.05147995646827952,-0.0006872261719868526,0.06490525173033154,0.05300159324339358,0.0008344106031272111
positive_no_prior_both,2025-05-30,VNQ,0.0013147227365438608,0.0033500785292834845,0.0024547097615340878,0.061757397710972065,0.002035355792739624,0.001139987024990227
positive_no_prior_both,2025-05-30,VNQI,-0.003141402592921254,0.04115888912622401,-0.005315860594672226,0.04847282889740203,0.04430029171914526,-0.002174458001750972
positive_no_prior_both,2025-05-30,VEA,0.003213867729195683,0.030256851306093457,0.0026416563992143517,0.04971134262871105,0.027042983576897776,-0.0005722113299813313
positive_no_prior_both,2025-05-30,VWO,-0.0013812432635037686,0.05168209224062714,0.0013343260042511748,0.04355886846408223,0.053063335504130914,0.0027155692677549434
positive_no_prior_both,2025-05-30,VSS,0.00044890942076046157,0.054769444558085745,-0.000902536853620286,0.04798500428743122,0.054320535137325286,-0.0013514462743807476
positive_no_prior_both,2025-05-30,BND,-0.003237055002469442,0.011602274676301816,-0.002417187918220567,0.018866640210872327,0.014839329678771258,0.000819867084248875
positive_no_prior_both,2025-05-30,IEF,-0.0040674968930327,0.012452491537882304,-0.003100855306268823,0.022663415580550197,0.016519988430915004,0.0009666415867638774
positive_no_prior_both,2025-05-30,BNDX,-0.0027348125869511297,-0.0001381150801093023,-0.00012584636007899504,0.016119957166369894,0.0025966975068418274,0.0026089662268721347
positive_no_prior_both,2025-05-30,LQD,-0.003152480733546488,0.01724059290590274,-0.0008301511822709786,0.0283142743704691,0.020393073639449227,0.0023223295512755093
positive_no_prior_both,2025-05-30,HYG,5.2760762575032596e-05,0.014810137654057698,0.0001739131039222678,0.024470096583949386,0.014757376891482665,0.00012115234134723521
positive_no_prior_both,2025-05-30,EWX,0.0014349156952656505,0.05043478917948763,0.006000367409791652,0.0376750702817767,0.048999873484221974,0.004565451714526002
positive_no_prior_both,2025-05-30,VWOB,-0.001725584997727383,0.021275025282161186,-0.0006465305835997109,0.030487728444447255,0.02300061027988857,0.0010790544141276721
positive_no_prior_both,2025-05-30,HYEM,-0.0011012187111369331,0.014454903619178339,0.0012595624133029816,0.027973691586615123,0.015556122330315272,0.0023607811244399147
positive_no_prior_outputscale_only,2025-05-30,SPY,0.007317202496114117,0.04769511906164903,0.018554890450032308,0.04580472549424043,0.04037791656553491,0.01123768795391819
positive_no_prior_outputscale_only,2025-05-30,MGK,0.009610770673104944,0.06034673392230827,0.02653443265138055,0.06140534593556446,0.05073596324920333,0.016923661978275606
positive_no_prior_outputscale_only,2025-05-30,VTV,0.005312478651329571,0.0332330912657377,0.010318590595826717,0.043237585564520606,0.027920612614408133,0.005006111944497146
positive_no_prior_outputscale_only,2025-05-30,IJR,-0.00041575730887501996,0.03734736300075814,0.011751477870570138,0.06303601109298777,0.03776312030963316,0.012167235179445159
positive_no_prior_outputscale_only,2025-05-30,IWM,-0.0015216367751140637,0.05147995646827952,0.010852578670188365,0.06343457540528824,0.05300159324339358,0.012374215445302428
positive_no_prior_outputscale_only,2025-05-30,VNQ,0.0013147227365438608,0.0033500785292834845,0.006621158327660508,0.05845336403132542,0.002035355792739624,0.005306435591116648
positive_no_prior_outputscale_only,2025-05-30,VNQI,-0.003141402592921254,0.04115888912622401,-0.00245160668902983,0.048810243665388,0.04430029171914526,0.0006897959038914239
positive_no_prior_outputscale_only,2025-05-30,VEA,0.003213867729195683,0.030256851306093457,0.008292928453257655,0.04737749429846264,0.027042983576897776,0.005079060724061972
positive_no_prior_outputscale_only,2025-05-30,VWO,-0.0013812432635037686,0.05168209224062714,0.013038915141769514,0.04213195378635873,0.053063335504130914,0.014420158405273283
positive_no_prior_outputscale_only,2025-05-30,VSS,0.00044890942076046157,0.054769444558085745,0.0072491296140312755,0.04685427098479821,0.054320535137325286,0.0068002201932708135
positive_no_prior_outputscale_only,2025-05-30,BND,-0.003237055002469442,0.011602274676301816,-0.003008775014512448,0.018632970566976898,0.014839329678771258,0.00022827998795699406
positive_no_prior_outputscale_only,2025-05-30,IEF,-0.0040674968930327,0.012452491537882304,-0.004893114194200939,0.022842433024893846,0.016519988430915004,-0.0008256173011682386
positive_no_prior_outputscale_only,2025-05-30,BNDX,-0.0027348125869511297,-0.0001381150801093023,0.0014195972047811077,0.015979510874518064,0.0025966975068418274,0.0041544097917322375
positive_no_prior_outputscale_only,2025-05-30,LQD,-0.003152480733546488,0.01724059290590274,0.0010458748165526719,0.027758093852589667,0.020393073639449227,0.00419835555009916
positive_no_prior_outputscale_only,2025-05-30,HYG,5.2760762575032596e-05,0.014810137654057698,0.0027774547900386542,0.023402689926371806,0.014757376891482665,0.002724694027463622
positive_no_prior_outputscale_only,2025-05-30,EWX,0.0014349156952656505,0.05043478917948763,0.01626451180963188,0.037218222463950526,0.048999873484221974,0.01482959611436623
positive_no_prior_outputscale_only,2025-05-30,VWOB,-0.001725584997727383,0.021275025282161186,0.004013761051562435,0.029639130984243294,0.02300061027988857,0.005739346049289818
positive_no_prior_outputscale_only,2025-05-30,HYEM,-0.0011012187111369331,0.014454903619178339,0.006238367515362626,0.02783509106485524,0.015556122330315272,0.007339586226499559
positive_no_prior_lengthscale_only,2025-05-30,SPY,0.007317202496114117,0.04769511906164903,0.006670939245264127,0.055415937848559645,0.04037791656553491,-0.0006462632508499903
positive_no_prior_lengthscale_only,2025-05-30,MGK,0.009610770673104944,0.06034673392230827,0.011641335266644678,0.06838565736740566,0.05073596324920333,0.0020305645935397333
positive_no_prior_lengthscale_only,2025-05-30,VTV,0.005312478651329571,0.0332330912657377,0.002739364575690936,0.051388158320850426,0.027920612614408133,-0.0025731140756386347
positive_no_prior_lengthscale_only,2025-05-30,IJR,-0.00041575730887501996,0.03734736300075814,-0.000573193640412459,0.07738799086605619,0.03776312030963316,-0.00015743633153743905
positive_no_prior_lengthscale_only,2025-05-30,IWM,-0.0015216367751140637,0.05147995646827952,-0.002239721543824778,0.07960703718938042,0.05300159324339358,-0.0007180847687107141
positive_no_prior_lengthscale_only,2025-05-30,VNQ,0.0013147227365438608,0.0033500785292834845,-0.0018743100901756125,0.06855015278178853,0.002035355792739624,-0.0031890328267194733
positive_no_prior_lengthscale_only,2025-05-30,VNQI,-0.003141402592921254,0.04115888912622401,-0.005223682491178133,0.05434103777253384,0.04430029171914526,-0.0020822798982568793
positive_no_prior_lengthscale_only,2025-05-30,VEA,0.003213867729195683,0.030256851306093457,0.00011757547662199878,0.05237341040357036,0.027042983576897776,-0.0030962922525736842
positive_no_prior_lengthscale_only,2025-05-30,VWO,-0.0013812432635037686,0.05168209224062714,0.0005724156040205993,0.04746456243951685,0.053063335504130914,0.001953658867524368
positive_no_prior_lengthscale_only,2025-05-30,VSS,0.00044890942076046157,0.054769444558085745,-0.0021664920723493235,0.051860416769475996,0.054320535137325286,-0.002615401493109785
positive_no_prior_lengthscale_only,2025-05-30,BND,-0.003237055002469442,0.011602274676301816,-0.003224896902060969,0.01840268901780933,0.014839329678771258,1.2158100408473163e-05
positive_no_prior_lengthscale_only,2025-05-30,IEF,-0.0040674968930327,0.012452491537882304,-0.0044420542910752,0.02181142738979348,0.016519988430915004,-0.0003745573980425002
positive_no_prior_lengthscale_only,2025-05-30,BNDX,-0.0027348125869511297,-0.0001381150801093023,-0.0006716334009337801,0.015911717201080575,0.0025966975068418274,0.0020631791860173496
positive_no_prior_lengthscale_only,2025-05-30,LQD,-0.003152480733546488,0.01724059290590274,-0.0019709219791825485,0.028750258285157912,0.020393073639449227,0.0011815587543639395
positive_no_prior_lengthscale_only,2025-05-30,HYG,5.2760762575032596e-05,0.014810137654057698,-0.0007428849169561417,0.025882109934511493,0.014757376891482665,-0.0007956456795311744
positive_no_prior_lengthscale_only,2025-05-30,EWX,0.0014349156952656505,0.05043478917948763,0.004906800083213786,0.04061265902102024,0.048999873484221974,0.003471884387948135
positive_no_prior_lengthscale_only,2025-05-30,VWOB,-0.001725584997727383,0.021275025282161186,-0.0014646441493049334,0.03190147352562006,0.02300061027988857,0.00026094084842244957
positive_no_prior_lengthscale_only,2025-05-30,HYEM,-0.0011012187111369331,0.014454903619178339,0.0002022617184999193,0.028878471818170867,0.015556122330315272,0.0013034804296368524
positive_no_prior_neither,2025-05-30,SPY,0.007317202496114117,0.04769511906164903,0.013590513963680759,0.049496756209582674,0.04037791656553491,0.006273311467566642
positive_no_prior_neither,2025-05-30,MGK,0.009610770673104944,0.06034673392230827,0.020351260632500298,0.06132741509308618,0.05073596324920333,0.010740489959395354
positive_no_prior_neither,2025-05-30,VTV,0.005312478651329571,0.0332330912657377,0.007813639661069825,0.046302785284911996,0.027920612614408133,0.0025011610097402538
positive_no_prior_neither,2025-05-30,IJR,-0.00041575730887501996,0.03734736300075814,0.004540786039390257,0.06771541919543789,0.03776312030963316,0.004956543348265278
positive_no_prior_neither,2025-05-30,IWM,-0.0015216367751140637,0.05147995646827952,0.003708468997864307,0.06961441969285333,0.05300159324339358,0.005230105772978371
positive_no_prior_neither,2025-05-30,VNQ,0.0013147227365438608,0.0033500785292834845,0.0018316001351655893,0.06138288415127514,0.002035355792739624,0.0005168773986217285
positive_no_prior_neither,2025-05-30,VNQI,-0.003141402592921254,0.04115888912622401,-0.004308007495639572,0.04857861687877126,0.04430029171914526,-0.001166604902718318
positive_no_prior_neither,2025-05-30,VEA,0.003213867729195683,0.030256851306093457,0.0039561515019564805,0.046910544207351905,0.027042983576897776,0.0007422837727607975
positive_no_prior_neither,2025-05-30,VWO,-0.0013812432635037686,0.05168209224062714,0.0031826187392033083,0.04369898156303412,0.053063335504130914,0.004563862002707077
positive_no_prior_neither,2025-05-30,VSS,0.00044890942076046157,0.054769444558085745,0.0008016853765671135,0.04668105195681923,0.054320535137325286,0.000352775955806652
positive_no_prior_neither,2025-05-30,BND,-0.003237055002469442,0.011602274676301816,-0.003647853844135401,0.016787733378808376,0.014839329678771258,-0.0004107988416659587
positive_no_prior_neither,2025-05-30,IEF,-0.0040674968930327,0.012452491537882304,-0.005376763378591628,0.020141616511256493,0.016519988430915004,-0.001309266485558928
positive_no_prior_neither,2025-05-30,BNDX,-0.0027348125869511297,-0.0001381150801093023,-0.00022672529406924475,0.014743057464047861,0.0025966975068418274,0.002508087292881885
positive_no_prior_neither,2025-05-30,LQD,-0.003152480733546488,0.01724059290590274,-0.0008529483017280146,0.02647511650546614,0.020393073639449227,0.0022995324318184733
positive_no_prior_neither,2025-05-30,HYG,5.2760762575032596e-05,0.014810137654057698,0.0015459825372189577,0.02336866565908174,0.014757376891482665,0.001493221774643925
positive_no_prior_neither,2025-05-30,EWX,0.0014349156952656505,0.05043478917948763,0.007364758915576219,0.03711529269268583,0.048999873484221974,0.005929843220310568
positive_no_prior_neither,2025-05-30,VWOB,-0.001725584997727383,0.021275025282161186,0.0008530052868816864,0.029125819933574455,0.02300061027988857,0.0025785902846090693
positive_no_prior_neither,2025-05-30,HYEM,-0.0011012187111369331,0.014454903619178339,0.00252434349484404,0.02641021112182447,0.015556122330315272,0.0036255622059809733
historical_mean,2025-06-30,SPY,0.008108926350340292,0.01908467259702551,0.008108926350340292,0.046486314861483725,0.010975746246685217,0.0
historical_mean,2025-06-30,MGK,0.010605593481912853,0.03526188252947149,0.010605593481912853,0.0606576555011281,0.024656289047558635,0.0
historical_mean,2025-06-30,VTV,0.005859941643768946,-0.002167296399311236,0.005859941643768946,0.04193038901454366,-0.00802723804308018,0.0
historical_mean,2025-06-30,IJR,0.0003246960305295518,0.005165530187941636,0.0003246960305295518,0.05921303348395245,0.004840834157412084,0.0
historical_mean,2025-06-30,IWM,-0.0004823898487730129,0.012760607343994756,-0.0004823898487730129,0.060611122841396574,0.01324299719276777,0.0
historical_mean,2025-06-30,VNQ,0.0013546316736564024,-0.0029632780526935854,0.0013546316736564024,0.05812882700489989,-0.004317909726349988,0.0
historical_mean,2025-06-30,VNQI,-0.0022727694219576216,-0.023931985253554888,-0.0022727694219576216,0.04884630943744813,-0.021659215831597266,0.0
historical_mean,2025-06-30,VEA,0.003744122309134855,-0.01766175570590245,0.003744122309134855,0.04590007007806359,-0.021405878015037304,0.0
historical_mean,2025-06-30,VWO,-0.0003407857045992409,0.002989658374459969,-0.0003407857045992409,0.0422731045191081,0.0033304440790592102,0.0
historical_mean,2025-06-30,VSS,0.001514017952864879,-0.009120730437294888,0.001514017952864879,0.04674135179227695,-0.010634748390159767,0.0
historical_mean,2025-06-30,BND,-0.002946087753866084,-0.006504632044136427,-0.002946087753866084,0.019219337399327574,-0.0035585442902703428,0.0
historical_mean,2025-06-30,IEF,-0.0037435755512500533,-0.00977429711868305,-0.0037435755512500533,0.022871930304032895,-0.0060307215674329975,0.0
historical_mean,2025-06-30,BNDX,-0.0026838969495620742,-0.00498710657025403,-0.0026838969495620742,0.015760777543273402,-0.0023032096206919554,0.0
historical_mean,2025-06-30,LQD,-0.0027526165445376795,-0.004751878550950606,-0.0027526165445376795,0.02969538299107734,-0.001999262006412926,0.0
historical_mean,2025-06-30,HYG,0.0003421210937805751,-0.002505544256353631,0.0003421210937805751,0.02337837316237756,-0.0028476653501342064,0.0
historical_mean,2025-06-30,EWX,0.002395697528289611,0.003689786989881094,0.002395697528289611,0.03695765100137487,0.0012940894615914834,0.0
historical_mean,2025-06-30,VWOB,-0.0012745926392981953,0.003448378263515961,-0.0012745926392981953,0.03020927485213051,0.004722970902814157,0.0
historical_mean,2025-06-30,HYEM,-0.0007961967046601631,0.0052854367518158085,-0.0007961967046601631,0.026144277822748356,0.006081633456475972,0.0
positive_no_prior_both,2025-06-30,SPY,0.008108926350340292,0.01908467259702551,0.006523005276154681,0.04455607711810412,0.010975746246685217,-0.0015859210741856113
positive_no_prior_both,2025-06-30,MGK,0.010605593481912853,0.03526188252947149,0.007265682095056779,0.06335378185571111,0.024656289047558635,-0.003339911386856074
positive_no_prior_both,2025-06-30,VTV,0.005859941643768946,-0.002167296399311236,0.005817830431825972,0.03911618896640453,-0.00802723804308018,-4.2111211942973646e-05
positive_no_prior_both,2025-06-30,IJR,0.0003246960305295518,0.005165530187941636,-0.0007654773062382161,0.05769801915318309,0.004840834157412084,-0.0010901733367677678
positive_no_prior_both,2025-06-30,IWM,-0.0004823898487730129,0.012760607343994756,-0.0024325095336245025,0.05872903368028298,0.01324299719276777,-0.0019501196848514895
positive_no_prior_both,2025-06-30,VNQ,0.0013546316736564024,-0.0029632780526935854,-0.0014753794399296279,0.05214451235500075,-0.004317909726349988,-0.0028300111135860302
positive_no_prior_both,2025-06-30,VNQI,-0.0022727694219576216,-0.023931985253554888,-0.00538396189732334,0.04514531586048015,-0.021659215831597266,-0.0031111924753657186
positive_no_prior_both,2025-06-30,VEA,0.003744122309134855,-0.01766175570590245,0.0013580942925770223,0.04480001254337726,-0.021405878015037304,-0.002386028016557833
positive_no_prior_both,2025-06-30,VWO,-0.0003407857045992409,0.002989658374459969,-0.0005379627446737659,0.04134744465865529,0.0033304440790592102,-0.000197177040074525
positive_no_prior_both,2025-06-30,VSS,0.001514017952864879,-0.009120730437294888,-0.0026699385948320106,0.04479345566111733,-0.010634748390159767,-0.0041839565476968895
positive_no_prior_both,2025-06-30,BND,-0.002946087753866084,-0.006504632044136427,-0.003348092439918654,0.01763078796088911,-0.0035585442902703428,-0.00040200468605256987
positive_no_prior_both,2025-06-30,IEF,-0.0037435755512500533,-0.00977429711868305,-0.004230819463607223,0.021077096917234396,-0.0060307215674329975,-0.0004872439123571699
positive_no_prior_both,2025-06-30,BNDX,-0.0026838969495620742,-0.00498710657025403,-0.003703623059661201,0.014237715213035925,-0.0023032096206919554,-0.0010197261100991267
positive_no_prior_both,2025-06-30,LQD,-0.0027526165445376795,-0.004751878550950606,-0.004193377516103874,0.026443992996939496,-0.001999262006412926,-0.0014407609715661944
positive_no_prior_both,2025-06-30,HYG,0.0003421210937805751,-0.002505544256353631,-0.0008153536206545518,0.02151343233447798,-0.0028476653501342064,-0.0011574747144351269
positive_no_prior_both,2025-06-30,EWX,0.002395697528289611,0.003689786989881094,0.0026637143796042007,0.03630981282032846,0.0012940894615914834,0.00026801685131458983
positive_no_prior_both,2025-06-30,VWOB,-0.0012745926392981953,0.003448378263515961,-0.004060034690513193,0.02789897901957181,0.004722970902814157,-0.002785442051214998
positive_no_prior_both,2025-06-30,HYEM,-0.0007961967046601631,0.0052854367518158085,-0.0010939228279478305,0.025510520959284463,0.006081633456475972,-0.0002977261232876674
positive_no_prior_outputscale_only,2025-06-30,SPY,0.008108926350340292,0.01908467259702551,0.00444148037175234,0.04549961086649087,0.010975746246685217,-0.003667445978587952
positive_no_prior_outputscale_only,2025-06-30,MGK,0.010605593481912853,0.03526188252947149,0.004368724512292539,0.06403987589476628,0.024656289047558635,-0.006236868969620314
positive_no_prior_outputscale_only,2025-06-30,VTV,0.005859941643768946,-0.002167296399311236,0.0030599641721432117,0.04011415828816303,-0.00802723804308018,-0.002799977471625734
positive_no_prior_outputscale_only,2025-06-30,IJR,0.0003246960305295518,0.005165530187941636,-0.004873994460348603,0.05939687020812905,0.004840834157412084,-0.005198690490878156
positive_no_prior_outputscale_only,2025-06-30,IWM,-0.0004823898487730129,0.012760607343994756,-0.004858913951299122,0.061453049778309864,0.01324299719276777,-0.00437652410252611
positive_no_prior_outputscale_only,2025-06-30,VNQ,0.0013546316736564024,-0.0029632780526935854,-0.006743139641289368,0.05048923279137426,-0.004317909726349988,-0.008097771314945771
positive_no_prior_outputscale_only,2025-06-30,VNQI,-0.0022727694219576216,-0.023931985253554888,-0.009345074261264944,0.04516062276132688,-0.021659215831597266,-0.007072304839307322
positive_no_prior_outputscale_only,2025-06-30,VEA,0.003744122309134855,-0.01766175570590245,-0.0035544652840509053,0.04392889923726725,-0.021405878015037304,-0.0072985875931857605
positive_no_prior_outputscale_only,2025-06-30,VWO,-0.0003407857045992409,0.002989658374459969,-0.0006923510871904225,0.041217619103141985,0.0033304440790592102,-0.00035156538259118164
positive_no_prior_outputscale_only,2025-06-30,VSS,0.001514017952864879,-0.009120730437294888,-0.006090876099851138,0.04370729283114443,-0.010634748390159767,-0.0076048940527160165
positive_no_prior_outputscale_only,2025-06-30,BND,-0.002946087753866084,-0.006504632044136427,-0.00448504767015441,0.01712998887925991,-0.0035585442902703428,-0.001538959916288326
positive_no_prior_outputscale_only,2025-06-30,IEF,-0.0037435755512500533,-0.00977429711868305,-0.006168357519808308,0.020507441130001247,-0.0060307215674329975,-0.0024247819685582544
positive_no_prior_outputscale_only,2025-06-30,BNDX,-0.0026838969495620742,-0.00498710657025403,-0.005445486610444314,0.014358163600582514,-0.0023032096206919554,-0.00276158966088224
positive_no_prior_outputscale_only,2025-06-30,LQD,-0.0027526165445376795,-0.004751878550950606,-0.005683434840586787,0.026100784455382147,-0.001999262006412926,-0.0029308182960491075
positive_no_prior_outputscale_only,2025-06-30,HYG,0.0003421210937805751,-0.002505544256353631,-0.0035592101349489523,0.021244282494630812,-0.0028476653501342064,-0.0039013312287295276
positive_no_prior_outputscale_only,2025-06-30,EWX,0.002395697528289611,0.003689786989881094,0.0004410832717737347,0.036133400812737686,0.0012940894615914834,-0.001954614256515876
positive_no_prior_outputscale_only,2025-06-30,VWOB,-0.0012745926392981953,0.003448378263515961,-0.005097838082358001,0.027919373365937947,0.004722970902814157,-0.0038232454430598057
positive_no_prior_outputscale_only,2025-06-30,HYEM,-0.0007961967046601631,0.0052854367518158085,-0.0004433682189380121,0.02576240425761207,0.006081633456475972,0.000352828485722151
positive_no_prior_lengthscale_only,2025-06-30,SPY,0.008108926350340292,0.01908467259702551,0.0071611762299660705,0.05026872610385831,0.010975746246685217,-0.0009477501203742217
positive_no_prior_lengthscale_only,2025-06-30,MGK,0.010605593481912853,0.03526188252947149,0.00920146145005433,0.06521671577180212,0.024656289047558635,-0.0014041320318585234
positive_no_prior_lengthscale_only,2025-06-30,VTV,0.005859941643768946,-0.002167296399311236,0.005470624558155194,0.04355990001574848,-0.00802723804308018,-0.00038931708561375147
positive_no_prior_lengthscale_only,2025-06-30,IJR,0.0003246960305295518,0.005165530187941636,0.0030794484479933553,0.059803093361574626,0.004840834157412084,0.0027547524174638036
positive_no_prior_lengthscale_only,2025-06-30,IWM,-0.0004823898487730129,0.012760607343994756,0.0009387693735571601,0.061182505183306105,0.01324299719276777,0.0014211592223301731
positive_no_prior_lengthscale_only,2025-06-30,VNQ,0.0013546316736564024,-0.0029632780526935854,0.00017466482182604596,0.056600064127020885,-0.004317909726349988,-0.0011799668518303564
positive_no_prior_lengthscale_only,2025-06-30,VNQI,-0.0022727694219576216,-0.023931985253554888,-0.006571876873265783,0.04789297470670185,-0.021659215831597266,-0.004299107451308162
positive_no_prior_lengthscale_only,2025-06-30,VEA,0.003744122309134855,-0.01766175570590245,1.3546216717585415e-05,0.04731459536014311,-0.021405878015037304,-0.00373057609241727
positive_no_prior_lengthscale_only,2025-06-30,VWO,-0.0003407857045992409,0.002989658374459969,-0.0022015846776567774,0.042729051978816664,0.0033304440790592102,-0.0018607989730575366
positive_no_prior_lengthscale_only,2025-06-30,VSS,0.001514017952864879,-0.009120730437294888,-0.003257598085151856,0.04731296763093804,-0.010634748390159767,-0.004771616038016735
positive_no_prior_lengthscale_only,2025-06-30,BND,-0.002946087753866084,-0.006504632044136427,-0.0034441329025234244,0.016895964093296575,-0.0035585442902703428,-0.0004980451486573403
positive_no_prior_lengthscale_only,2025-06-30,IEF,-0.0037435755512500533,-0.00977429711868305,-0.004677064703126005,0.020250425823596107,-0.0060307215674329975,-0.0009334891518759519
positive_no_prior_lengthscale_only,2025-06-30,BNDX,-0.0026838969495620742,-0.00498710657025403,-0.003945939427301469,0.014821721263300574,-0.0023032096206919554,-0.001262042477739395
positive_no_prior_lengthscale_only,2025-06-30,LQD,-0.0027526165445376795,-0.004751878550950606,-0.004414896615902981,0.026588013686864514,-0.001999262006412926,-0.0016622800713653016
positive_no_prior_lengthscale_only,2025-06-30,HYG,0.0003421210937805751,-0.002505544256353631,-0.001406359089545922,0.02323403350903325,-0.0028476653501342064,-0.001748480183326497
positive_no_prior_lengthscale_only,2025-06-30,EWX,0.002395697528289611,0.003689786989881094,0.002657042763426743,0.03780302299639294,0.0012940894615914834,0.00026134523513713205
positive_no_prior_lengthscale_only,2025-06-30,VWOB,-0.0012745926392981953,0.003448378263515961,-0.004604719877227362,0.02978971979295639,0.004722970902814157,-0.003330127237929167
positive_no_prior_lengthscale_only,2025-06-30,HYEM,-0.0007961967046601631,0.0052854367518158085,-0.0015271641421961291,0.027730917628281337,0.006081633456475972,-0.000730967437535966
positive_no_prior_neither,2025-06-30,SPY,0.008108926350340292,0.01908467259702551,0.0038163553912597178,0.04650977663122742,0.010975746246685217,-0.004292570959080574
positive_no_prior_neither,2025-06-30,MGK,0.010605593481912853,0.03526188252947149,0.005477074915462596,0.05953352861807938,0.024656289047558635,-0.005128518566450258
positive_no_prior_neither,2025-06-30,VTV,0.005859941643768946,-0.002167296399311236,0.0040753219396308694,0.040764389260543654,-0.00802723804308018,-0.0017846197041380763
positive_no_prior_neither,2025-06-30,IJR,0.0003246960305295518,0.005165530187941636,-0.0016859920026865683,0.05544437052997005,0.004840834157412084,-0.00201068803321612
positive_no_prior_neither,2025-06-30,IWM,-0.0004823898487730129,0.012760607343994756,-0.004279887291150897,0.05669079107670548,0.01324299719276777,-0.0037974974423778843
positive_no_prior_neither,2025-06-30,VNQ,0.0013546316736564024,-0.0029632780526935854,-0.005585065939633958,0.05247835259070225,-0.004317909726349988,-0.00693969761329036
positive_no_prior_neither,2025-06-30,VNQI,-0.0022727694219576216,-0.023931985253554888,-0.009650185111931359,0.044551218987904026,-0.021659215831597266,-0.007377415689973737
positive_no_prior_neither,2025-06-30,VEA,0.003744122309134855,-0.01766175570590245,-0.00419440410751633,0.04389296705946573,-0.021405878015037304,-0.007938526416651185
positive_no_prior_neither,2025-06-30,VWO,-0.0003407857045992409,0.002989658374459969,-0.003972737540012379,0.04035963077378703,0.0033304440790592102,-0.003631951835413138
positive_no_prior_neither,2025-06-30,VSS,0.001514017952864879,-0.009120730437294888,-0.00708754916409156,0.043356916813358154,-0.010634748390159767,-0.008601567116956439
positive_no_prior_neither,2025-06-30,BND,-0.002946087753866084,-0.006504632044136427,-0.004100442515196652,0.015667083856292247,-0.0035585442902703428,-0.0011543547613305678
positive_no_prior_neither,2025-06-30,IEF,-0.0037435755512500533,-0.00977429711868305,-0.00538660904676503,0.018747809094497903,-0.0060307215674329975,-0.0016430334955149766
positive_no_prior_neither,2025-06-30,BNDX,-0.0026838969495620742,-0.00498710657025403,-0.005338406584421728,0.013696064998809342,-0.0023032096206919554,-0.002654509634859654
positive_no_prior_neither,2025-06-30,LQD,-0.0027526165445376795,-0.004751878550950606,-0.0058324442792464844,0.024365365336206844,-0.001999262006412926,-0.003079827734708805
positive_no_prior_neither,2025-06-30,HYG,0.0003421210937805751,-0.002505544256353631,-0.002403533192375073,0.021305071323020248,-0.0028476653501342064,-0.0027456542861556484
positive_no_prior_neither,2025-06-30,EWX,0.002395697528289611,0.003689786989881094,0.0006611274855859114,0.0351096010060945,0.0012940894615914834,-0.0017345700427036995
positive_no_prior_neither,2025-06-30,VWOB,-0.0012745926392981953,0.003448378263515961,-0.006195618973338804,0.02734975020653585,0.004722970902814157,-0.004921026334040608
positive_no_prior_neither,2025-06-30,HYEM,-0.0007961967046601631,0.0052854367518158085,-0.0014850887622282019,0.025810635448556857,0.006081633456475972,-0.0006888920575680387
historical_mean,2025-07-31,SPY,0.008319998393545776,0.01702595928567807,0.008319998393545776,0.046053469308444485,0.008705960892132296,0.0
historical_mean,2025-07-31,MGK,0.011079752886673596,0.005506659536577585,0.011079752886673596,0.06015727754500016,-0.005573093350096011,0.0
historical_mean,2025-07-31,VTV,0.0057055716814020194,0.03136457393982228,0.0057055716814020194,0.04153219245869115,0.025659002258420265,0.0
historical_mean,2025-07-31,IJR,0.0004177889950951688,0.06670214284372133,0.0004177889950951688,0.058633482662584016,0.06628435384862616,0.0
historical_mean,2025-07-31,IWM,-0.00022771682583517123,0.06825711678016222,-0.00022771682583517123,0.06004204653297474,0.06848483360599739,0.0
historical_mean,2025-07-31,VNQ,0.0012715949481496719,0.031234506481848445,0.0012715949481496719,0.05755922989435626,0.029962911533698774,0.0
historical_mean,2025-07-31,VNQI,-0.002689292803334492,0.03800885965747658,-0.002689292803334492,0.04845822889781613,0.04069815246081107,0.0
historical_mean,2025-07-31,VEA,0.003332470808845676,0.040715343672140136,0.003332470808845676,0.045544682113617126,0.03738287286329446,0.0
historical_mean,2025-07-31,VWO,-0.0002767387030788715,0.03119670619044923,-0.0002767387030788715,0.041859158539873306,0.0314734448935281,0.0
historical_mean,2025-07-31,VSS,0.0013095035607464218,0.04570476560415426,0.0013095035607464218,0.04630432607636206,0.04439526204340784,0.0
historical_mean,2025-07-31,BND,-0.0030145212979097447,0.008078120866885197,-0.0030145212979097447,0.01903637705332175,0.011092642164794941,0.0
historical_mean,2025-07-31,IEF,-0.0038595509660083803,0.013001796164747947,-0.0038595509660083803,0.022662022294724343,0.016861347130756328,0.0
historical_mean,2025-07-31,BNDX,-0.002728189442267689,-0.002067319775812204,-0.002728189442267689,0.01560876337446942,0.0006608696664554847,0.0
historical_mean,2025-07-31,LQD,-0.002791063890814851,0.0069765482555901315,-0.002791063890814851,0.02940411760267529,0.009767612146404982,0.0
historical_mean,2025-07-31,HYG,0.0002873582985856865,0.007592278645943473,0.0002873582985856865,0.023151406952460717,0.007304920347357787,0.0
historical_mean,2025-07-31,EWX,0.002420583864089447,0.059400893238615415,0.002420583864089447,0.03659396736937123,0.056980309374525966,0.0
historical_mean,2025-07-31,VWOB,-0.0011837662757825385,0.013654429789281775,-0.0011837662757825385,0.029918809035243236,0.014838196065064313,0.0
historical_mean,2025-07-31,HYEM,-0.0006792422151125483,0.015516857251125726,-0.0006792422151125483,0.025900427029114596,0.016196099466238276,0.0
positive_no_prior_both,2025-07-31,SPY,0.008319998393545776,0.01702595928567807,0.005694770096203826,0.040404156355415714,0.008705960892132296,-0.00262522829734195
positive_no_prior_both,2025-07-31,MGK,0.011079752886673596,0.005506659536577585,0.00845251607906755,0.05477726789216894,-0.005573093350096011,-0.002627236807606046
positive_no_prior_both,2025-07-31,VTV,0.0057055716814020194,0.03136457393982228,0.003842861225953932,0.03460486584321578,0.025659002258420265,-0.0018627104554480873
positive_no_prior_both,2025-07-31,IJR,0.0004177889950951688,0.06670214284372133,0.00030232411754458504,0.05266070680586426,0.06628435384862616,-0.00011546487755058376
positive_no_prior_both,2025-07-31,IWM,-0.00022771682583517123,0.06825711678016222,-0.002639234697076503,0.053761101593943844,0.06848483360599739,-0.002411517871241332
positive_no_prior_both,2025-07-31,VNQ,0.0012715949481496719,0.031234506481848445,-0.0014098588910838761,0.04935326336577964,0.029962911533698774,-0.002681453839233548
positive_no_prior_both,2025-07-31,VNQI,-0.002689292803334492,0.03800885965747658,-0.008319538303273914,0.042786381811374105,0.04069815246081107,-0.005630245499939422
positive_no_prior_both,2025-07-31,VEA,0.003332470808845676,0.040715343672140136,-0.0009187273695571794,0.039716590047662564,0.03738287286329446,-0.004251198178402855
positive_no_prior_both,2025-07-31,VWO,-0.0002767387030788715,0.03119670619044923,-0.003185011405109733,0.03714467504823898,0.0314734448935281,-0.0029082727020308613
positive_no_prior_both,2025-07-31,VSS,0.0013095035607464218,0.04570476560415426,-0.005983070672084577,0.03963441947364718,0.04439526204340784,-0.007292574232830999
positive_no_prior_both,2025-07-31,BND,-0.0030145212979097447,0.008078120866885197,-0.0016965473841455685,0.01682271510101802,0.011092642164794941,0.0013179739137641761
positive_no_prior_both,2025-07-31,IEF,-0.0038595509660083803,0.013001796164747947,-0.002547467406142816,0.019451614221555853,0.016861347130756328,0.0013120835598655644
positive_no_prior_both,2025-07-31,BNDX,-0.002728189442267689,-0.002067319775812204,-0.0013769562956924845,0.01343990451475329,0.0006608696664554847,0.0013512331465752043
positive_no_prior_both,2025-07-31,LQD,-0.002791063890814851,0.0069765482555901315,-0.0026353484263823175,0.02487772404246558,0.009767612146404982,0.0001557154644325335
positive_no_prior_both,2025-07-31,HYG,0.0002873582985856865,0.007592278645943473,-0.00018199091778830443,0.01951401070170095,0.007304920347357787,-0.0004693492163739909
positive_no_prior_both,2025-07-31,EWX,0.002420583864089447,0.059400893238615415,0.0001604717262302705,0.031027198007327755,0.056980309374525966,-0.0022601121378591767
positive_no_prior_both,2025-07-31,VWOB,-0.0011837662757825385,0.013654429789281775,-0.0030364642699865973,0.026443292982905577,0.014838196065064313,-0.0018526979942040589
positive_no_prior_both,2025-07-31,HYEM,-0.0006792422151125483,0.015516857251125726,1.217702493055983e-05,0.021697855860677816,0.016196099466238276,0.0006914192400431081
positive_no_prior_outputscale_only,2025-07-31,SPY,0.008319998393545776,0.01702595928567807,0.0015969116041849975,0.035838415083919675,0.008705960892132296,-0.006723086789360779
positive_no_prior_outputscale_only,2025-07-31,MGK,0.011079752886673596,0.005506659536577585,0.009464333361951663,0.04847185699372174,-0.005573093350096011,-0.0016154195247219325
positive_no_prior_outputscale_only,2025-07-31,VTV,0.0057055716814020194,0.03136457393982228,-0.0021735204463623585,0.032532482753682375,0.025659002258420265,-0.007879092127764378
positive_no_prior_outputscale_only,2025-07-31,IJR,0.0004177889950951688,0.06670214284372133,-0.007668901860689093,0.04619579688548769,0.06628435384862616,-0.008086690855784262
positive_no_prior_outputscale_only,2025-07-31,IWM,-0.00022771682583517123,0.06825711678016222,-0.008034714268672909,0.04778224965109195,0.06848483360599739,-0.007806997442837737
positive_no_prior_outputscale_only,2025-07-31,VNQ,0.0012715949481496719,0.031234506481848445,-0.008812007457626975,0.044083709539924756,0.029962911533698774,-0.010083602405776647
positive_no_prior_outputscale_only,2025-07-31,VNQI,-0.002689292803334492,0.03800885965747658,-0.02180718393052798,0.038917482220060036,0.04069815246081107,-0.019117891127193486
positive_no_prior_outputscale_only,2025-07-31,VEA,0.003332470808845676,0.040715343672140136,-0.010758928620985167,0.036235618849109565,0.03738287286329446,-0.014091399429830842
positive_no_prior_outputscale_only,2025-07-31,VWO,-0.0002767387030788715,0.03119670619044923,-0.006942483676067432,0.0324970367858541,0.0314734448935281,-0.006665744972988561
positive_no_prior_outputscale_only,2025-07-31,VSS,0.0013095035607464218,0.04570476560415426,-0.014557004873655428,0.03612172496224228,0.04439526204340784,-0.01586650843440185
positive_no_prior_outputscale_only,2025-07-31,BND,-0.0030145212979097447,0.008078120866885197,-0.006021463781003369,0.014847736848188383,0.011092642164794941,-0.0030069424830936244
positive_no_prior_outputscale_only,2025-07-31,IEF,-0.0038595509660083803,0.013001796164747947,-0.008233480345778152,0.01711955597333489,0.016861347130756328,-0.0043739293797697715
positive_no_prior_outputscale_only,2025-07-31,BNDX,-0.002728189442267689,-0.002067319775812204,-0.004783624958909515,0.01179540163602795,0.0006608696664554847,-0.0020554355166418265
positive_no_prior_outputscale_only,2025-07-31,LQD,-0.002791063890814851,0.0069765482555901315,-0.008447368272444092,0.022377152077492683,0.009767612146404982,-0.005656304381629241
positive_no_prior_outputscale_only,2025-07-31,HYG,0.0002873582985856865,0.007592278645943473,-0.0044818973649824335,0.01766795042826384,0.007304920347357787,-0.00476925566356812
positive_no_prior_outputscale_only,2025-07-31,EWX,0.002420583864089447,0.059400893238615415,-0.004214385256863206,0.027557349826388786,0.056980309374525966,-0.006634969120952653
positive_no_prior_outputscale_only,2025-07-31,VWOB,-0.0011837662757825385,0.013654429789281775,-0.007525471997159851,0.023578640964175505,0.014838196065064313,-0.0063417057213773125
positive_no_prior_outputscale_only,2025-07-31,HYEM,-0.0006792422151125483,0.015516857251125726,0.00024374962807232822,0.01982737297051618,0.016196099466238276,0.0009229918431848765
positive_no_prior_lengthscale_only,2025-07-31,SPY,0.008319998393545776,0.01702595928567807,0.006376421409736292,0.051608477933871647,0.008705960892132296,-0.0019435769838094842
positive_no_prior_lengthscale_only,2025-07-31,MGK,0.011079752886673596,0.005506659536577585,0.010979907439199191,0.06358584270617733,-0.005573093350096011,-9.98454474744042e-05
positive_no_prior_lengthscale_only,2025-07-31,VTV,0.0057055716814020194,0.03136457393982228,0.0020108832693315377,0.047976139561874034,0.025659002258420265,-0.0036946884120704817
positive_no_prior_lengthscale_only,2025-07-31,IJR,0.0004177889950951688,0.06670214284372133,-0.0009731262528826129,0.06833697731219529,0.06628435384862616,-0.0013909152479777817
positive_no_prior_lengthscale_only,2025-07-31,IWM,-0.00022771682583517123,0.06825711678016222,-0.004086537969053309,0.07064226058764217,0.06848483360599739,-0.003858821143218138
positive_no_prior_lengthscale_only,2025-07-31,VNQ,0.0012715949481496719,0.031234506481848445,-0.002034033005120872,0.06169718369816264,0.029962911533698774,-0.0033056279532705434
positive_no_prior_lengthscale_only,2025-07-31,VNQI,-0.002689292803334492,0.03800885965747658,-0.011895192701329408,0.04948050067076868,0.04069815246081107,-0.009205899897994916
positive_no_prior_lengthscale_only,2025-07-31,VEA,0.003332470808845676,0.040715343672140136,-0.00417944937356467,0.04955924857798467,0.03738287286329446,-0.0075119201824103456
positive_no_prior_lengthscale_only,2025-07-31,VWO,-0.0002767387030788715,0.03119670619044923,-0.0050623322436008575,0.044269925154295085,0.0314734448935281,-0.004785593540521986
positive_no_prior_lengthscale_only,2025-07-31,VSS,0.0013095035607464218,0.04570476560415426,-0.00810150579457748,0.04949676660329206,0.04439526204340784,-0.009411009355323902
positive_no_prior_lengthscale_only,2025-07-31,BND,-0.0030145212979097447,0.008078120866885197,-0.003202851996427602,0.016560948344550533,0.011092642164794941,-0.00018833069851785728
positive_no_prior_lengthscale_only,2025-07-31,IEF,-0.0038595509660083803,0.013001796164747947,-0.0044618824112411005,0.019324751538521697,0.016861347130756328,-0.0006023314452327203
positive_no_prior_lengthscale_only,2025-07-31,BNDX,-0.002728189442267689,-0.002067319775812204,-0.0026432671102103993,0.014443548875386934,0.0006608696664554847,8.492233205728951e-05
positive_no_prior_lengthscale_only,2025-07-31,LQD,-0.002791063890814851,0.0069765482555901315,-0.00467067134195806,0.026596509701405674,0.009767612146404982,-0.0018796074511432093
positive_no_prior_lengthscale_only,2025-07-31,HYG,0.0002873582985856865,0.007592278645943473,-0.001068026188234378,0.023607779771501112,0.007304920347357787,-0.0013553844868200646
positive_no_prior_lengthscale_only,2025-07-31,EWX,0.002420583864089447,0.059400893238615415,-0.0005404176154193314,0.039395336077348096,0.056980309374525966,-0.0029610014795087786
positive_no_prior_lengthscale_only,2025-07-31,VWOB,-0.0011837662757825385,0.013654429789281775,-0.0035339791270013487,0.030388306391677854,0.014838196065064313,-0.0023502128512188102
positive_no_prior_lengthscale_only,2025-07-31,HYEM,-0.0006792422151125483,0.015516857251125726,-0.0005388978620004608,0.027762116109629944,0.016196099466238276,0.00014034435311208746
positive_no_prior_neither,2025-07-31,SPY,0.008319998393545776,0.01702595928567807,3.871379549987529e-05,0.04608475287493935,0.008705960892132296,-0.0082812845980459
positive_no_prior_neither,2025-07-31,MGK,0.011079752886673596,0.005506659536577585,0.005736963399131827,0.05675546353670911,-0.005573093350096011,-0.005342789487541769
positive_no_prior_neither,2025-07-31,VTV,0.0057055716814020194,0.03136457393982228,-0.004456119242635812,0.04444486620689814,0.025659002258420265,-0.010161690924037832
positive_no_prior_neither,2025-07-31,IJR,0.0004177889950951688,0.06670214284372133,-0.0078541067593737,0.05876574404555357,0.06628435384862616,-0.008271895754468869
positive_no_prior_neither,2025-07-31,IWM,-0.00022771682583517123,0.06825711678016222,-0.010016555655166301,0.059569476101399066,0.06848483360599739,-0.009788838829331131
positive_no_prior_neither,2025-07-31,VNQ,0.0012715949481496719,0.031234506481848445,-0.010537714841538714,0.05399063062520717,0.029962911533698774,-0.011809309789688386
positive_no_prior_neither,2025-07-31,VNQI,-0.002689292803334492,0.03800885965747658,-0.02211340649819787,0.04535153166357079,0.04069815246081107,-0.01942411369486338
positive_no_prior_neither,2025-07-31,VEA,0.003332470808845676,0.040715343672140136,-0.0144066796173275,0.04514035971289208,0.03738287286329446,-0.017739150426173175
positive_no_prior_neither,2025-07-31,VWO,-0.0002767387030788715,0.03119670619044923,-0.0075156095579874205,0.04091178166702231,0.0314734448935281,-0.007238870854908549
positive_no_prior_neither,2025-07-31,VSS,0.0013095035607464218,0.04570476560415426,-0.01636326107222121,0.044179728287406475,0.04439526204340784,-0.01767276463296763
positive_no_prior_neither,2025-07-31,BND,-0.0030145212979097447,0.008078120866885197,-0.007315012211156163,0.015496866148054204,0.011092642164794941,-0.004300490913246418
positive_no_prior_neither,2025-07-31,IEF,-0.0038595509660083803,0.013001796164747947,-0.009805454586701597,0.01815702224009055,0.016861347130756328,-0.005945903620693216
positive_no_prior_neither,2025-07-31,BNDX,-0.002728189442267689,-0.002067319775812204,-0.005167553391765171,0.01299641782070425,0.0006608696664554847,-0.002439363949497482
positive_no_prior_neither,2025-07-31,LQD,-0.002791063890814851,0.0069765482555901315,-0.009497513483955902,0.02455178028022167,0.009767612146404982,-0.006706449593141052
positive_no_prior_neither,2025-07-31,HYG,0.0002873582985856865,0.007592278645943473,-0.004233534183497311,0.021528092951188387,0.007304920347357787,-0.004520892482082997
positive_no_prior_neither,2025-07-31,EWX,0.002420583864089447,0.059400893238615415,-0.0026111455638053865,0.035261754248127115,0.056980309374525966,-0.005031729427894834
positive_no_prior_neither,2025-07-31,VWOB,-0.0011837662757825385,0.013654429789281775,-0.008159095004444252,0.02793563474801747,0.014838196065064313,-0.006975328728661714
positive_no_prior_neither,2025-07-31,HYEM,-0.0006792422151125483,0.015516857251125726,-0.0011306833929448459,0.025319996324306288,0.016196099466238276,-0.0004514411778322976
historical_mean,2025-08-29,SPY,0.008484261806604877,0.03208906394277711,0.008484261806604877,0.04562417280319489,0.02360480213617223,0.0
historical_mean,2025-08-29,MGK,0.010974600181954803,0.04538102472427963,0.010974600181954803,0.05958095227803427,0.03440642454232483,0.0
historical_mean,2025-08-29,VTV,0.00618970379948542,0.019529753810910266,0.00618970379948542,0.041281639516650696,0.013340050011424846,0.0
historical_mean,2025-08-29,IJR,0.001668437180918304,0.007030856049952794,0.001668437180918304,0.058776445259945825,0.00536241886903449,0.0
historical_mean,2025-08-29,IWM,0.0010644498459761002,0.028272862598571757,0.0010644498459761002,0.060201439664582336,0.027208412752595657,0.0
historical_mean,2025-08-29,VNQ,0.0018369329016156865,-0.002835540326792896,0.0018369329016156865,0.05715147705610083,-0.004672473228408582,0.0
historical_mean,2025-08-29,VNQI,-0.0019214031342625851,0.010131917120224765,-0.0019214031342625851,0.04831453143136225,0.01205332025448735,0.0
historical_mean,2025-08-29,VEA,0.0040378080326814204,0.022001068135094393,0.0040378080326814204,0.045395978549888576,0.017963260102412972,0.0
historical_mean,2025-08-29,VWO,0.00031709987981788515,0.053275426570534856,0.00031709987981788515,0.04167953159907015,0.05295832669071697,0.0
historical_mean,2025-08-29,VSS,0.002147150014395626,0.018182193335737562,0.002147150014395626,0.0462606272698465,0.016035043321341935,0.0
historical_mean,2025-08-29,BND,-0.0028052261627249343,0.007605185555678684,-0.0028052261627249343,0.01891392003224626,0.01041041171840362,0.0
historical_mean,2025-08-29,IEF,-0.00354141234089977,0.0030789765395491386,-0.00354141234089977,0.022562251814141464,0.006620388880448909,0.0
historical_mean,2025-08-29,BNDX,-0.0027157202032779626,0.0018362952066057758,-0.0027157202032779626,0.015458217074438056,0.0045520154098837385,0.0
historical_mean,2025-08-29,LQD,-0.002606769322014757,0.015298491121950697,-0.002606769322014757,0.02915090540247281,0.017905260443965454,0.0
historical_mean,2025-08-29,HYG,0.00042518698438489,0.005419530370210479,0.00042518698438489,0.022949662672026805,0.004994343385825589,0.0
historical_mean,2025-08-29,EWX,0.0034956840409672957,0.00934001338555035,0.0034956840409672957,0.03707594517574458,0.005844329344583054,0.0
historical_mean,2025-08-29,VWOB,-0.000903800312290759,0.011313877152875351,-0.000903800312290759,0.029699750617660087,0.01221767746516611,0.0
historical_mean,2025-08-29,HYEM,-0.000373655432730694,-0.003310550556556602,-0.000373655432730694,0.02574647192365626,-0.002936895123825908,0.0
positive_no_prior_both,2025-08-29,SPY,0.008484261806604877,0.03208906394277711,0.007600412437904178,0.03395278329361954,0.02360480213617223,-0.0008838493687006984
positive_no_prior_both,2025-08-29,MGK,0.010974600181954803,0.04538102472427963,0.011190948054398735,0.04773634085174578,0.03440642454232483,0.00021634787244393175
positive_no_prior_both,2025-08-29,VTV,0.00618970379948542,0.019529753810910266,0.010933758714178628,0.031209578635122266,0.013340050011424846,0.004744054914693208
positive_no_prior_both,2025-08-29,IJR,0.001668437180918304,0.007030856049952794,0.004510112730600166,0.046779269271041896,0.00536241886903449,0.0028416755496818618
positive_no_prior_both,2025-08-29,IWM,0.0010644498459761002,0.028272862598571757,0.003442676557251127,0.04757946789385493,0.027208412752595657,0.002378226711275027
positive_no_prior_both,2025-08-29,VNQ,0.0018369329016156865,-0.002835540326792896,0.009898085645916483,0.043412259067736866,-0.004672473228408582,0.008061152744300797
positive_no_prior_both,2025-08-29,VNQI,-0.0019214031342625851,0.010131917120224765,0.001052728676619016,0.037257778046450155,0.01205332025448735,0.002974131810881601
positive_no_prior_both,2025-08-29,VEA,0.0040378080326814204,0.022001068135094393,0.005525230291587377,0.03452152996758384,0.017963260102412972,0.001487422258905957
positive_no_prior_both,2025-08-29,VWO,0.00031709987981788515,0.053275426570534856,0.001723583044313098,0.034919306299594347,0.05295832669071697,0.0014064831644952128
positive_no_prior_both,2025-08-29,VSS,0.002147150014395626,0.018182193335737562,0.0018010582942172304,0.03427735020425598,0.016035043321341935,-0.00034609172017839585
positive_no_prior_both,2025-08-29,BND,-0.0028052261627249343,0.007605185555678684,-0.0008891567934213203,0.013888557451353634,0.01041041171840362,0.001916069369303614
positive_no_prior_both,2025-08-29,IEF,-0.00354141234089977,0.0030789765395491386,-0.0012381699061766419,0.01698135992495121,0.006620388880448909,0.002303242434723128
positive_no_prior_both,2025-08-29,BNDX,-0.0027157202032779626,0.0018362952066057758,-0.0010058084719825225,0.012169418272658399,0.0045520154098837385,0.0017099117312954402
positive_no_prior_both,2025-08-29,LQD,-0.002606769322014757,0.015298491121950697,-0.001116555042855531,0.021177487260562122,0.017905260443965454,0.001490214279159226
positive_no_prior_both,2025-08-29,HYG,0.00042518698438489,0.005419530370210479,0.0011087165615262604,0.016306312861384915,0.004994343385825589,0.0006835295771413705
positive_no_prior_both,2025-08-29,EWX,0.0034956840409672957,0.00934001338555035,0.004176763572467412,0.029549204744389938,0.005844329344583054,0.0006810795315001163
positive_no_prior_both,2025-08-29,VWOB,-0.000903800312290759,0.011313877152875351,-0.000143282830250691,0.021894450729762593,0.01221767746516611,0.000760517482040068
positive_no_prior_both,2025-08-29,HYEM,-0.000373655432730694,-0.003310550556556602,0.0023210408882055125,0.020969501637681087,-0.002936895123825908,0.0026946963209362063
positive_no_prior_outputscale_only,2025-08-29,SPY,0.008484261806604877,0.03208906394277711,0.0061227604224389255,0.03652216746426888,0.02360480213617223,-0.002361501384165951
positive_no_prior_outputscale_only,2025-08-29,MGK,0.010974600181954803,0.04538102472427963,0.00261938954261748,0.05194154825512929,0.03440642454232483,-0.008355210639337323
positive_no_prior_outputscale_only,2025-08-29,VTV,0.00618970379948542,0.019529753810910266,0.016247308278846788,0.03401713442676501,0.013340050011424846,0.010057604479361368
positive_no_prior_outputscale_only,2025-08-29,IJR,0.001668437180918304,0.007030856049952794,0.004006265052464153,0.046767287067572334,0.00536241886903449,0.002337827871545849
positive_no_prior_outputscale_only,2025-08-29,IWM,0.0010644498459761002,0.028272862598571757,0.0021653854549398407,0.049963519067274996,0.027208412752595657,0.0011009356089637405
positive_no_prior_outputscale_only,2025-08-29,VNQ,0.0018369329016156865,-0.002835540326792896,0.01615675677836419,0.04675226784306078,-0.004672473228408582,0.014319823876748504
positive_no_prior_outputscale_only,2025-08-29,VNQI,-0.0019214031342625851,0.010131917120224765,0.010353896697427877,0.03855007571395748,0.01205332025448735,0.012275299831690463
positive_no_prior_outputscale_only,2025-08-29,VEA,0.0040378080326814204,0.022001068135094393,0.012692802099453991,0.03625757083966643,0.017963260102412972,0.008654994066772571
positive_no_prior_outputscale_only,2025-08-29,VWO,0.00031709987981788515,0.053275426570534856,0.00908872903100092,0.036414862099407266,0.05295832669071697,0.008771629151183036
positive_no_prior_outputscale_only,2025-08-29,VSS,0.002147150014395626,0.018182193335737562,0.006181206019522835,0.03720873901618203,0.016035043321341935,0.004034056005127209
positive_no_prior_outputscale_only,2025-08-29,BND,-0.0028052261627249343,0.007605185555678684,0.0018587871391396076,0.015145994331116464,0.01041041171840362,0.004664013301864542
positive_no_prior_outputscale_only,2025-08-29,IEF,-0.00354141234089977,0.0030789765395491386,0.0017449051824313918,0.01798423716147403,0.006620388880448909,0.005286317523331162
positive_no_prior_outputscale_only,2025-08-29,BNDX,-0.0027157202032779626,0.0018362952066057758,-0.0018945975002808662,0.012788796357507888,0.0045520154098837385,0.0008211227029970964
positive_no_prior_outputscale_only,2025-08-29,LQD,-0.002606769322014757,0.015298491121950697,0.0015710896693963564,0.021767074783927774,0.017905260443965454,0.004177858991411113
positive_no_prior_outputscale_only,2025-08-29,HYG,0.00042518698438489,0.005419530370210479,0.0016765756277353535,0.017774552204378742,0.004994343385825589,0.0012513886433504636
positive_no_prior_outputscale_only,2025-08-29,EWX,0.0034956840409672957,0.00934001338555035,0.006490256866657326,0.03148167630728221,0.005844329344583054,0.00299457282569003
positive_no_prior_outputscale_only,2025-08-29,VWOB,-0.000903800312290759,0.011313877152875351,0.004042361414407714,0.02400623389421388,0.01221767746516611,0.004946161726698473
positive_no_prior_outputscale_only,2025-08-29,HYEM,-0.000373655432730694,-0.003310550556556602,0.006904773919785737,0.022157396896535293,-0.002936895123825908,0.00727842935251643
positive_no_prior_lengthscale_only,2025-08-29,SPY,0.008484261806604877,0.03208906394277711,0.008488644207588634,0.04822005214143907,0.02360480213617223,4.382400983757306e-06
positive_no_prior_lengthscale_only,2025-08-29,MGK,0.010974600181954803,0.04538102472427963,0.008891742056160275,0.06129514710733427,0.03440642454232483,-0.0020828581257945275
positive_no_prior_lengthscale_only,2025-08-29,VTV,0.00618970379948542,0.019529753810910266,0.011950656955438253,0.04465061657157774,0.013340050011424846,0.005760953155952833
positive_no_prior_lengthscale_only,2025-08-29,IJR,0.001668437180918304,0.007030856049952794,0.006354078355238259,0.06164315894791858,0.00536241886903449,0.004685641174319955
positive_no_prior_lengthscale_only,2025-08-29,IWM,0.0010644498459761002,0.028272862598571757,0.0050131565557073035,0.06317296085544755,0.027208412752595657,0.003948706709731203
positive_no_prior_lengthscale_only,2025-08-29,VNQ,0.0018369329016156865,-0.002835540326792896,0.009203731120762311,0.056128471264982494,-0.004672473228408582,0.007366798219146625
positive_no_prior_lengthscale_only,2025-08-29,VNQI,-0.0019214031342625851,0.010131917120224765,-0.0002522330599707423,0.04633191322140485,0.01205332025448735,0.0016691700742918428
positive_no_prior_lengthscale_only,2025-08-29,VEA,0.0040378080326814204,0.022001068135094393,0.0050908709516723355,0.04698376256500605,0.017963260102412972,0.001053062918990915
positive_no_prior_lengthscale_only,2025-08-29,VWO,0.00031709987981788515,0.053275426570534856,0.0016802634114747887,0.040465882024808206,0.05295832669071697,0.0013631635316569035
positive_no_prior_lengthscale_only,2025-08-29,VSS,0.002147150014395626,0.018182193335737562,0.0008543990835361234,0.04653260178007671,0.016035043321341935,-0.0012927509308595028
positive_no_prior_lengthscale_only,2025-08-29,BND,-0.0028052261627249343,0.007605185555678684,-0.0013268834235836274,0.016565319703044156,0.01041041171840362,0.0014783427391413069
positive_no_prior_lengthscale_only,2025-08-29,IEF,-0.00354141234089977,0.0030789765395491386,-0.0020872138756846247,0.01972256548120477,0.006620388880448909,0.0014541984652151453
positive_no_prior_lengthscale_only,2025-08-29,BNDX,-0.0027157202032779626,0.0018362952066057758,-0.001934854304186073,0.01441863441677689,0.0045520154098837385,0.0007808658990918896
positive_no_prior_lengthscale_only,2025-08-29,LQD,-0.002606769322014757,0.015298491121950697,-0.0025110518122698237,0.025809723866202523,0.017905260443965454,9.571750974493327e-05
positive_no_prior_lengthscale_only,2025-08-29,HYG,0.00042518698438489,0.005419530370210479,0.0013597535214427837,0.02303376629282192,0.004994343385825589,0.0009345665370578938
positive_no_prior_lengthscale_only,2025-08-29,EWX,0.0034956840409672957,0.00934001338555035,0.003537596668669344,0.035384739069406,0.005844329344583054,4.191262770204818e-05
positive_no_prior_lengthscale_only,2025-08-29,VWOB,-0.000903800312290759,0.011313877152875351,-0.00024912602515541596,0.029283776169468256,0.01221767746516611,0.000654674287135343
positive_no_prior_lengthscale_only,2025-08-29,HYEM,-0.000373655432730694,-0.003310550556556602,0.0016108868074269252,0.026458802275390065,-0.002936895123825908,0.001984542240157619
positive_no_prior_neither,2025-08-29,SPY,0.008484261806604877,0.03208906394277711,0.014196850095576342,0.045886437410839774,0.02360480213617223,0.005712588288971466
positive_no_prior_neither,2025-08-29,MGK,0.010974600181954803,0.04538102472427963,0.013912624361620196,0.05938464756064578,0.03440642454232483,0.002938024179665393
positive_no_prior_neither,2025-08-29,VTV,0.00618970379948542,0.019529753810910266,0.01719461074110675,0.04330452641240312,0.013340050011424846,0.011004906941621331
positive_no_prior_neither,2025-08-29,IJR,0.001668437180918304,0.007030856049952794,0.011624188166637238,0.06197550592901015,0.00536241886903449,0.009955750985718933
positive_no_prior_neither,2025-08-29,IWM,0.0010644498459761002,0.028272862598571757,0.009817803689594652,0.06382372285197399,0.027208412752595657,0.008753353843618552
positive_no_prior_neither,2025-08-29,VNQ,0.0018369329016156865,-0.002835540326792896,0.012348128496278353,0.05499367962605142,-0.004672473228408582,0.010511195594662667
positive_no_prior_neither,2025-08-29,VNQI,-0.0019214031342625851,0.010131917120224765,0.008063175113187444,0.04466309199549924,0.01205332025448735,0.00998457824745003
positive_no_prior_neither,2025-08-29,VEA,0.0040378080326814204,0.022001068135094393,0.01273255302604869,0.04423584379615263,0.017963260102412972,0.00869474499336727
positive_no_prior_neither,2025-08-29,VWO,0.00031709987981788515,0.053275426570534856,0.01053642119567694,0.041553051879635476,0.05295832669071697,0.010219321315859056
positive_no_prior_neither,2025-08-29,VSS,0.002147150014395626,0.018182193335737562,0.00786092330210667,0.04391219472871731,0.016035043321341935,0.005713773287711044
positive_no_prior_neither,2025-08-29,BND,-0.0028052261627249343,0.007605185555678684,0.00025847129970286336,0.015851099996997093,0.01041041171840362,0.0030636974624277977
positive_no_prior_neither,2025-08-29,IEF,-0.00354141234089977,0.0030789765395491386,-0.0014158096968024821,0.01890617162302323,0.006620388880448909,0.002125602644097288
positive_no_prior_neither,2025-08-29,BNDX,-0.0027157202032779626,0.0018362952066057758,-0.0018449202636538731,0.014152713047590216,0.0045520154098837385,0.0008707999396240895
positive_no_prior_neither,2025-08-29,LQD,-0.002606769322014757,0.015298491121950697,0.0002958400117394648,0.02418723148083134,0.017905260443965454,0.0029026093337542217
positive_no_prior_neither,2025-08-29,HYG,0.00042518698438489,0.005419530370210479,0.004116181882514742,0.02169603274944031,0.004994343385825589,0.0036909948981298517
positive_no_prior_neither,2025-08-29,EWX,0.0034956840409672957,0.00934001338555035,0.0104734125120712,0.035587086332909766,0.005844329344583054,0.006977728471103903
positive_no_prior_neither,2025-08-29,VWOB,-0.000903800312290759,0.011313877152875351,0.0049826491229460895,0.026953172695364954,0.01221767746516611,0.0058864494352368485
positive_no_prior_neither,2025-08-29,HYEM,-0.000373655432730694,-0.003310550556556602,0.005033485644679194,0.025079808509175617,-0.002936895123825908,0.005407141077409887
historical_mean,2025-09-30,SPY,0.008921387772089548,0.02028375894432366,0.008921387772089548,0.04530572372076577,0.011362371172234112,0.0
historical_mean,2025-09-30,MGK,0.011611756191997856,0.04184616666398688,0.011611756191997856,0.059201630723363305,0.030234410471989027,0.0
historical_mean,2025-09-30,VTV,0.0064367417626599545,-0.007371739211896489,0.0064367417626599545,0.040930612480844425,-0.013808480974556444,0.0
historical_mean,2025-09-30,IJR,0.0017677412340485724,-0.012108590721114587,0.0017677412340485724,0.05822388311278559,-0.013876331955163159,0.0
historical_mean,2025-09-30,IWM,0.0015683093413945384,0.014115453040836279,0.0015683093413945384,0.05974563725561088,0.01254714369944174,0.0
historical_mean,2025-09-30,VNQ,0.00175040561960812,-0.027888055765740494,0.00175040561960812,0.05661331546382541,-0.029638461385348612,0.0
historical_mean,2025-09-30,VNQI,-0.0016981934999202267,-0.015995303603671296,-0.0016981934999202267,0.04788466437818778,-0.014297110103751069,0.0
historical_mean,2025-09-30,VEA,0.00437046099754092,0.014158067636574012,0.00437046099754092,0.04503207166216481,0.009787606639033091,0.0
historical_mean,2025-09-30,VWO,0.0012978096333496809,0.01105958429806142,0.0012978096333496809,0.04190874678886383,0.00976177466471174,0.0
historical_mean,2025-09-30,VSS,0.0024440952610871435,-0.004799080760367169,0.0024440952610871435,0.045874055257395636,-0.007243176021454313,0.0
historical_mean,2025-09-30,BND,-0.002612440760532275,0.002537797325417923,-0.002612440760532275,0.01878812400287835,0.005150238085950198,0.0
historical_mean,2025-09-30,IEF,-0.003418812546817383,0.0036171952388968087,-0.003418812546817383,0.022366538623873458,0.007036007785714192,0.0
historical_mean,2025-09-30,BNDX,-0.002631423621613449,0.006523664675198493,-0.002631423621613449,0.01532421553362729,0.009155088296811942,0.0
historical_mean,2025-09-30,LQD,-0.0022751904249042857,-0.0019813075408361414,-0.0022751904249042857,0.02897721167290285,0.0002938828840681443,0.0
historical_mean,2025-09-30,HYG,0.0005176748248631416,-0.003581832310472044,0.0005176748248631416,0.02274228312883123,-0.004099507135335185,0.0
historical_mean,2025-09-30,EWX,0.003603912362163278,-0.003915097877319473,0.003603912362163278,0.0367331171895964,-0.007519010239482751,0.0
historical_mean,2025-09-30,VWOB,-0.000677547025898794,0.017691150240358278,-0.000677547025898794,0.029465175179826473,0.018368697266257072,0.0
historical_mean,2025-09-30,HYEM,-0.0004280423794682108,0.00027660203614199297,-0.0004280423794682108,0.025505555474386703,0.0007046444156102037,0.0
positive_no_prior_both,2025-09-30,SPY,0.008921387772089548,0.02028375894432366,0.011844539035490459,0.0426529486377274,0.011362371172234112,0.002923151263400911
positive_no_prior_both,2025-09-30,MGK,0.011611756191997856,0.04184616666398688,0.015075426958672766,0.05650249397698808,0.030234410471989027,0.0034636707666749096
positive_no_prior_both,2025-09-30,VTV,0.0064367417626599545,-0.007371739211896489,0.008434166873972563,0.03996992943276594,-0.013808480974556444,0.001997425111312608
positive_no_prior_both,2025-09-30,IJR,0.0017677412340485724,-0.012108590721114587,0.01046011780272018,0.05893974236007272,-0.013876331955163159,0.008692376568671608
positive_no_prior_both,2025-09-30,IWM,0.0015683093413945384,0.014115453040836279,0.008536898205623008,0.06010025673113232,0.01254714369944174,0.0069685888642284696
positive_no_prior_both,2025-09-30,VNQ,0.00175040561960812,-0.027888055765740494,0.005959867514038832,0.051366260836222304,-0.029638461385348612,0.004209461894430712
positive_no_prior_both,2025-09-30,VNQI,-0.0016981934999202267,-0.015995303603671296,-0.000823400988285117,0.04424548192312767,-0.014297110103751069,0.0008747925116351097
positive_no_prior_both,2025-09-30,VEA,0.00437046099754092,0.014158067636574012,0.005801199404649435,0.04322228053086001,0.009787606639033091,0.0014307384071085153
positive_no_prior_both,2025-09-30,VWO,0.0012978096333496809,0.01105958429806142,0.002348186909632162,0.03929973305123446,0.00976177466471174,0.0010503772762824812
positive_no_prior_both,2025-09-30,VSS,0.0024440952610871435,-0.004799080760367169,0.002574656217374295,0.04348088239526605,-0.007243176021454313,0.0001305609562871515
positive_no_prior_both,2025-09-30,BND,-0.002612440760532275,0.002537797325417923,-0.0001968881049668192,0.01626570089700634,0.005150238085950198,0.0024155526555654557
positive_no_prior_both,2025-09-30,IEF,-0.003418812546817383,0.0036171952388968087,-0.0011578786096342534,0.01918849861179478,0.007036007785714192,0.0022609339371831294
positive_no_prior_both,2025-09-30,BNDX,-0.002631423621613449,0.006523664675198493,-0.0009903382369154427,0.01314693724504382,0.009155088296811942,0.0016410853846980063
positive_no_prior_both,2025-09-30,LQD,-0.0022751904249042857,-0.0019813075408361414,0.0010953612313622492,0.025756736841753013,0.0002938828840681443,0.003370551656266535
positive_no_prior_both,2025-09-30,HYG,0.0005176748248631416,-0.003581832310472044,0.001526314821935838,0.021192623126037254,-0.004099507135335185,0.0010086399970726963
positive_no_prior_both,2025-09-30,EWX,0.003603912362163278,-0.003915097877319473,0.0057372019962629705,0.035646666925494626,-0.007519010239482751,0.0021332896340996925
positive_no_prior_both,2025-09-30,VWOB,-0.000677547025898794,0.017691150240358278,0.0009936280768869264,0.027513231068877913,0.018368697266257072,0.0016711751027857205
positive_no_prior_both,2025-09-30,HYEM,-0.0004280423794682108,0.00027660203614199297,-0.00015235611214733398,0.02486965123135841,0.0007046444156102037,0.00027568626732087684
positive_no_prior_outputscale_only,2025-09-30,SPY,0.008921387772089548,0.02028375894432366,0.014395542806975956,0.04029306478895508,0.011362371172234112,0.005474155034886408
positive_no_prior_outputscale_only,2025-09-30,MGK,0.011611756191997856,0.04184616666398688,0.015709219107699894,0.05317267586415492,0.030234410471989027,0.004097462915702038
positive_no_prior_outputscale_only,2025-09-30,VTV,0.0064367417626599545,-0.007371739211896489,0.011853435482607502,0.03850642510230993,-0.013808480974556444,0.005416693719947547
positive_no_prior_outputscale_only,2025-09-30,IJR,0.0017677412340485724,-0.012108590721114587,0.01998690453652778,0.05525901519961645,-0.013876331955163159,0.01821916330247921
positive_no_prior_outputscale_only,2025-09-30,IWM,0.0015683093413945384,0.014115453040836279,0.018709622344928626,0.05633008914181997,0.01254714369944174,0.017141313003534088
positive_no_prior_outputscale_only,2025-09-30,VNQ,0.00175040561960812,-0.027888055765740494,0.007623711766350724,0.04794864070392572,-0.029638461385348612,0.005873306146742604
positive_no_prior_outputscale_only,2025-09-30,VNQI,-0.0016981934999202267,-0.015995303603671296,-0.0005628717147679546,0.041119104069301124,-0.014297110103751069,0.001135321785152272
positive_no_prior_outputscale_only,2025-09-30,VEA,0.00437046099754092,0.014158067636574012,0.004567498653257421,0.039685586444179376,0.009787606639033091,0.0001970376557165008
positive_no_prior_outputscale_only,2025-09-30,VWO,0.0012978096333496809,0.01105958429806142,0.004748024959647063,0.036484615952833,0.00976177466471174,0.0034502153262973823
positive_no_prior_outputscale_only,2025-09-30,VSS,0.0024440952610871435,-0.004799080760367169,0.0020035670992249992,0.040454232592550876,-0.007243176021454313,-0.0004405281618621443
positive_no_prior_outputscale_only,2025-09-30,BND,-0.002612440760532275,0.002537797325417923,-0.0008308438642611721,0.01464768037205011,0.005150238085950198,0.0017815968962711028
positive_no_prior_outputscale_only,2025-09-30,IEF,-0.003418812546817383,0.0036171952388968087,-0.0016914719180023186,0.01747352929832952,0.007036007785714192,0.0017273406288150642
positive_no_prior_outputscale_only,2025-09-30,BNDX,-0.002631423621613449,0.006523664675198493,-0.0019394375617517833,0.01226393675659784,0.009155088296811942,0.0006919860598616657
positive_no_prior_outputscale_only,2025-09-30,LQD,-0.0022751904249042857,-0.0019813075408361414,-5.507214057905814e-05,0.02323221256268525,0.0002938828840681443,0.0022201182843252275
positive_no_prior_outputscale_only,2025-09-30,HYG,0.0005176748248631416,-0.003581832310472044,0.000702153510447898,0.01941184607475155,-0.004099507135335185,0.00018447868558475636
positive_no_prior_outputscale_only,2025-09-30,EWX,0.003603912362163278,-0.003915097877319473,0.007916191595114738,0.033473206592721134,-0.007519010239482751,0.004312279232951461
positive_no_prior_outputscale_only,2025-09-30,VWOB,-0.000677547025898794,0.017691150240358278,-0.00023649095383867868,0.025263025285923817,0.018368697266257072,0.0004410560720601153
positive_no_prior_outputscale_only,2025-09-30,HYEM,-0.0004280423794682108,0.00027660203614199297,-0.0032158806831811353,0.023671373954116642,0.0007046444156102037,-0.0027878383037129245
positive_no_prior_lengthscale_only,2025-09-30,SPY,0.008921387772089548,0.02028375894432366,0.012652214668240316,0.0471990362605352,0.011362371172234112,0.0037308268961507678
positive_no_prior_lengthscale_only,2025-09-30,MGK,0.011611756191997856,0.04184616666398688,0.014053377510098688,0.060141591207680915,0.030234410471989027,0.002441621318100832
positive_no_prior_lengthscale_only,2025-09-30,VTV,0.0064367417626599545,-0.007371739211896489,0.009755567856411764,0.04134781465966846,-0.013808480974556444,0.0033188260937518097
positive_no_prior_lengthscale_only,2025-09-30,IJR,0.0017677412340485724,-0.012108590721114587,0.010352687178116507,0.05415054255725607,-0.013876331955163159,0.008584945944067935
positive_no_prior_lengthscale_only,2025-09-30,IWM,0.0015683093413945384,0.014115453040836279,0.00862144783478673,0.056169975988199776,0.01254714369944174,0.007053138493392192
positive_no_prior_lengthscale_only,2025-09-30,VNQ,0.00175040561960812,-0.027888055765740494,0.005378282984346479,0.05267104333757327,-0.029638461385348612,0.003627877364738359
positive_no_prior_lengthscale_only,2025-09-30,VNQI,-0.0016981934999202267,-0.015995303603671296,-0.0012496519489658253,0.04475482174824727,-0.014297110103751069,0.00044854155095440146
positive_no_prior_lengthscale_only,2025-09-30,VEA,0.00437046099754092,0.014158067636574012,0.004422032763116728,0.04538871332437154,0.009787606639033091,5.1571765575807865e-05
positive_no_prior_lengthscale_only,2025-09-30,VWO,0.0012978096333496809,0.01105958429806142,0.0019730671490641462,0.04057707897893532,0.00976177466471174,0.0006752575157144653
positive_no_prior_lengthscale_only,2025-09-30,VSS,0.0024440952610871435,-0.004799080760367169,0.0007904911592684432,0.04473483388229902,-0.007243176021454313,-0.0016536041018187003
positive_no_prior_lengthscale_only,2025-09-30,BND,-0.002612440760532275,0.002537797325417923,-0.001135695854307062,0.015858914939094384,0.005150238085950198,0.0014767449062252128
positive_no_prior_lengthscale_only,2025-09-30,IEF,-0.003418812546817383,0.0036171952388968087,-0.002221135649195181,0.018813791550479124,0.007036007785714192,0.0011976768976222018
positive_no_prior_lengthscale_only,2025-09-30,BNDX,-0.002631423621613449,0.006523664675198493,-0.0014951636587463733,0.013690725094375905,0.009155088296811942,0.0011362599628670757
positive_no_prior_lengthscale_only,2025-09-30,LQD,-0.0022751904249042857,-0.0019813075408361414,-0.00025227146390925095,0.02498837680087627,0.0002938828840681443,0.0020229189609950347
positive_no_prior_lengthscale_only,2025-09-30,HYG,0.0005176748248631416,-0.003581832310472044,0.000969698018634077,0.021439120727245214,-0.004099507135335185,0.00045202319377093535
positive_no_prior_lengthscale_only,2025-09-30,EWX,0.003603912362163278,-0.003915097877319473,0.005777614398965524,0.03600803054387569,-0.007519010239482751,0.002173702036802246
positive_no_prior_lengthscale_only,2025-09-30,VWOB,-0.000677547025898794,0.017691150240358278,0.0006155008192638853,0.02821980022228305,0.018368697266257072,0.0012930478451626793
positive_no_prior_lengthscale_only,2025-09-30,HYEM,-0.0004280423794682108,0.00027660203614199297,-0.0008647964875580882,0.025610240595136773,0.0007046444156102037,-0.0004367541080898774
positive_no_prior_neither,2025-09-30,SPY,0.008921387772089548,0.02028375894432366,0.011602386965338937,0.04680152806835931,0.011362371172234112,0.0026809991932493886
positive_no_prior_neither,2025-09-30,MGK,0.011611756191997856,0.04184616666398688,0.012890164360971592,0.059925841970414374,0.030234410471989027,0.001278408168973736
positive_no_prior_neither,2025-09-30,VTV,0.0064367417626599545,-0.007371739211896489,0.008482384238739881,0.039935355893971444,-0.013808480974556444,0.0020456424760799266
positive_no_prior_neither,2025-09-30,IJR,0.0017677412340485724,-0.012108590721114587,0.01335787156227342,0.053227767595052294,-0.013876331955163159,0.011590130328224849
positive_no_prior_neither,2025-09-30,IWM,0.0015683093413945384,0.014115453040836279,0.01218376992539037,0.05544279773994766,0.01254714369944174,0.010615460583995833
positive_no_prior_neither,2025-09-30,VNQ,0.00175040561960812,-0.027888055765740494,0.0034574166632898745,0.05213868716460269,-0.029638461385348612,0.0017070110436817544
positive_no_prior_neither,2025-09-30,VNQI,-0.0016981934999202267,-0.015995303603671296,-0.00107354602557582,0.04276529269216569,-0.014297110103751069,0.0006246474743444067
positive_no_prior_neither,2025-09-30,VEA,0.00437046099754092,0.014158067636574012,0.0037931579436089836,0.04325829764682689,0.009787606639033091,-0.0005773030539319365
positive_no_prior_neither,2025-09-30,VWO,0.0012978096333496809,0.01105958429806142,0.004381210337519647,0.040552540548874715,0.00976177466471174,0.003083400704169966
positive_no_prior_neither,2025-09-30,VSS,0.0024440952610871435,-0.004799080760367169,0.001985095509968793,0.043327718345274005,-0.007243176021454313,-0.00045899975111835054
positive_no_prior_neither,2025-09-30,BND,-0.002612440760532275,0.002537797325417923,-0.0002687235921070151,0.01609905034701472,0.005150238085950198,0.00234371716842526
positive_no_prior_neither,2025-09-30,IEF,-0.003418812546817383,0.0036171952388968087,-0.0008126856765661161,0.019875598711976746,0.007036007785714192,0.0026061268702512667
positive_no_prior_neither,2025-09-30,BNDX,-0.002631423621613449,0.006523664675198493,-0.0018602784647124,0.013906303592773698,0.009155088296811942,0.000771145156901049
positive_no_prior_neither,2025-09-30,LQD,-0.0022751904249042857,-0.0019813075408361414,0.00020841953543667031,0.024752682857325937,0.0002938828840681443,0.002483609960340956
positive_no_prior_neither,2025-09-30,HYG,0.0005176748248631416,-0.003581832310472044,0.00024362005073574845,0.021142824534730473,-0.004099507135335185,-0.0002740547741273932
positive_no_prior_neither,2025-09-30,EWX,0.003603912362163278,-0.003915097877319473,0.007718151771149602,0.03620670470075329,-0.007519010239482751,0.004114239408986324
positive_no_prior_neither,2025-09-30,VWOB,-0.000677547025898794,0.017691150240358278,0.0003317740851989686,0.027287498629201944,0.018368697266257072,0.0010093211110977626
positive_no_prior_neither,2025-09-30,HYEM,-0.0004280423794682108,0.00027660203614199297,-0.0027745996956793162,0.025448386339684045,0.0007046444156102037,-0.0023465573162111055
historical_mean,2025-10-31,SPY,0.00912797633885744,-0.001039617729681419,0.00912797633885744,0.044910407117204544,-0.010167594068538859,0.0
historical_mean,2025-10-31,MGK,0.01216147274603402,-0.018174122322586972,0.01216147274603402,0.05879242400123929,-0.03033559506862099,0.0
historical_mean,2025-10-31,VTV,0.006185678472213474,0.02234958180665636,0.006185678472213474,0.040592579225395185,0.016163903334442887,0.0
historical_mean,2025-10-31,IJR,0.0015154442894092421,0.022999546830901885,0.0015154442894092421,0.05771259275305756,0.021484102541492644,0.0
historical_mean,2025-10-31,IWM,0.0017964392268389336,0.007219933427264902,0.0017964392268389336,0.05921402650770006,0.005423494200425968,0.0
historical_mean,2025-10-31,VNQ,0.0012115245035108726,0.02116455054555555,0.0012115245035108726,0.05622887152816875,0.019953026042044675,0.0
historical_mean,2025-10-31,VNQI,-0.0019581409563520645,0.011398276316832767,-0.0019581409563520645,0.04747837095054195,0.013356417273184831,0.0
historical_mean,2025-10-31,VEA,0.004548417481886976,0.006662577508105283,0.004548417481886976,0.0446326760841844,0.0021141600262183065,0.0
historical_mean,2025-10-31,VWO,0.0014752964454353488,-0.015135981764385575,0.0014752964454353488,0.041539749304071,-0.016611278209820925,0.0
historical_mean,2025-10-31,VSS,0.0023124011516061564,0.006820955763576553,0.0023124011516061564,0.04545780376317812,0.004508554611970396,0.0
historical_mean,2025-10-31,BND,-0.002518800068060453,0.00297114143881938,-0.002518800068060453,0.018626297453441548,0.005489941506879833,0.0
historical_mean,2025-10-31,IEF,-0.0032908851325316704,0.00686801303321638,-0.0032908851325316704,0.02217877445349183,0.01015889816574805,0.0
historical_mean,2025-10-31,BNDX,-0.002464967470762323,-0.004807659780811324,-0.002464967470762323,0.015231768429332786,-0.002342692310049001,0.0
historical_mean,2025-10-31,LQD,-0.00226984709973941,0.006300096794094712,-0.00226984709973941,0.028707677706642655,0.008569943893834121,0.0
historical_mean,2025-10-31,HYG,0.000443138331493411,0.004457641722011463,0.000443138331493411,0.022537502415602713,0.004014503390518052,0.0
historical_mean,2025-10-31,EWX,0.0034672030850817735,-0.016176668191666965,0.0034672030850817735,0.03640552670069025,-0.01964387127674874,0.0
historical_mean,2025-10-31,VWOB,-0.0003435707119668472,0.0006545758910070365,-0.0003435707119668472,0.029295964642314293,0.0009981466029738836,0.0
historical_mean,2025-10-31,HYEM,-0.0004152306628207526,-0.0021992661278306125,-0.0004152306628207526,0.025268467972682427,-0.0017840354650098598,0.0
positive_no_prior_both,2025-10-31,SPY,0.00912797633885744,-0.001039617729681419,0.012315454616511883,0.03820829142792214,-0.010167594068538859,0.0031874782776544434
positive_no_prior_both,2025-10-31,MGK,0.01216147274603402,-0.018174122322586972,0.015286239801526574,0.05243451359682179,-0.03033559506862099,0.0031247670554925538
positive_no_prior_both,2025-10-31,VTV,0.006185678472213474,0.02234958180665636,0.008433870032295475,0.03538786317407045,0.016163903334442887,0.002248191560082001
positive_no_prior_both,2025-10-31,IJR,0.0015154442894092421,0.022999546830901885,0.006321152478979807,0.05118909815309043,0.021484102541492644,0.004805708189570565
positive_no_prior_both,2025-10-31,IWM,0.0017964392268389336,0.007219933427264902,0.0077922505514363485,0.054516151350522096,0.005423494200425968,0.005995811324597415
positive_no_prior_both,2025-10-31,VNQ,0.0012115245035108726,0.02116455054555555,0.005840344060235097,0.04542896968447771,0.019953026042044675,0.004628819556724225
positive_no_prior_both,2025-10-31,VNQI,-0.0019581409563520645,0.011398276316832767,0.0015510840738005068,0.04020264940099879,0.013356417273184831,0.0035092250301525713
positive_no_prior_both,2025-10-31,VEA,0.004548417481886976,0.006662577508105283,0.006978620083181341,0.03836711773402372,0.0021141600262183065,0.0024302026012943644
positive_no_prior_both,2025-10-31,VWO,0.0014752964454353488,-0.015135981764385575,0.007564144775112636,0.03952418910117413,-0.016611278209820925,0.006088848329677286
positive_no_prior_both,2025-10-31,VSS,0.0023124011516061564,0.006820955763576553,0.0027024927819116066,0.03866417362179912,0.004508554611970396,0.00039009163030545016
positive_no_prior_both,2025-10-31,BND,-0.002518800068060453,0.00297114143881938,-0.0015565087281254142,0.015187809240896235,0.005489941506879833,0.0009622913399350388
positive_no_prior_both,2025-10-31,IEF,-0.0032908851325316704,0.00686801303321638,-0.0026496780463805547,0.01761301858002414,0.01015889816574805,0.0006412070861511157
positive_no_prior_both,2025-10-31,BNDX,-0.002464967470762323,-0.004807659780811324,-0.000987533554750266,0.012656126658629913,-0.002342692310049001,0.001477433916012057
positive_no_prior_both,2025-10-31,LQD,-0.00226984709973941,0.006300096794094712,-0.0006434192300129942,0.02227880807648331,0.008569943893834121,0.0016264278697264158
positive_no_prior_both,2025-10-31,HYG,0.000443138331493411,0.004457641722011463,0.001368507205347559,0.01830994444569501,0.004014503390518052,0.000925368873854148
positive_no_prior_both,2025-10-31,EWX,0.0034672030850817735,-0.016176668191666965,0.006577971327098224,0.0327370859633749,-0.01964387127674874,0.00311076824201645
positive_no_prior_both,2025-10-31,VWOB,-0.0003435707119668472,0.0006545758910070365,0.0013586005211272969,0.024156738665279315,0.0009981466029738836,0.001702171233094144
positive_no_prior_both,2025-10-31,HYEM,-0.0004152306628207526,-0.0021992661278306125,0.0015408126294186781,0.022048559923157282,-0.0017840354650098598,0.0019560432922394308
positive_no_prior_outputscale_only,2025-10-31,SPY,0.00912797633885744,-0.001039617729681419,0.020650776727082164,0.03447155927115325,-0.010167594068538859,0.011522800388224725
positive_no_prior_outputscale_only,2025-10-31,MGK,0.01216147274603402,-0.018174122322586972,0.01963274052340681,0.04748640341158453,-0.03033559506862099,0.00747126777737279
positive_no_prior_outputscale_only,2025-10-31,VTV,0.006185678472213474,0.02234958180665636,0.022127678633637737,0.032202322949402264,0.016163903334442887,0.015942000161424264
positive_no_prior_outputscale_only,2025-10-31,IJR,0.0015154442894092421,0.022999546830901885,0.02870454286856268,0.045860782407810996,0.021484102541492644,0.02718909857915344
positive_no_prior_outputscale_only,2025-10-31,IWM,0.0017964392268389336,0.007219933427264902,0.03151864986127059,0.047956329014954134,0.005423494200425968,0.02972221063443166
positive_no_prior_outputscale_only,2025-10-31,VNQ,0.0012115245035108726,0.02116455054555555,0.020728431024792306,0.043362236333306575,0.019953026042044675,0.019516906521281432
positive_no_prior_outputscale_only,2025-10-31,VNQI,-0.0019581409563520645,0.011398276316832767,0.014607017552567464,0.03562545675485785,0.013356417273184831,0.016565158508919528
positive_no_prior_outputscale_only,2025-10-31,VEA,0.004548417481886976,0.006662577508105283,0.01637982127043052,0.033664459356348236,0.0021141600262183065,0.011831403788543544
positive_no_prior_outputscale_only,2025-10-31,VWO,0.0014752964454353488,-0.015135981764385575,0.020768244255917265,0.03675755777876487,-0.016611278209820925,0.019292947810481915
positive_no_prior_outputscale_only,2025-10-31,VSS,0.0023124011516061564,0.006820955763576553,0.014874838723875183,0.035084898953455505,0.004508554611970396,0.012562437572269027
positive_no_prior_outputscale_only,2025-10-31,BND,-0.002518800068060453,0.00297114143881938,0.001982302042429547,0.01308219855210977,0.005489941506879833,0.00450110211049
positive_no_prior_outputscale_only,2025-10-31,IEF,-0.0032908851325316704,0.00686801303321638,0.0012649901041065334,0.015971152898943925,0.01015889816574805,0.004555875236638204
positive_no_prior_outputscale_only,2025-10-31,BNDX,-0.002464967470762323,-0.004807659780811324,-0.00017173080739918325,0.011302484599743446,-0.002342692310049001,0.0022932366633631397
positive_no_prior_outputscale_only,2025-10-31,LQD,-0.00226984709973941,0.006300096794094712,0.005070981579726531,0.019882827377745462,0.008569943893834121,0.007340828679465941
positive_no_prior_outputscale_only,2025-10-31,HYG,0.000443138331493411,0.004457641722011463,0.0045921046951247916,0.016216316902930076,0.004014503390518052,0.004148966363631381
positive_no_prior_outputscale_only,2025-10-31,EWX,0.0034672030850817735,-0.016176668191666965,0.018416192574093167,0.030143235108489715,-0.01964387127674874,0.014948989489011393
positive_no_prior_outputscale_only,2025-10-31,VWOB,-0.0003435707119668472,0.0006545758910070365,0.007744222179061657,0.021524698759659126,0.0009981466029738836,0.008087792891028504
positive_no_prior_outputscale_only,2025-10-31,HYEM,-0.0004152306628207526,-0.0021992661278306125,0.008098537360774375,0.02069956242676166,-0.0017840354650098598,0.008513768023595127
positive_no_prior_lengthscale_only,2025-10-31,SPY,0.00912797633885744,-0.001039617729681419,0.012725231227064893,0.045579829241867195,-0.010167594068538859,0.003597254888207453
positive_no_prior_lengthscale_only,2025-10-31,MGK,0.01216147274603402,-0.018174122322586972,0.015647687566976144,0.056849407944798105,-0.03033559506862099,0.003486214820942123
positive_no_prior_lengthscale_only,2025-10-31,VTV,0.006185678472213474,0.02234958180665636,0.009249022088803328,0.04216623471384839,0.016163903334442887,0.0030633436165898543
positive_no_prior_lengthscale_only,2025-10-31,IJR,0.0015154442894092421,0.022999546830901885,0.010013708981556114,0.05712859034243381,0.021484102541492644,0.008498264692146871
positive_no_prior_lengthscale_only,2025-10-31,IWM,0.0017964392268389336,0.007219933427264902,0.011990006322810385,0.058665153338957575,0.005423494200425968,0.010193567095971452
positive_no_prior_lengthscale_only,2025-10-31,VNQ,0.0012115245035108726,0.02116455054555555,0.005999060774994951,0.054380212242864885,0.019953026042044675,0.0047875362714840785
positive_no_prior_lengthscale_only,2025-10-31,VNQI,-0.0019581409563520645,0.011398276316832767,0.0014474197576094389,0.047738925827748246,0.013356417273184831,0.0034055607139615034
positive_no_prior_lengthscale_only,2025-10-31,VEA,0.004548417481886976,0.006662577508105283,0.006372872008798982,0.04666380442170882,0.0021141600262183065,0.0018244545269120059
positive_no_prior_lengthscale_only,2025-10-31,VWO,0.0014752964454353488,-0.015135981764385575,0.006085603141524114,0.044747462291834045,-0.016611278209820925,0.0046103066960887645
positive_no_prior_lengthscale_only,2025-10-31,VSS,0.0023124011516061564,0.006820955763576553,0.0039185624565469855,0.046627972307520554,0.004508554611970396,0.0016061613049408291
positive_no_prior_lengthscale_only,2025-10-31,BND,-0.002518800068060453,0.00297114143881938,-0.0014875373755140935,0.01609775926197741,0.005489941506879833,0.0010312626925463595
positive_no_prior_lengthscale_only,2025-10-31,IEF,-0.0032908851325316704,0.00686801303321638,-0.002520086773000606,0.018993136255420057,0.01015889816574805,0.0007707983595310643
positive_no_prior_lengthscale_only,2025-10-31,BNDX,-0.002464967470762323,-0.004807659780811324,-0.0013969261345743627,0.0136610465412569,-0.002342692310049001,0.0010680413361879603
positive_no_prior_lengthscale_only,2025-10-31,LQD,-0.00226984709973941,0.006300096794094712,-0.0006638828891651646,0.024799258776105018,0.008569943893834121,0.0016059642105742454
positive_no_prior_lengthscale_only,2025-10-31,HYG,0.000443138331493411,0.004457641722011463,0.0011604479553980656,0.021543857806346177,0.004014503390518052,0.0007173096239046546
positive_no_prior_lengthscale_only,2025-10-31,EWX,0.0034672030850817735,-0.016176668191666965,0.006810388630336913,0.037944088671335134,-0.01964387127674874,0.00334318554525514
positive_no_prior_lengthscale_only,2025-10-31,VWOB,-0.0003435707119668472,0.0006545758910070365,0.0018958947904959534,0.028840062737056464,0.0009981466029738836,0.0022394655024628005
positive_no_prior_lengthscale_only,2025-10-31,HYEM,-0.0004152306628207526,-0.0021992661278306125,0.0018899825506695062,0.02644100805702719,-0.0017840354650098598,0.002305213213490259
positive_no_prior_neither,2025-10-31,SPY,0.00912797633885744,-0.001039617729681419,0.019038211901988795,0.04119355678118842,-0.010167594068538859,0.009910235563131356
positive_no_prior_neither,2025-10-31,MGK,0.01216147274603402,-0.018174122322586972,0.017780790879491176,0.05299859648745927,-0.03033559506862099,0.005619318133457155
positive_no_prior_neither,2025-10-31,VTV,0.006185678472213474,0.02234958180665636,0.019985033638937545,0.03816586926114217,0.016163903334442887,0.013799355166724071
positive_no_prior_neither,2025-10-31,IJR,0.0015154442894092421,0.022999546830901885,0.030574221142181245,0.05072583543796349,0.021484102541492644,0.029058776852772004
positive_no_prior_neither,2025-10-31,IWM,0.0017964392268389336,0.007219933427264902,0.032258942761434914,0.05231151019810666,0.005423494200425968,0.03046250353459598
positive_no_prior_neither,2025-10-31,VNQ,0.0012115245035108726,0.02116455054555555,0.013589645633528045,0.05026509620871248,0.019953026042044675,0.012378121130017173
positive_no_prior_neither,2025-10-31,VNQI,-0.0019581409563520645,0.011398276316832767,0.012891786657118754,0.04276640227065852,0.013356417273184831,0.014849927613470818
positive_no_prior_neither,2025-10-31,VEA,0.004548417481886976,0.006662577508105283,0.01620784670927833,0.04158940785621192,0.0021141600262183065,0.011659429227391351
positive_no_prior_neither,2025-10-31,VWO,0.0014752964454353488,-0.015135981764385575,0.016962005667472833,0.04016141271580749,-0.016611278209820925,0.015486709222037483
positive_no_prior_neither,2025-10-31,VSS,0.0023124011516061564,0.006820955763576553,0.014929994313241202,0.041847292718383666,0.004508554611970396,0.012617593161635045
positive_no_prior_neither,2025-10-31,BND,-0.002518800068060453,0.00297114143881938,0.001387516509898195,0.01461638951372627,0.005489941506879833,0.003906316577958648
positive_no_prior_neither,2025-10-31,IEF,-0.0032908851325316704,0.00686801303321638,0.00013453578874510078,0.017307674020552794,0.01015889816574805,0.0034254209212767712
positive_no_prior_neither,2025-10-31,BNDX,-0.002464967470762323,-0.004807659780811324,-0.0009505270485429108,0.012544779358642042,-0.002342692310049001,0.0015144404222194121
positive_no_prior_neither,2025-10-31,LQD,-0.00226984709973941,0.006300096794094712,0.004100695336689695,0.022982506782790835,0.008569943893834121,0.0063705424364291045
positive_no_prior_neither,2025-10-31,HYG,0.000443138331493411,0.004457641722011463,0.0036393029330916444,0.019157059299129208,0.004014503390518052,0.0031961646015982335
positive_no_prior_neither,2025-10-31,EWX,0.0034672030850817735,-0.016176668191666965,0.017388121767112085,0.035058525383166485,-0.01964387127674874,0.013920918682030312
positive_no_prior_neither,2025-10-31,VWOB,-0.0003435707119668472,0.0006545758910070365,0.007467777520703774,0.025898970876091134,0.0009981466029738836,0.007811348232670621
positive_no_prior_neither,2025-10-31,HYEM,-0.0004152306628207526,-0.0021992661278306125,0.006655093320017049,0.02436541378331834,-0.0017840354650098598,0.0070703239828378015
historical_mean,2025-11-28,SPY,0.008946412159062103,-0.0024606389596457667,0.008946412159062103,0.04452099523915146,-0.01140705111870787,0.0
historical_mean,2025-11-28,MGK,0.011619765691237216,-0.006014656315694422,0.011619765691237216,0.058396367850803266,-0.01763442200693164,0.0
historical_mean,2025-11-28,VTV,0.006474319603185668,0.004591005630098177,0.006474319603185668,0.04027981912138792,-0.001883313973087491,0.0
historical_mean,2025-11-28,IJR,0.0018990889776501821,-0.0043423583691276635,0.0018990889776501821,0.05725754669804376,-0.006241447346777846,0.0
historical_mean,2025-11-28,IWM,0.0018932873375608259,-0.010325989693845572,0.0018932873375608259,0.0586777237486756,-0.012219277031406397,0.0
historical_mean,2025-11-28,VNQ,0.0015678285399759562,-0.02554537559841752,0.0015678285399759562,0.05577911918604514,-0.027113204138393476,0.0
historical_mean,2025-11-28,VNQI,-0.0017196335050451924,0.0008944661826628675,-0.0017196335050451924,0.04707861442999848,0.0026140996877080597,0.0
historical_mean,2025-11-28,VEA,0.004586170339498018,0.02842462799248069,0.004586170339498018,0.044225965568690156,0.023838457652982672,0.0
historical_mean,2025-11-28,VWO,0.0011786664774028324,0.006231798598067773,0.0011786664774028324,0.04122019559348269,0.00505313212066494,0.0
historical_mean,2025-11-28,VSS,0.002392911055391342,0.01745648547983225,0.002392911055391342,0.045046684455100794,0.01506357442444091,0.0
historical_mean,2025-11-28,BND,-0.002420765398294742,-0.00624728267814989,-0.002420765398294742,0.018470765560571062,-0.0038265172798551484,0.0
historical_mean,2025-11-28,IEF,-0.003109476236714741,-0.010842523271658244,-0.003109476236714741,0.02201811413583313,-0.007733047034943503,0.0
historical_mean,2025-11-28,BNDX,-0.002506801262013198,-0.00843043234441343,-0.002506801262013198,0.015095908991715557,-0.005923631082400232,0.0
historical_mean,2025-11-28,LQD,-0.0021168123873495153,-0.010606184040828248,-0.0021168123873495153,0.02846854514343274,-0.008489371653478732,0.0
historical_mean,2025-11-28,HYG,0.0005148258920383762,0.0016540803164204476,0.0005148258920383762,0.022338118771901058,0.0011392544243820713,0.0
historical_mean,2025-11-28,EWX,0.003116419669425546,0.005526301936131128,0.003116419669425546,0.0361684340399512,0.0024098822667055824,0.0
historical_mean,2025-11-28,VWOB,-0.00032574666548517074,-0.0012631324755422169,-0.00032574666548517074,0.029028722421739143,-0.0009373858100570462,0.0
historical_mean,2025-11-28,HYEM,-0.000447088438981643,0.006456216930834868,-0.000447088438981643,0.025038835845072816,0.006903305369816511,0.0
positive_no_prior_both,2025-11-28,SPY,0.008946412159062103,-0.0024606389596457667,0.011005378859138819,0.034649822556866626,-0.01140705111870787,0.002058966700076716
positive_no_prior_both,2025-11-28,MGK,0.011619765691237216,-0.006014656315694422,0.014212647986262148,0.04912153325047181,-0.01763442200693164,0.0025928822950249328
positive_no_prior_both,2025-11-28,VTV,0.006474319603185668,0.004591005630098177,0.013913312235460322,0.03243438321176395,-0.001883313973087491,0.007438992632274654
positive_no_prior_both,2025-11-28,IJR,0.0018990889776501821,-0.0043423583691276635,0.011997710226454811,0.04714139787374397,-0.006241447346777846,0.01009862124880463
positive_no_prior_both,2025-11-28,IWM,0.0018932873375608259,-0.010325989693845572,0.009660174289538392,0.04942701237614878,-0.012219277031406397,0.007766886951977566
positive_no_prior_both,2025-11-28,VNQ,0.0015678285399759562,-0.02554537559841752,0.008283722519557873,0.04554437594802841,-0.027113204138393476,0.006715893979581916
positive_no_prior_both,2025-11-28,VNQI,-0.0017196335050451924,0.0008944661826628675,0.002189698998158406,0.03816114123460105,0.0026140996877080597,0.003909332503203598
positive_no_prior_both,2025-11-28,VEA,0.004586170339498018,0.02842462799248069,0.0073756414617043,0.035082049603422996,0.023838457652982672,0.0027894711222062824
positive_no_prior_both,2025-11-28,VWO,0.0011786664774028324,0.006231798598067773,0.002123590349508992,0.035454433593529545,0.00505313212066494,0.0009449238721061595
positive_no_prior_both,2025-11-28,VSS,0.002392911055391342,0.01745648547983225,0.0010999915595225845,0.03478290759732459,0.01506357442444091,-0.0012929194958687573
positive_no_prior_both,2025-11-28,BND,-0.002420765398294742,-0.00624728267814989,2.6000533138378044e-05,0.014559761084598053,-0.0038265172798551484,0.00244676593143312
positive_no_prior_both,2025-11-28,IEF,-0.003109476236714741,-0.010842523271658244,0.00025961645428476806,0.01686657462284134,-0.007733047034943503,0.003369092690999509
positive_no_prior_both,2025-11-28,BNDX,-0.002506801262013198,-0.00843043234441343,-0.0009192009190794723,0.012084779043741575,-0.005923631082400232,0.0015876003429337257
positive_no_prior_both,2025-11-28,LQD,-0.0021168123873495153,-0.010606184040828248,0.0007567120452183439,0.021286709893039976,-0.008489371653478732,0.0028735244325678593
positive_no_prior_both,2025-11-28,HYG,0.0005148258920383762,0.0016540803164204476,0.003071760393121681,0.01680607930844894,0.0011392544243820713,0.0025569345010833045
positive_no_prior_both,2025-11-28,EWX,0.003116419669425546,0.005526301936131128,-0.0005551749001018839,0.03094339802250404,0.0024098822667055824,-0.00367159456952743
positive_no_prior_both,2025-11-28,VWOB,-0.00032574666548517074,-0.0012631324755422169,0.002710510207189053,0.022755637265156534,-0.0009373858100570462,0.003036256872674224
positive_no_prior_both,2025-11-28,HYEM,-0.000447088438981643,0.006456216930834868,0.001438576050213023,0.020586845113865188,0.006903305369816511,0.001885664489194666
positive_no_prior_outputscale_only,2025-11-28,SPY,0.008946412159062103,-0.0024606389596457667,0.009385081849298668,0.03153877367356957,-0.01140705111870787,0.000438669690236565
positive_no_prior_outputscale_only,2025-11-28,MGK,0.011619765691237216,-0.006014656315694422,0.007493070782489835,0.042170756914063336,-0.01763442200693164,-0.0041266949087473805
positive_no_prior_outputscale_only,2025-11-28,VTV,0.006474319603185668,0.004591005630098177,0.019327150343472006,0.028521742638222984,-0.001883313973087491,0.012852830740286338
positive_no_prior_outputscale_only,2025-11-28,IJR,0.0018990889776501821,-0.0043423583691276635,0.021589971465510383,0.04241938132268895,-0.006241447346777846,0.0196908824878602
positive_no_prior_outputscale_only,2025-11-28,IWM,0.0018932873375608259,-0.010325989693845572,0.01600553723914023,0.04316708452241703,-0.012219277031406397,0.014112249901579403
positive_no_prior_outputscale_only,2025-11-28,VNQ,0.0015678285399759562,-0.02554537559841752,0.013563696111296082,0.039696753693152356,-0.027113204138393476,0.011995867571320125
positive_no_prior_outputscale_only,2025-11-28,VNQI,-0.0017196335050451924,0.0008944661826628675,0.002140246563781075,0.03179920261981419,0.0026140996877080597,0.003859880068826267
positive_no_prior_outputscale_only,2025-11-28,VEA,0.004586170339498018,0.02842462799248069,0.007945962139769867,0.030419455616359618,0.023838457652982672,0.0033597918002718488
positive_no_prior_outputscale_only,2025-11-28,VWO,0.0011786664774028324,0.006231798598067773,-0.006467245269390784,0.03188400922221182,0.00505313212066494,-0.0076459117467936166
positive_no_prior_outputscale_only,2025-11-28,VSS,0.002392911055391342,0.01745648547983225,-0.0019860329065394446,0.03081930810836957,0.01506357442444091,-0.0043789439619307865
positive_no_prior_outputscale_only,2025-11-28,BND,-0.002420765398294742,-0.00624728267814989,0.0008125678283683272,0.012176558436692596,-0.0038265172798551484,0.003233333226663069
positive_no_prior_outputscale_only,2025-11-28,IEF,-0.003109476236714741,-0.010842523271658244,0.0019728294409195406,0.01472395806846381,-0.007733047034943503,0.005082305677634282
positive_no_prior_outputscale_only,2025-11-28,BNDX,-0.002506801262013198,-0.00843043234441343,-0.001055178499184764,0.010626631872993774,-0.005923631082400232,0.001451622762828434
positive_no_prior_outputscale_only,2025-11-28,LQD,-0.0021168123873495153,-0.010606184040828248,0.002280963451844107,0.018638557818447903,-0.008489371653478732,0.004397775839193622
positive_no_prior_outputscale_only,2025-11-28,HYG,0.0005148258920383762,0.0016540803164204476,0.003935721697487084,0.015222827512028173,0.0011392544243820713,0.003420895805448708
positive_no_prior_outputscale_only,2025-11-28,EWX,0.003116419669425546,0.005526301936131128,-0.008623713960857045,0.027296468015690856,0.0024098822667055824,-0.01174013363028259
positive_no_prior_outputscale_only,2025-11-28,VWOB,-0.00032574666548517074,-0.0012631324755422169,0.002263175668315759,0.020241330445797037,-0.0009373858100570462,0.00258892233380093
positive_no_prior_outputscale_only,2025-11-28,HYEM,-0.000447088438981643,0.006456216930834868,-0.0010205574170946473,0.018915069620275806,0.006903305369816511,-0.0005734689781130044
positive_no_prior_lengthscale_only,2025-11-28,SPY,0.008946412159062103,-0.0024606389596457667,0.01084136753925965,0.045835872605988606,-0.01140705111870787,0.0018949553801975473
positive_no_prior_lengthscale_only,2025-11-28,MGK,0.011619765691237216,-0.006014656315694422,0.012365800562956693,0.05536708845088212,-0.01763442200693164,0.0007460348717194774
positive_no_prior_lengthscale_only,2025-11-28,VTV,0.006474319603185668,0.004591005630098177,0.015451704895014951,0.04457254560344503,-0.001883313973087491,0.008977385291829284
positive_no_prior_lengthscale_only,2025-11-28,IJR,0.0018990889776501821,-0.0043423583691276635,0.016418804994068125,0.06410544855860835,-0.006241447346777846,0.014519716016417944
positive_no_prior_lengthscale_only,2025-11-28,IWM,0.0018932873375608259,-0.010325989693845572,0.012842027517397407,0.0649195136060024,-0.012219277031406397,0.010948740179836582
positive_no_prior_lengthscale_only,2025-11-28,VNQ,0.0015678285399759562,-0.02554537559841752,0.012739412286667437,0.056767231970977966,-0.027113204138393476,0.01117158374669148
positive_no_prior_lengthscale_only,2025-11-28,VNQI,-0.0017196335050451924,0.0008944661826628675,0.0009339561706724119,0.04645753852301411,0.0026140996877080597,0.0026535896757176043
positive_no_prior_lengthscale_only,2025-11-28,VEA,0.004586170339498018,0.02842462799248069,0.005927622571521832,0.04609741661300655,0.023838457652982672,0.0013414522320238141
positive_no_prior_lengthscale_only,2025-11-28,VWO,0.0011786664774028324,0.006231798598067773,-0.0019110678336139951,0.04412006749042471,0.00505313212066494,-0.0030897343110168275
positive_no_prior_lengthscale_only,2025-11-28,VSS,0.002392911055391342,0.01745648547983225,-0.001430395053771804,0.04438673311912098,0.01506357442444091,-0.003823306109163146
positive_no_prior_lengthscale_only,2025-11-28,BND,-0.002420765398294742,-0.00624728267814989,-0.00030655603257484553,0.015400628609425778,-0.0038265172798551484,0.0021142093657198963
positive_no_prior_lengthscale_only,2025-11-28,IEF,-0.003109476236714741,-0.010842523271658244,-0.0005814454416045492,0.017794893649477846,-0.007733047034943503,0.002528030795110192
positive_no_prior_lengthscale_only,2025-11-28,BNDX,-0.002506801262013198,-0.00843043234441343,-0.001334014941622115,0.013066319644708384,-0.005923631082400232,0.001172786320391083
positive_no_prior_lengthscale_only,2025-11-28,LQD,-0.0021168123873495153,-0.010606184040828248,0.000762604540124761,0.024416785437544188,-0.008489371653478732,0.0028794169274742763
positive_no_prior_lengthscale_only,2025-11-28,HYG,0.0005148258920383762,0.0016540803164204476,0.0024699758774967824,0.021728350479117062,0.0011392544243820713,0.001955149985458406
positive_no_prior_lengthscale_only,2025-11-28,EWX,0.003116419669425546,0.005526301936131128,-0.0009643755301349489,0.036686514620178357,0.0024098822667055824,-0.004080795199560495
positive_no_prior_lengthscale_only,2025-11-28,VWOB,-0.00032574666548517074,-0.0012631324755422169,0.0014903032939985843,0.028278210762005044,-0.0009373858100570462,0.001816049959483755
positive_no_prior_lengthscale_only,2025-11-28,HYEM,-0.000447088438981643,0.006456216930834868,0.0006247332613999229,0.02841402179351597,0.006903305369816511,0.0010718217003815658
positive_no_prior_neither,2025-11-28,SPY,0.008946412159062103,-0.0024606389596457667,0.007889388053212494,0.03824815250447284,-0.01140705111870787,-0.0010570241058496087
positive_no_prior_neither,2025-11-28,MGK,0.011619765691237216,-0.006014656315694422,0.003248972105917229,0.0473423829170718,-0.01763442200693164,-0.008370793585319987
positive_no_prior_neither,2025-11-28,VTV,0.006474319603185668,0.004591005630098177,0.01789528681432533,0.0378349334999311,-0.001883313973087491,0.011420967211139662
positive_no_prior_neither,2025-11-28,IJR,0.0018990889776501821,-0.0043423583691276635,0.021104038733350164,0.0543988120551571,-0.006241447346777846,0.01920494975569998
positive_no_prior_neither,2025-11-28,IWM,0.0018932873375608259,-0.010325989693845572,0.015011650095522454,0.05549495345340103,-0.012219277031406397,0.013118362757961629
positive_no_prior_neither,2025-11-28,VNQ,0.0015678285399759562,-0.02554537559841752,0.011815289961397668,0.04733267356158699,-0.027113204138393476,0.010247461421421711
positive_no_prior_neither,2025-11-28,VNQI,-0.0017196335050451924,0.0008944661826628675,0.0026074806066758898,0.03886341921101049,0.0026140996877080597,0.004327114111721082
positive_no_prior_neither,2025-11-28,VEA,0.004586170339498018,0.02842462799248069,0.006838756650816317,0.03768040377895312,0.023838457652982672,0.0022525863113182993
positive_no_prior_neither,2025-11-28,VWO,0.0011786664774028324,0.006231798598067773,-0.007784414700996467,0.03907386287002138,0.00505313212066494,-0.0089630811783993
positive_no_prior_neither,2025-11-28,VSS,0.002392911055391342,0.01745648547983225,-0.0006615619792769752,0.036890113440135555,0.01506357442444091,-0.003054473034668317
positive_no_prior_neither,2025-11-28,BND,-0.002420765398294742,-0.00624728267814989,0.0005664500115602059,0.012732133595543036,-0.0038265172798551484,0.002987215409854948
positive_no_prior_neither,2025-11-28,IEF,-0.003109476236714741,-0.010842523271658244,0.0010677779576949028,0.015150017459318061,-0.007733047034943503,0.004177254194409644
positive_no_prior_neither,2025-11-28,BNDX,-0.002506801262013198,-0.00843043234441343,-0.001917822918927899,0.010985921901164099,-0.005923631082400232,0.0005889783430852989
positive_no_prior_neither,2025-11-28,LQD,-0.0021168123873495153,-0.010606184040828248,0.0012385094065691855,0.02003825934541509,-0.008489371653478732,0.003355321793918701
positive_no_prior_neither,2025-11-28,HYG,0.0005148258920383762,0.0016540803164204476,0.0031412138380465257,0.017986188766254768,0.0011392544243820713,0.0026263879460081494
positive_no_prior_neither,2025-11-28,EWX,0.003116419669425546,0.005526301936131128,-0.006301818275710973,0.0319459915534166,0.0024098822667055824,-0.009418237945136519
positive_no_prior_neither,2025-11-28,VWOB,-0.00032574666548517074,-0.0012631324755422169,0.0014422071317957486,0.023241367090354285,-0.0009373858100570462,0.0017679537972809193
positive_no_prior_neither,2025-11-28,HYEM,-0.000447088438981643,0.006456216930834868,-0.0007339625742424588,0.023762880783114757,0.006903305369816511,-0.00028687413526081584
historical_mean,2025-12-31,SPY,0.008746288455225123,0.011594066475381304,0.008746288455225123,0.04414755775755146,0.002847778020156181,0.0
historical_mean,2025-12-31,MGK,0.011310389866554206,-0.01981088189923419,0.011310389866554206,0.05791973895197182,-0.031121271765788397,0.0
historical_mean,2025-12-31,VTV,0.00644127900716659,0.04262615110326995,0.00644127900716659,0.03991933724277847,0.03618487209610336,0.0
historical_mean,2025-12-31,IJR,0.0017895899013909218,0.05372327844739844,0.0017895899013909218,0.05675003747569404,0.051933688546007516,0.0
historical_mean,2025-12-31,IWM,0.0016789140563080822,0.05153392029332182,0.0016789140563080822,0.05817397411192298,0.04985500623701374,0.0
historical_mean,2025-12-31,VNQ,0.0010921582919339653,0.0229258613639709,0.0010921582919339653,0.05539537861696057,0.021833703072036935,0.0
historical_mean,2025-12-31,VNQI,-0.0016737721070152263,0.04257155181000494,-0.0016737721070152263,0.04665766093629219,0.044245323917020164,0.0
historical_mean,2025-12-31,VEA,0.005004388894813503,0.05642561347994279,0.005004388894813503,0.043942898023318626,0.051421224585129294,0.0
historical_mean,2025-12-31,VWO,0.0012673179181162523,0.04715510460279937,0.0012673179181162523,0.040855982915353244,0.045887786684683116,0.0
historical_mean,2025-12-31,VSS,0.002657184290907849,0.06068200468583562,0.002657184290907849,0.04468723417438362,0.058024820394927776,0.0
historical_mean,2025-12-31,BND,-0.0024878972803974637,-0.0009446630105405251,-0.0024878972803974637,0.01831212043723312,0.0015432342698569385,0.0
historical_mean,2025-12-31,IEF,-0.003245143728555855,-0.005378931439972923,-0.003245143728555855,0.021844664741227326,-0.0021337877114170675,0.0
historical_mean,2025-12-31,BNDX,-0.0026107246143360087,0.002059820670583523,-0.0026107246143360087,0.014981077086336935,0.004670545284919532,0.0
historical_mean,2025-12-31,LQD,-0.0022657487321473876,0.0003398451129934532,-0.0022657487321473876,0.02823561533177713,0.002605593845140841,0.0
historical_mean,2025-12-31,HYG,0.0005348128117643775,0.0029604455586125233,0.0005348128117643775,0.022138287130142906,0.002425632746848146,0.0
historical_mean,2025-12-31,EWX,0.0031586983056835385,0.02711570928152862,0.0031586983056835385,0.035845468132474606,0.023957010975845083,0.0
historical_mean,2025-12-31,VWOB,-0.0003421920305738908,0.0003023714262653243,-0.0003421920305738908,0.028768637802182126,0.0006445634568392151,0.0
historical_mean,2025-12-31,HYEM,-0.00032597781845854624,0.01193825183971775,-0.00032597781845854624,0.02483110847291286,0.012264229658176296,0.0
positive_no_prior_both,2025-12-31,SPY,0.008746288455225123,0.011594066475381304,0.01036340698798225,0.03484004051379935,0.002847778020156181,0.0016171185327571273
positive_no_prior_both,2025-12-31,MGK,0.011310389866554206,-0.01981088189923419,0.0109956051570067,0.05002496874351485,-0.031121271765788397,-0.00031478470954750606
positive_no_prior_both,2025-12-31,VTV,0.00644127900716659,0.04262615110326995,0.010756026878462086,0.03190150504246934,0.03618487209610336,0.0043147478712954965
positive_no_prior_both,2025-12-31,IJR,0.0017895899013909218,0.05372327844739844,0.007362960677219149,0.048467076690288824,0.051933688546007516,0.005573370775828227
positive_no_prior_both,2025-12-31,IWM,0.0016789140563080822,0.05153392029332182,0.006964635160325243,0.04834651388472837,0.04985500623701374,0.0052857211040171605
positive_no_prior_both,2025-12-31,VNQ,0.0010921582919339653,0.0229258613639709,0.0007921405446767408,0.04327436843626188,0.021833703072036935,-0.0003000177472572245
positive_no_prior_both,2025-12-31,VNQI,-0.0016737721070152263,0.04257155181000494,-0.0005398376076644602,0.036098838450248596,0.044245323917020164,0.001133934499350766
positive_no_prior_both,2025-12-31,VEA,0.005004388894813503,0.05642561347994279,0.010550593999340984,0.034338591925545135,0.051421224585129294,0.005546205104527481
positive_no_prior_both,2025-12-31,VWO,0.0012673179181162523,0.04715510460279937,0.0023452072488608583,0.03420876800387303,0.045887786684683116,0.001077889330744606
positive_no_prior_both,2025-12-31,VSS,0.002657184290907849,0.06068200468583562,0.004027116269085091,0.034337547766580934,0.058024820394927776,0.001369931978177242
positive_no_prior_both,2025-12-31,BND,-0.0024878972803974637,-0.0009446630105405251,-0.0012411482065283646,0.013529705103212787,0.0015432342698569385,0.0012467490738690991
positive_no_prior_both,2025-12-31,IEF,-0.003245143728555855,-0.005378931439972923,-0.0014042872529926832,0.016730362683725852,-0.0021337877114170675,0.001840856475563172
positive_no_prior_both,2025-12-31,BNDX,-0.0026107246143360087,0.002059820670583523,-0.002827106552314102,0.012036090598746076,0.004670545284919532,-0.00021638193797809306
positive_no_prior_both,2025-12-31,LQD,-0.0022657487321473876,0.0003398451129934532,-0.0005596379467054978,0.020826375269837275,0.002605593845140841,0.0017061107854418897
positive_no_prior_both,2025-12-31,HYG,0.0005348128117643775,0.0029604455586125233,0.0022563016458202875,0.016560062076469737,0.002425632746848146,0.00172148883405591
positive_no_prior_both,2025-12-31,EWX,0.0031586983056835385,0.02711570928152862,0.00094515645906069,0.029059585658741106,0.023957010975845083,-0.0022135418466228485
positive_no_prior_both,2025-12-31,VWOB,-0.0003421920305738908,0.0003023714262653243,0.001624013952064946,0.02160699600365598,0.0006445634568392151,0.001966205982638837
positive_no_prior_both,2025-12-31,HYEM,-0.00032597781845854624,0.01193825183971775,0.0034127296994159737,0.020818833707627108,0.012264229658176296,0.00373870751787452
positive_no_prior_outputscale_only,2025-12-31,SPY,0.008746288455225123,0.011594066475381304,0.007838677042047406,0.030092296089900442,0.002847778020156181,-0.0009076114131777169
positive_no_prior_outputscale_only,2025-12-31,MGK,0.011310389866554206,-0.01981088189923419,0.005738475968723375,0.043109825032725,-0.031121271765788397,-0.005571913897830831
positive_no_prior_outputscale_only,2025-12-31,VTV,0.00644127900716659,0.04262615110326995,0.010697471636694844,0.02572999184633885,0.03618487209610336,0.004256192629528255
positive_no_prior_outputscale_only,2025-12-31,IJR,0.0017895899013909218,0.05372327844739844,0.004423884792406888,0.03920961248780026,0.051933688546007516,0.002634294891015966
positive_no_prior_outputscale_only,2025-12-31,IWM,0.0016789140563080822,0.05153392029332182,0.005990920839367894,0.04080338057278992,0.04985500623701374,0.004312006783059812
positive_no_prior_outputscale_only,2025-12-31,VNQ,0.0010921582919339653,0.0229258613639709,-0.0035037954611048926,0.036181509113469755,0.021833703072036935,-0.004595953753038858
positive_no_prior_outputscale_only,2025-12-31,VNQI,-0.0016737721070152263,0.04257155181000494,0.0007109582135991436,0.02890162398700381,0.044245323917020164,0.00238473032061437
positive_no_prior_outputscale_only,2025-12-31,VEA,0.005004388894813503,0.05642561347994279,0.014016654406746484,0.027865524548032483,0.051421224585129294,0.00901226551193298
positive_no_prior_outputscale_only,2025-12-31,VWO,0.0012673179181162523,0.04715510460279937,0.008019699182420953,0.028173117273700112,0.045887786684683116,0.006752381264304701
positive_no_prior_outputscale_only,2025-12-31,VSS,0.002657184290907849,0.06068200468583562,0.006380646322066554,0.0279138069747132,0.058024820394927776,0.0037234620311587053
positive_no_prior_outputscale_only,2025-12-31,BND,-0.0024878972803974637,-0.0009446630105405251,-0.0041257242961870565,0.011393011280479492,0.0015432342698569385,-0.0016378270157895928
positive_no_prior_outputscale_only,2025-12-31,IEF,-0.003245143728555855,-0.005378931439972923,-0.006527600251588538,0.014197729195319992,-0.0021337877114170675,-0.0032824565230326827
positive_no_prior_outputscale_only,2025-12-31,BNDX,-0.0026107246143360087,0.002059820670583523,-0.006153507842177776,0.009795672786509217,0.004670545284919532,-0.0035427832278417675
positive_no_prior_outputscale_only,2025-12-31,LQD,-0.0022657487321473876,0.0003398451129934532,-0.004751837089016459,0.017673562970689605,0.002605593845140841,-0.0024860883568690716
positive_no_prior_outputscale_only,2025-12-31,HYG,0.0005348128117643775,0.0029604455586125233,0.00066541751781256,0.013521371685652008,0.002425632746848146,0.00013060470604818258
positive_no_prior_outputscale_only,2025-12-31,EWX,0.0031586983056835385,0.02711570928152862,0.0028510912162598087,0.025406488384520448,0.023957010975845083,-0.0003076070894237298
positive_no_prior_outputscale_only,2025-12-31,VWOB,-0.0003421920305738908,0.0003023714262653243,0.0009344496835727948,0.018409620876366297,0.0006445634568392151,0.0012766417141466856
positive_no_prior_outputscale_only,2025-12-31,HYEM,-0.00032597781845854624,0.01193825183971775,0.004417060503442927,0.016691183995735468,0.012264229658176296,0.004743038321901473
positive_no_prior_lengthscale_only,2025-12-31,SPY,0.008746288455225123,0.011594066475381304,0.009072963881267566,0.04479294154542524,0.002847778020156181,0.0003266754260424429
positive_no_prior_lengthscale_only,2025-12-31,MGK,0.011310389866554206,-0.01981088189923419,0.010506281631264765,0.05565725177203171,-0.031121271765788397,-0.0008041082352894403
positive_no_prior_lengthscale_only,2025-12-31,VTV,0.00644127900716659,0.04262615110326995,0.008088101119391537,0.04140728875189204,0.03618487209610336,0.0016468221122249473
positive_no_prior_lengthscale_only,2025-12-31,IJR,0.0017895899013909218,0.05372327844739844,0.005845565932445755,0.05550982733421975,0.051933688546007516,0.004055976031054833
positive_no_prior_lengthscale_only,2025-12-31,IWM,0.0016789140563080822,0.05153392029332182,0.005122306136583037,0.057199927587247464,0.04985500623701374,0.003443392080274954
positive_no_prior_lengthscale_only,2025-12-31,VNQ,0.0010921582919339653,0.0229258613639709,-0.001023752494174719,0.05373682110661477,0.021833703072036935,-0.002115910786108684
positive_no_prior_lengthscale_only,2025-12-31,VNQI,-0.0016737721070152263,0.04257155181000494,-0.002667969416551941,0.04600478918100013,0.044245323917020164,-0.0009941973095367147
positive_no_prior_lengthscale_only,2025-12-31,VEA,0.005004388894813503,0.05642561347994279,0.009192224410594228,0.04583447905174421,0.051421224585129294,0.0041878355157807245
positive_no_prior_lengthscale_only,2025-12-31,VWO,0.0012673179181162523,0.04715510460279937,0.0011482975120035638,0.0426248689539305,0.045887786684683116,-0.00011902040611268846
positive_no_prior_lengthscale_only,2025-12-31,VSS,0.002657184290907849,0.06068200468583562,0.002853112207942873,0.045141302677558746,0.058024820394927776,0.00019592791703502413
positive_no_prior_lengthscale_only,2025-12-31,BND,-0.0024878972803974637,-0.0009446630105405251,-0.0018148788100570907,0.01574760016587994,0.0015432342698569385,0.000673018470340373
positive_no_prior_lengthscale_only,2025-12-31,IEF,-0.003245143728555855,-0.005378931439972923,-0.0023793494195740385,0.018613293086845523,-0.0021337877114170675,0.0008657943089818167
positive_no_prior_lengthscale_only,2025-12-31,BNDX,-0.0026107246143360087,0.002059820670583523,-0.0031177871499395915,0.013487860138842768,0.004670545284919532,-0.0005070625356035827
positive_no_prior_lengthscale_only,2025-12-31,LQD,-0.0022657487321473876,0.0003398451129934532,-0.002175936502094803,0.024632893987756692,0.002605593845140841,8.98122300525845e-05
positive_no_prior_lengthscale_only,2025-12-31,HYG,0.0005348128117643775,0.0029604455586125233,0.0014315167552150423,0.021103489964972636,0.002425632746848146,0.0008967039434506648
positive_no_prior_lengthscale_only,2025-12-31,EWX,0.0031586983056835385,0.02711570928152862,0.0002368804006908226,0.03641108118597686,0.023957010975845083,-0.002921817904992716
positive_no_prior_lengthscale_only,2025-12-31,VWOB,-0.0003421920305738908,0.0003023714262653243,-0.0006173535591682,0.028141254491519278,0.0006445634568392151,-0.00027516152859430917
positive_no_prior_lengthscale_only,2025-12-31,HYEM,-0.00032597781845854624,0.01193825183971775,0.001332643861102756,0.02534019396111742,0.012264229658176296,0.0016586216795613023
positive_no_prior_neither,2025-12-31,SPY,0.008746288455225123,0.011594066475381304,0.007835355807737015,0.036380279120899923,0.002847778020156181,-0.000910932647488108
positive_no_prior_neither,2025-12-31,MGK,0.011310389866554206,-0.01981088189923419,0.0025507363278815844,0.04494708863641359,-0.031121271765788397,-0.008759653538672621
positive_no_prior_neither,2025-12-31,VTV,0.00644127900716659,0.04262615110326995,0.010208448050677294,0.03395482028899923,0.03618487209610336,0.0037671690435107045
positive_no_prior_neither,2025-12-31,IJR,0.0017895899013909218,0.05372327844739844,0.007328459212928266,0.046241065496524916,0.051933688546007516,0.005538869311537345
positive_no_prior_neither,2025-12-31,IWM,0.0016789140563080822,0.05153392029332182,0.00577151785179581,0.04702178144620017,0.04985500623701374,0.004092603795487728
positive_no_prior_neither,2025-12-31,VNQ,0.0010921582919339653,0.0229258613639709,-0.0054258651054801136,0.04391871909817325,0.021833703072036935,-0.006518023397414079
positive_no_prior_neither,2025-12-31,VNQI,-0.0016737721070152263,0.04257155181000494,0.0030222633876021993,0.03724001180287386,0.044245323917020164,0.0046960354946174255
positive_no_prior_neither,2025-12-31,VEA,0.005004388894813503,0.05642561347994279,0.016053819517474,0.03654852448466552,0.051421224585129294,0.011049430622660499
positive_no_prior_neither,2025-12-31,VWO,0.0012673179181162523,0.04715510460279937,0.0036066603454597704,0.03391234544065675,0.045887786684683116,0.002339342427343518
positive_no_prior_neither,2025-12-31,VSS,0.002657184290907849,0.06068200468583562,0.008484367669271872,0.036382178686655886,0.058024820394927776,0.005827183378364023
positive_no_prior_neither,2025-12-31,BND,-0.0024878972803974637,-0.0009446630105405251,-0.003941113079131975,0.012566827997119797,0.0015432342698569385,-0.0014532157987345111
positive_no_prior_neither,2025-12-31,IEF,-0.003245143728555855,-0.005378931439972923,-0.005628548610694693,0.015083835676954,-0.0021337877114170675,-0.002383404882138838
positive_no_prior_neither,2025-12-31,BNDX,-0.0026107246143360087,0.002059820670583523,-0.005940217120583187,0.010898087009754224,0.004670545284919532,-0.003329492506247178
positive_no_prior_neither,2025-12-31,LQD,-0.0022657487321473876,0.0003398451129934532,-0.004844545014019627,0.019752362507446185,0.002605593845140841,-0.0025787962818722395
positive_no_prior_neither,2025-12-31,HYG,0.0005348128117643775,0.0029604455586125233,0.0015779547285814245,0.017341489528073153,0.002425632746848146,0.001043141916817047
positive_no_prior_neither,2025-12-31,EWX,0.0031586983056835385,0.02711570928152862,0.00039254273851089443,0.029342549934360182,0.023957010975845083,-0.002766155567172644
positive_no_prior_neither,2025-12-31,VWOB,-0.0003421920305738908,0.0003023714262653243,0.00024355723679217163,0.022092235014809496,0.0006445634568392151,0.0005857492673660624
positive_no_prior_neither,2025-12-31,HYEM,-0.00032597781845854624,0.01193825183971775,0.004543993716563243,0.020615506318836237,0.012264229658176296,0.00486997153502179
historical_mean,2026-01-30,SPY,0.0087953880762623,-0.011463064459755201,0.0087953880762623,0.04376018256408277,-0.0202584525360175,0.0
historical_mean,2026-01-30,MGK,0.010773816215419922,-0.049282081977910286,0.010773816215419922,0.05755467570999545,-0.06005589819333021,0.0
historical_mean,2026-01-30,VTV,0.00706515611227182,0.03464425383897951,0.00706515611227182,0.03985186721415389,0.02757909772670769,0.0
historical_mean,2026-01-30,IJR,0.002684998324597948,0.018113075612949725,0.002684998324597948,0.05666186940572184,0.015428077288351777,0.0
historical_mean,2026-01-30,IWM,0.0025384831293600433,0.003913446654500996,0.0025384831293600433,0.05803182711266881,0.0013749635251409527,0.0
historical_mean,2026-01-30,VNQ,0.0014686014483483952,0.05085567147315495,0.0014686014483483952,0.05498209882208653,0.04938707002480656,0.0
historical_mean,2026-01-30,VNQI,-0.0009109216946528097,0.05477043858428532,-0.0009109216946528097,0.04661006334219268,0.05568136027893813,0.0
historical_mean,2026-01-30,VEA,0.005890961732488146,0.05800790565870817,0.005890961732488146,0.04407595870355822,0.05211694392622002,0.0
historical_mean,2026-01-30,VWO,0.0020584866540590647,0.025936988754007295,0.0020584866540590647,0.04094181130205213,0.02387850209994823,0.0
historical_mean,2026-01-30,VSS,0.003657612228751431,0.046521625760379104,0.003657612228751431,0.044944013598831135,0.04286401353162767,0.0
historical_mean,2026-01-30,BND,-0.002461289792986137,0.013125538032234596,-0.002461289792986137,0.01815190811354069,0.015586827825220733,0.0
historical_mean,2026-01-30,IEF,-0.0032819331718561494,0.02178389001983616,-0.0032819331718561494,0.021654009676061948,0.02506582319169231,0.0
historical_mean,2026-01-30,BNDX,-0.0025301979714925688,0.01242298193585456,-0.0025301979714925688,0.014861741443180768,0.014953179907347128,0.0
historical_mean,2026-01-30,LQD,-0.0022208247003346147,0.010894680719308658,-0.0022208247003346147,0.027988929692119708,0.013115505419643273,0.0
historical_mean,2026-01-30,HYG,0.0005766340660203799,-0.0028581418854923824,0.0005766340660203799,0.021945543705572185,-0.0034347759515127624,0.0
historical_mean,2026-01-30,EWX,0.003571750219060178,0.03253007863200175,0.003571750219060178,0.035668627839499395,0.02895832841294157,0.0
historical_mean,2026-01-30,VWOB,-0.0003310788675249388,0.012410830018970698,-0.0003310788675249388,0.028515290288805777,0.012741908886495637,0.0
historical_mean,2026-01-30,HYEM,-0.00011452558297274804,0.006343486373523,-0.00011452558297274804,0.024664954581871748,0.006458011956495748,0.0
positive_no_prior_both,2026-01-30,SPY,0.0087953880762623,-0.011463064459755201,0.010083631792596524,0.03577477156304307,-0.0202584525360175,0.0012882437163342243
positive_no_prior_both,2026-01-30,MGK,0.010773816215419922,-0.049282081977910286,0.011430912661555138,0.04899880609032531,-0.06005589819333021,0.0006570964461352167
positive_no_prior_both,2026-01-30,VTV,0.00706515611227182,0.03464425383897951,0.010897025985310994,0.032668085738205635,0.02757909772670769,0.003831869873039174
positive_no_prior_both,2026-01-30,IJR,0.002684998324597948,0.018113075612949725,0.006455631364331865,0.04894011774726414,0.015428077288351777,0.003770633039733917
positive_no_prior_both,2026-01-30,IWM,0.0025384831293600433,0.003913446654500996,0.005740269758899118,0.04928824459240191,0.0013749635251409527,0.003201786629539075
positive_no_prior_both,2026-01-30,VNQ,0.0014686014483483952,0.05085567147315495,0.0014929346639630324,0.04149578623575135,0.04938707002480656,2.433321561463712e-05
positive_no_prior_both,2026-01-30,VNQI,-0.0009109216946528097,0.05477043858428532,0.00256311287571303,0.03734058299506681,0.05568136027893813,0.0034740345703658396
positive_no_prior_both,2026-01-30,VEA,0.005890961732488146,0.05800790565870817,0.012635733708850325,0.03692423747055502,0.05211694392622002,0.00674477197636218
positive_no_prior_both,2026-01-30,VWO,0.0020584866540590647,0.025936988754007295,0.00839070324034383,0.03329214619103993,0.02387850209994823,0.0063322165862847645
positive_no_prior_both,2026-01-30,VSS,0.003657612228751431,0.046521625760379104,0.008100415191688463,0.03692781520461812,0.04286401353162767,0.004442802962937032
positive_no_prior_both,2026-01-30,BND,-0.002461289792986137,0.013125538032234596,-0.00033952475294913393,0.013169399529833613,0.015586827825220733,0.002121765040037003
positive_no_prior_both,2026-01-30,IEF,-0.0032819331718561494,0.02178389001983616,-0.002233718861461828,0.01539116322096991,0.02506582319169231,0.0010482143103943214
positive_no_prior_both,2026-01-30,BNDX,-0.0025301979714925688,0.01242298193585456,-0.0012592770103304158,0.011026345135820013,0.014953179907347128,0.001270920961162153
positive_no_prior_both,2026-01-30,LQD,-0.0022208247003346147,0.010894680719308658,2.525127800610989e-07,0.02055698660888858,0.013115505419643273,0.0022210772131146758
positive_no_prior_both,2026-01-30,HYG,0.0005766340660203799,-0.0028581418854923824,0.0026700594757795367,0.016747500098178308,-0.0034347759515127624,0.0020934254097591566
positive_no_prior_both,2026-01-30,EWX,0.003571750219060178,0.03253007863200175,0.0033327081232590893,0.029501961959445922,0.02895832841294157,-0.0002390420958010885
positive_no_prior_both,2026-01-30,VWOB,-0.0003310788675249388,0.012410830018970698,0.0016496195142498035,0.021972546004542997,0.012741908886495637,0.0019806983817747424
positive_no_prior_both,2026-01-30,HYEM,-0.00011452558297274804,0.006343486373523,0.002694529743618803,0.019659503825299303,0.006458011956495748,0.002809055326591551
positive_no_prior_outputscale_only,2026-01-30,SPY,0.0087953880762623,-0.011463064459755201,0.011123763644623303,0.037207199845567286,-0.0202584525360175,0.002328375568361003
positive_no_prior_outputscale_only,2026-01-30,MGK,0.010773816215419922,-0.049282081977910286,0.009962582101957594,0.050101145150944194,-0.06005589819333021,-0.0008112341134623273
positive_no_prior_outputscale_only,2026-01-30,VTV,0.00706515611227182,0.03464425383897951,0.010707055814974694,0.033056460571993976,0.02757909772670769,0.003641899702702874
positive_no_prior_outputscale_only,2026-01-30,IJR,0.002684998324597948,0.018113075612949725,0.003774932953383718,0.04960882225754339,0.015428077288351777,0.0010899346287857698
positive_no_prior_outputscale_only,2026-01-30,IWM,0.0025384831293600433,0.003913446654500996,0.00303623841222279,0.05000422159188526,0.0013749635251409527,0.0004977552828627466
positive_no_prior_outputscale_only,2026-01-30,VNQ,0.0014686014483483952,0.05085567147315495,-0.0024009249226803397,0.04361599148986064,0.04938707002480656,-0.003869526371028735
positive_no_prior_outputscale_only,2026-01-30,VNQI,-0.0009109216946528097,0.05477043858428532,0.008081695000726901,0.03713597116516866,0.05568136027893813,0.00899261669537971
positive_no_prior_outputscale_only,2026-01-30,VEA,0.005890961732488146,0.05800790565870817,0.019878173838468696,0.03734010890064757,0.05211694392622002,0.01398721210598055
positive_no_prior_outputscale_only,2026-01-30,VWO,0.0020584866540590647,0.025936988754007295,0.019296516578362195,0.03355017893405017,0.02387850209994823,0.01723802992430313
positive_no_prior_outputscale_only,2026-01-30,VSS,0.003657612228751431,0.046521625760379104,0.015155612117564197,0.03864875909606402,0.04286401353162767,0.011497999888812765
positive_no_prior_outputscale_only,2026-01-30,BND,-0.002461289792986137,0.013125538032234596,-0.0006936167088710285,0.013605667329130383,0.015586827825220733,0.0017676730841151085
positive_no_prior_outputscale_only,2026-01-30,IEF,-0.0032819331718561494,0.02178389001983616,-0.0033563797438011505,0.01641987129634534,0.02506582319169231,-7.444657194500106e-05
positive_no_prior_outputscale_only,2026-01-30,BNDX,-0.0025301979714925688,0.01242298193585456,-0.001374043723028507,0.011689607750605211,0.014953179907347128,0.0011561542484640618
positive_no_prior_outputscale_only,2026-01-30,LQD,-0.0022208247003346147,0.010894680719308658,-0.0005834837531016738,0.02155777171635134,0.013115505419643273,0.0016373409472329409
positive_no_prior_outputscale_only,2026-01-30,HYG,0.0005766340660203799,-0.0028581418854923824,0.001206630218598992,0.017170574065992438,-0.0034347759515127624,0.000629996152578612
positive_no_prior_outputscale_only,2026-01-30,EWX,0.003571750219060178,0.03253007863200175,0.006862935175973337,0.030888868178519394,0.02895832841294157,0.0032911849569131593
positive_no_prior_outputscale_only,2026-01-30,VWOB,-0.0003310788675249388,0.012410830018970698,0.003962217754433358,0.023496619186682548,0.012741908886495637,0.004293296621958297
positive_no_prior_outputscale_only,2026-01-30,HYEM,-0.00011452558297274804,0.006343486373523,0.003432675441776303,0.02019969731831576,0.006458011956495748,0.003547201024749051
positive_no_prior_lengthscale_only,2026-01-30,SPY,0.0087953880762623,-0.011463064459755201,0.011719901085005388,0.043869264368925326,-0.0202584525360175,0.002924513008743088
positive_no_prior_lengthscale_only,2026-01-30,MGK,0.010773816215419922,-0.049282081977910286,0.010885494307933015,0.05651199583395302,-0.06005589819333021,0.00011167809251309314
positive_no_prior_lengthscale_only,2026-01-30,VTV,0.00706515611227182,0.03464425383897951,0.012167364163827646,0.040370939119898974,0.02757909772670769,0.005102208051555826
positive_no_prior_lengthscale_only,2026-01-30,IJR,0.002684998324597948,0.018113075612949725,0.0049111341141555645,0.054679161486614045,0.015428077288351777,0.0022261357895576165
positive_no_prior_lengthscale_only,2026-01-30,IWM,0.0025384831293600433,0.003913446654500996,0.004243625784858554,0.05605451060315192,0.0013749635251409527,0.0017051426554985107
positive_no_prior_lengthscale_only,2026-01-30,VNQ,0.0014686014483483952,0.05085567147315495,0.0019898418224534283,0.052564230001911405,0.04938707002480656,0.000521240374105033
positive_no_prior_lengthscale_only,2026-01-30,VNQI,-0.0009109216946528097,0.05477043858428532,0.0023837798792587525,0.04639248676046841,0.05568136027893813,0.003294701573911562
positive_no_prior_lengthscale_only,2026-01-30,VEA,0.005890961732488146,0.05800790565870817,0.012128469888927247,0.04494961328701813,0.05211694392622002,0.006237508156439101
positive_no_prior_lengthscale_only,2026-01-30,VWO,0.0020584866540590647,0.025936988754007295,0.0072663551592781865,0.04323040002334223,0.02387850209994823,0.005207868505219122
positive_no_prior_lengthscale_only,2026-01-30,VSS,0.003657612228751431,0.046521625760379104,0.00817018233995934,0.045417207389919945,0.04286401353162767,0.004512570111207909
positive_no_prior_lengthscale_only,2026-01-30,BND,-0.002461289792986137,0.013125538032234596,-0.0011230781085484985,0.015731069208838402,0.015586827825220733,0.0013382116844376385
positive_no_prior_lengthscale_only,2026-01-30,IEF,-0.0032819331718561494,0.02178389001983616,-0.002909623111207047,0.018751041774139,0.02506582319169231,0.0003723100606491023
positive_no_prior_lengthscale_only,2026-01-30,BNDX,-0.0025301979714925688,0.01242298193585456,-0.0019491200191882375,0.013477628358276756,0.014953179907347128,0.0005810779523043313
positive_no_prior_lengthscale_only,2026-01-30,LQD,-0.0022208247003346147,0.010894680719308658,-0.0012172460853769045,0.024431339101180505,0.013115505419643273,0.0010035786149577102
positive_no_prior_lengthscale_only,2026-01-30,HYG,0.0005766340660203799,-0.0028581418854923824,0.0010641547070242066,0.021215378365413363,-0.0034347759515127624,0.0004875206410038267
positive_no_prior_lengthscale_only,2026-01-30,EWX,0.003571750219060178,0.03253007863200175,0.005188575762991575,0.03673166870817276,0.02895832841294157,0.0016168255439313974
positive_no_prior_lengthscale_only,2026-01-30,VWOB,-0.0003310788675249388,0.012410830018970698,0.00022839310477148572,0.027772876349622475,0.012741908886495637,0.0005594719722964245
positive_no_prior_lengthscale_only,2026-01-30,HYEM,-0.00011452558297274804,0.006343486373523,0.00082210391820489,0.02590239797579075,0.006458011956495748,0.000936629501177638
positive_no_prior_neither,2026-01-30,SPY,0.0087953880762623,-0.011463064459755201,0.01509125186959023,0.0432164396602781,-0.0202584525360175,0.00629586379332793
positive_no_prior_neither,2026-01-30,MGK,0.010773816215419922,-0.049282081977910286,0.014408007907188767,0.05542050195086542,-0.06005589819333021,0.0036341916917688455
positive_no_prior_neither,2026-01-30,VTV,0.00706515611227182,0.03464425383897951,0.013403708355577512,0.04008087800504953,0.02757909772670769,0.006338552243305692
positive_no_prior_neither,2026-01-30,IJR,0.002684998324597948,0.018113075612949725,0.0024051634399414107,0.05490499042531463,0.015428077288351777,-0.00027983488465653733
positive_no_prior_neither,2026-01-30,IWM,0.0025384831293600433,0.003913446654500996,0.002804279306234895,0.056286261317206016,0.0013749635251409527,0.00026579617687485157
positive_no_prior_neither,2026-01-30,VNQ,0.0014686014483483952,0.05085567147315495,-0.0010860209040531744,0.05240011171149283,0.04938707002480656,-0.0025546223524015696
positive_no_prior_neither,2026-01-30,VNQI,-0.0009109216946528097,0.05477043858428532,0.00933764205465408,0.04431766036963314,0.05568136027893813,0.01024856374930689
positive_no_prior_neither,2026-01-30,VEA,0.005890961732488146,0.05800790565870817,0.016969761743549822,0.04397115904550347,0.05211694392622002,0.011078800011061676
positive_no_prior_neither,2026-01-30,VWO,0.0020584866540590647,0.025936988754007295,0.018743392303924744,0.0412583578282492,0.02387850209994823,0.01668490564986568
positive_no_prior_neither,2026-01-30,VSS,0.003657612228751431,0.046521625760379104,0.012732948325034361,0.04435051031727588,0.04286401353162767,0.00907533609628293
positive_no_prior_neither,2026-01-30,BND,-0.002461289792986137,0.013125538032234596,-0.00011879478917187778,0.015630972242094223,0.015586827825220733,0.0023424950038142592
positive_no_prior_neither,2026-01-30,IEF,-0.0032819331718561494,0.02178389001983616,-0.0018883609702361366,0.018611033238592107,0.02506582319169231,0.0013935722016200128
positive_no_prior_neither,2026-01-30,BNDX,-0.0025301979714925688,0.01242298193585456,-0.0009649083095682656,0.013368793993123181,0.014953179907347128,0.0015652896619243032
positive_no_prior_neither,2026-01-30,LQD,-0.0022208247003346147,0.010894680719308658,0.0004282481248707327,0.02394735013095089,0.013115505419643273,0.0026490728252053473
positive_no_prior_neither,2026-01-30,HYG,0.0005766340660203799,-0.0028581418854923824,0.0015485155733460092,0.02063247727195026,-0.0034347759515127624,0.0009718815073256293
positive_no_prior_neither,2026-01-30,EWX,0.003571750219060178,0.03253007863200175,0.009048046879905803,0.03581386463235938,0.02895832841294157,0.005476296660845625
positive_no_prior_neither,2026-01-30,VWOB,-0.0003310788675249388,0.012410830018970698,0.003208141236844711,0.026966586161675323,0.012741908886495637,0.0035392201043696497
positive_no_prior_neither,2026-01-30,HYEM,-0.00011452558297274804,0.006343486373523,0.00010128991765139745,0.024809129663676092,0.006458011956495748,0.0002158155006241455
historical_mean,2026-02-27,SPY,0.008452024473956918,-0.05236481425659356,0.008452024473956918,0.043461398416077594,-0.06081683873055048,0.0
historical_mean,2026-02-27,MGK,0.009755919635871952,-0.05256666804441845,0.009755919635871952,0.0575895703996244,-0.062322587680290406,0.0
historical_mean,2026-02-27,VTV,0.0075325984466227975,-0.05111916666844174,0.0075325984466227975,0.03966964449209813,-0.058651765115064536,0.0
historical_mean,2026-02-27,IJR,0.0029464911599937408,-0.0430573291552121,0.0029464911599937408,0.0562071807255351,-0.04600382031520584,0.0
historical_mean,2026-02-27,IWM,0.002561787595887856,-0.052595723393065286,0.002561787595887856,0.057529656083935336,-0.05515751098895314,0.0
historical_mean,2026-02-27,VNQ,0.002305670431819693,-0.066081450572396,0.002305670431819693,0.05488397168531979,-0.06838712100421569,0.0
historical_mean,2026-02-27,VNQI,3.283017448173479e-05,-0.1261996923521307,3.283017448173479e-05,0.04677168513589526,-0.12623252252661243,0.0
historical_mean,2026-02-27,VEA,0.006774299765135943,-0.0890166153043781,0.006774299765135943,0.04421800941745542,-0.09579091506951404,0.0
historical_mean,2026-02-27,VWO,0.0024632070286344583,-0.07262882161942752,0.0024632070286344583,0.04070620933946308,-0.07509202864806198,0.0
historical_mean,2026-02-27,VSS,0.004384120932677324,-0.09195775776152426,0.004384120932677324,0.044902989495041144,-0.09634187869420159,0.0
historical_mean,2026-02-27,BND,-0.0021971062705247687,-0.020459273388676813,-0.0021971062705247687,0.018108800586641993,-0.018262167118152043,0.0
historical_mean,2026-02-27,IEF,-0.0028570887109800086,-0.02626946195927571,-0.0028570887109800086,0.02171314797696794,-0.0234123732482957,0.0
historical_mean,2026-02-27,BNDX,-0.002276754244249397,-0.02445812349945309,-0.002276754244249397,0.014861124503188227,-0.02218136925520369,0.0
historical_mean,2026-02-27,LQD,-0.0019985279983067627,-0.02380357071815431,-0.0019985279983067627,0.027799085668264167,-0.021805042719847546,0.0
historical_mean,2026-02-27,HYG,0.0005184175244693163,-0.01264655652256541,0.0005184175244693163,0.021760130566391447,-0.013164974047034726,0.0
historical_mean,2026-02-27,EWX,0.004062569344703256,-0.05906694056130268,0.004062569344703256,0.0355602158473397,-0.06312950990600594,0.0
historical_mean,2026-02-27,VWOB,-0.0001151143101267077,-0.03742886388704314,-0.0001151143101267077,0.02831703091655382,-0.03731374957691643,0.0
historical_mean,2026-02-27,HYEM,-5.067753201633674e-06,-0.024402651519384255,-5.067753201633674e-06,0.024465851696778215,-0.02439758376618262,0.0
positive_no_prior_both,2026-02-27,SPY,0.008452024473956918,-0.05236481425659356,0.007697552500714886,0.03320562606962994,-0.06081683873055048,-0.0007544719732420317
positive_no_prior_both,2026-02-27,MGK,0.009755919635871952,-0.05256666804441845,0.005003538957529604,0.04487799867977297,-0.062322587680290406,-0.004752380678342348
positive_no_prior_both,2026-02-27,VTV,0.0075325984466227975,-0.05111916666844174,0.010700528752520092,0.03512381981699228,-0.058651765115064536,0.0031679303058972947
positive_no_prior_both,2026-02-27,IJR,0.0029464911599937408,-0.0430573291552121,0.008036568968280451,0.04951654535478562,-0.04600382031520584,0.00509007780828671
positive_no_prior_both,2026-02-27,IWM,0.002561787595887856,-0.052595723393065286,0.006825680125846296,0.0491385707899475,-0.05515751098895314,0.00426389252995844
positive_no_prior_both,2026-02-27,VNQ,0.002305670431819693,-0.066081450572396,0.006273838743523772,0.04453350284060169,-0.06838712100421569,0.003968168311704079
positive_no_prior_both,2026-02-27,VNQI,3.283017448173479e-05,-0.1261996923521307,0.006983282518722787,0.040359874495162276,-0.12623252252661243,0.0069504523442410525
positive_no_prior_both,2026-02-27,VEA,0.006774299765135943,-0.0890166153043781,0.014509497124085476,0.038447067403490784,-0.09579091506951404,0.007735197358949533
positive_no_prior_both,2026-02-27,VWO,0.0024632070286344583,-0.07262882161942752,0.012436991425570407,0.039020104155803814,-0.07509202864806198,0.009973784396935949
positive_no_prior_both,2026-02-27,VSS,0.004384120932677324,-0.09195775776152426,0.01330147230776537,0.03805869000598697,-0.09634187869420159,0.008917351375088046
positive_no_prior_both,2026-02-27,BND,-0.0021971062705247687,-0.020459273388676813,-0.0003602996192883911,0.013665844164980836,-0.018262167118152043,0.0018368066512363776
positive_no_prior_both,2026-02-27,IEF,-0.0028570887109800086,-0.02626946195927571,-0.001253807523807688,0.016628441952116973,-0.0234123732482957,0.0016032811871723206
positive_no_prior_both,2026-02-27,BNDX,-0.002276754244249397,-0.02445812349945309,-0.0015064717222272104,0.011045517457906395,-0.02218136925520369,0.0007702825220221865
positive_no_prior_both,2026-02-27,LQD,-0.0019985279983067627,-0.02380357071815431,-0.0005682667657438477,0.020637460062006487,-0.021805042719847546,0.001430261232562915
positive_no_prior_both,2026-02-27,HYG,0.0005184175244693163,-0.01264655652256541,0.000482808311590293,0.01662956635344463,-0.013164974047034726,-3.560921287902325e-05
positive_no_prior_both,2026-02-27,EWX,0.004062569344703256,-0.05906694056130268,0.009957894916558546,0.033450738943044366,-0.06312950990600594,0.00589532557185529
positive_no_prior_both,2026-02-27,VWOB,-0.0001151143101267077,-0.03742886388704314,0.002436034066247965,0.02247468906983111,-0.03731374957691643,0.002551148376374673
positive_no_prior_both,2026-02-27,HYEM,-5.067753201633674e-06,-0.024402651519384255,0.0024409159962358864,0.022399810063246775,-0.02439758376618262,0.00244598374943752
positive_no_prior_outputscale_only,2026-02-27,SPY,0.008452024473956918,-0.05236481425659356,0.0012297461003634878,0.0327019683887049,-0.06081683873055048,-0.00722227837359343
positive_no_prior_outputscale_only,2026-02-27,MGK,0.009755919635871952,-0.05256666804441845,-0.006423619994095549,0.0446368673896673,-0.062322587680290406,-0.0161795396299675
positive_no_prior_outputscale_only,2026-02-27,VTV,0.0075325984466227975,-0.05111916666844174,0.008640141763864928,0.034469911742311954,-0.058651765115064536,0.001107543317242131
positive_no_prior_outputscale_only,2026-02-27,IJR,0.0029464911599937408,-0.0430573291552121,0.0028989224941427753,0.04883376348253218,-0.04600382031520584,-4.756866585096551e-05
positive_no_prior_outputscale_only,2026-02-27,IWM,0.002561787595887856,-0.052595723393065286,0.0024808555679987393,0.04873799920665414,-0.05515751098895314,-8.09320278891165e-05
positive_no_prior_outputscale_only,2026-02-27,VNQ,0.002305670431819693,-0.066081450572396,0.0015258336941968561,0.044262904656641504,-0.06838712100421569,-0.0007798367376228368
positive_no_prior_outputscale_only,2026-02-27,VNQI,3.283017448173479e-05,-0.1261996923521307,0.007082366282184443,0.039111147109514084,-0.12623252252661243,0.007049536107702708
positive_no_prior_outputscale_only,2026-02-27,VEA,0.006774299765135943,-0.0890166153043781,0.015973387533367075,0.03766224502620734,-0.09579091506951404,0.009199087768231133
positive_no_prior_outputscale_only,2026-02-27,VWO,0.0024632070286344583,-0.07262882161942752,0.019097146687784804,0.03874964122803068,-0.07509202864806198,0.016633939659150346
positive_no_prior_outputscale_only,2026-02-27,VSS,0.004384120932677324,-0.09195775776152426,0.017419059575678596,0.037752372052828796,-0.09634187869420159,0.013034938643001271
positive_no_prior_outputscale_only,2026-02-27,BND,-0.0021971062705247687,-0.020459273388676813,-0.002219370688574595,0.013747804963020816,-0.018262167118152043,-2.226441804982623e-05
positive_no_prior_outputscale_only,2026-02-27,IEF,-0.0028570887109800086,-0.02626946195927571,-0.0030309794598176354,0.016782694022196662,-0.0234123732482957,-0.00017389074883762679
positive_no_prior_outputscale_only,2026-02-27,BNDX,-0.002276754244249397,-0.02445812349945309,-0.004006120094612162,0.011134231596084784,-0.02218136925520369,-0.001729365850362765
positive_no_prior_outputscale_only,2026-02-27,LQD,-0.0019985279983067627,-0.02380357071815431,-0.0039026365405032525,0.02057162062563602,-0.021805042719847546,-0.0019041085421964898
positive_no_prior_outputscale_only,2026-02-27,HYG,0.0005184175244693163,-0.01264655652256541,-0.003610525238368646,0.016099766829132243,-0.013164974047034726,-0.004128942762837962
positive_no_prior_outputscale_only,2026-02-27,EWX,0.004062569344703256,-0.05906694056130268,0.016635448422628006,0.03401235134676189,-0.06312950990600594,0.01257287907792475
positive_no_prior_outputscale_only,2026-02-27,VWOB,-0.0001151143101267077,-0.03742886388704314,3.5514326021986574e-05,0.022591551427676243,-0.03731374957691643,0.00015062863614869428
positive_no_prior_outputscale_only,2026-02-27,HYEM,-5.067753201633674e-06,-0.024402651519384255,0.001803752040676159,0.022317880515168538,-0.02439758376618262,0.0018088197938777929
positive_no_prior_lengthscale_only,2026-02-27,SPY,0.008452024473956918,-0.05236481425659356,0.006073160647221585,0.04708662528943783,-0.06081683873055048,-0.002378863826735333
positive_no_prior_lengthscale_only,2026-02-27,MGK,0.009755919635871952,-0.05256666804441845,0.006829811891040616,0.06148243793948113,-0.062322587680290406,-0.002926107744831336
positive_no_prior_lengthscale_only,2026-02-27,VTV,0.0075325984466227975,-0.05111916666844174,0.007216508935406941,0.042308060361662424,-0.058651765115064536,-0.0003160895112158564
positive_no_prior_lengthscale_only,2026-02-27,IJR,0.0029464911599937408,-0.0430573291552121,-0.0007763227415374515,0.05762384290453149,-0.04600382031520584,-0.0037228139015311923
positive_no_prior_lengthscale_only,2026-02-27,IWM,0.002561787595887856,-0.052595723393065286,-0.0009249404764085662,0.05972338017944561,-0.05515751098895314,-0.003486728072296422
positive_no_prior_lengthscale_only,2026-02-27,VNQ,0.002305670431819693,-0.066081450572396,0.0013395309161333539,0.053970037986032025,-0.06838712100421569,-0.0009661395156863391
positive_no_prior_lengthscale_only,2026-02-27,VNQI,3.283017448173479e-05,-0.1261996923521307,0.0008759291731573649,0.046422765619236826,-0.12623252252661243,0.0008430989986756301
positive_no_prior_lengthscale_only,2026-02-27,VEA,0.006774299765135943,-0.0890166153043781,0.011139519809628991,0.04579488911529455,-0.09579091506951404,0.0043652200444930485
positive_no_prior_lengthscale_only,2026-02-27,VWO,0.0024632070286344583,-0.07262882161942752,0.006327315090357524,0.043353586888729624,-0.07509202864806198,0.0038641080617230652
positive_no_prior_lengthscale_only,2026-02-27,VSS,0.004384120932677324,-0.09195775776152426,0.00862161534798182,0.046372810653207024,-0.09634187869420159,0.004237494415304495
positive_no_prior_lengthscale_only,2026-02-27,BND,-0.0021971062705247687,-0.020459273388676813,-0.0016948667175548755,0.01594898124951071,-0.018262167118152043,0.0005022395529698932
positive_no_prior_lengthscale_only,2026-02-27,IEF,-0.0028570887109800086,-0.02626946195927571,-0.0028936408093467457,0.01893385840160226,-0.0234123732482957,-3.655209836673709e-05
positive_no_prior_lengthscale_only,2026-02-27,BNDX,-0.002276754244249397,-0.02445812349945309,-0.002453949903546914,0.014033091460417957,-0.02218136925520369,-0.00017719565929751697
positive_no_prior_lengthscale_only,2026-02-27,LQD,-0.0019985279983067627,-0.02380357071815431,-0.003417181476455286,0.024815848997913958,-0.021805042719847546,-0.0014186534781485231
positive_no_prior_lengthscale_only,2026-02-27,HYG,0.0005184175244693163,-0.01264655652256541,-0.0010470804882658886,0.02169941242765917,-0.013164974047034726,-0.0015654980127352048
positive_no_prior_lengthscale_only,2026-02-27,EWX,0.004062569344703256,-0.05906694056130268,0.006761775255739587,0.03796818946278351,-0.06312950990600594,0.002699205911036331
positive_no_prior_lengthscale_only,2026-02-27,VWOB,-0.0001151143101267077,-0.03742886388704314,-0.0015758742406281878,0.028002588182502546,-0.03731374957691643,-0.0014607599305014802
positive_no_prior_lengthscale_only,2026-02-27,HYEM,-5.067753201633674e-06,-0.024402651519384255,-0.001283038613868446,0.02542528087621804,-0.02439758376618262,-0.0012779708606668121
positive_no_prior_neither,2026-02-27,SPY,0.008452024473956918,-0.05236481425659356,-0.0002578799265592676,0.0426814134390288,-0.06081683873055048,-0.008709904400516185
positive_no_prior_neither,2026-02-27,MGK,0.009755919635871952,-0.05256666804441845,-0.003224069156013391,0.055727307172801235,-0.062322587680290406,-0.012979988791885343
positive_no_prior_neither,2026-02-27,VTV,0.0075325984466227975,-0.05111916666844174,0.0055509427855162325,0.04022553290299844,-0.058651765115064536,-0.001981655661106565
positive_no_prior_neither,2026-02-27,IJR,0.0029464911599937408,-0.0430573291552121,-0.004608587748252811,0.05475938415213485,-0.04600382031520584,-0.007555078908246552
positive_no_prior_neither,2026-02-27,IWM,0.002561787595887856,-0.052595723393065286,-0.0048470116579253505,0.056464985620943216,-0.05515751098895314,-0.007408799253813206
positive_no_prior_neither,2026-02-27,VNQ,0.002305670431819693,-0.066081450572396,-0.0019454644247783766,0.05111176081819858,-0.06838712100421569,-0.0042511348565980695
positive_no_prior_neither,2026-02-27,VNQI,3.283017448173479e-05,-0.1261996923521307,0.0017651143053090735,0.04474399913811249,-0.12623252252661243,0.0017322841308273387
positive_no_prior_neither,2026-02-27,VEA,0.006774299765135943,-0.0890166153043781,0.01043042682945829,0.04294486636784274,-0.09579091506951404,0.0036561270643223473
positive_no_prior_neither,2026-02-27,VWO,0.0024632070286344583,-0.07262882161942752,0.0065041416603006386,0.04167376961247668,-0.07509202864806198,0.004040934631666181
positive_no_prior_neither,2026-02-27,VSS,0.004384120932677324,-0.09195775776152426,0.008327181752793653,0.043295656397527596,-0.09634187869420159,0.003943060820116329
positive_no_prior_neither,2026-02-27,BND,-0.0021971062705247687,-0.020459273388676813,-0.0031891001621420795,0.014977998662912209,-0.018262167118152043,-0.0009919938916173108
positive_no_prior_neither,2026-02-27,IEF,-0.0028570887109800086,-0.02626946195927571,-0.0044638777750520406,0.018237400250252944,-0.0234123732482957,-0.001606789064072032
positive_no_prior_neither,2026-02-27,BNDX,-0.002276754244249397,-0.02445812349945309,-0.0036326341707711516,0.012999602786832615,-0.02218136925520369,-0.0013558799265217547
positive_no_prior_neither,2026-02-27,LQD,-0.0019985279983067627,-0.02380357071815431,-0.006545181361645035,0.022980950961733734,-0.021805042719847546,-0.004546653363338272
positive_no_prior_neither,2026-02-27,HYG,0.0005184175244693163,-0.01264655652256541,-0.0050327881746231005,0.020071412447295676,-0.013164974047034726,-0.005551205699092417
positive_no_prior_neither,2026-02-27,EWX,0.004062569344703256,-0.05906694056130268,0.00820048258932704,0.0367042749629745,-0.06312950990600594,0.004137913244623785
positive_no_prior_neither,2026-02-27,VWOB,-0.0001151143101267077,-0.03742886388704314,-0.0041608932602718056,0.025840937825684068,-0.03731374957691643,-0.004045778950145098
positive_no_prior_neither,2026-02-27,HYEM,-5.067753201633674e-06,-0.024402651519384255,-0.0029888706285605415,0.02439669781416211,-0.02439758376618262,-0.002983802875358908
historical_mean,2026-03-31,SPY,0.00743841049511441,0.10158469057343722,0.00743841049511441,0.04380094533218517,0.0941462800783228,0.0
historical_mean,2026-03-31,MGK,0.008717209841200446,0.13945658747726553,0.008717209841200446,0.057663513967847115,0.13073937763606508,0.0
historical_mean,2026-03-31,VTV,0.006555069028038389,0.0506170669983208,0.006555069028038389,0.04005423780130565,0.044061997970282415,0.0
historical_mean,2026-03-31,IJR,0.002179760821406977,0.09942684130728341,0.002179760821406977,0.056044385336257975,0.09724708048587644,0.0
historical_mean,2026-03-31,IWM,0.0016424957460719702,0.11732924859591698,0.0016424957460719702,0.057482790683064756,0.115686752849845,0.0
historical_mean,2026-03-31,VNQ,0.0011658850817494312,0.08261211567781301,0.0011658850817494312,0.05512841278293588,0.08144623059606358,0.0
historical_mean,2026-03-31,VNQI,-0.0020710452009618054,0.05920759938488018,-0.0020710452009618054,0.04915374065698681,0.061278644585841986,0.0
historical_mean,2026-03-31,VEA,0.005177784513977376,0.07028850576993428,0.005177784513977376,0.04555243662199848,0.0651107212559569,0.0
historical_mean,2026-03-31,VWO,0.0012116732178334255,0.08686516780484332,0.0012116732178334255,0.041507722443310205,0.0856534945870099,0.0
historical_mean,2026-03-31,VSS,0.002778422954440631,0.08096490152679459,0.002778422954440631,0.046225536385739896,0.07818647857235396,0.0
historical_mean,2026-03-31,BND,-0.0025014757224939696,-0.001644084190784434,-0.0025014757224939696,0.01810880977936401,0.0008573915317095357,0.0
historical_mean,2026-03-31,IEF,-0.003247294931784937,-0.004636900424381141,-0.003247294931784937,0.021739493734252734,-0.0013896054925962038,0.0
historical_mean,2026-03-31,BNDX,-0.002646443731836125,-0.0008092670395931645,-0.002646443731836125,0.015010328743313879,0.0018371766922429607,0.0
historical_mean,2026-03-31,LQD,-0.0023619453769708884,-0.0003280238707080718,-0.0023619453769708884,0.027705872555016418,0.0020339215062628166,0.0
historical_mean,2026-03-31,HYG,0.00029900129035207075,0.012020620280474459,0.00029900129035207075,0.02164177469464109,0.011721618990122388,0.0
historical_mean,2026-03-31,EWX,0.003010410846269823,0.10571433591391832,0.003010410846269823,0.03618726996296255,0.1027039250676485,0.0
historical_mean,2026-03-31,VWOB,-0.0007370101364086482,0.020791542317250666,-0.0007370101364086482,0.0284862906540071,0.021528552453659314,0.0
historical_mean,2026-03-31,HYEM,-0.0004116941493046774,0.022278894658412263,-0.0004116941493046774,0.02446125942559684,0.02269058880771694,0.0
positive_no_prior_both,2026-03-31,SPY,0.00743841049511441,0.10158469057343722,0.007031056216383773,0.03579914212783518,0.0941462800783228,-0.00040735427873063706
positive_no_prior_both,2026-03-31,MGK,0.008717209841200446,0.13945658747726553,0.01053713841288457,0.04522039407610165,0.13073937763606508,0.0018199285716841238
positive_no_prior_both,2026-03-31,VTV,0.006555069028038389,0.0506170669983208,0.0038355645323649235,0.03458982250950439,0.044061997970282415,-0.002719504495673465
positive_no_prior_both,2026-03-31,IJR,0.002179760821406977,0.09942684130728341,-0.002316499109208997,0.047285572812978786,0.09724708048587644,-0.004496259930615974
positive_no_prior_both,2026-03-31,IWM,0.0016424957460719702,0.11732924859591698,-0.0013153176463885285,0.04846011151394199,0.115686752849845,-0.0029578133924604987
positive_no_prior_both,2026-03-31,VNQ,0.0011658850817494312,0.08261211567781301,-0.00024219268818255696,0.042602082096943224,0.08144623059606358,-0.0014080777699319882
positive_no_prior_both,2026-03-31,VNQI,-0.0020710452009618054,0.05920759938488018,0.0012497136430904645,0.03959709140918368,0.061278644585841986,0.00332075884405227
positive_no_prior_both,2026-03-31,VEA,0.005177784513977376,0.07028850576993428,0.008194546813808403,0.039011900534817186,0.0651107212559569,0.0030167622998310273
positive_no_prior_both,2026-03-31,VWO,0.0012116732178334255,0.08686516780484332,0.007198743215566644,0.034520462574529814,0.0856534945870099,0.005987069997733218
positive_no_prior_both,2026-03-31,VSS,0.002778422954440631,0.08096490152679459,0.005586563091894288,0.038536842067137804,0.07818647857235396,0.002808140137453657
positive_no_prior_both,2026-03-31,BND,-0.0025014757224939696,-0.001644084190784434,0.0002891668733562762,0.013166024533633492,0.0008573915317095357,0.0027906425958502457
positive_no_prior_both,2026-03-31,IEF,-0.003247294931784937,-0.004636900424381141,4.494448129716867e-05,0.01539904048198492,-0.0013896054925962038,0.0032922394130821056
positive_no_prior_both,2026-03-31,BNDX,-0.002646443731836125,-0.0008092670395931645,-0.00041698652030308083,0.01036932241463253,0.0018371766922429607,0.0022294572115330443
positive_no_prior_both,2026-03-31,LQD,-0.0023619453769708884,-0.0003280238707080718,0.0014527075410947225,0.02032457809620462,0.0020339215062628166,0.003814652918065611
positive_no_prior_both,2026-03-31,HYG,0.00029900129035207075,0.012020620280474459,0.0024825049614961895,0.016377555201918085,0.011721618990122388,0.002183503671144119
positive_no_prior_both,2026-03-31,EWX,0.003010410846269823,0.10571433591391832,0.006287115536798189,0.03047918720510563,0.1027039250676485,0.0032767046905283655
positive_no_prior_both,2026-03-31,VWOB,-0.0007370101364086482,0.020791542317250666,0.0023248499984917324,0.02279903728022951,0.021528552453659314,0.0030618601349003804
positive_no_prior_both,2026-03-31,HYEM,-0.0004116941493046774,0.022278894658412263,0.0016648771881961955,0.020430911591548567,0.02269058880771694,0.002076571337500873
positive_no_prior_outputscale_only,2026-03-31,SPY,0.00743841049511441,0.10158469057343722,0.010556082131025766,0.035008231426164896,0.0941462800783228,0.0031176716359113564
positive_no_prior_outputscale_only,2026-03-31,MGK,0.008717209841200446,0.13945658747726553,0.018863954207730897,0.046131811985751496,0.13073937763606508,0.010146744366530451
positive_no_prior_outputscale_only,2026-03-31,VTV,0.006555069028038389,0.0506170669983208,0.0016424857189077605,0.03487482217071659,0.044061997970282415,-0.004912583309130628
positive_no_prior_outputscale_only,2026-03-31,IJR,0.002179760821406977,0.09942684130728341,-0.0030075949643656326,0.04700015516012031,0.09724708048587644,-0.00518735578577261
positive_no_prior_outputscale_only,2026-03-31,IWM,0.0016424957460719702,0.11732924859591698,0.0006197331653305519,0.047810547182877534,0.115686752849845,-0.0010227625807414183
positive_no_prior_outputscale_only,2026-03-31,VNQ,0.0011658850817494312,0.08261211567781301,0.001994681688859315,0.04376118767774856,0.08144623059606358,0.0008287966071098838
positive_no_prior_outputscale_only,2026-03-31,VNQI,-0.0020710452009618054,0.05920759938488018,0.0030573555405227246,0.04081076405032779,0.061278644585841986,0.00512840074148453
positive_no_prior_outputscale_only,2026-03-31,VEA,0.005177784513977376,0.07028850576993428,0.010033146223064473,0.0388129784313278,0.0651107212559569,0.004855361709087097
positive_no_prior_outputscale_only,2026-03-31,VWO,0.0012116732178334255,0.08686516780484332,0.008367664045786382,0.035191188619230006,0.0856534945870099,0.007155990827952956
positive_no_prior_outputscale_only,2026-03-31,VSS,0.002778422954440631,0.08096490152679459,0.00970513966550733,0.038827397160476874,0.07818647857235396,0.006926716711066698
positive_no_prior_outputscale_only,2026-03-31,BND,-0.0025014757224939696,-0.001644084190784434,0.0022097587616864275,0.013496636298532086,0.0008573915317095357,0.004711234484180397
positive_no_prior_outputscale_only,2026-03-31,IEF,-0.003247294931784937,-0.004636900424381141,0.002272366807459866,0.016034528987042843,-0.0013896054925962038,0.005519661739244803
positive_no_prior_outputscale_only,2026-03-31,BNDX,-0.002646443731836125,-0.0008092670395931645,0.0020397722353131266,0.01078405479144714,0.0018371766922429607,0.004686215967149252
positive_no_prior_outputscale_only,2026-03-31,LQD,-0.0023619453769708884,-0.0003280238707080718,0.004455960614874742,0.020388967936093277,0.0020339215062628166,0.006817905991845631
positive_no_prior_outputscale_only,2026-03-31,HYG,0.00029900129035207075,0.012020620280474459,0.004355990850910418,0.01645956563703493,0.011721618990122388,0.0040569895605583476
positive_no_prior_outputscale_only,2026-03-31,EWX,0.003010410846269823,0.10571433591391832,0.00862957511392775,0.03152898785519734,0.1027039250676485,0.0056191642676579265
positive_no_prior_outputscale_only,2026-03-31,VWOB,-0.0007370101364086482,0.020791542317250666,0.00512789240275751,0.022708453095230886,0.021528552453659314,0.005864902539166158
positive_no_prior_outputscale_only,2026-03-31,HYEM,-0.0004116941493046774,0.022278894658412263,0.0008768977853842893,0.020463883184919342,0.02269058880771694,0.0012885919346889666
positive_no_prior_lengthscale_only,2026-03-31,SPY,0.00743841049511441,0.10158469057343722,0.007052282126476561,0.03965363411433308,0.0941462800783228,-0.0003861283686378489
positive_no_prior_lengthscale_only,2026-03-31,MGK,0.008717209841200446,0.13945658747726553,0.010408340970964294,0.04958138530968905,0.13073937763606508,0.0016911311297638475
positive_no_prior_lengthscale_only,2026-03-31,VTV,0.006555069028038389,0.0506170669983208,0.0022162395651288127,0.04148100452722329,0.044061997970282415,-0.004338829462909576
positive_no_prior_lengthscale_only,2026-03-31,IJR,0.002179760821406977,0.09942684130728341,-0.0016683205078943477,0.0556040496393046,0.09724708048587644,-0.0038480813293013246
positive_no_prior_lengthscale_only,2026-03-31,IWM,0.0016424957460719702,0.11732924859591698,-0.0012987288997522873,0.05643390896109513,0.115686752849845,-0.0029412246458242574
positive_no_prior_lengthscale_only,2026-03-31,VNQ,0.0011658850817494312,0.08261211567781301,-0.0001262618647048094,0.04975860866996129,0.08144623059606358,-0.0012921469464542406
positive_no_prior_lengthscale_only,2026-03-31,VNQI,-0.0020710452009618054,0.05920759938488018,-0.00045337006869320047,0.04726460631217254,0.061278644585841986,0.001617675132268605
positive_no_prior_lengthscale_only,2026-03-31,VEA,0.005177784513977376,0.07028850576993428,0.006372873903362969,0.04403342424938489,0.0651107212559569,0.001195089389385593
positive_no_prior_lengthscale_only,2026-03-31,VWO,0.0012116732178334255,0.08686516780484332,0.0020922268476621887,0.04110541692667826,0.0856534945870099,0.0008805536298287632
positive_no_prior_lengthscale_only,2026-03-31,VSS,0.002778422954440631,0.08096490152679459,0.00412036435909353,0.04412924833239673,0.07818647857235396,0.0013419414046528986
positive_no_prior_lengthscale_only,2026-03-31,BND,-0.0025014757224939696,-0.001644084190784434,0.0005629124817439486,0.013844333009111604,0.0008573915317095357,0.003064388204237918
positive_no_prior_lengthscale_only,2026-03-31,IEF,-0.003247294931784937,-0.004636900424381141,2.7807596259711662e-05,0.01698156320713754,-0.0013896054925962038,0.0032751025280446486
positive_no_prior_lengthscale_only,2026-03-31,BNDX,-0.002646443731836125,-0.0008092670395931645,0.0005207632739632436,0.012254329533955102,0.0018371766922429607,0.003167207005799369
positive_no_prior_lengthscale_only,2026-03-31,LQD,-0.0023619453769708884,-0.0003280238707080718,0.001393481624399878,0.020961627015765105,0.0020339215062628166,0.0037554270013707663
positive_no_prior_lengthscale_only,2026-03-31,HYG,0.00029900129035207075,0.012020620280474459,0.0026632200796366423,0.018441696898062077,0.011721618990122388,0.0023642187892845717
positive_no_prior_lengthscale_only,2026-03-31,EWX,0.003010410846269823,0.10571433591391832,0.004504478166576434,0.03534986953791834,0.1027039250676485,0.001494067320306611
positive_no_prior_lengthscale_only,2026-03-31,VWOB,-0.0007370101364086482,0.020791542317250666,0.00020135049774696408,0.02486144577929072,0.021528552453659314,0.0009383606341556123
positive_no_prior_lengthscale_only,2026-03-31,HYEM,-0.0004116941493046774,0.022278894658412263,-0.0011385005768600933,0.024534715529269148,0.02269058880771694,-0.000726806427555416
positive_no_prior_neither,2026-03-31,SPY,0.00743841049511441,0.10158469057343722,0.004679697215304666,0.04112221268402165,0.0941462800783228,-0.0027587132798097443
positive_no_prior_neither,2026-03-31,MGK,0.008717209841200446,0.13945658747726553,0.006501412630433223,0.05123456699205394,0.13073937763606508,-0.0022157972107672234
positive_no_prior_neither,2026-03-31,VTV,0.006555069028038389,0.0506170669983208,0.001243633655084851,0.04113664824771662,0.044061997970282415,-0.005311435372953538
positive_no_prior_neither,2026-03-31,IJR,0.002179760821406977,0.09942684130728341,-0.0010738612403356426,0.055279908353778454,0.09724708048587644,-0.0032536220617426195
positive_no_prior_neither,2026-03-31,IWM,0.0016424957460719702,0.11732924859591698,-0.0008252493224254094,0.0562676380554925,0.115686752849845,-0.0024677450684973796
positive_no_prior_neither,2026-03-31,VNQ,0.0011658850817494312,0.08261211567781301,0.0007556941707511857,0.051548921157192985,0.08144623059606358,-0.00041019091099824554
positive_no_prior_neither,2026-03-31,VNQI,-0.0020710452009618054,0.05920759938488018,-0.001394402069618014,0.048739787599644695,0.061278644585841986,0.0006766431313437915
positive_no_prior_neither,2026-03-31,VEA,0.005177784513977376,0.07028850576993428,0.0047922809180347735,0.04507930211310669,0.0651107212559569,-0.00038550359594260227
positive_no_prior_neither,2026-03-31,VWO,0.0012116732178334255,0.08686516780484332,0.001878128701360342,0.042925333128833516,0.0856534945870099,0.0006664554835269165
positive_no_prior_neither,2026-03-31,VSS,0.002778422954440631,0.08096490152679459,0.0029441503056759867,0.04551915452629302,0.07818647857235396,0.00016572735123535553
positive_no_prior_neither,2026-03-31,BND,-0.0025014757224939696,-0.001644084190784434,0.0010698416630671955,0.014419566775425404,0.0008573915317095357,0.003571317385561165
positive_no_prior_neither,2026-03-31,IEF,-0.003247294931784937,-0.004636900424381141,0.0008399223335741361,0.017697996730950988,-0.0013896054925962038,0.004087217265359073
positive_no_prior_neither,2026-03-31,BNDX,-0.002646443731836125,-0.0008092670395931645,0.0007176969712546733,0.012406917489799574,0.0018371766922429607,0.0033641407030907985
positive_no_prior_neither,2026-03-31,LQD,-0.0023619453769708884,-0.0003280238707080718,0.0019662199533563938,0.022063405541555402,0.0020339215062628166,0.004328165330327282
positive_no_prior_neither,2026-03-31,HYG,0.00029900129035207075,0.012020620280474459,0.0026346756137004363,0.01900392213681794,0.011721618990122388,0.0023356743233483657
positive_no_prior_neither,2026-03-31,EWX,0.003010410846269823,0.10571433591391832,0.0034973828499686934,0.037131709201040065,0.1027039250676485,0.0004869720036988702
positive_no_prior_neither,2026-03-31,VWOB,-0.0007370101364086482,0.020791542317250666,0.0006603288195465727,0.02600867034442024,0.021528552453659314,0.001397338955955221
positive_no_prior_neither,2026-03-31,HYEM,-0.0004116941493046774,0.022278894658412263,-0.002266170268747242,0.02522864868493586,0.02269058880771694,-0.0018544761194425646
historical_mean,2026-04-30,SPY,0.008981792135742652,0.049483664963993146,0.008981792135742652,0.04507605874518664,0.04050187282825049,0.0
historical_mean,2026-04-30,MGK,0.010860478327037579,0.08330425574857636,0.010860478327037579,0.059580805776805634,0.07244377742153878,0.0
historical_mean,2026-04-30,VTV,0.0072773968636167885,0.021460679046998887,0.0072773968636167885,0.0401177035821421,0.0141832821833821,0.0
historical_mean,2026-04-30,IJR,0.0037739752556016724,0.008359592272450422,0.0037739752556016724,0.05695310592921334,0.00458561701684875,0.0
historical_mean,2026-04-30,IWM,0.0035389998911513967,0.04170616807391436,0.0035389998911513967,0.058894825273066186,0.038167168182762966,0.0
historical_mean,2026-04-30,VNQ,0.002501069189881621,-0.009505527770350963,0.002501069189881621,0.055652809846333355,-0.012006596960232584,0.0
historical_mean,2026-04-30,VNQI,-0.0010664772569316092,-0.02873894096208207,-0.0010664772569316092,0.049369835043637414,-0.027672463705150464,0.0
historical_mean,2026-04-30,VEA,0.006245173387025849,0.04005467192775236,0.006245173387025849,0.045934074500483174,0.03380949854072651,0.0
historical_mean,2026-04-30,VWO,0.002615828866800801,0.013087733301134774,0.002615828866800801,0.042596326253976136,0.010471904434333972,0.0
historical_mean,2026-04-30,VSS,0.00406016850480709,0.0153673341636833,0.00406016850480709,0.04691910110238484,0.01130716565887621,0.0
historical_mean,2026-04-30,BND,-0.0024874201236134855,-0.00023588979226363271,-0.0024874201236134855,0.017957604505693114,0.002251530331349853,0.0
historical_mean,2026-04-30,IEF,-0.00327007534969635,-0.0031745273257528517,-0.00327007534969635,0.02155830428903072,9.554802394349821e-05,0.0
historical_mean,2026-04-30,BNDX,-0.002616326081143618,0.005188840393763217,-0.002616326081143618,0.014886575639767741,0.007805166474906835,0.0
historical_mean,2026-04-30,LQD,-0.002328602401458383,0.005612799118414058,-0.002328602401458383,0.027475254347549594,0.007941401519872441,0.0
historical_mean,2026-04-30,HYG,0.0004911589787147328,0.0013666068307942592,0.0004911589787147328,0.021513082165906798,0.0008754478520795263,0.0
historical_mean,2026-04-30,EWX,0.004694081749018159,0.01835836502980981,0.004694081749018159,0.03821796448204132,0.01366428328079165,0.0
historical_mean,2026-04-30,VWOB,-0.0003840830470043972,0.006564291011867507,-0.0003840830470043972,0.028382076832525596,0.006948374058871904,0.0
historical_mean,2026-04-30,HYEM,-3.971728360439966e-05,0.00658729224447252,-3.971728360439966e-05,0.024429920860436004,0.0066270095280769195,0.0
positive_no_prior_both,2026-04-30,SPY,0.008981792135742652,0.049483664963993146,0.010676189446953959,0.03901991219854764,0.04050187282825049,0.001694397311211307
positive_no_prior_both,2026-04-30,MGK,0.010860478327037579,0.08330425574857636,0.01546106475162558,0.05362405885271638,0.07244377742153878,0.0046005864245880004
positive_no_prior_both,2026-04-30,VTV,0.0072773968636167885,0.021460679046998887,0.007380729164427589,0.03730973392587401,0.0141832821833821,0.00010333230081080013
positive_no_prior_both,2026-04-30,IJR,0.0037739752556016724,0.008359592272450422,0.002240731408210673,0.05414775565869317,0.00458561701684875,-0.0015332438473909995
positive_no_prior_both,2026-04-30,IWM,0.0035389998911513967,0.04170616807391436,0.004251065991016852,0.05396104670875914,0.038167168182762966,0.0007120660998654552
positive_no_prior_both,2026-04-30,VNQ,0.002501069189881621,-0.009505527770350963,0.005161770744959925,0.04898164993351759,-0.012006596960232584,0.0026607015550783038
positive_no_prior_both,2026-04-30,VNQI,-0.0010664772569316092,-0.02873894096208207,-0.003923999089494665,0.045588147427363994,-0.027672463705150464,-0.002857521832563056
positive_no_prior_both,2026-04-30,VEA,0.006245173387025849,0.04005467192775236,0.004264517037624433,0.04321653213820691,0.03380949854072651,-0.0019806563494014166
positive_no_prior_both,2026-04-30,VWO,0.002615828866800801,0.013087733301134774,0.006800814055460553,0.03944837537521604,0.010471904434333972,0.004184985188659752
positive_no_prior_both,2026-04-30,VSS,0.00406016850480709,0.0153673341636833,0.0030187516784553033,0.043086512421281344,0.01130716565887621,-0.0010414168263517863
positive_no_prior_both,2026-04-30,BND,-0.0024874201236134855,-0.00023588979226363271,-0.0045859886959910695,0.015859703849817424,0.002251530331349853,-0.002098568572377584
positive_no_prior_both,2026-04-30,IEF,-0.00327007534969635,-0.0031745273257528517,-0.00665468319675845,0.01843796064984967,9.554802394349821e-05,-0.0033846078470620997
positive_no_prior_both,2026-04-30,BNDX,-0.002616326081143618,0.005188840393763217,-0.0053174704362536525,0.012461510214113116,0.007805166474906835,-0.0027011443551100346
positive_no_prior_both,2026-04-30,LQD,-0.002328602401458383,0.005612799118414058,-0.005213576925278092,0.02324264783077317,0.007941401519872441,-0.002884974523819709
positive_no_prior_both,2026-04-30,HYG,0.0004911589787147328,0.0013666068307942592,-0.0008043660161135895,0.018440146235647555,0.0008754478520795263,-0.0012955249948283223
positive_no_prior_both,2026-04-30,EWX,0.004694081749018159,0.01835836502980981,0.007555333509419358,0.03551620816668521,0.01366428328079165,0.002861251760401199
positive_no_prior_both,2026-04-30,VWOB,-0.0003840830470043972,0.006564291011867507,-0.001627799981185168,0.025094837108414782,0.006948374058871904,-0.0012437169341807707
positive_no_prior_both,2026-04-30,HYEM,-3.971728360439966e-05,0.00658729224447252,0.0010141046241315475,0.02353439133071223,0.0066270095280769195,0.001053821907735947
positive_no_prior_outputscale_only,2026-04-30,SPY,0.008981792135742652,0.049483664963993146,0.009990608255065566,0.04335469964838918,0.04050187282825049,0.0010088161193229136
positive_no_prior_outputscale_only,2026-04-30,MGK,0.010860478327037579,0.08330425574857636,0.011899949536581888,0.05215941837696187,0.07244377742153878,0.0010394712095443091
positive_no_prior_outputscale_only,2026-04-30,VTV,0.0072773968636167885,0.021460679046998887,0.008622068701928465,0.0435309704574,0.0141832821833821,0.0013446718383116766
positive_no_prior_outputscale_only,2026-04-30,IJR,0.0037739752556016724,0.008359592272450422,0.0013899921745669742,0.05971457662567939,0.00458561701684875,-0.002383983081034698
positive_no_prior_outputscale_only,2026-04-30,IWM,0.0035389998911513967,0.04170616807391436,0.0011244379409783884,0.06059711296971383,0.038167168182762966,-0.0024145619501730084
positive_no_prior_outputscale_only,2026-04-30,VNQ,0.002501069189881621,-0.009505527770350963,0.007851512348674126,0.05502186812143138,-0.012006596960232584,0.005350443158792505
positive_no_prior_outputscale_only,2026-04-30,VNQI,-0.0010664772569316092,-0.02873894096208207,-0.003972141229993548,0.05126519334880691,-0.027672463705150464,-0.0029056639730619385
positive_no_prior_outputscale_only,2026-04-30,VEA,0.006245173387025849,0.04005467192775236,0.004345214018602213,0.04751068241860869,0.03380949854072651,-0.0018999593684236368
positive_no_prior_outputscale_only,2026-04-30,VWO,0.002615828866800801,0.013087733301134774,0.0030914700270145774,0.045327570703446216,0.010471904434333972,0.00047564116021377644
positive_no_prior_outputscale_only,2026-04-30,VSS,0.00406016850480709,0.0153673341636833,0.0010492324628622101,0.04902682926039456,0.01130716565887621,-0.0030109360419448795
positive_no_prior_outputscale_only,2026-04-30,BND,-0.0024874201236134855,-0.00023588979226363271,-0.001932221294756781,0.016303066756171603,0.002251530331349853,0.0005551988288567044
positive_no_prior_outputscale_only,2026-04-30,IEF,-0.00327007534969635,-0.0031745273257528517,-0.0036471521492969445,0.01991484087998768,9.554802394349821e-05,-0.00037707679960059456
positive_no_prior_outputscale_only,2026-04-30,BNDX,-0.002616326081143618,0.005188840393763217,-0.004486256431661387,0.013297994279036966,0.007805166474906835,-0.0018699303505177694
positive_no_prior_outputscale_only,2026-04-30,LQD,-0.002328602401458383,0.005612799118414058,-0.001839354999895116,0.024142631185777422,0.007941401519872441,0.000489247401563267
positive_no_prior_outputscale_only,2026-04-30,HYG,0.0004911589787147328,0.0013666068307942592,-0.000704832022108422,0.020359842042745605,0.0008754478520795263,-0.001195991000823155
positive_no_prior_outputscale_only,2026-04-30,EWX,0.004694081749018159,0.01835836502980981,0.008341225537769286,0.03992944341565105,0.01366428328079165,0.003647143788751127
positive_no_prior_outputscale_only,2026-04-30,VWOB,-0.0003840830470043972,0.006564291011867507,0.0007381882276689515,0.02798536702793474,0.006948374058871904,0.0011222712746733487
positive_no_prior_outputscale_only,2026-04-30,HYEM,-3.971728360439966e-05,0.00658729224447252,0.0020709494674823145,0.027070012630510336,0.0066270095280769195,0.0021106667510867143
positive_no_prior_lengthscale_only,2026-04-30,SPY,0.008981792135742652,0.049483664963993146,0.003685758768148314,0.050214507861667916,0.04050187282825049,-0.005296033367594338
positive_no_prior_lengthscale_only,2026-04-30,MGK,0.010860478327037579,0.08330425574857636,0.006540989650102677,0.06546889969366858,0.07244377742153878,-0.004319488676934902
positive_no_prior_lengthscale_only,2026-04-30,VTV,0.0072773968636167885,0.021460679046998887,0.0041513680439093795,0.04501626113490895,0.0141832821833821,-0.003126028819707409
positive_no_prior_lengthscale_only,2026-04-30,IJR,0.0037739752556016724,0.008359592272450422,-0.006177816993543689,0.06296488322830522,0.00458561701684875,-0.009951792249145362
positive_no_prior_lengthscale_only,2026-04-30,IWM,0.0035389998911513967,0.04170616807391436,-0.006589008355376225,0.06598288816447924,0.038167168182762966,-0.010128008246527622
positive_no_prior_lengthscale_only,2026-04-30,VNQ,0.002501069189881621,-0.009505527770350963,8.538597913335067e-05,0.05972142251780761,-0.012006596960232584,-0.0024156832107482705
positive_no_prior_lengthscale_only,2026-04-30,VNQI,-0.0010664772569316092,-0.02873894096208207,-0.009533746527697874,0.0538430237579348,-0.027672463705150464,-0.008467269270766265
positive_no_prior_lengthscale_only,2026-04-30,VEA,0.006245173387025849,0.04005467192775236,-0.0007267696453056209,0.05128633721489425,0.03380949854072651,-0.00697194303233147
positive_no_prior_lengthscale_only,2026-04-30,VWO,0.002615828866800801,0.013087733301134774,-0.005078296626953441,0.04869928933598372,0.010471904434333972,-0.007694125493754242
positive_no_prior_lengthscale_only,2026-04-30,VSS,0.00406016850480709,0.0153673341636833,-0.005594045413385495,0.05168722364273065,0.01130716565887621,-0.009654213918192584
positive_no_prior_lengthscale_only,2026-04-30,BND,-0.0024874201236134855,-0.00023588979226363271,-0.002341747689045941,0.01733156276065814,0.002251530331349853,0.0001456724345675446
positive_no_prior_lengthscale_only,2026-04-30,IEF,-0.00327007534969635,-0.0031745273257528517,-0.0027200389153643452,0.020698555096112806,9.554802394349821e-05,0.0005500364343320047
positive_no_prior_lengthscale_only,2026-04-30,BNDX,-0.002616326081143618,0.005188840393763217,-0.003359061144112634,0.015136050547978732,0.007805166474906835,-0.0007427350629690163
positive_no_prior_lengthscale_only,2026-04-30,LQD,-0.002328602401458383,0.005612799118414058,-0.003223322243513445,0.026577184406465452,0.007941401519872441,-0.000894719842055062
positive_no_prior_lengthscale_only,2026-04-30,HYG,0.0004911589787147328,0.0013666068307942592,-0.0016125705378792735,0.022450457429521203,0.0008754478520795263,-0.002103729516594006
positive_no_prior_lengthscale_only,2026-04-30,EWX,0.004694081749018159,0.01835836502980981,-0.0006346455058550788,0.04293387509203267,0.01366428328079165,-0.005328727254873238
positive_no_prior_lengthscale_only,2026-04-30,VWOB,-0.0003840830470043972,0.006564291011867507,-0.002714752284298082,0.03024478740060064,0.006948374058871904,-0.0023306692372936848
positive_no_prior_lengthscale_only,2026-04-30,HYEM,-3.971728360439966e-05,0.00658729224447252,-0.002014648998965565,0.02844990672130577,0.0066270095280769195,-0.0019749317153611654
positive_no_prior_neither,2026-04-30,SPY,0.008981792135742652,0.049483664963993146,0.004907926858670198,0.046956222214164046,0.04050187282825049,-0.004073865277072454
positive_no_prior_neither,2026-04-30,MGK,0.010860478327037579,0.08330425574857636,0.009318868119429296,0.061314441454694384,0.07244377742153878,-0.0015416102076082835
positive_no_prior_neither,2026-04-30,VTV,0.0072773968636167885,0.021460679046998887,0.004192094476904168,0.04277911915427017,0.0141832821833821,-0.003085302386712621
positive_no_prior_neither,2026-04-30,IJR,0.0037739752556016724,0.008359592272450422,-0.008296788864829447,0.0592006869660231,0.00458561701684875,-0.01207076412043112
positive_no_prior_neither,2026-04-30,IWM,0.0035389998911513967,0.04170616807391436,-0.008333702325473825,0.06100689148650839,0.038167168182762966,-0.011872702216625222
positive_no_prior_neither,2026-04-30,VNQ,0.002501069189881621,-0.009505527770350963,0.0014027634777041757,0.05567017915866187,-0.012006596960232584,-0.0010983057121774454
positive_no_prior_neither,2026-04-30,VNQI,-0.0010664772569316092,-0.02873894096208207,-0.007510044362710768,0.049120933500967544,-0.027672463705150464,-0.006443567105779159
positive_no_prior_neither,2026-04-30,VEA,0.006245173387025849,0.04005467192775236,0.002753493128450782,0.04688372491339739,0.03380949854072651,-0.0034916802585750672
positive_no_prior_neither,2026-04-30,VWO,0.002615828866800801,0.013087733301134774,0.00040697685143323845,0.045095118695102424,0.010471904434333972,-0.0022088520153675626
positive_no_prior_neither,2026-04-30,VSS,0.00406016850480709,0.0153673341636833,-0.002213365347317334,0.04766545362170796,0.01130716565887621,-0.0062735338521244235
positive_no_prior_neither,2026-04-30,BND,-0.0024874201236134855,-0.00023588979226363271,-0.0003916629004638672,0.015907481473296032,0.002251530331349853,0.0020957572231496183
positive_no_prior_neither,2026-04-30,IEF,-0.00327007534969635,-0.0031745273257528517,-0.0006602104299682785,0.019303797153968728,9.554802394349821e-05,0.0026098649197280714
positive_no_prior_neither,2026-04-30,BNDX,-0.002616326081143618,0.005188840393763217,-0.0030205419013074495,0.014057449283791996,0.007805166474906835,-0.0004042158201638317
positive_no_prior_neither,2026-04-30,LQD,-0.002328602401458383,0.005612799118414058,-0.0005156528193963404,0.024414097454775865,0.007941401519872441,0.0018129495820620426
positive_no_prior_neither,2026-04-30,HYG,0.0004911589787147328,0.0013666068307942592,-0.0005635483574406446,0.020716503101794872,0.0008754478520795263,-0.0010547073361553774
positive_no_prior_neither,2026-04-30,EWX,0.004694081749018159,0.01835836502980981,0.002796846723697218,0.04042718166763233,0.01366428328079165,-0.0018972350253209412
positive_no_prior_neither,2026-04-30,VWOB,-0.0003840830470043972,0.006564291011867507,0.0005404097348340915,0.02757477752343907,0.006948374058871904,0.0009244927818384888
positive_no_prior_neither,2026-04-30,HYEM,-3.971728360439966e-05,0.00658729224447252,0.0011482320642488902,0.025943292222392025,0.0066270095280769195,0.0011879493478532898
