experiment,date,diagnostic,module_path,module_type,mean,min,max,experiment_label
signed_lkj_eta_2,2025-05-30,time_varying_effective_lengthscale_eval,covar_module.kernels.0,_Module,192.1206384265599,192.1206384265599,192.1206384265599,signed_lkj_eta_2
signed_lkj_eta_2,2025-05-30,outputscale,covar_module.kernels.0.base_kernel.kernels.0,MaternKernel,4.127920355109946e-05,4.127920355109946e-05,4.127920355109946e-05,signed_lkj_eta_2
signed_lkj_eta_2,2025-05-30,lengthscale,covar_module.kernels.0.base_kernel.kernels.0.base_kernel,MaternKernel,1.3121419320922358,1.3121419320922358,1.3121419320922358,signed_lkj_eta_2
signed_lkj_eta_2,2025-05-30,outputscale,covar_module.kernels.0.base_kernel.kernels.1,MaternKernel,8.641829058120552e-06,8.641829058120552e-06,8.641829058120552e-06,signed_lkj_eta_2
signed_lkj_eta_2,2025-05-30,lengthscale,covar_module.kernels.0.base_kernel.kernels.1.base_kernel,MaternKernel,0.9873937479837928,0.1799437243878721,1.648235860596766,signed_lkj_eta_2
signed_lkj_eta_2,2025-05-30,outputscale,covar_module.kernels.0.base_kernel.kernels.2,MaternKernel,0.2919923293850684,0.2919923293850684,0.2919923293850684,signed_lkj_eta_2
signed_lkj_eta_2,2025-05-30,lengthscale,covar_module.kernels.0.base_kernel.kernels.2.base_kernel,MaternKernel,0.6976134277192446,0.1031534510192012,1.6373391424133892,signed_lkj_eta_2
signed_lkj_eta_2,2025-05-30,outputscale,covar_module.kernels.0.base_kernel.kernels.3,RQKernel,2.620500665182592e-05,2.620500665182592e-05,2.620500665182592e-05,signed_lkj_eta_2
signed_lkj_eta_2,2025-05-30,lengthscale,covar_module.kernels.0.base_kernel.kernels.3.base_kernel,RQKernel,0.8021203908813213,0.4320800797793007,1.2775257819195898,signed_lkj_eta_2
signed_lkj_eta_2,2025-05-30,outputscale,covar_module.kernels.0.base_kernel.kernels.4,LinearKernel,0.0003789279402599,0.0003789279402599,0.0003789279402599,signed_lkj_eta_2
signed_lkj_eta_2,2025-05-30,outputscale,covar_module.kernels.0.base_kernel.kernels.5,ProductKernel,8.398371137209735e-06,8.398371137209735e-06,8.398371137209735e-06,signed_lkj_eta_2
signed_lkj_eta_2,2025-05-30,lengthscale,covar_module.kernels.0.base_kernel.kernels.5.base_kernel.kernels.0,MaternKernel,0.3179252661050027,0.3179252661050027,0.3179252661050027,signed_lkj_eta_2
signed_lkj_eta_2,2025-05-30,lengthscale,covar_module.kernels.0.base_kernel.kernels.5.base_kernel.kernels.1,MaternKernel,0.8831504792697564,0.3155253343991889,1.3524722630965156,signed_lkj_eta_2
signed_lkj_eta_2,2025-05-30,outputscale,covar_module.kernels.0.base_kernel.kernels.6,ProductKernel,5.737912311575039e-05,5.737912311575039e-05,5.737912311575039e-05,signed_lkj_eta_2
signed_lkj_eta_2,2025-05-30,lengthscale,covar_module.kernels.0.base_kernel.kernels.6.base_kernel.kernels.0,MaternKernel,0.4623351663346171,0.4623351663346171,0.4623351663346171,signed_lkj_eta_2
signed_lkj_eta_2,2025-05-30,lengthscale,covar_module.kernels.0.base_kernel.kernels.6.base_kernel.kernels.1.kernels.0,MaternKernel,0.7813535093122228,0.6702861954780985,0.8902811271177432,signed_lkj_eta_2
signed_lkj_eta_2,2025-05-30,lengthscale,covar_module.kernels.0.base_kernel.kernels.6.base_kernel.kernels.1.kernels.1,RQKernel,0.8126147010437959,0.7046300610502166,0.9259214446746488,signed_lkj_eta_2
signed_lkj_eta_2,2025-05-30,outputscale,covar_module.kernels.0.base_kernel.kernels.7,ProductKernel,4.598409098665298e-05,4.598409098665298e-05,4.598409098665298e-05,signed_lkj_eta_2
signed_lkj_eta_2,2025-05-30,lengthscale,covar_module.kernels.0.base_kernel.kernels.7.base_kernel.kernels.0.kernels.0,MaternKernel,0.8237738465691413,0.817414366531641,0.8355561849279222,signed_lkj_eta_2
signed_lkj_eta_2,2025-05-30,lengthscale,covar_module.kernels.0.base_kernel.kernels.7.base_kernel.kernels.0.kernels.1,RQKernel,0.826695580523127,0.8213192179887295,0.8382923505099512,signed_lkj_eta_2
signed_lkj_eta_2,2025-05-30,lengthscale,covar_module.kernels.0.base_kernel.kernels.7.base_kernel.kernels.1,MaternKernel,0.8299818052372762,0.7336134949884585,1.0283352348506478,signed_lkj_eta_2
signed_lkj_eta_2,2025-05-30,likelihood_noise,likelihood,HadamardGaussianLikelihood,0.0065373660991212,0.0060673334331421,0.0066710489520892,signed_lkj_eta_2
signed_lkj_eta_2,2025-06-30,time_varying_effective_lengthscale_eval,covar_module.kernels.0,_Module,173.66009890434356,173.66009890434356,173.66009890434356,signed_lkj_eta_2
signed_lkj_eta_2,2025-06-30,outputscale,covar_module.kernels.0.base_kernel.kernels.0,MaternKernel,7.347157722469273e-05,7.347157722469273e-05,7.347157722469273e-05,signed_lkj_eta_2
signed_lkj_eta_2,2025-06-30,lengthscale,covar_module.kernels.0.base_kernel.kernels.0.base_kernel,MaternKernel,1.01413998548621,1.01413998548621,1.01413998548621,signed_lkj_eta_2
signed_lkj_eta_2,2025-06-30,outputscale,covar_module.kernels.0.base_kernel.kernels.1,MaternKernel,1.1612020318007573e-05,1.1612020318007573e-05,1.1612020318007573e-05,signed_lkj_eta_2
signed_lkj_eta_2,2025-06-30,lengthscale,covar_module.kernels.0.base_kernel.kernels.1.base_kernel,MaternKernel,0.9595260351568704,0.1857037689346944,1.6164333863334577,signed_lkj_eta_2
signed_lkj_eta_2,2025-06-30,outputscale,covar_module.kernels.0.base_kernel.kernels.2,MaternKernel,0.2960709814144223,0.2960709814144223,0.2960709814144223,signed_lkj_eta_2
signed_lkj_eta_2,2025-06-30,lengthscale,covar_module.kernels.0.base_kernel.kernels.2.base_kernel,MaternKernel,0.7244777581721238,0.1032044919776055,1.7437898476700535,signed_lkj_eta_2
signed_lkj_eta_2,2025-06-30,outputscale,covar_module.kernels.0.base_kernel.kernels.3,RQKernel,7.617662036151153e-05,7.617662036151153e-05,7.617662036151153e-05,signed_lkj_eta_2
signed_lkj_eta_2,2025-06-30,lengthscale,covar_module.kernels.0.base_kernel.kernels.3.base_kernel,RQKernel,0.7856702397562831,0.4381978523759596,1.2812917560307655,signed_lkj_eta_2
signed_lkj_eta_2,2025-06-30,outputscale,covar_module.kernels.0.base_kernel.kernels.4,LinearKernel,0.000657414980418,0.000657414980418,0.000657414980418,signed_lkj_eta_2
signed_lkj_eta_2,2025-06-30,outputscale,covar_module.kernels.0.base_kernel.kernels.5,ProductKernel,1.25116777198981e-05,1.25116777198981e-05,1.25116777198981e-05,signed_lkj_eta_2
signed_lkj_eta_2,2025-06-30,lengthscale,covar_module.kernels.0.base_kernel.kernels.5.base_kernel.kernels.0,MaternKernel,0.3011758766738033,0.3011758766738033,0.3011758766738033,signed_lkj_eta_2
signed_lkj_eta_2,2025-06-30,lengthscale,covar_module.kernels.0.base_kernel.kernels.5.base_kernel.kernels.1,MaternKernel,0.8656191615540808,0.300987905267881,1.3309567153181354,signed_lkj_eta_2
signed_lkj_eta_2,2025-06-30,outputscale,covar_module.kernels.0.base_kernel.kernels.6,ProductKernel,0.0001073918912986,0.0001073918912986,0.0001073918912986,signed_lkj_eta_2
signed_lkj_eta_2,2025-06-30,lengthscale,covar_module.kernels.0.base_kernel.kernels.6.base_kernel.kernels.0,MaternKernel,0.4102039294801413,0.4102039294801413,0.4102039294801413,signed_lkj_eta_2
signed_lkj_eta_2,2025-06-30,lengthscale,covar_module.kernels.0.base_kernel.kernels.6.base_kernel.kernels.1.kernels.0,MaternKernel,0.7837514839960928,0.6839254298331573,0.8962180992403707,signed_lkj_eta_2
signed_lkj_eta_2,2025-06-30,lengthscale,covar_module.kernels.0.base_kernel.kernels.6.base_kernel.kernels.1.kernels.1,RQKernel,0.8116667555880235,0.7110350218675644,0.9276266521787032,signed_lkj_eta_2
signed_lkj_eta_2,2025-06-30,outputscale,covar_module.kernels.0.base_kernel.kernels.7,ProductKernel,8.065027731910326e-05,8.065027731910326e-05,8.065027731910326e-05,signed_lkj_eta_2
signed_lkj_eta_2,2025-06-30,lengthscale,covar_module.kernels.0.base_kernel.kernels.7.base_kernel.kernels.0.kernels.0,MaternKernel,0.8217098844022446,0.81450276134451,0.8361995152091682,signed_lkj_eta_2
signed_lkj_eta_2,2025-06-30,lengthscale,covar_module.kernels.0.base_kernel.kernels.7.base_kernel.kernels.0.kernels.1,RQKernel,0.8250773714459518,0.8180744224918295,0.8394536125914053,signed_lkj_eta_2
signed_lkj_eta_2,2025-06-30,lengthscale,covar_module.kernels.0.base_kernel.kernels.7.base_kernel.kernels.1,MaternKernel,0.8128362823859192,0.7085625507945359,0.9923558883754288,signed_lkj_eta_2
signed_lkj_eta_2,2025-06-30,likelihood_noise,likelihood,HadamardGaussianLikelihood,0.0065421263693771,0.0060789538636876,0.0066788527097933,signed_lkj_eta_2
signed_lkj_eta_2,2025-07-31,time_varying_effective_lengthscale_eval,covar_module.kernels.0,_Module,183.8804078834287,183.8804078834287,183.8804078834287,signed_lkj_eta_2
signed_lkj_eta_2,2025-07-31,outputscale,covar_module.kernels.0.base_kernel.kernels.0,MaternKernel,9.762519291111325e-05,9.762519291111325e-05,9.762519291111325e-05,signed_lkj_eta_2
signed_lkj_eta_2,2025-07-31,lengthscale,covar_module.kernels.0.base_kernel.kernels.0.base_kernel,MaternKernel,1.0338105114336091,1.0338105114336091,1.0338105114336091,signed_lkj_eta_2
signed_lkj_eta_2,2025-07-31,outputscale,covar_module.kernels.0.base_kernel.kernels.1,MaternKernel,2.1070669904923424e-05,2.1070669904923424e-05,2.1070669904923424e-05,signed_lkj_eta_2
signed_lkj_eta_2,2025-07-31,lengthscale,covar_module.kernels.0.base_kernel.kernels.1.base_kernel,MaternKernel,0.9422666077659226,0.2084414199070862,1.4764416482927645,signed_lkj_eta_2
signed_lkj_eta_2,2025-07-31,outputscale,covar_module.kernels.0.base_kernel.kernels.2,MaternKernel,0.309646252438979,0.309646252438979,0.309646252438979,signed_lkj_eta_2
signed_lkj_eta_2,2025-07-31,lengthscale,covar_module.kernels.0.base_kernel.kernels.2.base_kernel,MaternKernel,0.7422306184087755,0.1037473064678251,1.8047955237332085,signed_lkj_eta_2
signed_lkj_eta_2,2025-07-31,outputscale,covar_module.kernels.0.base_kernel.kernels.3,RQKernel,8.910066830146301e-05,8.910066830146301e-05,8.910066830146301e-05,signed_lkj_eta_2
signed_lkj_eta_2,2025-07-31,lengthscale,covar_module.kernels.0.base_kernel.kernels.3.base_kernel,RQKernel,0.788157563495049,0.4206675882436173,1.2709030239414685,signed_lkj_eta_2
signed_lkj_eta_2,2025-07-31,outputscale,covar_module.kernels.0.base_kernel.kernels.4,LinearKernel,0.0006805308983134,0.0006805308983134,0.0006805308983134,signed_lkj_eta_2
signed_lkj_eta_2,2025-07-31,outputscale,covar_module.kernels.0.base_kernel.kernels.5,ProductKernel,2.1820305645204175e-05,2.1820305645204175e-05,2.1820305645204175e-05,signed_lkj_eta_2
signed_lkj_eta_2,2025-07-31,lengthscale,covar_module.kernels.0.base_kernel.kernels.5.base_kernel.kernels.0,MaternKernel,0.2970320877505983,0.2970320877505983,0.2970320877505983,signed_lkj_eta_2
signed_lkj_eta_2,2025-07-31,lengthscale,covar_module.kernels.0.base_kernel.kernels.5.base_kernel.kernels.1,MaternKernel,0.8546858254456248,0.3296956396427952,1.2233907515243838,signed_lkj_eta_2
signed_lkj_eta_2,2025-07-31,outputscale,covar_module.kernels.0.base_kernel.kernels.6,ProductKernel,0.0001236377087159,0.0001236377087159,0.0001236377087159,signed_lkj_eta_2
signed_lkj_eta_2,2025-07-31,lengthscale,covar_module.kernels.0.base_kernel.kernels.6.base_kernel.kernels.0,MaternKernel,0.4470495837694329,0.4470495837694329,0.4470495837694329,signed_lkj_eta_2
signed_lkj_eta_2,2025-07-31,lengthscale,covar_module.kernels.0.base_kernel.kernels.6.base_kernel.kernels.1.kernels.0,MaternKernel,0.7814992687107247,0.6743414987823702,0.8924333110352966,signed_lkj_eta_2
signed_lkj_eta_2,2025-07-31,lengthscale,covar_module.kernels.0.base_kernel.kernels.6.base_kernel.kernels.1.kernels.1,RQKernel,0.8112895523889514,0.7036146653212356,0.9273490798294352,signed_lkj_eta_2
signed_lkj_eta_2,2025-07-31,outputscale,covar_module.kernels.0.base_kernel.kernels.7,ProductKernel,6.957294532166386e-05,6.957294532166386e-05,6.957294532166386e-05,signed_lkj_eta_2
signed_lkj_eta_2,2025-07-31,lengthscale,covar_module.kernels.0.base_kernel.kernels.7.base_kernel.kernels.0.kernels.0,MaternKernel,0.8218398131661169,0.8138984008616503,0.8366559844348376,signed_lkj_eta_2
signed_lkj_eta_2,2025-07-31,lengthscale,covar_module.kernels.0.base_kernel.kernels.7.base_kernel.kernels.0.kernels.1,RQKernel,0.825633761888887,0.8188098580814865,0.8404342866622629,signed_lkj_eta_2
signed_lkj_eta_2,2025-07-31,lengthscale,covar_module.kernels.0.base_kernel.kernels.7.base_kernel.kernels.1,MaternKernel,0.8239595934035644,0.7069633693509989,1.016197394392612,signed_lkj_eta_2
signed_lkj_eta_2,2025-07-31,likelihood_noise,likelihood,HadamardGaussianLikelihood,0.0065509035460146,0.0061452636886493,0.0066899358790492,signed_lkj_eta_2
signed_lkj_eta_2,2025-08-29,time_varying_effective_lengthscale_eval,covar_module.kernels.0,_Module,184.94757859988033,184.94757859988036,184.94757859988036,signed_lkj_eta_2
signed_lkj_eta_2,2025-08-29,outputscale,covar_module.kernels.0.base_kernel.kernels.0,MaternKernel,0.0001191237018902,0.0001191237018902,0.0001191237018902,signed_lkj_eta_2
signed_lkj_eta_2,2025-08-29,lengthscale,covar_module.kernels.0.base_kernel.kernels.0.base_kernel,MaternKernel,0.9211109915561474,0.9211109915561474,0.9211109915561474,signed_lkj_eta_2
signed_lkj_eta_2,2025-08-29,outputscale,covar_module.kernels.0.base_kernel.kernels.1,MaternKernel,5.888493175802868e-05,5.888493175802868e-05,5.888493175802868e-05,signed_lkj_eta_2
signed_lkj_eta_2,2025-08-29,lengthscale,covar_module.kernels.0.base_kernel.kernels.1.base_kernel,MaternKernel,0.9089736017202366,0.2688607063900581,1.3601525699381152,signed_lkj_eta_2
signed_lkj_eta_2,2025-08-29,outputscale,covar_module.kernels.0.base_kernel.kernels.2,MaternKernel,0.2966830205476801,0.2966830205476801,0.2966830205476801,signed_lkj_eta_2
signed_lkj_eta_2,2025-08-29,lengthscale,covar_module.kernels.0.base_kernel.kernels.2.base_kernel,MaternKernel,0.6326826292135785,0.102832762100459,1.5740137655787698,signed_lkj_eta_2
signed_lkj_eta_2,2025-08-29,outputscale,covar_module.kernels.0.base_kernel.kernels.3,RQKernel,0.0001185159889367,0.0001185159889367,0.0001185159889367,signed_lkj_eta_2
signed_lkj_eta_2,2025-08-29,lengthscale,covar_module.kernels.0.base_kernel.kernels.3.base_kernel,RQKernel,0.8020455325378206,0.4861671218856155,1.2512642561846576,signed_lkj_eta_2
signed_lkj_eta_2,2025-08-29,outputscale,covar_module.kernels.0.base_kernel.kernels.4,LinearKernel,0.0013179485717032,0.0013179485717032,0.0013179485717032,signed_lkj_eta_2
signed_lkj_eta_2,2025-08-29,outputscale,covar_module.kernels.0.base_kernel.kernels.5,ProductKernel,5.9711691538073074e-05,5.9711691538073074e-05,5.9711691538073074e-05,signed_lkj_eta_2
signed_lkj_eta_2,2025-08-29,lengthscale,covar_module.kernels.0.base_kernel.kernels.5.base_kernel.kernels.0,MaternKernel,0.2992430636504609,0.2992430636504609,0.2992430636504609,signed_lkj_eta_2
signed_lkj_eta_2,2025-08-29,lengthscale,covar_module.kernels.0.base_kernel.kernels.5.base_kernel.kernels.1,MaternKernel,0.8372649718111277,0.3988938074384401,1.162506551503249,signed_lkj_eta_2
signed_lkj_eta_2,2025-08-29,outputscale,covar_module.kernels.0.base_kernel.kernels.6,ProductKernel,0.0001389130116881,0.0001389130116881,0.0001389130116881,signed_lkj_eta_2
signed_lkj_eta_2,2025-08-29,lengthscale,covar_module.kernels.0.base_kernel.kernels.6.base_kernel.kernels.0,MaternKernel,0.4743764348567879,0.4743764348567879,0.4743764348567879,signed_lkj_eta_2
signed_lkj_eta_2,2025-08-29,lengthscale,covar_module.kernels.0.base_kernel.kernels.6.base_kernel.kernels.1.kernels.0,MaternKernel,0.7945697058251051,0.7102960995614839,0.8893886054224581,signed_lkj_eta_2
signed_lkj_eta_2,2025-08-29,lengthscale,covar_module.kernels.0.base_kernel.kernels.6.base_kernel.kernels.1.kernels.1,RQKernel,0.8184111878788576,0.7378550992576925,0.9176318891494886,signed_lkj_eta_2
signed_lkj_eta_2,2025-08-29,outputscale,covar_module.kernels.0.base_kernel.kernels.7,ProductKernel,7.84953378196406e-05,7.84953378196406e-05,7.84953378196406e-05,signed_lkj_eta_2
signed_lkj_eta_2,2025-08-29,lengthscale,covar_module.kernels.0.base_kernel.kernels.7.base_kernel.kernels.0.kernels.0,MaternKernel,0.8242545695522762,0.8187556508534406,0.8368515339384243,signed_lkj_eta_2
signed_lkj_eta_2,2025-08-29,lengthscale,covar_module.kernels.0.base_kernel.kernels.7.base_kernel.kernels.0.kernels.1,RQKernel,0.8269402935313017,0.8221838755767609,0.8392191388932153,signed_lkj_eta_2
signed_lkj_eta_2,2025-08-29,lengthscale,covar_module.kernels.0.base_kernel.kernels.7.base_kernel.kernels.1,MaternKernel,0.827173642019999,0.7319278613522779,1.0388816484888423,signed_lkj_eta_2
signed_lkj_eta_2,2025-08-29,likelihood_noise,likelihood,HadamardGaussianLikelihood,0.0065386774534119,0.0060820823552456,0.0066885973551143,signed_lkj_eta_2
signed_lkj_eta_2,2025-09-30,time_varying_effective_lengthscale_eval,covar_module.kernels.0,_Module,187.41639856739195,187.41639856739195,187.41639856739195,signed_lkj_eta_2
signed_lkj_eta_2,2025-09-30,outputscale,covar_module.kernels.0.base_kernel.kernels.0,MaternKernel,5.034945006161505e-05,5.034945006161505e-05,5.034945006161505e-05,signed_lkj_eta_2
signed_lkj_eta_2,2025-09-30,lengthscale,covar_module.kernels.0.base_kernel.kernels.0.base_kernel,MaternKernel,0.8948474865925666,0.8948474865925666,0.8948474865925666,signed_lkj_eta_2
signed_lkj_eta_2,2025-09-30,outputscale,covar_module.kernels.0.base_kernel.kernels.1,MaternKernel,3.619040593701507e-05,3.619040593701507e-05,3.619040593701507e-05,signed_lkj_eta_2
signed_lkj_eta_2,2025-09-30,lengthscale,covar_module.kernels.0.base_kernel.kernels.1.base_kernel,MaternKernel,0.9013883302570732,0.2396014377268465,1.3951668942987498,signed_lkj_eta_2
signed_lkj_eta_2,2025-09-30,outputscale,covar_module.kernels.0.base_kernel.kernels.2,MaternKernel,0.2475034070532005,0.2475034070532005,0.2475034070532005,signed_lkj_eta_2
signed_lkj_eta_2,2025-09-30,lengthscale,covar_module.kernels.0.base_kernel.kernels.2.base_kernel,MaternKernel,0.6972819921657561,0.1022108677331336,1.626079147551288,signed_lkj_eta_2
signed_lkj_eta_2,2025-09-30,outputscale,covar_module.kernels.0.base_kernel.kernels.3,RQKernel,6.948117844132988e-05,6.948117844132988e-05,6.948117844132988e-05,signed_lkj_eta_2
signed_lkj_eta_2,2025-09-30,lengthscale,covar_module.kernels.0.base_kernel.kernels.3.base_kernel,RQKernel,0.8115408577533625,0.4986236867963577,1.216684245730411,signed_lkj_eta_2
signed_lkj_eta_2,2025-09-30,outputscale,covar_module.kernels.0.base_kernel.kernels.4,LinearKernel,0.0014595097868009,0.0014595097868009,0.0014595097868009,signed_lkj_eta_2
signed_lkj_eta_2,2025-09-30,outputscale,covar_module.kernels.0.base_kernel.kernels.5,ProductKernel,3.191694743687553e-05,3.191694743687553e-05,3.191694743687553e-05,signed_lkj_eta_2
signed_lkj_eta_2,2025-09-30,lengthscale,covar_module.kernels.0.base_kernel.kernels.5.base_kernel.kernels.0,MaternKernel,0.2892732568199698,0.2892732568199698,0.2892732568199698,signed_lkj_eta_2
signed_lkj_eta_2,2025-09-30,lengthscale,covar_module.kernels.0.base_kernel.kernels.5.base_kernel.kernels.1,MaternKernel,0.836008031201759,0.3511109875546746,1.1978768947852785,signed_lkj_eta_2
signed_lkj_eta_2,2025-09-30,outputscale,covar_module.kernels.0.base_kernel.kernels.6,ProductKernel,6.05113684876771e-05,6.05113684876771e-05,6.05113684876771e-05,signed_lkj_eta_2
signed_lkj_eta_2,2025-09-30,lengthscale,covar_module.kernels.0.base_kernel.kernels.6.base_kernel.kernels.0,MaternKernel,0.4027196724721742,0.4027196724721742,0.4027196724721742,signed_lkj_eta_2
signed_lkj_eta_2,2025-09-30,lengthscale,covar_module.kernels.0.base_kernel.kernels.6.base_kernel.kernels.1.kernels.0,MaternKernel,0.791599974430113,0.6984379095610699,0.8914205643988481,signed_lkj_eta_2
signed_lkj_eta_2,2025-09-30,lengthscale,covar_module.kernels.0.base_kernel.kernels.6.base_kernel.kernels.1.kernels.1,RQKernel,0.8178082770767429,0.7201395052625069,0.923843009814054,signed_lkj_eta_2
signed_lkj_eta_2,2025-09-30,outputscale,covar_module.kernels.0.base_kernel.kernels.7,ProductKernel,5.991962685229613e-05,5.991962685229613e-05,5.991962685229613e-05,signed_lkj_eta_2
signed_lkj_eta_2,2025-09-30,lengthscale,covar_module.kernels.0.base_kernel.kernels.7.base_kernel.kernels.0.kernels.0,MaternKernel,0.8231337800796706,0.8177236116709263,0.8346635452094909,signed_lkj_eta_2
signed_lkj_eta_2,2025-09-30,lengthscale,covar_module.kernels.0.base_kernel.kernels.7.base_kernel.kernels.0.kernels.1,RQKernel,0.8255198471274298,0.8186759752865712,0.8371086696637935,signed_lkj_eta_2
signed_lkj_eta_2,2025-09-30,lengthscale,covar_module.kernels.0.base_kernel.kernels.7.base_kernel.kernels.1,MaternKernel,0.8107730605944474,0.7276951151183431,0.9926993139374098,signed_lkj_eta_2
signed_lkj_eta_2,2025-09-30,likelihood_noise,likelihood,HadamardGaussianLikelihood,0.0064892412193331,0.0059673317806811,0.0066737517967841,signed_lkj_eta_2
signed_lkj_eta_2,2025-10-31,time_varying_effective_lengthscale_eval,covar_module.kernels.0,_Module,221.67968544935732,221.67968544935732,221.67968544935732,signed_lkj_eta_2
signed_lkj_eta_2,2025-10-31,outputscale,covar_module.kernels.0.base_kernel.kernels.0,MaternKernel,7.84648642832577e-05,7.84648642832577e-05,7.84648642832577e-05,signed_lkj_eta_2
signed_lkj_eta_2,2025-10-31,lengthscale,covar_module.kernels.0.base_kernel.kernels.0.base_kernel,MaternKernel,1.218744667385261,1.218744667385261,1.218744667385261,signed_lkj_eta_2
signed_lkj_eta_2,2025-10-31,outputscale,covar_module.kernels.0.base_kernel.kernels.1,MaternKernel,5.069561106754084e-06,5.069561106754084e-06,5.069561106754084e-06,signed_lkj_eta_2
signed_lkj_eta_2,2025-10-31,lengthscale,covar_module.kernels.0.base_kernel.kernels.1.base_kernel,MaternKernel,0.975669407341844,0.2293455554850181,1.5619112133124815,signed_lkj_eta_2
signed_lkj_eta_2,2025-10-31,outputscale,covar_module.kernels.0.base_kernel.kernels.2,MaternKernel,0.3664311563649536,0.3664311563649536,0.3664311563649536,signed_lkj_eta_2
signed_lkj_eta_2,2025-10-31,lengthscale,covar_module.kernels.0.base_kernel.kernels.2.base_kernel,MaternKernel,0.665564259369851,0.1023387103211638,1.5114934592146034,signed_lkj_eta_2
signed_lkj_eta_2,2025-10-31,outputscale,covar_module.kernels.0.base_kernel.kernels.3,RQKernel,5.583949039230472e-05,5.583949039230472e-05,5.583949039230472e-05,signed_lkj_eta_2
signed_lkj_eta_2,2025-10-31,lengthscale,covar_module.kernels.0.base_kernel.kernels.3.base_kernel,RQKernel,0.8115023954860952,0.4472773892084212,1.2996985912895451,signed_lkj_eta_2
signed_lkj_eta_2,2025-10-31,outputscale,covar_module.kernels.0.base_kernel.kernels.4,LinearKernel,0.0004372895307821,0.0004372895307821,0.0004372895307821,signed_lkj_eta_2
signed_lkj_eta_2,2025-10-31,outputscale,covar_module.kernels.0.base_kernel.kernels.5,ProductKernel,5.4346183102061095e-06,5.4346183102061095e-06,5.4346183102061095e-06,signed_lkj_eta_2
signed_lkj_eta_2,2025-10-31,lengthscale,covar_module.kernels.0.base_kernel.kernels.5.base_kernel.kernels.0,MaternKernel,0.3225564248622996,0.3225564248622996,0.3225564248622996,signed_lkj_eta_2
signed_lkj_eta_2,2025-10-31,lengthscale,covar_module.kernels.0.base_kernel.kernels.5.base_kernel.kernels.1,MaternKernel,0.8824548170128046,0.3438363845931707,1.2881344050493908,signed_lkj_eta_2
signed_lkj_eta_2,2025-10-31,outputscale,covar_module.kernels.0.base_kernel.kernels.6,ProductKernel,8.988862522654036e-05,8.988862522654036e-05,8.988862522654036e-05,signed_lkj_eta_2
signed_lkj_eta_2,2025-10-31,lengthscale,covar_module.kernels.0.base_kernel.kernels.6.base_kernel.kernels.0,MaternKernel,0.5046080371963163,0.5046080371963163,0.5046080371963163,signed_lkj_eta_2
signed_lkj_eta_2,2025-10-31,lengthscale,covar_module.kernels.0.base_kernel.kernels.6.base_kernel.kernels.1.kernels.0,MaternKernel,0.7876943419419142,0.691590702019272,0.8911956118558685,signed_lkj_eta_2
signed_lkj_eta_2,2025-10-31,lengthscale,covar_module.kernels.0.base_kernel.kernels.6.base_kernel.kernels.1.kernels.1,RQKernel,0.816842642046828,0.7213019458211456,0.92931877502272,signed_lkj_eta_2
signed_lkj_eta_2,2025-10-31,outputscale,covar_module.kernels.0.base_kernel.kernels.7,ProductKernel,2.818243507632152e-05,2.818243507632152e-05,2.818243507632152e-05,signed_lkj_eta_2
signed_lkj_eta_2,2025-10-31,lengthscale,covar_module.kernels.0.base_kernel.kernels.7.base_kernel.kernels.0.kernels.0,MaternKernel,0.8219702530450619,0.8112065496178822,0.8406184589214994,signed_lkj_eta_2
signed_lkj_eta_2,2025-10-31,lengthscale,covar_module.kernels.0.base_kernel.kernels.7.base_kernel.kernels.0.kernels.1,RQKernel,0.8267172995862913,0.8186001096219441,0.8454936712323663,signed_lkj_eta_2
signed_lkj_eta_2,2025-10-31,lengthscale,covar_module.kernels.0.base_kernel.kernels.7.base_kernel.kernels.1,MaternKernel,0.8407845753282686,0.690108631943531,1.0872598603841617,signed_lkj_eta_2
signed_lkj_eta_2,2025-10-31,likelihood_noise,likelihood,HadamardGaussianLikelihood,0.0065320958912268,0.0060939444094917,0.0066746527242329,signed_lkj_eta_2
signed_lkj_eta_2,2025-11-28,time_varying_effective_lengthscale_eval,covar_module.kernels.0,_Module,219.3645948130805,219.3645948130805,219.3645948130805,signed_lkj_eta_2
signed_lkj_eta_2,2025-11-28,outputscale,covar_module.kernels.0.base_kernel.kernels.0,MaternKernel,0.0001044419735292,0.0001044419735292,0.0001044419735292,signed_lkj_eta_2
signed_lkj_eta_2,2025-11-28,lengthscale,covar_module.kernels.0.base_kernel.kernels.0.base_kernel,MaternKernel,0.975267947323574,0.975267947323574,0.975267947323574,signed_lkj_eta_2
signed_lkj_eta_2,2025-11-28,outputscale,covar_module.kernels.0.base_kernel.kernels.1,MaternKernel,1.2653086127436128e-05,1.2653086127436128e-05,1.2653086127436128e-05,signed_lkj_eta_2
signed_lkj_eta_2,2025-11-28,lengthscale,covar_module.kernels.0.base_kernel.kernels.1.base_kernel,MaternKernel,0.9395650137151512,0.2835382783393217,1.435899229032305,signed_lkj_eta_2
signed_lkj_eta_2,2025-11-28,outputscale,covar_module.kernels.0.base_kernel.kernels.2,MaternKernel,0.2971241879645931,0.2971241879645931,0.2971241879645931,signed_lkj_eta_2
signed_lkj_eta_2,2025-11-28,lengthscale,covar_module.kernels.0.base_kernel.kernels.2.base_kernel,MaternKernel,0.702704963812445,0.102656853428798,1.5060022062256588,signed_lkj_eta_2
signed_lkj_eta_2,2025-11-28,outputscale,covar_module.kernels.0.base_kernel.kernels.3,RQKernel,0.0001055048319337,0.0001055048319337,0.0001055048319337,signed_lkj_eta_2
signed_lkj_eta_2,2025-11-28,lengthscale,covar_module.kernels.0.base_kernel.kernels.3.base_kernel,RQKernel,0.8142507647491435,0.477961188749654,1.239430895289184,signed_lkj_eta_2
signed_lkj_eta_2,2025-11-28,outputscale,covar_module.kernels.0.base_kernel.kernels.4,LinearKernel,0.0009740658029108,0.0009740658029108,0.0009740658029108,signed_lkj_eta_2
signed_lkj_eta_2,2025-11-28,outputscale,covar_module.kernels.0.base_kernel.kernels.5,ProductKernel,1.5253115211255862e-05,1.5253115211255862e-05,1.5253115211255862e-05,signed_lkj_eta_2
signed_lkj_eta_2,2025-11-28,lengthscale,covar_module.kernels.0.base_kernel.kernels.5.base_kernel.kernels.0,MaternKernel,0.3021089452479217,0.3021089452479217,0.3021089452479217,signed_lkj_eta_2
signed_lkj_eta_2,2025-11-28,lengthscale,covar_module.kernels.0.base_kernel.kernels.5.base_kernel.kernels.1,MaternKernel,0.8602635534489554,0.3950777798689466,1.218217887793997,signed_lkj_eta_2
signed_lkj_eta_2,2025-11-28,outputscale,covar_module.kernels.0.base_kernel.kernels.6,ProductKernel,0.0001105307743834,0.0001105307743834,0.0001105307743834,signed_lkj_eta_2
signed_lkj_eta_2,2025-11-28,lengthscale,covar_module.kernels.0.base_kernel.kernels.6.base_kernel.kernels.0,MaternKernel,0.5050442053482121,0.5050442053482121,0.5050442053482121,signed_lkj_eta_2
signed_lkj_eta_2,2025-11-28,lengthscale,covar_module.kernels.0.base_kernel.kernels.6.base_kernel.kernels.1.kernels.0,MaternKernel,0.7943814915385163,0.7105441687824846,0.8871845444512909,signed_lkj_eta_2
signed_lkj_eta_2,2025-11-28,lengthscale,covar_module.kernels.0.base_kernel.kernels.6.base_kernel.kernels.1.kernels.1,RQKernel,0.8196783819311905,0.7324715743392597,0.9209194800778694,signed_lkj_eta_2
signed_lkj_eta_2,2025-11-28,outputscale,covar_module.kernels.0.base_kernel.kernels.7,ProductKernel,4.1547141616974705e-05,4.1547141616974705e-05,4.1547141616974705e-05,signed_lkj_eta_2
signed_lkj_eta_2,2025-11-28,lengthscale,covar_module.kernels.0.base_kernel.kernels.7.base_kernel.kernels.0.kernels.0,MaternKernel,0.8243641759447199,0.81631613498246,0.8392231821033102,signed_lkj_eta_2
signed_lkj_eta_2,2025-11-28,lengthscale,covar_module.kernels.0.base_kernel.kernels.7.base_kernel.kernels.0.kernels.1,RQKernel,0.8276461999707103,0.8213277608004086,0.8425137079387697,signed_lkj_eta_2
signed_lkj_eta_2,2025-11-28,lengthscale,covar_module.kernels.0.base_kernel.kernels.7.base_kernel.kernels.1,MaternKernel,0.8374414729184565,0.730906163778994,1.0527517991174715,signed_lkj_eta_2
signed_lkj_eta_2,2025-11-28,likelihood_noise,likelihood,HadamardGaussianLikelihood,0.0065210144349309,0.0060759273601639,0.0066800062324203,signed_lkj_eta_2
signed_lkj_eta_2,2025-12-31,time_varying_effective_lengthscale_eval,covar_module.kernels.0,_Module,223.36358324026435,223.3635832402644,223.3635832402644,signed_lkj_eta_2
signed_lkj_eta_2,2025-12-31,outputscale,covar_module.kernels.0.base_kernel.kernels.0,MaternKernel,5.41424277022773e-05,5.41424277022773e-05,5.41424277022773e-05,signed_lkj_eta_2
signed_lkj_eta_2,2025-12-31,lengthscale,covar_module.kernels.0.base_kernel.kernels.0.base_kernel,MaternKernel,0.9685429637231692,0.9685429637231692,0.9685429637231692,signed_lkj_eta_2
signed_lkj_eta_2,2025-12-31,outputscale,covar_module.kernels.0.base_kernel.kernels.1,MaternKernel,1.9221458391001637e-05,1.9221458391001637e-05,1.9221458391001637e-05,signed_lkj_eta_2
signed_lkj_eta_2,2025-12-31,lengthscale,covar_module.kernels.0.base_kernel.kernels.1.base_kernel,MaternKernel,0.9309072537649272,0.2904242236069261,1.3999824956029057,signed_lkj_eta_2
signed_lkj_eta_2,2025-12-31,outputscale,covar_module.kernels.0.base_kernel.kernels.2,MaternKernel,0.378668260950775,0.378668260950775,0.378668260950775,signed_lkj_eta_2
signed_lkj_eta_2,2025-12-31,lengthscale,covar_module.kernels.0.base_kernel.kernels.2.base_kernel,MaternKernel,0.7589960312876741,0.1011629349194348,1.6563228268391803,signed_lkj_eta_2
signed_lkj_eta_2,2025-12-31,outputscale,covar_module.kernels.0.base_kernel.kernels.3,RQKernel,6.386626529650361e-05,6.386626529650361e-05,6.386626529650361e-05,signed_lkj_eta_2
signed_lkj_eta_2,2025-12-31,lengthscale,covar_module.kernels.0.base_kernel.kernels.3.base_kernel,RQKernel,0.808802901171113,0.4460095519266028,1.2768078701135537,signed_lkj_eta_2
signed_lkj_eta_2,2025-12-31,outputscale,covar_module.kernels.0.base_kernel.kernels.4,LinearKernel,0.0008766958792204,0.0008766958792204,0.0008766958792204,signed_lkj_eta_2
signed_lkj_eta_2,2025-12-31,outputscale,covar_module.kernels.0.base_kernel.kernels.5,ProductKernel,1.9693055515674627e-05,1.9693055515674627e-05,1.9693055515674627e-05,signed_lkj_eta_2
signed_lkj_eta_2,2025-12-31,lengthscale,covar_module.kernels.0.base_kernel.kernels.5.base_kernel.kernels.0,MaternKernel,0.295971324340921,0.295971324340921,0.295971324340921,signed_lkj_eta_2
signed_lkj_eta_2,2025-12-31,lengthscale,covar_module.kernels.0.base_kernel.kernels.5.base_kernel.kernels.1,MaternKernel,0.8576056663623024,0.4049235939734652,1.2003362584764323,signed_lkj_eta_2
signed_lkj_eta_2,2025-12-31,outputscale,covar_module.kernels.0.base_kernel.kernels.6,ProductKernel,7.62785354850582e-05,7.62785354850582e-05,7.62785354850582e-05,signed_lkj_eta_2
signed_lkj_eta_2,2025-12-31,lengthscale,covar_module.kernels.0.base_kernel.kernels.6.base_kernel.kernels.0,MaternKernel,0.4663064083557409,0.4663064083557409,0.4663064083557409,signed_lkj_eta_2
signed_lkj_eta_2,2025-12-31,lengthscale,covar_module.kernels.0.base_kernel.kernels.6.base_kernel.kernels.1.kernels.0,MaternKernel,0.7909490460103892,0.6919145040475269,0.8929550764610257,signed_lkj_eta_2
signed_lkj_eta_2,2025-12-31,lengthscale,covar_module.kernels.0.base_kernel.kernels.6.base_kernel.kernels.1.kernels.1,RQKernel,0.817280571393607,0.7164612584797831,0.9287133925363746,signed_lkj_eta_2
signed_lkj_eta_2,2025-12-31,outputscale,covar_module.kernels.0.base_kernel.kernels.7,ProductKernel,4.245991830690728e-05,4.245991830690728e-05,4.245991830690728e-05,signed_lkj_eta_2
signed_lkj_eta_2,2025-12-31,lengthscale,covar_module.kernels.0.base_kernel.kernels.7.base_kernel.kernels.0.kernels.0,MaternKernel,0.8246348195420607,0.8172507824871788,0.8380674040703219,signed_lkj_eta_2
signed_lkj_eta_2,2025-12-31,lengthscale,covar_module.kernels.0.base_kernel.kernels.7.base_kernel.kernels.0.kernels.1,RQKernel,0.8272389161203251,0.8212046077075513,0.8407368539979367,signed_lkj_eta_2
signed_lkj_eta_2,2025-12-31,lengthscale,covar_module.kernels.0.base_kernel.kernels.7.base_kernel.kernels.1,MaternKernel,0.8341621577194117,0.7308422740028935,1.0487609931752686,signed_lkj_eta_2
signed_lkj_eta_2,2025-12-31,likelihood_noise,likelihood,HadamardGaussianLikelihood,0.0064803929147062,0.005949340974903,0.0066413543910478,signed_lkj_eta_2
signed_lkj_eta_2,2026-01-30,time_varying_effective_lengthscale_eval,covar_module.kernels.0,_Module,229.86472460405847,229.8647246040585,229.8647246040585,signed_lkj_eta_2
signed_lkj_eta_2,2026-01-30,outputscale,covar_module.kernels.0.base_kernel.kernels.0,MaternKernel,0.0001705421038988,0.0001705421038988,0.0001705421038988,signed_lkj_eta_2
signed_lkj_eta_2,2026-01-30,lengthscale,covar_module.kernels.0.base_kernel.kernels.0.base_kernel,MaternKernel,1.18120880619714,1.18120880619714,1.18120880619714,signed_lkj_eta_2
signed_lkj_eta_2,2026-01-30,outputscale,covar_module.kernels.0.base_kernel.kernels.1,MaternKernel,7.303905005805549e-06,7.303905005805549e-06,7.303905005805549e-06,signed_lkj_eta_2
signed_lkj_eta_2,2026-01-30,lengthscale,covar_module.kernels.0.base_kernel.kernels.1.base_kernel,MaternKernel,1.0071689376206427,0.2080614546693136,1.6778408884729603,signed_lkj_eta_2
signed_lkj_eta_2,2026-01-30,outputscale,covar_module.kernels.0.base_kernel.kernels.2,MaternKernel,0.3973901959636002,0.3973901959636002,0.3973901959636002,signed_lkj_eta_2
signed_lkj_eta_2,2026-01-30,lengthscale,covar_module.kernels.0.base_kernel.kernels.2.base_kernel,MaternKernel,0.741759770960736,0.1040902803848588,1.7528107026015725,signed_lkj_eta_2
signed_lkj_eta_2,2026-01-30,outputscale,covar_module.kernels.0.base_kernel.kernels.3,RQKernel,0.000104186457461,0.000104186457461,0.000104186457461,signed_lkj_eta_2
signed_lkj_eta_2,2026-01-30,lengthscale,covar_module.kernels.0.base_kernel.kernels.3.base_kernel,RQKernel,0.8076406500240738,0.3929473719421046,1.344971027583966,signed_lkj_eta_2
signed_lkj_eta_2,2026-01-30,outputscale,covar_module.kernels.0.base_kernel.kernels.4,LinearKernel,0.0003702170773574,0.0003702170773574,0.0003702170773574,signed_lkj_eta_2
signed_lkj_eta_2,2026-01-30,outputscale,covar_module.kernels.0.base_kernel.kernels.5,ProductKernel,8.27664224180142e-06,8.27664224180142e-06,8.27664224180142e-06,signed_lkj_eta_2
signed_lkj_eta_2,2026-01-30,lengthscale,covar_module.kernels.0.base_kernel.kernels.5.base_kernel.kernels.0,MaternKernel,0.3121372939130205,0.3121372939130205,0.3121372939130205,signed_lkj_eta_2
signed_lkj_eta_2,2026-01-30,lengthscale,covar_module.kernels.0.base_kernel.kernels.5.base_kernel.kernels.1,MaternKernel,0.9087563971118864,0.3177876466103384,1.4096560295266167,signed_lkj_eta_2
signed_lkj_eta_2,2026-01-30,outputscale,covar_module.kernels.0.base_kernel.kernels.6,ProductKernel,0.0001783193567939,0.0001783193567939,0.0001783193567939,signed_lkj_eta_2
signed_lkj_eta_2,2026-01-30,lengthscale,covar_module.kernels.0.base_kernel.kernels.6.base_kernel.kernels.0,MaternKernel,0.4998411850720268,0.4998411850720268,0.4998411850720268,signed_lkj_eta_2
signed_lkj_eta_2,2026-01-30,lengthscale,covar_module.kernels.0.base_kernel.kernels.6.base_kernel.kernels.1.kernels.0,MaternKernel,0.782268335200074,0.669053105709682,0.9068177667133837,signed_lkj_eta_2
signed_lkj_eta_2,2026-01-30,lengthscale,covar_module.kernels.0.base_kernel.kernels.6.base_kernel.kernels.1.kernels.1,RQKernel,0.8136983685121921,0.6977453894388177,0.9452926510155146,signed_lkj_eta_2
signed_lkj_eta_2,2026-01-30,outputscale,covar_module.kernels.0.base_kernel.kernels.7,ProductKernel,5.748629163628275e-05,5.748629163628275e-05,5.748629163628275e-05,signed_lkj_eta_2
signed_lkj_eta_2,2026-01-30,lengthscale,covar_module.kernels.0.base_kernel.kernels.7.base_kernel.kernels.0.kernels.0,MaternKernel,0.8229828254032765,0.8121736726141305,0.8416284063121131,signed_lkj_eta_2
signed_lkj_eta_2,2026-01-30,lengthscale,covar_module.kernels.0.base_kernel.kernels.7.base_kernel.kernels.0.kernels.1,RQKernel,0.8268013525473003,0.8188125869282572,0.8443332141254175,signed_lkj_eta_2
signed_lkj_eta_2,2026-01-30,lengthscale,covar_module.kernels.0.base_kernel.kernels.7.base_kernel.kernels.1,MaternKernel,0.8457587548643051,0.6867536582369258,1.067188084572239,signed_lkj_eta_2
signed_lkj_eta_2,2026-01-30,likelihood_noise,likelihood,HadamardGaussianLikelihood,0.00655274516879,0.0061927428908714,0.0066670179719342,signed_lkj_eta_2
signed_lkj_eta_2,2026-02-27,time_varying_effective_lengthscale_eval,covar_module.kernels.0,_Module,205.68256696133324,205.6825669613332,205.6825669613332,signed_lkj_eta_2
signed_lkj_eta_2,2026-02-27,outputscale,covar_module.kernels.0.base_kernel.kernels.0,MaternKernel,0.000300264640874,0.000300264640874,0.000300264640874,signed_lkj_eta_2
signed_lkj_eta_2,2026-02-27,lengthscale,covar_module.kernels.0.base_kernel.kernels.0.base_kernel,MaternKernel,0.9274145457212606,0.9274145457212606,0.9274145457212606,signed_lkj_eta_2
signed_lkj_eta_2,2026-02-27,outputscale,covar_module.kernels.0.base_kernel.kernels.1,MaternKernel,4.038296608543238e-05,4.038296608543238e-05,4.038296608543238e-05,signed_lkj_eta_2
signed_lkj_eta_2,2026-02-27,lengthscale,covar_module.kernels.0.base_kernel.kernels.1.base_kernel,MaternKernel,0.9297039384406692,0.2759636612321489,1.395605389275268,signed_lkj_eta_2
signed_lkj_eta_2,2026-02-27,outputscale,covar_module.kernels.0.base_kernel.kernels.2,MaternKernel,0.3903675676427236,0.3903675676427236,0.3903675676427236,signed_lkj_eta_2
signed_lkj_eta_2,2026-02-27,lengthscale,covar_module.kernels.0.base_kernel.kernels.2.base_kernel,MaternKernel,0.7163386709036647,0.1037066874950201,1.852790260443604,signed_lkj_eta_2
signed_lkj_eta_2,2026-02-27,outputscale,covar_module.kernels.0.base_kernel.kernels.3,RQKernel,0.0002791573598845,0.0002791573598845,0.0002791573598845,signed_lkj_eta_2
signed_lkj_eta_2,2026-02-27,lengthscale,covar_module.kernels.0.base_kernel.kernels.3.base_kernel,RQKernel,0.81412714036208,0.4511001469286684,1.2729521118098133,signed_lkj_eta_2
signed_lkj_eta_2,2026-02-27,outputscale,covar_module.kernels.0.base_kernel.kernels.4,LinearKernel,0.002011227189165,0.002011227189165,0.002011227189165,signed_lkj_eta_2
signed_lkj_eta_2,2026-02-27,outputscale,covar_module.kernels.0.base_kernel.kernels.5,ProductKernel,4.095889717780777e-05,4.095889717780777e-05,4.095889717780777e-05,signed_lkj_eta_2
signed_lkj_eta_2,2026-02-27,lengthscale,covar_module.kernels.0.base_kernel.kernels.5.base_kernel.kernels.0,MaternKernel,0.2882366755883589,0.2882366755883589,0.2882366755883589,signed_lkj_eta_2
signed_lkj_eta_2,2026-02-27,lengthscale,covar_module.kernels.0.base_kernel.kernels.5.base_kernel.kernels.1,MaternKernel,0.8590079648622383,0.3776448375476772,1.216564574938438,signed_lkj_eta_2
signed_lkj_eta_2,2026-02-27,outputscale,covar_module.kernels.0.base_kernel.kernels.6,ProductKernel,0.0002419042400278,0.0002419042400278,0.0002419042400278,signed_lkj_eta_2
signed_lkj_eta_2,2026-02-27,lengthscale,covar_module.kernels.0.base_kernel.kernels.6.base_kernel.kernels.0,MaternKernel,0.452101804254461,0.452101804254461,0.452101804254461,signed_lkj_eta_2
signed_lkj_eta_2,2026-02-27,lengthscale,covar_module.kernels.0.base_kernel.kernels.6.base_kernel.kernels.1.kernels.0,MaternKernel,0.7890180339414455,0.6811226708423485,0.9166424388388918,signed_lkj_eta_2
signed_lkj_eta_2,2026-02-27,lengthscale,covar_module.kernels.0.base_kernel.kernels.6.base_kernel.kernels.1.kernels.1,RQKernel,0.8158298134798943,0.7037867154255582,0.9428933591436628,signed_lkj_eta_2
signed_lkj_eta_2,2026-02-27,outputscale,covar_module.kernels.0.base_kernel.kernels.7,ProductKernel,7.963714786353489e-05,7.963714786353489e-05,7.963714786353489e-05,signed_lkj_eta_2
signed_lkj_eta_2,2026-02-27,lengthscale,covar_module.kernels.0.base_kernel.kernels.7.base_kernel.kernels.0.kernels.0,MaternKernel,0.82091198930606,0.808046230159776,0.8456170047130357,signed_lkj_eta_2
signed_lkj_eta_2,2026-02-27,lengthscale,covar_module.kernels.0.base_kernel.kernels.7.base_kernel.kernels.0.kernels.1,RQKernel,0.8253228868824151,0.8147881400175839,0.8480975380796321,signed_lkj_eta_2
signed_lkj_eta_2,2026-02-27,lengthscale,covar_module.kernels.0.base_kernel.kernels.7.base_kernel.kernels.1,MaternKernel,0.834152836438366,0.6193679044702911,1.0486379797062353,signed_lkj_eta_2
signed_lkj_eta_2,2026-02-27,likelihood_noise,likelihood,HadamardGaussianLikelihood,0.0065563638868917,0.0062084157188286,0.0066826985382917,signed_lkj_eta_2
signed_lkj_eta_2,2026-03-31,time_varying_effective_lengthscale_eval,covar_module.kernels.0,_Module,222.9814525772415,222.9814525772415,222.9814525772415,signed_lkj_eta_2
signed_lkj_eta_2,2026-03-31,outputscale,covar_module.kernels.0.base_kernel.kernels.0,MaternKernel,5.4895312977650614e-05,5.4895312977650614e-05,5.4895312977650614e-05,signed_lkj_eta_2
signed_lkj_eta_2,2026-03-31,lengthscale,covar_module.kernels.0.base_kernel.kernels.0.base_kernel,MaternKernel,0.8974077055373229,0.8974077055373229,0.8974077055373229,signed_lkj_eta_2
signed_lkj_eta_2,2026-03-31,outputscale,covar_module.kernels.0.base_kernel.kernels.1,MaternKernel,1.2177010351951923e-05,1.2177010351951923e-05,1.2177010351951923e-05,signed_lkj_eta_2
signed_lkj_eta_2,2026-03-31,lengthscale,covar_module.kernels.0.base_kernel.kernels.1.base_kernel,MaternKernel,0.9482968065495416,0.2072766522383258,1.6489818700596983,signed_lkj_eta_2
signed_lkj_eta_2,2026-03-31,outputscale,covar_module.kernels.0.base_kernel.kernels.2,MaternKernel,0.2721232175759164,0.2721232175759164,0.2721232175759164,signed_lkj_eta_2
signed_lkj_eta_2,2026-03-31,lengthscale,covar_module.kernels.0.base_kernel.kernels.2.base_kernel,MaternKernel,0.7964423822511293,0.1015441691358007,2.195199694346151,signed_lkj_eta_2
signed_lkj_eta_2,2026-03-31,outputscale,covar_module.kernels.0.base_kernel.kernels.3,RQKernel,7.843067980711749e-05,7.843067980711749e-05,7.843067980711749e-05,signed_lkj_eta_2
signed_lkj_eta_2,2026-03-31,lengthscale,covar_module.kernels.0.base_kernel.kernels.3.base_kernel,RQKernel,0.7888674154643852,0.2779402379247316,1.4075960001184138,signed_lkj_eta_2
signed_lkj_eta_2,2026-03-31,outputscale,covar_module.kernels.0.base_kernel.kernels.4,LinearKernel,0.0010839386975822,0.0010839386975822,0.0010839386975822,signed_lkj_eta_2
signed_lkj_eta_2,2026-03-31,outputscale,covar_module.kernels.0.base_kernel.kernels.5,ProductKernel,1.7143098033916236e-05,1.7143098033916236e-05,1.7143098033916236e-05,signed_lkj_eta_2
signed_lkj_eta_2,2026-03-31,lengthscale,covar_module.kernels.0.base_kernel.kernels.5.base_kernel.kernels.0,MaternKernel,0.281909590388499,0.281909590388499,0.281909590388499,signed_lkj_eta_2
signed_lkj_eta_2,2026-03-31,lengthscale,covar_module.kernels.0.base_kernel.kernels.5.base_kernel.kernels.1,MaternKernel,0.8568092088957755,0.3433082847198709,1.3464248108847932,signed_lkj_eta_2
signed_lkj_eta_2,2026-03-31,outputscale,covar_module.kernels.0.base_kernel.kernels.6,ProductKernel,8.411854674142019e-05,8.411854674142019e-05,8.411854674142019e-05,signed_lkj_eta_2
signed_lkj_eta_2,2026-03-31,lengthscale,covar_module.kernels.0.base_kernel.kernels.6.base_kernel.kernels.0,MaternKernel,0.419660804445928,0.419660804445928,0.419660804445928,signed_lkj_eta_2
signed_lkj_eta_2,2026-03-31,lengthscale,covar_module.kernels.0.base_kernel.kernels.6.base_kernel.kernels.1.kernels.0,MaternKernel,0.7959684970370098,0.6853552724775127,0.9199276821089613,signed_lkj_eta_2
signed_lkj_eta_2,2026-03-31,lengthscale,covar_module.kernels.0.base_kernel.kernels.6.base_kernel.kernels.1.kernels.1,RQKernel,0.8178207451954844,0.7055078713023584,0.9362735063246806,signed_lkj_eta_2
signed_lkj_eta_2,2026-03-31,outputscale,covar_module.kernels.0.base_kernel.kernels.7,ProductKernel,5.124393004298256e-05,5.124393004298256e-05,5.124393004298256e-05,signed_lkj_eta_2
signed_lkj_eta_2,2026-03-31,lengthscale,covar_module.kernels.0.base_kernel.kernels.7.base_kernel.kernels.0.kernels.0,MaternKernel,0.826346465239008,0.8213558275676569,0.839351859429085,signed_lkj_eta_2
signed_lkj_eta_2,2026-03-31,lengthscale,covar_module.kernels.0.base_kernel.kernels.7.base_kernel.kernels.0.kernels.1,RQKernel,0.827476724651733,0.8213835590184903,0.8390166496846292,signed_lkj_eta_2
signed_lkj_eta_2,2026-03-31,lengthscale,covar_module.kernels.0.base_kernel.kernels.7.base_kernel.kernels.1,MaternKernel,0.8282124895389178,0.7258555779601605,1.0310652895952752,signed_lkj_eta_2
signed_lkj_eta_2,2026-03-31,likelihood_noise,likelihood,HadamardGaussianLikelihood,0.0064598087655154,0.0059333644048497,0.0066562537579893,signed_lkj_eta_2
signed_lkj_eta_2,2026-04-30,time_varying_effective_lengthscale_eval,covar_module.kernels.0,_Module,233.79130272624764,233.79130272624764,233.79130272624764,signed_lkj_eta_2
signed_lkj_eta_2,2026-04-30,outputscale,covar_module.kernels.0.base_kernel.kernels.0,MaternKernel,0.0001419601865393,0.0001419601865393,0.0001419601865393,signed_lkj_eta_2
signed_lkj_eta_2,2026-04-30,lengthscale,covar_module.kernels.0.base_kernel.kernels.0.base_kernel,MaternKernel,1.03090371684789,1.03090371684789,1.03090371684789,signed_lkj_eta_2
signed_lkj_eta_2,2026-04-30,outputscale,covar_module.kernels.0.base_kernel.kernels.1,MaternKernel,3.0484069900815183e-05,3.0484069900815183e-05,3.0484069900815183e-05,signed_lkj_eta_2
signed_lkj_eta_2,2026-04-30,lengthscale,covar_module.kernels.0.base_kernel.kernels.1.base_kernel,MaternKernel,0.9782083380878054,0.1891377806272305,1.616436116930804,signed_lkj_eta_2
signed_lkj_eta_2,2026-04-30,outputscale,covar_module.kernels.0.base_kernel.kernels.2,MaternKernel,0.4013067732001444,0.4013067732001444,0.4013067732001444,signed_lkj_eta_2
signed_lkj_eta_2,2026-04-30,lengthscale,covar_module.kernels.0.base_kernel.kernels.2.base_kernel,MaternKernel,0.7888724897371568,0.1025061413431046,2.3827090506641064,signed_lkj_eta_2
signed_lkj_eta_2,2026-04-30,outputscale,covar_module.kernels.0.base_kernel.kernels.3,RQKernel,0.0001504088825595,0.0001504088825595,0.0001504088825595,signed_lkj_eta_2
signed_lkj_eta_2,2026-04-30,lengthscale,covar_module.kernels.0.base_kernel.kernels.3.base_kernel,RQKernel,0.8158257453412459,0.2994124256717984,1.2973354194226647,signed_lkj_eta_2
signed_lkj_eta_2,2026-04-30,outputscale,covar_module.kernels.0.base_kernel.kernels.4,LinearKernel,0.0008734535149725,0.0008734535149725,0.0008734535149725,signed_lkj_eta_2
signed_lkj_eta_2,2026-04-30,outputscale,covar_module.kernels.0.base_kernel.kernels.5,ProductKernel,2.6945349063012917e-05,2.6945349063012917e-05,2.6945349063012917e-05,signed_lkj_eta_2
signed_lkj_eta_2,2026-04-30,lengthscale,covar_module.kernels.0.base_kernel.kernels.5.base_kernel.kernels.0,MaternKernel,0.3097651271981155,0.3097651271981155,0.3097651271981155,signed_lkj_eta_2
signed_lkj_eta_2,2026-04-30,lengthscale,covar_module.kernels.0.base_kernel.kernels.5.base_kernel.kernels.1,MaternKernel,0.8766425873493947,0.3425320048610607,1.344157074569603,signed_lkj_eta_2
signed_lkj_eta_2,2026-04-30,outputscale,covar_module.kernels.0.base_kernel.kernels.6,ProductKernel,0.0001606515680855,0.0001606515680855,0.0001606515680855,signed_lkj_eta_2
signed_lkj_eta_2,2026-04-30,lengthscale,covar_module.kernels.0.base_kernel.kernels.6.base_kernel.kernels.0,MaternKernel,0.4995618450633745,0.4995618450633745,0.4995618450633745,signed_lkj_eta_2
signed_lkj_eta_2,2026-04-30,lengthscale,covar_module.kernels.0.base_kernel.kernels.6.base_kernel.kernels.1.kernels.0,MaternKernel,0.7941282718510221,0.6712412250670495,0.9000027908200012,signed_lkj_eta_2
signed_lkj_eta_2,2026-04-30,lengthscale,covar_module.kernels.0.base_kernel.kernels.6.base_kernel.kernels.1.kernels.1,RQKernel,0.8190823888953809,0.69297174961282,0.9226260648113336,signed_lkj_eta_2
signed_lkj_eta_2,2026-04-30,outputscale,covar_module.kernels.0.base_kernel.kernels.7,ProductKernel,8.217454381308376e-05,8.217454381308376e-05,8.217454381308376e-05,signed_lkj_eta_2
signed_lkj_eta_2,2026-04-30,lengthscale,covar_module.kernels.0.base_kernel.kernels.7.base_kernel.kernels.0.kernels.0,MaternKernel,0.8248738373111966,0.8168453106212253,0.8412075471796743,signed_lkj_eta_2
signed_lkj_eta_2,2026-04-30,lengthscale,covar_module.kernels.0.base_kernel.kernels.7.base_kernel.kernels.0.kernels.1,RQKernel,0.8272521094841759,0.8194095135004338,0.8418209189855798,signed_lkj_eta_2
signed_lkj_eta_2,2026-04-30,lengthscale,covar_module.kernels.0.base_kernel.kernels.7.base_kernel.kernels.1,MaternKernel,0.8331414436159208,0.7292839467736894,1.0398866003100955,signed_lkj_eta_2
signed_lkj_eta_2,2026-04-30,likelihood_noise,likelihood,HadamardGaussianLikelihood,0.0065075274964223,0.0060844141231814,0.0066643057890801,signed_lkj_eta_2
turnover_blend,2025-05-30,time_varying_effective_lengthscale_eval,covar_module.kernels.0,_Module,2.5252175579479978e-71,2.5252175579479978e-71,2.5252175579479978e-71,turnover_blend_0.5
turnover_blend,2025-05-30,outputscale,covar_module.kernels.0.base_kernel.kernels.0,MaternKernel,0.3360364447982936,0.3360364447982936,0.3360364447982936,turnover_blend_0.5
turnover_blend,2025-05-30,lengthscale,covar_module.kernels.0.base_kernel.kernels.0.base_kernel,MaternKernel,0.1235031234865246,0.1235031234865246,0.1235031234865246,turnover_blend_0.5
turnover_blend,2025-05-30,outputscale,covar_module.kernels.0.base_kernel.kernels.1,MaternKernel,0.0009382091316773,0.0009382091316773,0.0009382091316773,turnover_blend_0.5
turnover_blend,2025-05-30,lengthscale,covar_module.kernels.0.base_kernel.kernels.1.base_kernel,MaternKernel,1.0033200350753324,0.2645163749097317,2.2977916406876453,turnover_blend_0.5
turnover_blend,2025-05-30,outputscale,covar_module.kernels.0.base_kernel.kernels.2,MaternKernel,0.526929219580948,0.526929219580948,0.526929219580948,turnover_blend_0.5
turnover_blend,2025-05-30,lengthscale,covar_module.kernels.0.base_kernel.kernels.2.base_kernel,MaternKernel,0.5127891557135007,0.1078508803042627,0.8931556969139387,turnover_blend_0.5
turnover_blend,2025-05-30,outputscale,covar_module.kernels.0.base_kernel.kernels.3,RQKernel,0.0028437944260609,0.0028437944260609,0.0028437944260609,turnover_blend_0.5
turnover_blend,2025-05-30,lengthscale,covar_module.kernels.0.base_kernel.kernels.3.base_kernel,RQKernel,0.7418951097890736,0.4490326183516483,0.9564742455219164,turnover_blend_0.5
turnover_blend,2025-05-30,outputscale,covar_module.kernels.0.base_kernel.kernels.4,LinearKernel,0.0069259651232625,0.0069259651232625,0.0069259651232625,turnover_blend_0.5
turnover_blend,2025-05-30,outputscale,covar_module.kernels.0.base_kernel.kernels.5,ProductKernel,0.0698298311420768,0.0698298311420768,0.0698298311420768,turnover_blend_0.5
turnover_blend,2025-05-30,lengthscale,covar_module.kernels.0.base_kernel.kernels.5.base_kernel.kernels.0,MaternKernel,0.0334295352342183,0.0334295352342183,0.0334295352342183,turnover_blend_0.5
turnover_blend,2025-05-30,lengthscale,covar_module.kernels.0.base_kernel.kernels.5.base_kernel.kernels.1,MaternKernel,1.3958538875154531,0.3299317412974085,3.6798455702706887,turnover_blend_0.5
turnover_blend,2025-05-30,outputscale,covar_module.kernels.0.base_kernel.kernels.6,ProductKernel,0.0163246534209274,0.0163246534209274,0.0163246534209274,turnover_blend_0.5
turnover_blend,2025-05-30,lengthscale,covar_module.kernels.0.base_kernel.kernels.6.base_kernel.kernels.0,MaternKernel,0.1670556995885547,0.1670556995885547,0.1670556995885547,turnover_blend_0.5
turnover_blend,2025-05-30,lengthscale,covar_module.kernels.0.base_kernel.kernels.6.base_kernel.kernels.1.kernels.0,MaternKernel,0.7774233651067559,0.710816371638067,0.8296964753941938,turnover_blend_0.5
turnover_blend,2025-05-30,lengthscale,covar_module.kernels.0.base_kernel.kernels.6.base_kernel.kernels.1.kernels.1,RQKernel,0.7880496953986457,0.7173146179487284,0.83464077453123,turnover_blend_0.5
turnover_blend,2025-05-30,outputscale,covar_module.kernels.0.base_kernel.kernels.7,ProductKernel,0.0029244560376603,0.0029244560376603,0.0029244560376603,turnover_blend_0.5
turnover_blend,2025-05-30,lengthscale,covar_module.kernels.0.base_kernel.kernels.7.base_kernel.kernels.0.kernels.0,MaternKernel,0.7757618745637687,0.7373696348676247,0.8639796099539221,turnover_blend_0.5
turnover_blend,2025-05-30,lengthscale,covar_module.kernels.0.base_kernel.kernels.7.base_kernel.kernels.0.kernels.1,RQKernel,0.7754124670099654,0.7251164382794304,0.8704928942223242,turnover_blend_0.5
turnover_blend,2025-05-30,lengthscale,covar_module.kernels.0.base_kernel.kernels.7.base_kernel.kernels.1,MaternKernel,1.1493813726214142,0.2010171027057763,3.1909691268515,turnover_blend_0.5
turnover_blend,2025-05-30,likelihood_noise,likelihood,HadamardGaussianLikelihood,0.0065231797380063,0.0055469237161364,0.007305018316378,turnover_blend_0.5
turnover_blend,2025-06-30,time_varying_effective_lengthscale_eval,covar_module.kernels.0,_Module,1.5346167006862174e-81,1.5346167006862174e-81,1.5346167006862174e-81,turnover_blend_0.5
turnover_blend,2025-06-30,outputscale,covar_module.kernels.0.base_kernel.kernels.0,MaternKernel,0.5405327334947193,0.5405327334947193,0.5405327334947193,turnover_blend_0.5
turnover_blend,2025-06-30,lengthscale,covar_module.kernels.0.base_kernel.kernels.0.base_kernel,MaternKernel,0.1679461071032617,0.1679461071032617,0.1679461071032617,turnover_blend_0.5
turnover_blend,2025-06-30,outputscale,covar_module.kernels.0.base_kernel.kernels.1,MaternKernel,0.0015682584897551,0.0015682584897551,0.0015682584897551,turnover_blend_0.5
turnover_blend,2025-06-30,lengthscale,covar_module.kernels.0.base_kernel.kernels.1.base_kernel,MaternKernel,0.9294064098364412,0.3130456284253866,1.7898449254302442,turnover_blend_0.5
turnover_blend,2025-06-30,outputscale,covar_module.kernels.0.base_kernel.kernels.2,MaternKernel,0.2637507147617161,0.2637507147617161,0.2637507147617161,turnover_blend_0.5
turnover_blend,2025-06-30,lengthscale,covar_module.kernels.0.base_kernel.kernels.2.base_kernel,MaternKernel,0.6146247320407028,0.1229331848927314,1.1351415188094087,turnover_blend_0.5
turnover_blend,2025-06-30,outputscale,covar_module.kernels.0.base_kernel.kernels.3,RQKernel,0.0067094881111294,0.0067094881111294,0.0067094881111294,turnover_blend_0.5
turnover_blend,2025-06-30,lengthscale,covar_module.kernels.0.base_kernel.kernels.3.base_kernel,RQKernel,0.7669273076812941,0.4839774614145522,0.9674042136341,turnover_blend_0.5
turnover_blend,2025-06-30,outputscale,covar_module.kernels.0.base_kernel.kernels.4,LinearKernel,0.017855942885246,0.017855942885246,0.017855942885246,turnover_blend_0.5
turnover_blend,2025-06-30,outputscale,covar_module.kernels.0.base_kernel.kernels.5,ProductKernel,0.0666162784741204,0.0666162784741204,0.0666162784741204,turnover_blend_0.5
turnover_blend,2025-06-30,lengthscale,covar_module.kernels.0.base_kernel.kernels.5.base_kernel.kernels.0,MaternKernel,0.0303281863859418,0.0303281863859418,0.0303281863859418,turnover_blend_0.5
turnover_blend,2025-06-30,lengthscale,covar_module.kernels.0.base_kernel.kernels.5.base_kernel.kernels.1,MaternKernel,1.2385820028897163,0.291345124640516,3.082120047602265,turnover_blend_0.5
turnover_blend,2025-06-30,outputscale,covar_module.kernels.0.base_kernel.kernels.6,ProductKernel,0.110224720098789,0.110224720098789,0.110224720098789,turnover_blend_0.5
turnover_blend,2025-06-30,lengthscale,covar_module.kernels.0.base_kernel.kernels.6.base_kernel.kernels.0,MaternKernel,0.1401521567427131,0.1401521567427131,0.1401521567427131,turnover_blend_0.5
turnover_blend,2025-06-30,lengthscale,covar_module.kernels.0.base_kernel.kernels.6.base_kernel.kernels.1.kernels.0,MaternKernel,0.7790483743708525,0.7083794079284149,0.8271108565109814,turnover_blend_0.5
turnover_blend,2025-06-30,lengthscale,covar_module.kernels.0.base_kernel.kernels.6.base_kernel.kernels.1.kernels.1,RQKernel,0.7894979701567589,0.7158562087561848,0.833023971366975,turnover_blend_0.5
turnover_blend,2025-06-30,outputscale,covar_module.kernels.0.base_kernel.kernels.7,ProductKernel,0.0027757416635699,0.0027757416635699,0.0027757416635699,turnover_blend_0.5
turnover_blend,2025-06-30,lengthscale,covar_module.kernels.0.base_kernel.kernels.7.base_kernel.kernels.0.kernels.0,MaternKernel,0.7421529875865784,0.6534385413770698,0.8709174196953224,turnover_blend_0.5
turnover_blend,2025-06-30,lengthscale,covar_module.kernels.0.base_kernel.kernels.7.base_kernel.kernels.0.kernels.1,RQKernel,0.7364210075852233,0.6052933760495733,0.8751380335432417,turnover_blend_0.5
turnover_blend,2025-06-30,lengthscale,covar_module.kernels.0.base_kernel.kernels.7.base_kernel.kernels.1,MaternKernel,1.196393907159781,0.5295044628828061,3.1662881512966883,turnover_blend_0.5
turnover_blend,2025-06-30,likelihood_noise,likelihood,HadamardGaussianLikelihood,0.0065480505175546,0.0056813478632653,0.0073332325662751,turnover_blend_0.5
turnover_blend,2025-07-31,time_varying_effective_lengthscale_eval,covar_module.kernels.0,_Module,6.123736612913475e-56,6.123736612913475e-56,6.123736612913476e-56,turnover_blend_0.5
turnover_blend,2025-07-31,outputscale,covar_module.kernels.0.base_kernel.kernels.0,MaternKernel,0.2720132853440091,0.2720132853440091,0.2720132853440091,turnover_blend_0.5
turnover_blend,2025-07-31,lengthscale,covar_module.kernels.0.base_kernel.kernels.0.base_kernel,MaternKernel,0.1367891684971063,0.1367891684971063,0.1367891684971063,turnover_blend_0.5
turnover_blend,2025-07-31,outputscale,covar_module.kernels.0.base_kernel.kernels.1,MaternKernel,0.0019375161585679,0.0019375161585679,0.0019375161585679,turnover_blend_0.5
turnover_blend,2025-07-31,lengthscale,covar_module.kernels.0.base_kernel.kernels.1.base_kernel,MaternKernel,0.9301379051101748,0.2680871278337938,1.7838775492698915,turnover_blend_0.5
turnover_blend,2025-07-31,outputscale,covar_module.kernels.0.base_kernel.kernels.2,MaternKernel,0.0662129003445944,0.0662129003445944,0.0662129003445944,turnover_blend_0.5
turnover_blend,2025-07-31,lengthscale,covar_module.kernels.0.base_kernel.kernels.2.base_kernel,MaternKernel,0.6608670910022298,0.1618040635284895,1.143852800794351,turnover_blend_0.5
turnover_blend,2025-07-31,outputscale,covar_module.kernels.0.base_kernel.kernels.3,RQKernel,0.0077086927516627,0.0077086927516627,0.0077086927516627,turnover_blend_0.5
turnover_blend,2025-07-31,lengthscale,covar_module.kernels.0.base_kernel.kernels.3.base_kernel,RQKernel,0.760979619459897,0.4961499296242133,0.9740517183656612,turnover_blend_0.5
turnover_blend,2025-07-31,outputscale,covar_module.kernels.0.base_kernel.kernels.4,LinearKernel,0.019859827235691,0.019859827235691,0.019859827235691,turnover_blend_0.5
turnover_blend,2025-07-31,outputscale,covar_module.kernels.0.base_kernel.kernels.5,ProductKernel,0.0591012955930757,0.0591012955930757,0.0591012955930757,turnover_blend_0.5
turnover_blend,2025-07-31,lengthscale,covar_module.kernels.0.base_kernel.kernels.5.base_kernel.kernels.0,MaternKernel,0.0403322288511918,0.0403322288511918,0.0403322288511918,turnover_blend_0.5
turnover_blend,2025-07-31,lengthscale,covar_module.kernels.0.base_kernel.kernels.5.base_kernel.kernels.1,MaternKernel,1.045920304697927,0.4929306235602058,2.5314966801735608,turnover_blend_0.5
turnover_blend,2025-07-31,outputscale,covar_module.kernels.0.base_kernel.kernels.6,ProductKernel,0.2744391198200848,0.2744391198200848,0.2744391198200848,turnover_blend_0.5
turnover_blend,2025-07-31,lengthscale,covar_module.kernels.0.base_kernel.kernels.6.base_kernel.kernels.0,MaternKernel,0.111629826520482,0.111629826520482,0.111629826520482,turnover_blend_0.5
turnover_blend,2025-07-31,lengthscale,covar_module.kernels.0.base_kernel.kernels.6.base_kernel.kernels.1.kernels.0,MaternKernel,0.7757719840167525,0.7124714971714886,0.8268192919773857,turnover_blend_0.5
turnover_blend,2025-07-31,lengthscale,covar_module.kernels.0.base_kernel.kernels.6.base_kernel.kernels.1.kernels.1,RQKernel,0.7858786159873147,0.718621576187921,0.8318999013568359,turnover_blend_0.5
turnover_blend,2025-07-31,outputscale,covar_module.kernels.0.base_kernel.kernels.7,ProductKernel,0.0051933075024293,0.0051933075024293,0.0051933075024293,turnover_blend_0.5
turnover_blend,2025-07-31,lengthscale,covar_module.kernels.0.base_kernel.kernels.7.base_kernel.kernels.0.kernels.0,MaternKernel,0.7474797539526428,0.6767640755005753,0.8299535243583916,turnover_blend_0.5
turnover_blend,2025-07-31,lengthscale,covar_module.kernels.0.base_kernel.kernels.7.base_kernel.kernels.0.kernels.1,RQKernel,0.741242795030586,0.6364177153388313,0.8348289194669984,turnover_blend_0.5
turnover_blend,2025-07-31,lengthscale,covar_module.kernels.0.base_kernel.kernels.7.base_kernel.kernels.1,MaternKernel,1.1555414845514465,0.3628954257028848,2.9058837385738574,turnover_blend_0.5
turnover_blend,2025-07-31,likelihood_noise,likelihood,HadamardGaussianLikelihood,0.0065506737931998,0.0057261744348788,0.0070008433773647,turnover_blend_0.5
turnover_blend,2025-08-29,time_varying_effective_lengthscale_eval,covar_module.kernels.0,_Module,1.1842523962109916e-50,1.1842523962109916e-50,1.1842523962109916e-50,turnover_blend_0.5
turnover_blend,2025-08-29,outputscale,covar_module.kernels.0.base_kernel.kernels.0,MaternKernel,0.097848347972188,0.097848347972188,0.097848347972188,turnover_blend_0.5
turnover_blend,2025-08-29,lengthscale,covar_module.kernels.0.base_kernel.kernels.0.base_kernel,MaternKernel,0.1453357111917774,0.1453357111917774,0.1453357111917774,turnover_blend_0.5
turnover_blend,2025-08-29,outputscale,covar_module.kernels.0.base_kernel.kernels.1,MaternKernel,0.0027736057821913,0.0027736057821913,0.0027736057821913,turnover_blend_0.5
turnover_blend,2025-08-29,lengthscale,covar_module.kernels.0.base_kernel.kernels.1.base_kernel,MaternKernel,0.9030457628778576,0.3404607118712403,1.79794159186195,turnover_blend_0.5
turnover_blend,2025-08-29,outputscale,covar_module.kernels.0.base_kernel.kernels.2,MaternKernel,0.1112532796210813,0.1112532796210813,0.1112532796210813,turnover_blend_0.5
turnover_blend,2025-08-29,lengthscale,covar_module.kernels.0.base_kernel.kernels.2.base_kernel,MaternKernel,0.6547797901068084,0.1479882827720766,1.164010220481312,turnover_blend_0.5
turnover_blend,2025-08-29,outputscale,covar_module.kernels.0.base_kernel.kernels.3,RQKernel,0.0101949366588274,0.0101949366588274,0.0101949366588274,turnover_blend_0.5
turnover_blend,2025-08-29,lengthscale,covar_module.kernels.0.base_kernel.kernels.3.base_kernel,RQKernel,0.7551629485781074,0.4775123598539712,0.9511374317104162,turnover_blend_0.5
turnover_blend,2025-08-29,outputscale,covar_module.kernels.0.base_kernel.kernels.4,LinearKernel,0.021047893922917,0.021047893922917,0.021047893922917,turnover_blend_0.5
turnover_blend,2025-08-29,outputscale,covar_module.kernels.0.base_kernel.kernels.5,ProductKernel,0.0339798064305464,0.0339798064305464,0.0339798064305464,turnover_blend_0.5
turnover_blend,2025-08-29,lengthscale,covar_module.kernels.0.base_kernel.kernels.5.base_kernel.kernels.0,MaternKernel,0.0455269289672094,0.0455269289672094,0.0455269289672094,turnover_blend_0.5
turnover_blend,2025-08-29,lengthscale,covar_module.kernels.0.base_kernel.kernels.5.base_kernel.kernels.1,MaternKernel,0.9529152279181288,0.3968220991423695,2.265252236686352,turnover_blend_0.5
turnover_blend,2025-08-29,outputscale,covar_module.kernels.0.base_kernel.kernels.6,ProductKernel,0.3323708211824484,0.3323708211824484,0.3323708211824484,turnover_blend_0.5
turnover_blend,2025-08-29,lengthscale,covar_module.kernels.0.base_kernel.kernels.6.base_kernel.kernels.0,MaternKernel,0.0992716331154221,0.0992716331154221,0.0992716331154221,turnover_blend_0.5
turnover_blend,2025-08-29,lengthscale,covar_module.kernels.0.base_kernel.kernels.6.base_kernel.kernels.1.kernels.0,MaternKernel,0.7722459650206029,0.700959131399712,0.8264579603161581,turnover_blend_0.5
turnover_blend,2025-08-29,lengthscale,covar_module.kernels.0.base_kernel.kernels.6.base_kernel.kernels.1.kernels.1,RQKernel,0.7822412433499217,0.7079830408335921,0.8316872004457334,turnover_blend_0.5
turnover_blend,2025-08-29,outputscale,covar_module.kernels.0.base_kernel.kernels.7,ProductKernel,0.0103111384817525,0.0103111384817525,0.0103111384817525,turnover_blend_0.5
turnover_blend,2025-08-29,lengthscale,covar_module.kernels.0.base_kernel.kernels.7.base_kernel.kernels.0.kernels.0,MaternKernel,0.7475142633760887,0.6773197232495985,0.8435004720938359,turnover_blend_0.5
turnover_blend,2025-08-29,lengthscale,covar_module.kernels.0.base_kernel.kernels.7.base_kernel.kernels.0.kernels.1,RQKernel,0.7388274583950682,0.6356221462843502,0.8503340319971563,turnover_blend_0.5
turnover_blend,2025-08-29,lengthscale,covar_module.kernels.0.base_kernel.kernels.7.base_kernel.kernels.1,MaternKernel,1.1243997239146295,0.3272349676416946,2.936263833857411,turnover_blend_0.5
turnover_blend,2025-08-29,likelihood_noise,likelihood,HadamardGaussianLikelihood,0.0065557949111709,0.0056880365596658,0.0069584333185235,turnover_blend_0.5
turnover_blend,2025-09-30,time_varying_effective_lengthscale_eval,covar_module.kernels.0,_Module,2.151079828850319e-64,2.151079828850319e-64,2.151079828850319e-64,turnover_blend_0.5
turnover_blend,2025-09-30,outputscale,covar_module.kernels.0.base_kernel.kernels.0,MaternKernel,0.112340168506237,0.112340168506237,0.112340168506237,turnover_blend_0.5
turnover_blend,2025-09-30,lengthscale,covar_module.kernels.0.base_kernel.kernels.0.base_kernel,MaternKernel,0.2000878927801404,0.2000878927801404,0.2000878927801404,turnover_blend_0.5
turnover_blend,2025-09-30,outputscale,covar_module.kernels.0.base_kernel.kernels.1,MaternKernel,0.0015024828154645,0.0015024828154645,0.0015024828154645,turnover_blend_0.5
turnover_blend,2025-09-30,lengthscale,covar_module.kernels.0.base_kernel.kernels.1.base_kernel,MaternKernel,0.9199272986735048,0.2250573694386818,1.811576113951764,turnover_blend_0.5
turnover_blend,2025-09-30,outputscale,covar_module.kernels.0.base_kernel.kernels.2,MaternKernel,0.8745164910926004,0.8745164910926004,0.8745164910926004,turnover_blend_0.5
turnover_blend,2025-09-30,lengthscale,covar_module.kernels.0.base_kernel.kernels.2.base_kernel,MaternKernel,0.5783629702009851,0.1144686038496506,1.1798998467860335,turnover_blend_0.5
turnover_blend,2025-09-30,outputscale,covar_module.kernels.0.base_kernel.kernels.3,RQKernel,0.009662590100105,0.009662590100105,0.009662590100105,turnover_blend_0.5
turnover_blend,2025-09-30,lengthscale,covar_module.kernels.0.base_kernel.kernels.3.base_kernel,RQKernel,0.770867531482974,0.5204529561160393,0.9294078969204248,turnover_blend_0.5
turnover_blend,2025-09-30,outputscale,covar_module.kernels.0.base_kernel.kernels.4,LinearKernel,0.0102065863933727,0.0102065863933727,0.0102065863933727,turnover_blend_0.5
turnover_blend,2025-09-30,outputscale,covar_module.kernels.0.base_kernel.kernels.5,ProductKernel,0.0801999274364819,0.0801999274364819,0.0801999274364819,turnover_blend_0.5
turnover_blend,2025-09-30,lengthscale,covar_module.kernels.0.base_kernel.kernels.5.base_kernel.kernels.0,MaternKernel,0.0271527025879568,0.0271527025879568,0.0271527025879568,turnover_blend_0.5
turnover_blend,2025-09-30,lengthscale,covar_module.kernels.0.base_kernel.kernels.5.base_kernel.kernels.1,MaternKernel,1.4176514284948334,0.2991881403916075,3.526403169906079,turnover_blend_0.5
turnover_blend,2025-09-30,outputscale,covar_module.kernels.0.base_kernel.kernels.6,ProductKernel,0.0036489903340787,0.0036489903340787,0.0036489903340787,turnover_blend_0.5
turnover_blend,2025-09-30,lengthscale,covar_module.kernels.0.base_kernel.kernels.6.base_kernel.kernels.0,MaternKernel,0.2307841019327802,0.2307841019327802,0.2307841019327802,turnover_blend_0.5
turnover_blend,2025-09-30,lengthscale,covar_module.kernels.0.base_kernel.kernels.6.base_kernel.kernels.1.kernels.0,MaternKernel,0.7842941627275277,0.7231781746172736,0.8351042130857403,turnover_blend_0.5
turnover_blend,2025-09-30,lengthscale,covar_module.kernels.0.base_kernel.kernels.6.base_kernel.kernels.1.kernels.1,RQKernel,0.7952095101342875,0.7291641633742013,0.8472281149076272,turnover_blend_0.5
turnover_blend,2025-09-30,outputscale,covar_module.kernels.0.base_kernel.kernels.7,ProductKernel,0.0028369213700082,0.0028369213700082,0.0028369213700082,turnover_blend_0.5
turnover_blend,2025-09-30,lengthscale,covar_module.kernels.0.base_kernel.kernels.7.base_kernel.kernels.0.kernels.0,MaternKernel,0.7526644074823591,0.7146067967793786,0.854291293955271,turnover_blend_0.5
turnover_blend,2025-09-30,lengthscale,covar_module.kernels.0.base_kernel.kernels.7.base_kernel.kernels.0.kernels.1,RQKernel,0.7488362231658918,0.7006669276753728,0.8615327017336345,turnover_blend_0.5
turnover_blend,2025-09-30,lengthscale,covar_module.kernels.0.base_kernel.kernels.7.base_kernel.kernels.1,MaternKernel,1.1458964461176189,0.1981086971035694,3.22203072390279,turnover_blend_0.5
turnover_blend,2025-09-30,likelihood_noise,likelihood,HadamardGaussianLikelihood,0.0065613041953101,0.0057707589343651,0.0072329630430014,turnover_blend_0.5
turnover_blend,2025-10-31,time_varying_effective_lengthscale_eval,covar_module.kernels.0,_Module,1.2032129692020857e-33,1.2032129692020857e-33,1.2032129692020857e-33,turnover_blend_0.5
turnover_blend,2025-10-31,outputscale,covar_module.kernels.0.base_kernel.kernels.0,MaternKernel,0.1059362142093904,0.1059362142093904,0.1059362142093904,turnover_blend_0.5
turnover_blend,2025-10-31,lengthscale,covar_module.kernels.0.base_kernel.kernels.0.base_kernel,MaternKernel,0.1365501477723909,0.1365501477723909,0.1365501477723909,turnover_blend_0.5
turnover_blend,2025-10-31,outputscale,covar_module.kernels.0.base_kernel.kernels.1,MaternKernel,0.0014103422227449,0.0014103422227449,0.0014103422227449,turnover_blend_0.5
turnover_blend,2025-10-31,lengthscale,covar_module.kernels.0.base_kernel.kernels.1.base_kernel,MaternKernel,0.9296039056344344,0.3326567950122081,1.902671323759338,turnover_blend_0.5
turnover_blend,2025-10-31,outputscale,covar_module.kernels.0.base_kernel.kernels.2,MaternKernel,0.6322746791204794,0.6322746791204794,0.6322746791204794,turnover_blend_0.5
turnover_blend,2025-10-31,lengthscale,covar_module.kernels.0.base_kernel.kernels.2.base_kernel,MaternKernel,0.5185983196176445,0.1139871921557295,1.057647222726369,turnover_blend_0.5
turnover_blend,2025-10-31,outputscale,covar_module.kernels.0.base_kernel.kernels.3,RQKernel,0.0055414512427599,0.0055414512427599,0.0055414512427599,turnover_blend_0.5
turnover_blend,2025-10-31,lengthscale,covar_module.kernels.0.base_kernel.kernels.3.base_kernel,RQKernel,0.7594395608369288,0.5323221584848408,0.9282051886602156,turnover_blend_0.5
turnover_blend,2025-10-31,outputscale,covar_module.kernels.0.base_kernel.kernels.4,LinearKernel,0.0132104527263228,0.0132104527263228,0.0132104527263228,turnover_blend_0.5
turnover_blend,2025-10-31,outputscale,covar_module.kernels.0.base_kernel.kernels.5,ProductKernel,0.0177056880336489,0.0177056880336489,0.0177056880336489,turnover_blend_0.5
turnover_blend,2025-10-31,lengthscale,covar_module.kernels.0.base_kernel.kernels.5.base_kernel.kernels.0,MaternKernel,0.0528203066764352,0.0528203066764352,0.0528203066764352,turnover_blend_0.5
turnover_blend,2025-10-31,lengthscale,covar_module.kernels.0.base_kernel.kernels.5.base_kernel.kernels.1,MaternKernel,0.9489663311990626,0.3937125870450031,2.332672142295724,turnover_blend_0.5
turnover_blend,2025-10-31,outputscale,covar_module.kernels.0.base_kernel.kernels.6,ProductKernel,0.1377593104910591,0.1377593104910591,0.1377593104910591,turnover_blend_0.5
turnover_blend,2025-10-31,lengthscale,covar_module.kernels.0.base_kernel.kernels.6.base_kernel.kernels.0,MaternKernel,0.1065284255063524,0.1065284255063524,0.1065284255063524,turnover_blend_0.5
turnover_blend,2025-10-31,lengthscale,covar_module.kernels.0.base_kernel.kernels.6.base_kernel.kernels.1.kernels.0,MaternKernel,0.7718408202135936,0.6999001287643195,0.8304448831175647,turnover_blend_0.5
turnover_blend,2025-10-31,lengthscale,covar_module.kernels.0.base_kernel.kernels.6.base_kernel.kernels.1.kernels.1,RQKernel,0.783836260072196,0.7093734175610913,0.8366294985362539,turnover_blend_0.5
turnover_blend,2025-10-31,outputscale,covar_module.kernels.0.base_kernel.kernels.7,ProductKernel,0.0218175819428773,0.0218175819428773,0.0218175819428773,turnover_blend_0.5
turnover_blend,2025-10-31,lengthscale,covar_module.kernels.0.base_kernel.kernels.7.base_kernel.kernels.0.kernels.0,MaternKernel,0.7313340578213026,0.5923455369797639,0.8867352046660287,turnover_blend_0.5
turnover_blend,2025-10-31,lengthscale,covar_module.kernels.0.base_kernel.kernels.7.base_kernel.kernels.0.kernels.1,RQKernel,0.718797382586418,0.5448381835177368,0.9020731345095084,turnover_blend_0.5
turnover_blend,2025-10-31,lengthscale,covar_module.kernels.0.base_kernel.kernels.7.base_kernel.kernels.1,MaternKernel,1.157818557552033,0.4521421701287577,3.4030854782150293,turnover_blend_0.5
turnover_blend,2025-10-31,likelihood_noise,likelihood,HadamardGaussianLikelihood,0.0065778457249562,0.0054972558216139,0.0071958462925311,turnover_blend_0.5
turnover_blend,2025-11-28,time_varying_effective_lengthscale_eval,covar_module.kernels.0,_Module,2.946581686988898e-53,2.946581686988899e-53,2.946581686988899e-53,turnover_blend_0.5
turnover_blend,2025-11-28,outputscale,covar_module.kernels.0.base_kernel.kernels.0,MaternKernel,0.0779625244228877,0.0779625244228877,0.0779625244228877,turnover_blend_0.5
turnover_blend,2025-11-28,lengthscale,covar_module.kernels.0.base_kernel.kernels.0.base_kernel,MaternKernel,0.1460782455869597,0.1460782455869597,0.1460782455869597,turnover_blend_0.5
turnover_blend,2025-11-28,outputscale,covar_module.kernels.0.base_kernel.kernels.1,MaternKernel,0.0022882901936101,0.0022882901936101,0.0022882901936101,turnover_blend_0.5
turnover_blend,2025-11-28,lengthscale,covar_module.kernels.0.base_kernel.kernels.1.base_kernel,MaternKernel,0.8801019941220095,0.3634617717695761,1.6414279434043169,turnover_blend_0.5
turnover_blend,2025-11-28,outputscale,covar_module.kernels.0.base_kernel.kernels.2,MaternKernel,0.0697757727323592,0.0697757727323592,0.0697757727323592,turnover_blend_0.5
turnover_blend,2025-11-28,lengthscale,covar_module.kernels.0.base_kernel.kernels.2.base_kernel,MaternKernel,0.6689253373612898,0.1532190200852661,1.1159487691888932,turnover_blend_0.5
turnover_blend,2025-11-28,outputscale,covar_module.kernels.0.base_kernel.kernels.3,RQKernel,0.0086069795246117,0.0086069795246117,0.0086069795246117,turnover_blend_0.5
turnover_blend,2025-11-28,lengthscale,covar_module.kernels.0.base_kernel.kernels.3.base_kernel,RQKernel,0.7459900442215066,0.4692903971251188,0.943212528534236,turnover_blend_0.5
turnover_blend,2025-11-28,outputscale,covar_module.kernels.0.base_kernel.kernels.4,LinearKernel,0.0225156842068479,0.0225156842068479,0.0225156842068479,turnover_blend_0.5
turnover_blend,2025-11-28,outputscale,covar_module.kernels.0.base_kernel.kernels.5,ProductKernel,0.0475371180565626,0.0475371180565626,0.0475371180565626,turnover_blend_0.5
turnover_blend,2025-11-28,lengthscale,covar_module.kernels.0.base_kernel.kernels.5.base_kernel.kernels.0,MaternKernel,0.0372487097896989,0.0372487097896989,0.0372487097896989,turnover_blend_0.5
turnover_blend,2025-11-28,lengthscale,covar_module.kernels.0.base_kernel.kernels.5.base_kernel.kernels.1,MaternKernel,0.9619035230342746,0.398787393595866,2.3848323125810276,turnover_blend_0.5
turnover_blend,2025-11-28,outputscale,covar_module.kernels.0.base_kernel.kernels.6,ProductKernel,0.3907876755072639,0.3907876755072639,0.3907876755072639,turnover_blend_0.5
turnover_blend,2025-11-28,lengthscale,covar_module.kernels.0.base_kernel.kernels.6.base_kernel.kernels.0,MaternKernel,0.0826571351839207,0.0826571351839207,0.0826571351839207,turnover_blend_0.5
turnover_blend,2025-11-28,lengthscale,covar_module.kernels.0.base_kernel.kernels.6.base_kernel.kernels.1.kernels.0,MaternKernel,0.7664258093018965,0.6952833659964353,0.8311601488736896,turnover_blend_0.5
turnover_blend,2025-11-28,lengthscale,covar_module.kernels.0.base_kernel.kernels.6.base_kernel.kernels.1.kernels.1,RQKernel,0.7787524592029085,0.7060451711018558,0.8353937817651287,turnover_blend_0.5
turnover_blend,2025-11-28,outputscale,covar_module.kernels.0.base_kernel.kernels.7,ProductKernel,0.0081900331163529,0.0081900331163529,0.0081900331163529,turnover_blend_0.5
turnover_blend,2025-11-28,lengthscale,covar_module.kernels.0.base_kernel.kernels.7.base_kernel.kernels.0.kernels.0,MaternKernel,0.7321531239274043,0.6441390887784995,0.8521018707120893,turnover_blend_0.5
turnover_blend,2025-11-28,lengthscale,covar_module.kernels.0.base_kernel.kernels.7.base_kernel.kernels.0.kernels.1,RQKernel,0.7201312414685008,0.6150117951852434,0.8630642645651768,turnover_blend_0.5
turnover_blend,2025-11-28,lengthscale,covar_module.kernels.0.base_kernel.kernels.7.base_kernel.kernels.1,MaternKernel,1.1041492989981536,0.436428577084201,2.9366534218735754,turnover_blend_0.5
turnover_blend,2025-11-28,likelihood_noise,likelihood,HadamardGaussianLikelihood,0.0065654620515111,0.0056970590324433,0.0070298676987757,turnover_blend_0.5
turnover_blend,2025-12-31,time_varying_effective_lengthscale_eval,covar_module.kernels.0,_Module,6.422854874272144e-44,6.422854874272145e-44,6.422854874272145e-44,turnover_blend_0.5
turnover_blend,2025-12-31,outputscale,covar_module.kernels.0.base_kernel.kernels.0,MaternKernel,0.0882973562255302,0.0882973562255302,0.0882973562255302,turnover_blend_0.5
turnover_blend,2025-12-31,lengthscale,covar_module.kernels.0.base_kernel.kernels.0.base_kernel,MaternKernel,0.1626081440243662,0.1626081440243662,0.1626081440243662,turnover_blend_0.5
turnover_blend,2025-12-31,outputscale,covar_module.kernels.0.base_kernel.kernels.1,MaternKernel,0.0018901592313658,0.0018901592313658,0.0018901592313658,turnover_blend_0.5
turnover_blend,2025-12-31,lengthscale,covar_module.kernels.0.base_kernel.kernels.1.base_kernel,MaternKernel,0.9138253848995762,0.2621019300881712,1.891549037030698,turnover_blend_0.5
turnover_blend,2025-12-31,outputscale,covar_module.kernels.0.base_kernel.kernels.2,MaternKernel,0.2177472635759627,0.2177472635759627,0.2177472635759627,turnover_blend_0.5
turnover_blend,2025-12-31,lengthscale,covar_module.kernels.0.base_kernel.kernels.2.base_kernel,MaternKernel,0.6613277226514871,0.1290184214350713,1.389057942540378,turnover_blend_0.5
turnover_blend,2025-12-31,outputscale,covar_module.kernels.0.base_kernel.kernels.3,RQKernel,0.0124908067052856,0.0124908067052856,0.0124908067052856,turnover_blend_0.5
turnover_blend,2025-12-31,lengthscale,covar_module.kernels.0.base_kernel.kernels.3.base_kernel,RQKernel,0.7484775352532522,0.475615640783927,0.9598093021392512,turnover_blend_0.5
turnover_blend,2025-12-31,outputscale,covar_module.kernels.0.base_kernel.kernels.4,LinearKernel,0.0144167696969527,0.0144167696969527,0.0144167696969527,turnover_blend_0.5
turnover_blend,2025-12-31,outputscale,covar_module.kernels.0.base_kernel.kernels.5,ProductKernel,0.061827474500891,0.061827474500891,0.061827474500891,turnover_blend_0.5
turnover_blend,2025-12-31,lengthscale,covar_module.kernels.0.base_kernel.kernels.5.base_kernel.kernels.0,MaternKernel,0.031022659904132,0.031022659904132,0.031022659904132,turnover_blend_0.5
turnover_blend,2025-12-31,lengthscale,covar_module.kernels.0.base_kernel.kernels.5.base_kernel.kernels.1,MaternKernel,1.0118028138553437,0.4001408119840696,2.6514510401217253,turnover_blend_0.5
turnover_blend,2025-12-31,outputscale,covar_module.kernels.0.base_kernel.kernels.6,ProductKernel,0.2661699691951906,0.2661699691951906,0.2661699691951906,turnover_blend_0.5
turnover_blend,2025-12-31,lengthscale,covar_module.kernels.0.base_kernel.kernels.6.base_kernel.kernels.0,MaternKernel,0.1025085535682152,0.1025085535682152,0.1025085535682152,turnover_blend_0.5
turnover_blend,2025-12-31,lengthscale,covar_module.kernels.0.base_kernel.kernels.6.base_kernel.kernels.1.kernels.0,MaternKernel,0.7645618247013797,0.6886059831832889,0.8401250588219555,turnover_blend_0.5
turnover_blend,2025-12-31,lengthscale,covar_module.kernels.0.base_kernel.kernels.6.base_kernel.kernels.1.kernels.1,RQKernel,0.7777502530941458,0.6972187940963298,0.8425375678525276,turnover_blend_0.5
turnover_blend,2025-12-31,outputscale,covar_module.kernels.0.base_kernel.kernels.7,ProductKernel,0.005893518422281,0.005893518422281,0.005893518422281,turnover_blend_0.5
turnover_blend,2025-12-31,lengthscale,covar_module.kernels.0.base_kernel.kernels.7.base_kernel.kernels.0.kernels.0,MaternKernel,0.723664109528773,0.6560115447020188,0.8426045546899968,turnover_blend_0.5
turnover_blend,2025-12-31,lengthscale,covar_module.kernels.0.base_kernel.kernels.7.base_kernel.kernels.0.kernels.1,RQKernel,0.7173413197574596,0.6244087169894293,0.8516492383130898,turnover_blend_0.5
turnover_blend,2025-12-31,lengthscale,covar_module.kernels.0.base_kernel.kernels.7.base_kernel.kernels.1,MaternKernel,1.1489517876353106,0.4140833807121225,3.1327388615076623,turnover_blend_0.5
turnover_blend,2025-12-31,likelihood_noise,likelihood,HadamardGaussianLikelihood,0.0066068087618669,0.005641545184832,0.0075260606481746,turnover_blend_0.5
turnover_blend,2026-01-30,time_varying_effective_lengthscale_eval,covar_module.kernels.0,_Module,5.550845196627226e-46,5.550845196627228e-46,5.550845196627228e-46,turnover_blend_0.5
turnover_blend,2026-01-30,outputscale,covar_module.kernels.0.base_kernel.kernels.0,MaternKernel,0.0864324962254299,0.0864324962254299,0.0864324962254299,turnover_blend_0.5
turnover_blend,2026-01-30,lengthscale,covar_module.kernels.0.base_kernel.kernels.0.base_kernel,MaternKernel,0.1473348736612308,0.1473348736612308,0.1473348736612308,turnover_blend_0.5
turnover_blend,2026-01-30,outputscale,covar_module.kernels.0.base_kernel.kernels.1,MaternKernel,0.0020338420149542,0.0020338420149542,0.0020338420149542,turnover_blend_0.5
turnover_blend,2026-01-30,lengthscale,covar_module.kernels.0.base_kernel.kernels.1.base_kernel,MaternKernel,0.9050488378940748,0.3030442875415077,1.9760783559402244,turnover_blend_0.5
turnover_blend,2026-01-30,outputscale,covar_module.kernels.0.base_kernel.kernels.2,MaternKernel,0.2220070319465776,0.2220070319465776,0.2220070319465776,turnover_blend_0.5
turnover_blend,2026-01-30,lengthscale,covar_module.kernels.0.base_kernel.kernels.2.base_kernel,MaternKernel,0.6686405123310866,0.1364961329496636,1.1327593516373542,turnover_blend_0.5
turnover_blend,2026-01-30,outputscale,covar_module.kernels.0.base_kernel.kernels.3,RQKernel,0.009912045001692,0.009912045001692,0.009912045001692,turnover_blend_0.5
turnover_blend,2026-01-30,lengthscale,covar_module.kernels.0.base_kernel.kernels.3.base_kernel,RQKernel,0.7473246983441284,0.4724152750727626,0.9438033774818708,turnover_blend_0.5
turnover_blend,2026-01-30,outputscale,covar_module.kernels.0.base_kernel.kernels.4,LinearKernel,0.0185591968751589,0.0185591968751589,0.0185591968751589,turnover_blend_0.5
turnover_blend,2026-01-30,outputscale,covar_module.kernels.0.base_kernel.kernels.5,ProductKernel,0.0594584021735899,0.0594584021735899,0.0594584021735899,turnover_blend_0.5
turnover_blend,2026-01-30,lengthscale,covar_module.kernels.0.base_kernel.kernels.5.base_kernel.kernels.0,MaternKernel,0.0342146845447986,0.0342146845447986,0.0342146845447986,turnover_blend_0.5
turnover_blend,2026-01-30,lengthscale,covar_module.kernels.0.base_kernel.kernels.5.base_kernel.kernels.1,MaternKernel,1.0856196101315894,0.3727940600817134,2.9061664268971814,turnover_blend_0.5
turnover_blend,2026-01-30,outputscale,covar_module.kernels.0.base_kernel.kernels.6,ProductKernel,0.2670582445837711,0.2670582445837711,0.2670582445837711,turnover_blend_0.5
turnover_blend,2026-01-30,lengthscale,covar_module.kernels.0.base_kernel.kernels.6.base_kernel.kernels.0,MaternKernel,0.0949736348257823,0.0949736348257823,0.0949736348257823,turnover_blend_0.5
turnover_blend,2026-01-30,lengthscale,covar_module.kernels.0.base_kernel.kernels.6.base_kernel.kernels.1.kernels.0,MaternKernel,0.7675880280174838,0.694122720945195,0.8374060429356822,turnover_blend_0.5
turnover_blend,2026-01-30,lengthscale,covar_module.kernels.0.base_kernel.kernels.6.base_kernel.kernels.1.kernels.1,RQKernel,0.7784730519761853,0.7043674866245637,0.8373481173747621,turnover_blend_0.5
turnover_blend,2026-01-30,outputscale,covar_module.kernels.0.base_kernel.kernels.7,ProductKernel,0.0063626395902691,0.0063626395902691,0.0063626395902691,turnover_blend_0.5
turnover_blend,2026-01-30,lengthscale,covar_module.kernels.0.base_kernel.kernels.7.base_kernel.kernels.0.kernels.0,MaternKernel,0.7283562941172035,0.6294653036035321,0.8631287573006774,turnover_blend_0.5
turnover_blend,2026-01-30,lengthscale,covar_module.kernels.0.base_kernel.kernels.7.base_kernel.kernels.0.kernels.1,RQKernel,0.714420090599861,0.5729412269934047,0.8675597840408429,turnover_blend_0.5
turnover_blend,2026-01-30,lengthscale,covar_module.kernels.0.base_kernel.kernels.7.base_kernel.kernels.1,MaternKernel,1.1639233515304523,0.4383746876343549,3.404775089501608,turnover_blend_0.5
turnover_blend,2026-01-30,likelihood_noise,likelihood,HadamardGaussianLikelihood,0.0065628859201154,0.0056532984519946,0.0070797101309005,turnover_blend_0.5
turnover_blend,2026-02-27,time_varying_effective_lengthscale_eval,covar_module.kernels.0,_Module,4.643331625881581e-25,4.643331625881581e-25,4.643331625881581e-25,turnover_blend_0.5
turnover_blend,2026-02-27,outputscale,covar_module.kernels.0.base_kernel.kernels.0,MaternKernel,0.0412500119942993,0.0412500119942993,0.0412500119942993,turnover_blend_0.5
turnover_blend,2026-02-27,lengthscale,covar_module.kernels.0.base_kernel.kernels.0.base_kernel,MaternKernel,0.1569405172884253,0.1569405172884253,0.1569405172884253,turnover_blend_0.5
turnover_blend,2026-02-27,outputscale,covar_module.kernels.0.base_kernel.kernels.1,MaternKernel,0.0017381467263147,0.0017381467263147,0.0017381467263147,turnover_blend_0.5
turnover_blend,2026-02-27,lengthscale,covar_module.kernels.0.base_kernel.kernels.1.base_kernel,MaternKernel,0.919329420829929,0.3385743611205269,1.8131070655626345,turnover_blend_0.5
turnover_blend,2026-02-27,outputscale,covar_module.kernels.0.base_kernel.kernels.2,MaternKernel,0.5906102097239506,0.5906102097239506,0.5906102097239506,turnover_blend_0.5
turnover_blend,2026-02-27,lengthscale,covar_module.kernels.0.base_kernel.kernels.2.base_kernel,MaternKernel,0.5858452365189972,0.1191712111476876,1.3210341566336938,turnover_blend_0.5
turnover_blend,2026-02-27,outputscale,covar_module.kernels.0.base_kernel.kernels.3,RQKernel,0.0109820137139333,0.0109820137139333,0.0109820137139333,turnover_blend_0.5
turnover_blend,2026-02-27,lengthscale,covar_module.kernels.0.base_kernel.kernels.3.base_kernel,RQKernel,0.752532245526171,0.4681073674038297,0.9920638299961712,turnover_blend_0.5
turnover_blend,2026-02-27,outputscale,covar_module.kernels.0.base_kernel.kernels.4,LinearKernel,0.0232940071385309,0.0232940071385309,0.0232940071385309,turnover_blend_0.5
turnover_blend,2026-02-27,outputscale,covar_module.kernels.0.base_kernel.kernels.5,ProductKernel,0.0367659525826044,0.0367659525826044,0.0367659525826044,turnover_blend_0.5
turnover_blend,2026-02-27,lengthscale,covar_module.kernels.0.base_kernel.kernels.5.base_kernel.kernels.0,MaternKernel,0.0414523516916123,0.0414523516916123,0.0414523516916123,turnover_blend_0.5
turnover_blend,2026-02-27,lengthscale,covar_module.kernels.0.base_kernel.kernels.5.base_kernel.kernels.1,MaternKernel,1.0019144093339627,0.4262004714834114,2.5095145969233656,turnover_blend_0.5
turnover_blend,2026-02-27,outputscale,covar_module.kernels.0.base_kernel.kernels.6,ProductKernel,0.1766048737738117,0.1766048737738117,0.1766048737738117,turnover_blend_0.5
turnover_blend,2026-02-27,lengthscale,covar_module.kernels.0.base_kernel.kernels.6.base_kernel.kernels.0,MaternKernel,0.0912410854509767,0.0912410854509767,0.0912410854509767,turnover_blend_0.5
turnover_blend,2026-02-27,lengthscale,covar_module.kernels.0.base_kernel.kernels.6.base_kernel.kernels.1.kernels.0,MaternKernel,0.770383408463591,0.694569030476442,0.8401303680435934,turnover_blend_0.5
turnover_blend,2026-02-27,lengthscale,covar_module.kernels.0.base_kernel.kernels.6.base_kernel.kernels.1.kernels.1,RQKernel,0.7800676372249717,0.7019166691467259,0.8431647194344304,turnover_blend_0.5
turnover_blend,2026-02-27,outputscale,covar_module.kernels.0.base_kernel.kernels.7,ProductKernel,0.0065080095967829,0.0065080095967829,0.0065080095967829,turnover_blend_0.5
turnover_blend,2026-02-27,lengthscale,covar_module.kernels.0.base_kernel.kernels.7.base_kernel.kernels.0.kernels.0,MaternKernel,0.7486375740851562,0.6916873010399452,0.8463680218879064,turnover_blend_0.5
turnover_blend,2026-02-27,lengthscale,covar_module.kernels.0.base_kernel.kernels.7.base_kernel.kernels.0.kernels.1,RQKernel,0.7402803123184192,0.6434592612446908,0.8552337256393301,turnover_blend_0.5
turnover_blend,2026-02-27,lengthscale,covar_module.kernels.0.base_kernel.kernels.7.base_kernel.kernels.1,MaternKernel,1.155433340640735,0.3507174503394626,3.0368035292773152,turnover_blend_0.5
turnover_blend,2026-02-27,likelihood_noise,likelihood,HadamardGaussianLikelihood,0.0065675963195521,0.0055179634350716,0.0071343577263093,turnover_blend_0.5
turnover_blend,2026-03-31,time_varying_effective_lengthscale_eval,covar_module.kernels.0,_Module,1.789602028560628e-43,1.7896020285606278e-43,1.7896020285606278e-43,turnover_blend_0.5
turnover_blend,2026-03-31,outputscale,covar_module.kernels.0.base_kernel.kernels.0,MaternKernel,0.0476701499774396,0.0476701499774396,0.0476701499774396,turnover_blend_0.5
turnover_blend,2026-03-31,lengthscale,covar_module.kernels.0.base_kernel.kernels.0.base_kernel,MaternKernel,0.1819477666459807,0.1819477666459807,0.1819477666459807,turnover_blend_0.5
turnover_blend,2026-03-31,outputscale,covar_module.kernels.0.base_kernel.kernels.1,MaternKernel,0.0015342585658503,0.0015342585658503,0.0015342585658503,turnover_blend_0.5
turnover_blend,2026-03-31,lengthscale,covar_module.kernels.0.base_kernel.kernels.1.base_kernel,MaternKernel,0.9117283820988344,0.3082694971242964,1.9053967749026823,turnover_blend_0.5
turnover_blend,2026-03-31,outputscale,covar_module.kernels.0.base_kernel.kernels.2,MaternKernel,0.4201823292633968,0.4201823292633968,0.4201823292633968,turnover_blend_0.5
turnover_blend,2026-03-31,lengthscale,covar_module.kernels.0.base_kernel.kernels.2.base_kernel,MaternKernel,0.6639641495304387,0.1156482387447886,1.4381308637144252,turnover_blend_0.5
turnover_blend,2026-03-31,outputscale,covar_module.kernels.0.base_kernel.kernels.3,RQKernel,0.0086752864130683,0.0086752864130683,0.0086752864130683,turnover_blend_0.5
turnover_blend,2026-03-31,lengthscale,covar_module.kernels.0.base_kernel.kernels.3.base_kernel,RQKernel,0.7509780438634515,0.4009824038800439,0.9864101140846028,turnover_blend_0.5
turnover_blend,2026-03-31,outputscale,covar_module.kernels.0.base_kernel.kernels.4,LinearKernel,0.012900739274959,0.012900739274959,0.012900739274959,turnover_blend_0.5
turnover_blend,2026-03-31,outputscale,covar_module.kernels.0.base_kernel.kernels.5,ProductKernel,0.0824955878028308,0.0824955878028308,0.0824955878028308,turnover_blend_0.5
turnover_blend,2026-03-31,lengthscale,covar_module.kernels.0.base_kernel.kernels.5.base_kernel.kernels.0,MaternKernel,0.0302246983782409,0.0302246983782409,0.0302246983782409,turnover_blend_0.5
turnover_blend,2026-03-31,lengthscale,covar_module.kernels.0.base_kernel.kernels.5.base_kernel.kernels.1,MaternKernel,1.2026426916468214,0.3964861597113754,3.1642880084947502,turnover_blend_0.5
turnover_blend,2026-03-31,outputscale,covar_module.kernels.0.base_kernel.kernels.6,ProductKernel,0.1680802492669388,0.1680802492669388,0.1680802492669388,turnover_blend_0.5
turnover_blend,2026-03-31,lengthscale,covar_module.kernels.0.base_kernel.kernels.6.base_kernel.kernels.0,MaternKernel,0.1088038822481606,0.1088038822481606,0.1088038822481606,turnover_blend_0.5
turnover_blend,2026-03-31,lengthscale,covar_module.kernels.0.base_kernel.kernels.6.base_kernel.kernels.1.kernels.0,MaternKernel,0.7615489237882178,0.6545731804158028,0.8406550789198016,turnover_blend_0.5
turnover_blend,2026-03-31,lengthscale,covar_module.kernels.0.base_kernel.kernels.6.base_kernel.kernels.1.kernels.1,RQKernel,0.7748092977296182,0.6652556448537931,0.8441444607470587,turnover_blend_0.5
turnover_blend,2026-03-31,outputscale,covar_module.kernels.0.base_kernel.kernels.7,ProductKernel,0.0043220965901606,0.0043220965901606,0.0043220965901606,turnover_blend_0.5
turnover_blend,2026-03-31,lengthscale,covar_module.kernels.0.base_kernel.kernels.7.base_kernel.kernels.0.kernels.0,MaternKernel,0.7100015742954364,0.6106875004450424,0.8376857059093586,turnover_blend_0.5
turnover_blend,2026-03-31,lengthscale,covar_module.kernels.0.base_kernel.kernels.7.base_kernel.kernels.0.kernels.1,RQKernel,0.7010889234967795,0.5767299083738591,0.8425476373238842,turnover_blend_0.5
turnover_blend,2026-03-31,lengthscale,covar_module.kernels.0.base_kernel.kernels.7.base_kernel.kernels.1,MaternKernel,1.2676781541829287,0.3888008102287342,3.5765236060390744,turnover_blend_0.5
turnover_blend,2026-03-31,likelihood_noise,likelihood,HadamardGaussianLikelihood,0.006546950658653,0.0056697308349128,0.0071992655773049,turnover_blend_0.5
turnover_blend,2026-04-30,time_varying_effective_lengthscale_eval,covar_module.kernels.0,_Module,2.451025033344668e-73,2.4510250333446685e-73,2.4510250333446685e-73,turnover_blend_0.5
turnover_blend,2026-04-30,outputscale,covar_module.kernels.0.base_kernel.kernels.0,MaternKernel,0.0206733207230422,0.0206733207230422,0.0206733207230422,turnover_blend_0.5
turnover_blend,2026-04-30,lengthscale,covar_module.kernels.0.base_kernel.kernels.0.base_kernel,MaternKernel,0.195112205111533,0.195112205111533,0.195112205111533,turnover_blend_0.5
turnover_blend,2026-04-30,outputscale,covar_module.kernels.0.base_kernel.kernels.1,MaternKernel,0.0004608348588865,0.0004608348588865,0.0004608348588865,turnover_blend_0.5
turnover_blend,2026-04-30,lengthscale,covar_module.kernels.0.base_kernel.kernels.1.base_kernel,MaternKernel,1.0094714263561189,0.2234869039372342,2.4472043598870292,turnover_blend_0.5
turnover_blend,2026-04-30,outputscale,covar_module.kernels.0.base_kernel.kernels.2,MaternKernel,0.9137555147824292,0.9137555147824292,0.9137555147824292,turnover_blend_0.5
turnover_blend,2026-04-30,lengthscale,covar_module.kernels.0.base_kernel.kernels.2.base_kernel,MaternKernel,0.6419637073707491,0.1067441428876736,1.453941249027777,turnover_blend_0.5
turnover_blend,2026-04-30,outputscale,covar_module.kernels.0.base_kernel.kernels.3,RQKernel,0.0058261061886227,0.0058261061886227,0.0058261061886227,turnover_blend_0.5
turnover_blend,2026-04-30,lengthscale,covar_module.kernels.0.base_kernel.kernels.3.base_kernel,RQKernel,0.7573363220465281,0.3301115137813653,1.0126222659750626,turnover_blend_0.5
turnover_blend,2026-04-30,outputscale,covar_module.kernels.0.base_kernel.kernels.4,LinearKernel,0.0043094837324142,0.0043094837324142,0.0043094837324142,turnover_blend_0.5
turnover_blend,2026-04-30,outputscale,covar_module.kernels.0.base_kernel.kernels.5,ProductKernel,0.1021869902259064,0.1021869902259064,0.1021869902259064,turnover_blend_0.5
turnover_blend,2026-04-30,lengthscale,covar_module.kernels.0.base_kernel.kernels.5.base_kernel.kernels.0,MaternKernel,0.0260334658251854,0.0260334658251854,0.0260334658251854,turnover_blend_0.5
turnover_blend,2026-04-30,lengthscale,covar_module.kernels.0.base_kernel.kernels.5.base_kernel.kernels.1,MaternKernel,1.3372946867279771,0.3418512682344988,3.928997213011279,turnover_blend_0.5
turnover_blend,2026-04-30,outputscale,covar_module.kernels.0.base_kernel.kernels.6,ProductKernel,0.0093459826869122,0.0093459826869122,0.0093459826869122,turnover_blend_0.5
turnover_blend,2026-04-30,lengthscale,covar_module.kernels.0.base_kernel.kernels.6.base_kernel.kernels.0,MaternKernel,0.1661824527715175,0.1661824527715175,0.1661824527715175,turnover_blend_0.5
turnover_blend,2026-04-30,lengthscale,covar_module.kernels.0.base_kernel.kernels.6.base_kernel.kernels.1.kernels.0,MaternKernel,0.7650079339323531,0.6464263029498231,0.8385339178640404,turnover_blend_0.5
turnover_blend,2026-04-30,lengthscale,covar_module.kernels.0.base_kernel.kernels.6.base_kernel.kernels.1.kernels.1,RQKernel,0.7782562233520723,0.6520904954681631,0.8500142127387882,turnover_blend_0.5
turnover_blend,2026-04-30,outputscale,covar_module.kernels.0.base_kernel.kernels.7,ProductKernel,0.0029538121105309,0.0029538121105309,0.0029538121105309,turnover_blend_0.5
turnover_blend,2026-04-30,lengthscale,covar_module.kernels.0.base_kernel.kernels.7.base_kernel.kernels.0.kernels.0,MaternKernel,0.6811851089588803,0.5965009916379578,0.7985759433664189,turnover_blend_0.5
turnover_blend,2026-04-30,lengthscale,covar_module.kernels.0.base_kernel.kernels.7.base_kernel.kernels.0.kernels.1,RQKernel,0.6741185789894277,0.5673731813480931,0.7956249121729028,turnover_blend_0.5
turnover_blend,2026-04-30,lengthscale,covar_module.kernels.0.base_kernel.kernels.7.base_kernel.kernels.1,MaternKernel,1.4076359846539908,0.321399090226081,4.541312119602675,turnover_blend_0.5
turnover_blend,2026-04-30,likelihood_noise,likelihood,HadamardGaussianLikelihood,0.006606776056017,0.00567226567242,0.0079904494584014,turnover_blend_0.5
lengthscale_floor,2025-05-30,time_varying_effective_lengthscale_eval,covar_module.kernels.0,_Module,0.02,0.02,0.02,lengthscale_floor_0.02
lengthscale_floor,2025-05-30,outputscale,covar_module.kernels.0.base_kernel.kernels.0,MaternKernel,0.1617145243248581,0.1617145243248581,0.1617145243248581,lengthscale_floor_0.02
lengthscale_floor,2025-05-30,lengthscale,covar_module.kernels.0.base_kernel.kernels.0.base_kernel,MaternKernel,0.1049102881973606,0.1049102881973606,0.1049102881973606,lengthscale_floor_0.02
lengthscale_floor,2025-05-30,outputscale,covar_module.kernels.0.base_kernel.kernels.1,MaternKernel,0.0008459088250905,0.0008459088250905,0.0008459088250905,lengthscale_floor_0.02
lengthscale_floor,2025-05-30,lengthscale,covar_module.kernels.0.base_kernel.kernels.1.base_kernel,MaternKernel,1.017226149177792,0.2565438870215188,2.366059803235496,lengthscale_floor_0.02
lengthscale_floor,2025-05-30,outputscale,covar_module.kernels.0.base_kernel.kernels.2,MaternKernel,0.7459863151428273,0.7459863151428273,0.7459863151428273,lengthscale_floor_0.02
lengthscale_floor,2025-05-30,lengthscale,covar_module.kernels.0.base_kernel.kernels.2.base_kernel,MaternKernel,0.5026794459161696,0.1059972386093304,0.8914721648395101,lengthscale_floor_0.02
lengthscale_floor,2025-05-30,outputscale,covar_module.kernels.0.base_kernel.kernels.3,RQKernel,0.002530217336722,0.002530217336722,0.002530217336722,lengthscale_floor_0.02
lengthscale_floor,2025-05-30,lengthscale,covar_module.kernels.0.base_kernel.kernels.3.base_kernel,RQKernel,0.739818814291406,0.4407079159366925,0.9609714275403488,lengthscale_floor_0.02
lengthscale_floor,2025-05-30,outputscale,covar_module.kernels.0.base_kernel.kernels.4,LinearKernel,0.006068787750942,0.006068787750942,0.006068787750942,lengthscale_floor_0.02
lengthscale_floor,2025-05-30,outputscale,covar_module.kernels.0.base_kernel.kernels.5,ProductKernel,0.0662941487430813,0.0662941487430813,0.0662941487430813,lengthscale_floor_0.02
lengthscale_floor,2025-05-30,lengthscale,covar_module.kernels.0.base_kernel.kernels.5.base_kernel.kernels.0,MaternKernel,0.0321513652590429,0.0321513652590429,0.0321513652590429,lengthscale_floor_0.02
lengthscale_floor,2025-05-30,lengthscale,covar_module.kernels.0.base_kernel.kernels.5.base_kernel.kernels.1,MaternKernel,1.4104692044348277,0.3108696260398543,3.7530200315072344,lengthscale_floor_0.02
lengthscale_floor,2025-05-30,outputscale,covar_module.kernels.0.base_kernel.kernels.6,ProductKernel,0.011706531304353,0.011706531304353,0.011706531304353,lengthscale_floor_0.02
lengthscale_floor,2025-05-30,lengthscale,covar_module.kernels.0.base_kernel.kernels.6.base_kernel.kernels.0,MaternKernel,0.1579777518777735,0.1579777518777735,0.1579777518777735,lengthscale_floor_0.02
lengthscale_floor,2025-05-30,lengthscale,covar_module.kernels.0.base_kernel.kernels.6.base_kernel.kernels.1.kernels.0,MaternKernel,0.7751932268131045,0.7047849252774531,0.830109572497748,lengthscale_floor_0.02
lengthscale_floor,2025-05-30,lengthscale,covar_module.kernels.0.base_kernel.kernels.6.base_kernel.kernels.1.kernels.1,RQKernel,0.786310579356108,0.7116246461164671,0.8349039728035186,lengthscale_floor_0.02
lengthscale_floor,2025-05-30,outputscale,covar_module.kernels.0.base_kernel.kernels.7,ProductKernel,0.0028873022337249,0.0028873022337249,0.0028873022337249,lengthscale_floor_0.02
lengthscale_floor,2025-05-30,lengthscale,covar_module.kernels.0.base_kernel.kernels.7.base_kernel.kernels.0.kernels.0,MaternKernel,0.7739480357462736,0.7331202236387641,0.8656560206235455,lengthscale_floor_0.02
lengthscale_floor,2025-05-30,lengthscale,covar_module.kernels.0.base_kernel.kernels.7.base_kernel.kernels.0.kernels.1,RQKernel,0.7735549534620076,0.7201675694526476,0.8725412787686591,lengthscale_floor_0.02
lengthscale_floor,2025-05-30,lengthscale,covar_module.kernels.0.base_kernel.kernels.7.base_kernel.kernels.1,MaternKernel,1.1709790265042452,0.1958437933494819,3.299061338918393,lengthscale_floor_0.02
lengthscale_floor,2025-05-30,likelihood_noise,likelihood,HadamardGaussianLikelihood,0.0065235769689913,0.0055395537359429,0.0073369931070487,lengthscale_floor_0.02
lengthscale_floor,2025-06-30,time_varying_effective_lengthscale_eval,covar_module.kernels.0,_Module,0.02,0.02,0.02,lengthscale_floor_0.02
lengthscale_floor,2025-06-30,outputscale,covar_module.kernels.0.base_kernel.kernels.0,MaternKernel,0.4909179316142668,0.4909179316142668,0.4909179316142668,lengthscale_floor_0.02
lengthscale_floor,2025-06-30,lengthscale,covar_module.kernels.0.base_kernel.kernels.0.base_kernel,MaternKernel,0.1304443562800734,0.1304443562800734,0.1304443562800734,lengthscale_floor_0.02
lengthscale_floor,2025-06-30,outputscale,covar_module.kernels.0.base_kernel.kernels.1,MaternKernel,0.0017468440908547,0.0017468440908547,0.0017468440908547,lengthscale_floor_0.02
lengthscale_floor,2025-06-30,lengthscale,covar_module.kernels.0.base_kernel.kernels.1.base_kernel,MaternKernel,0.9224680167001218,0.3217848759074069,1.7516765472150608,lengthscale_floor_0.02
lengthscale_floor,2025-06-30,outputscale,covar_module.kernels.0.base_kernel.kernels.2,MaternKernel,0.332791252967032,0.332791252967032,0.332791252967032,lengthscale_floor_0.02
lengthscale_floor,2025-06-30,lengthscale,covar_module.kernels.0.base_kernel.kernels.2.base_kernel,MaternKernel,0.6019282654662371,0.1229031518517026,1.0971230183700993,lengthscale_floor_0.02
lengthscale_floor,2025-06-30,outputscale,covar_module.kernels.0.base_kernel.kernels.3,RQKernel,0.0074030257432293,0.0074030257432293,0.0074030257432293,lengthscale_floor_0.02
lengthscale_floor,2025-06-30,lengthscale,covar_module.kernels.0.base_kernel.kernels.3.base_kernel,RQKernel,0.7663915895013653,0.4963934986726738,0.9530644313202254,lengthscale_floor_0.02
lengthscale_floor,2025-06-30,outputscale,covar_module.kernels.0.base_kernel.kernels.4,LinearKernel,0.0183904139433034,0.0183904139433034,0.0183904139433034,lengthscale_floor_0.02
lengthscale_floor,2025-06-30,outputscale,covar_module.kernels.0.base_kernel.kernels.5,ProductKernel,0.0658311759156911,0.0658311759156911,0.0658311759156911,lengthscale_floor_0.02
lengthscale_floor,2025-06-30,lengthscale,covar_module.kernels.0.base_kernel.kernels.5.base_kernel.kernels.0,MaternKernel,0.0316903618399446,0.0316903618399446,0.0316903618399446,lengthscale_floor_0.02
lengthscale_floor,2025-06-30,lengthscale,covar_module.kernels.0.base_kernel.kernels.5.base_kernel.kernels.1,MaternKernel,1.221787311602465,0.3093888987715294,3.008300021955835,lengthscale_floor_0.02
lengthscale_floor,2025-06-30,outputscale,covar_module.kernels.0.base_kernel.kernels.6,ProductKernel,0.089275719726431,0.089275719726431,0.089275719726431,lengthscale_floor_0.02
lengthscale_floor,2025-06-30,lengthscale,covar_module.kernels.0.base_kernel.kernels.6.base_kernel.kernels.0,MaternKernel,0.1395666307776803,0.1395666307776803,0.1395666307776803,lengthscale_floor_0.02
lengthscale_floor,2025-06-30,lengthscale,covar_module.kernels.0.base_kernel.kernels.6.base_kernel.kernels.1.kernels.0,MaternKernel,0.780410588113698,0.7111366956195628,0.827258172357714,lengthscale_floor_0.02
lengthscale_floor,2025-06-30,lengthscale,covar_module.kernels.0.base_kernel.kernels.6.base_kernel.kernels.1.kernels.1,RQKernel,0.7907402711074003,0.7185954607273985,0.8329466337159004,lengthscale_floor_0.02
lengthscale_floor,2025-06-30,outputscale,covar_module.kernels.0.base_kernel.kernels.7,ProductKernel,0.0035338161458757,0.0035338161458757,0.0035338161458757,lengthscale_floor_0.02
lengthscale_floor,2025-06-30,lengthscale,covar_module.kernels.0.base_kernel.kernels.7.base_kernel.kernels.0.kernels.0,MaternKernel,0.7452457451243175,0.659350531070093,0.8699133050025755,lengthscale_floor_0.02
lengthscale_floor,2025-06-30,lengthscale,covar_module.kernels.0.base_kernel.kernels.7.base_kernel.kernels.0.kernels.1,RQKernel,0.739715853275581,0.6126043915444842,0.8743419731736971,lengthscale_floor_0.02
lengthscale_floor,2025-06-30,lengthscale,covar_module.kernels.0.base_kernel.kernels.7.base_kernel.kernels.1,MaternKernel,1.1778704049185456,0.5251296525431095,3.0946263336766684,lengthscale_floor_0.02
lengthscale_floor,2025-06-30,likelihood_noise,likelihood,HadamardGaussianLikelihood,0.0065463889386179,0.0056770434051282,0.0073161070608458,lengthscale_floor_0.02
lengthscale_floor,2025-07-31,time_varying_effective_lengthscale_eval,covar_module.kernels.0,_Module,0.02,0.02,0.02,lengthscale_floor_0.02
lengthscale_floor,2025-07-31,outputscale,covar_module.kernels.0.base_kernel.kernels.0,MaternKernel,0.2155526880456089,0.2155526880456089,0.2155526880456089,lengthscale_floor_0.02
lengthscale_floor,2025-07-31,lengthscale,covar_module.kernels.0.base_kernel.kernels.0.base_kernel,MaternKernel,0.1054608861416762,0.1054608861416762,0.1054608861416762,lengthscale_floor_0.02
lengthscale_floor,2025-07-31,outputscale,covar_module.kernels.0.base_kernel.kernels.1,MaternKernel,0.0021082828855716,0.0021082828855716,0.0021082828855716,lengthscale_floor_0.02
lengthscale_floor,2025-07-31,lengthscale,covar_module.kernels.0.base_kernel.kernels.1.base_kernel,MaternKernel,0.9265649217426918,0.2701115570008102,1.7654069971357174,lengthscale_floor_0.02
lengthscale_floor,2025-07-31,outputscale,covar_module.kernels.0.base_kernel.kernels.2,MaternKernel,0.0782645806317968,0.0782645806317968,0.0782645806317968,lengthscale_floor_0.02
lengthscale_floor,2025-07-31,lengthscale,covar_module.kernels.0.base_kernel.kernels.2.base_kernel,MaternKernel,0.6589989850561313,0.1603863718769408,1.13110024777916,lengthscale_floor_0.02
lengthscale_floor,2025-07-31,outputscale,covar_module.kernels.0.base_kernel.kernels.3,RQKernel,0.0082971452077647,0.0082971452077647,0.0082971452077647,lengthscale_floor_0.02
lengthscale_floor,2025-07-31,lengthscale,covar_module.kernels.0.base_kernel.kernels.3.base_kernel,RQKernel,0.7609445506222179,0.49993925701651,0.9693119742920584,lengthscale_floor_0.02
lengthscale_floor,2025-07-31,outputscale,covar_module.kernels.0.base_kernel.kernels.4,LinearKernel,0.020488656879782,0.020488656879782,0.020488656879782,lengthscale_floor_0.02
lengthscale_floor,2025-07-31,outputscale,covar_module.kernels.0.base_kernel.kernels.5,ProductKernel,0.0526820190230346,0.0526820190230346,0.0526820190230346,lengthscale_floor_0.02
lengthscale_floor,2025-07-31,lengthscale,covar_module.kernels.0.base_kernel.kernels.5.base_kernel.kernels.0,MaternKernel,0.0401681910970736,0.0401681910970736,0.0401681910970736,lengthscale_floor_0.02
lengthscale_floor,2025-07-31,lengthscale,covar_module.kernels.0.base_kernel.kernels.5.base_kernel.kernels.1,MaternKernel,1.0468707774700503,0.5078958027227649,2.527061077798943,lengthscale_floor_0.02
lengthscale_floor,2025-07-31,outputscale,covar_module.kernels.0.base_kernel.kernels.6,ProductKernel,0.3175323930786642,0.3175323930786642,0.3175323930786642,lengthscale_floor_0.02
lengthscale_floor,2025-07-31,lengthscale,covar_module.kernels.0.base_kernel.kernels.6.base_kernel.kernels.0,MaternKernel,0.0954345926009282,0.0954345926009282,0.0954345926009282,lengthscale_floor_0.02
lengthscale_floor,2025-07-31,lengthscale,covar_module.kernels.0.base_kernel.kernels.6.base_kernel.kernels.1.kernels.0,MaternKernel,0.7754162388300851,0.7119750945970106,0.8269301526923196,lengthscale_floor_0.02
lengthscale_floor,2025-07-31,lengthscale,covar_module.kernels.0.base_kernel.kernels.6.base_kernel.kernels.1.kernels.1,RQKernel,0.7854253761966805,0.7181085571092861,0.831999543735708,lengthscale_floor_0.02
lengthscale_floor,2025-07-31,outputscale,covar_module.kernels.0.base_kernel.kernels.7,ProductKernel,0.0057220585732111,0.0057220585732111,0.0057220585732111,lengthscale_floor_0.02
lengthscale_floor,2025-07-31,lengthscale,covar_module.kernels.0.base_kernel.kernels.7.base_kernel.kernels.0.kernels.0,MaternKernel,0.7483686851080276,0.6794256857329027,0.8312001388172733,lengthscale_floor_0.02
lengthscale_floor,2025-07-31,lengthscale,covar_module.kernels.0.base_kernel.kernels.7.base_kernel.kernels.0.kernels.1,RQKernel,0.7419803162092722,0.6396325735738702,0.8361255644450819,lengthscale_floor_0.02
lengthscale_floor,2025-07-31,lengthscale,covar_module.kernels.0.base_kernel.kernels.7.base_kernel.kernels.1,MaternKernel,1.151685279526282,0.364106459028154,2.888218126335578,lengthscale_floor_0.02
lengthscale_floor,2025-07-31,likelihood_noise,likelihood,HadamardGaussianLikelihood,0.0065471578868021,0.0057062241164075,0.0070098323503046,lengthscale_floor_0.02
lengthscale_floor,2025-08-29,time_varying_effective_lengthscale_eval,covar_module.kernels.0,_Module,0.02,0.02,0.02,lengthscale_floor_0.02
lengthscale_floor,2025-08-29,outputscale,covar_module.kernels.0.base_kernel.kernels.0,MaternKernel,0.0807724716309899,0.0807724716309899,0.0807724716309899,lengthscale_floor_0.02
lengthscale_floor,2025-08-29,lengthscale,covar_module.kernels.0.base_kernel.kernels.0.base_kernel,MaternKernel,0.1313506878041181,0.1313506878041181,0.1313506878041181,lengthscale_floor_0.02
lengthscale_floor,2025-08-29,outputscale,covar_module.kernels.0.base_kernel.kernels.1,MaternKernel,0.0026953116479238,0.0026953116479238,0.0026953116479238,lengthscale_floor_0.02
lengthscale_floor,2025-08-29,lengthscale,covar_module.kernels.0.base_kernel.kernels.1.base_kernel,MaternKernel,0.90886800433772,0.3342122052618124,1.815526718436812,lengthscale_floor_0.02
lengthscale_floor,2025-08-29,outputscale,covar_module.kernels.0.base_kernel.kernels.2,MaternKernel,0.1481976385130593,0.1481976385130593,0.1481976385130593,lengthscale_floor_0.02
lengthscale_floor,2025-08-29,lengthscale,covar_module.kernels.0.base_kernel.kernels.2.base_kernel,MaternKernel,0.6494188510118364,0.1441350949245003,1.1661311428273595,lengthscale_floor_0.02
lengthscale_floor,2025-08-29,outputscale,covar_module.kernels.0.base_kernel.kernels.3,RQKernel,0.0112016040044929,0.0112016040044929,0.0112016040044929,lengthscale_floor_0.02
lengthscale_floor,2025-08-29,lengthscale,covar_module.kernels.0.base_kernel.kernels.3.base_kernel,RQKernel,0.7553531517609879,0.4790860909585338,0.9495538846560548,lengthscale_floor_0.02
lengthscale_floor,2025-08-29,outputscale,covar_module.kernels.0.base_kernel.kernels.4,LinearKernel,0.0195987653919319,0.0195987653919319,0.0195987653919319,lengthscale_floor_0.02
lengthscale_floor,2025-08-29,outputscale,covar_module.kernels.0.base_kernel.kernels.5,ProductKernel,0.0373626011592177,0.0373626011592177,0.0373626011592177,lengthscale_floor_0.02
lengthscale_floor,2025-08-29,lengthscale,covar_module.kernels.0.base_kernel.kernels.5.base_kernel.kernels.0,MaternKernel,0.0429976499985786,0.0429976499985786,0.0429976499985786,lengthscale_floor_0.02
lengthscale_floor,2025-08-29,lengthscale,covar_module.kernels.0.base_kernel.kernels.5.base_kernel.kernels.1,MaternKernel,0.9578518668098144,0.3921931632522314,2.3105427261853646,lengthscale_floor_0.02
lengthscale_floor,2025-08-29,outputscale,covar_module.kernels.0.base_kernel.kernels.6,ProductKernel,0.3146907154995201,0.3146907154995201,0.3146907154995201,lengthscale_floor_0.02
lengthscale_floor,2025-08-29,lengthscale,covar_module.kernels.0.base_kernel.kernels.6.base_kernel.kernels.0,MaternKernel,0.0886159770927913,0.0886159770927913,0.0886159770927913,lengthscale_floor_0.02
lengthscale_floor,2025-08-29,lengthscale,covar_module.kernels.0.base_kernel.kernels.6.base_kernel.kernels.1.kernels.0,MaternKernel,0.7705092874258987,0.6962104886823052,0.8269440773643635,lengthscale_floor_0.02
lengthscale_floor,2025-08-29,lengthscale,covar_module.kernels.0.base_kernel.kernels.6.base_kernel.kernels.1.kernels.1,RQKernel,0.7808407839988012,0.7034776956873444,0.8324369556751077,lengthscale_floor_0.02
lengthscale_floor,2025-08-29,outputscale,covar_module.kernels.0.base_kernel.kernels.7,ProductKernel,0.011293623297313,0.011293623297313,0.011293623297313,lengthscale_floor_0.02
lengthscale_floor,2025-08-29,lengthscale,covar_module.kernels.0.base_kernel.kernels.7.base_kernel.kernels.0.kernels.0,MaternKernel,0.7473241769043224,0.6767060855795882,0.8423892761479783,lengthscale_floor_0.02
lengthscale_floor,2025-08-29,lengthscale,covar_module.kernels.0.base_kernel.kernels.7.base_kernel.kernels.0.kernels.1,RQKernel,0.7389475726751072,0.6355628272676683,0.8491588889375307,lengthscale_floor_0.02
lengthscale_floor,2025-08-29,lengthscale,covar_module.kernels.0.base_kernel.kernels.7.base_kernel.kernels.1,MaternKernel,1.1325510186363443,0.3238341699942042,2.9887941211004785,lengthscale_floor_0.02
lengthscale_floor,2025-08-29,likelihood_noise,likelihood,HadamardGaussianLikelihood,0.0065569091164354,0.0056946189375852,0.0069560539668406,lengthscale_floor_0.02
lengthscale_floor,2025-09-30,time_varying_effective_lengthscale_eval,covar_module.kernels.0,_Module,0.02,0.02,0.02,lengthscale_floor_0.02
lengthscale_floor,2025-09-30,outputscale,covar_module.kernels.0.base_kernel.kernels.0,MaternKernel,0.1046724096162044,0.1046724096162044,0.1046724096162044,lengthscale_floor_0.02
lengthscale_floor,2025-09-30,lengthscale,covar_module.kernels.0.base_kernel.kernels.0.base_kernel,MaternKernel,0.1736283905547327,0.1736283905547327,0.1736283905547327,lengthscale_floor_0.02
lengthscale_floor,2025-09-30,outputscale,covar_module.kernels.0.base_kernel.kernels.1,MaternKernel,0.0018301188815315,0.0018301188815315,0.0018301188815315,lengthscale_floor_0.02
lengthscale_floor,2025-09-30,lengthscale,covar_module.kernels.0.base_kernel.kernels.1.base_kernel,MaternKernel,0.9075131513875668,0.2370653985003201,1.7697696396370572,lengthscale_floor_0.02
lengthscale_floor,2025-09-30,outputscale,covar_module.kernels.0.base_kernel.kernels.2,MaternKernel,0.8607068113186691,0.8607068113186691,0.8607068113186691,lengthscale_floor_0.02
lengthscale_floor,2025-09-30,lengthscale,covar_module.kernels.0.base_kernel.kernels.2.base_kernel,MaternKernel,0.5742313521489626,0.1138738667684434,1.1754558976474532,lengthscale_floor_0.02
lengthscale_floor,2025-09-30,outputscale,covar_module.kernels.0.base_kernel.kernels.3,RQKernel,0.0099014675255165,0.0099014675255165,0.0099014675255165,lengthscale_floor_0.02
lengthscale_floor,2025-09-30,lengthscale,covar_module.kernels.0.base_kernel.kernels.3.base_kernel,RQKernel,0.7698526141254992,0.5242818862259803,0.9247981153526784,lengthscale_floor_0.02
lengthscale_floor,2025-09-30,outputscale,covar_module.kernels.0.base_kernel.kernels.4,LinearKernel,0.0115152897079576,0.0115152897079576,0.0115152897079576,lengthscale_floor_0.02
lengthscale_floor,2025-09-30,outputscale,covar_module.kernels.0.base_kernel.kernels.5,ProductKernel,0.0716959594568141,0.0716959594568141,0.0716959594568141,lengthscale_floor_0.02
lengthscale_floor,2025-09-30,lengthscale,covar_module.kernels.0.base_kernel.kernels.5.base_kernel.kernels.0,MaternKernel,0.0274569853555635,0.0274569853555635,0.0274569853555635,lengthscale_floor_0.02
lengthscale_floor,2025-09-30,lengthscale,covar_module.kernels.0.base_kernel.kernels.5.base_kernel.kernels.1,MaternKernel,1.3967629124592398,0.3116385715564503,3.434969286137294,lengthscale_floor_0.02
lengthscale_floor,2025-09-30,outputscale,covar_module.kernels.0.base_kernel.kernels.6,ProductKernel,0.0046977690446247,0.0046977690446247,0.0046977690446247,lengthscale_floor_0.02
lengthscale_floor,2025-09-30,lengthscale,covar_module.kernels.0.base_kernel.kernels.6.base_kernel.kernels.0,MaternKernel,0.2241552341868801,0.2241552341868801,0.2241552341868801,lengthscale_floor_0.02
lengthscale_floor,2025-09-30,lengthscale,covar_module.kernels.0.base_kernel.kernels.6.base_kernel.kernels.1.kernels.0,MaternKernel,0.7847515144632105,0.725061465016267,0.8345401830164971,lengthscale_floor_0.02
lengthscale_floor,2025-09-30,lengthscale,covar_module.kernels.0.base_kernel.kernels.6.base_kernel.kernels.1.kernels.1,RQKernel,0.7954913948963247,0.730984082552257,0.8457514177052352,lengthscale_floor_0.02
lengthscale_floor,2025-09-30,outputscale,covar_module.kernels.0.base_kernel.kernels.7,ProductKernel,0.0032700749672302,0.0032700749672302,0.0032700749672302,lengthscale_floor_0.02
lengthscale_floor,2025-09-30,lengthscale,covar_module.kernels.0.base_kernel.kernels.7.base_kernel.kernels.0.kernels.0,MaternKernel,0.7529111029080185,0.7109567404964273,0.8544386646021204,lengthscale_floor_0.02
lengthscale_floor,2025-09-30,lengthscale,covar_module.kernels.0.base_kernel.kernels.7.base_kernel.kernels.0.kernels.1,RQKernel,0.748899367577198,0.6954945404193493,0.8626955845368891,lengthscale_floor_0.02
lengthscale_floor,2025-09-30,lengthscale,covar_module.kernels.0.base_kernel.kernels.7.base_kernel.kernels.1,MaternKernel,1.1366043892339006,0.2214771276529466,3.1531750151022067,lengthscale_floor_0.02
lengthscale_floor,2025-09-30,likelihood_noise,likelihood,HadamardGaussianLikelihood,0.006556426975841,0.0057374088041168,0.0072683304509763,lengthscale_floor_0.02
lengthscale_floor,2025-10-31,time_varying_effective_lengthscale_eval,covar_module.kernels.0,_Module,0.02,0.02,0.02,lengthscale_floor_0.02
lengthscale_floor,2025-10-31,outputscale,covar_module.kernels.0.base_kernel.kernels.0,MaternKernel,0.0711951612569031,0.0711951612569031,0.0711951612569031,lengthscale_floor_0.02
lengthscale_floor,2025-10-31,lengthscale,covar_module.kernels.0.base_kernel.kernels.0.base_kernel,MaternKernel,0.1276604430421272,0.1276604430421272,0.1276604430421272,lengthscale_floor_0.02
lengthscale_floor,2025-10-31,outputscale,covar_module.kernels.0.base_kernel.kernels.1,MaternKernel,0.0019146473362858,0.0019146473362858,0.0019146473362858,lengthscale_floor_0.02
lengthscale_floor,2025-10-31,lengthscale,covar_module.kernels.0.base_kernel.kernels.1.base_kernel,MaternKernel,0.917644728706594,0.3465345104978451,1.8315333763880597,lengthscale_floor_0.02
lengthscale_floor,2025-10-31,outputscale,covar_module.kernels.0.base_kernel.kernels.2,MaternKernel,0.7700090362939696,0.7700090362939696,0.7700090362939696,lengthscale_floor_0.02
lengthscale_floor,2025-10-31,lengthscale,covar_module.kernels.0.base_kernel.kernels.2.base_kernel,MaternKernel,0.5167518652073391,0.1164683747400421,1.0491258089768107,lengthscale_floor_0.02
lengthscale_floor,2025-10-31,outputscale,covar_module.kernels.0.base_kernel.kernels.3,RQKernel,0.0076699913092494,0.0076699913092494,0.0076699913092494,lengthscale_floor_0.02
lengthscale_floor,2025-10-31,lengthscale,covar_module.kernels.0.base_kernel.kernels.3.base_kernel,RQKernel,0.764373195842051,0.5483665559557106,0.9214671512473812,lengthscale_floor_0.02
lengthscale_floor,2025-10-31,outputscale,covar_module.kernels.0.base_kernel.kernels.4,LinearKernel,0.0162288024139653,0.0162288024139653,0.0162288024139653,lengthscale_floor_0.02
lengthscale_floor,2025-10-31,outputscale,covar_module.kernels.0.base_kernel.kernels.5,ProductKernel,0.0200539646067718,0.0200539646067718,0.0200539646067718,lengthscale_floor_0.02
lengthscale_floor,2025-10-31,lengthscale,covar_module.kernels.0.base_kernel.kernels.5.base_kernel.kernels.0,MaternKernel,0.0569519478750718,0.0569519478750718,0.0569519478750718,lengthscale_floor_0.02
lengthscale_floor,2025-10-31,lengthscale,covar_module.kernels.0.base_kernel.kernels.5.base_kernel.kernels.1,MaternKernel,0.9316165829154244,0.4048794670527735,2.2216325234425645,lengthscale_floor_0.02
lengthscale_floor,2025-10-31,outputscale,covar_module.kernels.0.base_kernel.kernels.6,ProductKernel,0.0796016225318292,0.0796016225318292,0.0796016225318292,lengthscale_floor_0.02
lengthscale_floor,2025-10-31,lengthscale,covar_module.kernels.0.base_kernel.kernels.6.base_kernel.kernels.0,MaternKernel,0.101879226006363,0.101879226006363,0.101879226006363,lengthscale_floor_0.02
lengthscale_floor,2025-10-31,lengthscale,covar_module.kernels.0.base_kernel.kernels.6.base_kernel.kernels.1.kernels.0,MaternKernel,0.7741527643366526,0.7052055295830109,0.8304954233699172,lengthscale_floor_0.02
lengthscale_floor,2025-10-31,lengthscale,covar_module.kernels.0.base_kernel.kernels.6.base_kernel.kernels.1.kernels.1,RQKernel,0.7856215719139152,0.7145684515782474,0.8364524011232148,lengthscale_floor_0.02
lengthscale_floor,2025-10-31,outputscale,covar_module.kernels.0.base_kernel.kernels.7,ProductKernel,0.0207992387335641,0.0207992387335641,0.0207992387335641,lengthscale_floor_0.02
lengthscale_floor,2025-10-31,lengthscale,covar_module.kernels.0.base_kernel.kernels.7.base_kernel.kernels.0.kernels.0,MaternKernel,0.7354994051586905,0.5980283688990118,0.8847762168162211,lengthscale_floor_0.02
lengthscale_floor,2025-10-31,lengthscale,covar_module.kernels.0.base_kernel.kernels.7.base_kernel.kernels.0.kernels.1,RQKernel,0.7235947155400247,0.5513333354034881,0.899651428862685,lengthscale_floor_0.02
lengthscale_floor,2025-10-31,lengthscale,covar_module.kernels.0.base_kernel.kernels.7.base_kernel.kernels.1,MaternKernel,1.1396013986926397,0.4676936942597661,3.261743010853065,lengthscale_floor_0.02
lengthscale_floor,2025-10-31,likelihood_noise,likelihood,HadamardGaussianLikelihood,0.0065817689812704,0.0055179782073432,0.0071716919546379,lengthscale_floor_0.02
lengthscale_floor,2025-11-28,time_varying_effective_lengthscale_eval,covar_module.kernels.0,_Module,0.02,0.02,0.02,lengthscale_floor_0.02
lengthscale_floor,2025-11-28,outputscale,covar_module.kernels.0.base_kernel.kernels.0,MaternKernel,0.0674328863873352,0.0674328863873352,0.0674328863873352,lengthscale_floor_0.02
lengthscale_floor,2025-11-28,lengthscale,covar_module.kernels.0.base_kernel.kernels.0.base_kernel,MaternKernel,0.1313218130084306,0.1313218130084306,0.1313218130084306,lengthscale_floor_0.02
lengthscale_floor,2025-11-28,outputscale,covar_module.kernels.0.base_kernel.kernels.1,MaternKernel,0.0027123886226754,0.0027123886226754,0.0027123886226754,lengthscale_floor_0.02
lengthscale_floor,2025-11-28,lengthscale,covar_module.kernels.0.base_kernel.kernels.1.base_kernel,MaternKernel,0.8714861317644246,0.3694535503480178,1.5754201058276922,lengthscale_floor_0.02
lengthscale_floor,2025-11-28,outputscale,covar_module.kernels.0.base_kernel.kernels.2,MaternKernel,0.0839599969492785,0.0839599969492785,0.0839599969492785,lengthscale_floor_0.02
lengthscale_floor,2025-11-28,lengthscale,covar_module.kernels.0.base_kernel.kernels.2.base_kernel,MaternKernel,0.6735423476754276,0.1662926018646974,1.0823831119539769,lengthscale_floor_0.02
lengthscale_floor,2025-11-28,outputscale,covar_module.kernels.0.base_kernel.kernels.3,RQKernel,0.0111447988513214,0.0111447988513214,0.0111447988513214,lengthscale_floor_0.02
lengthscale_floor,2025-11-28,lengthscale,covar_module.kernels.0.base_kernel.kernels.3.base_kernel,RQKernel,0.7482599295336587,0.4809702149774695,0.9317316891454536,lengthscale_floor_0.02
lengthscale_floor,2025-11-28,outputscale,covar_module.kernels.0.base_kernel.kernels.4,LinearKernel,0.0273132069642651,0.0273132069642651,0.0273132069642651,lengthscale_floor_0.02
lengthscale_floor,2025-11-28,outputscale,covar_module.kernels.0.base_kernel.kernels.5,ProductKernel,0.0441280326018659,0.0441280326018659,0.0441280326018659,lengthscale_floor_0.02
lengthscale_floor,2025-11-28,lengthscale,covar_module.kernels.0.base_kernel.kernels.5.base_kernel.kernels.0,MaternKernel,0.0393447519319512,0.0393447519319512,0.0393447519319512,lengthscale_floor_0.02
lengthscale_floor,2025-11-28,lengthscale,covar_module.kernels.0.base_kernel.kernels.5.base_kernel.kernels.1,MaternKernel,0.9454251638849316,0.4169119439223854,2.2739714906597426,lengthscale_floor_0.02
lengthscale_floor,2025-11-28,outputscale,covar_module.kernels.0.base_kernel.kernels.6,ProductKernel,0.3788468156087693,0.3788468156087693,0.3788468156087693,lengthscale_floor_0.02
lengthscale_floor,2025-11-28,lengthscale,covar_module.kernels.0.base_kernel.kernels.6.base_kernel.kernels.0,MaternKernel,0.073334907547275,0.073334907547275,0.073334907547275,lengthscale_floor_0.02
lengthscale_floor,2025-11-28,lengthscale,covar_module.kernels.0.base_kernel.kernels.6.base_kernel.kernels.1.kernels.0,MaternKernel,0.7688956959038127,0.7000215282490336,0.8308283620680331,lengthscale_floor_0.02
lengthscale_floor,2025-11-28,lengthscale,covar_module.kernels.0.base_kernel.kernels.6.base_kernel.kernels.1.kernels.1,RQKernel,0.7804553957875098,0.7103337629055361,0.8350490846602734,lengthscale_floor_0.02
lengthscale_floor,2025-11-28,outputscale,covar_module.kernels.0.base_kernel.kernels.7,ProductKernel,0.0083476317799985,0.0083476317799985,0.0083476317799985,lengthscale_floor_0.02
lengthscale_floor,2025-11-28,lengthscale,covar_module.kernels.0.base_kernel.kernels.7.base_kernel.kernels.0.kernels.0,MaternKernel,0.7373805496584285,0.6521784866674684,0.8516572077699248,lengthscale_floor_0.02
lengthscale_floor,2025-11-28,lengthscale,covar_module.kernels.0.base_kernel.kernels.7.base_kernel.kernels.0.kernels.1,RQKernel,0.7258790313069384,0.6232042190853204,0.8620737623980395,lengthscale_floor_0.02
lengthscale_floor,2025-11-28,lengthscale,covar_module.kernels.0.base_kernel.kernels.7.base_kernel.kernels.1,MaternKernel,1.0860285052068086,0.4302068039202381,2.7837548633534275,lengthscale_floor_0.02
lengthscale_floor,2025-11-28,likelihood_noise,likelihood,HadamardGaussianLikelihood,0.0065678661840303,0.0057080444658525,0.0070032728155238,lengthscale_floor_0.02
lengthscale_floor,2025-12-31,time_varying_effective_lengthscale_eval,covar_module.kernels.0,_Module,0.02,0.02,0.02,lengthscale_floor_0.02
lengthscale_floor,2025-12-31,outputscale,covar_module.kernels.0.base_kernel.kernels.0,MaternKernel,0.0609925357444287,0.0609925357444287,0.0609925357444287,lengthscale_floor_0.02
lengthscale_floor,2025-12-31,lengthscale,covar_module.kernels.0.base_kernel.kernels.0.base_kernel,MaternKernel,0.1442947821683394,0.1442947821683394,0.1442947821683394,lengthscale_floor_0.02
lengthscale_floor,2025-12-31,outputscale,covar_module.kernels.0.base_kernel.kernels.1,MaternKernel,0.0021227676884348,0.0021227676884348,0.0021227676884348,lengthscale_floor_0.02
lengthscale_floor,2025-12-31,lengthscale,covar_module.kernels.0.base_kernel.kernels.1.base_kernel,MaternKernel,0.9148709482255506,0.2478109867549248,1.900611695030599,lengthscale_floor_0.02
lengthscale_floor,2025-12-31,outputscale,covar_module.kernels.0.base_kernel.kernels.2,MaternKernel,0.2752431472855914,0.2752431472855914,0.2752431472855914,lengthscale_floor_0.02
lengthscale_floor,2025-12-31,lengthscale,covar_module.kernels.0.base_kernel.kernels.2.base_kernel,MaternKernel,0.6520403417251308,0.1318590817297032,1.340201925535739,lengthscale_floor_0.02
lengthscale_floor,2025-12-31,outputscale,covar_module.kernels.0.base_kernel.kernels.3,RQKernel,0.0129460339437788,0.0129460339437788,0.0129460339437788,lengthscale_floor_0.02
lengthscale_floor,2025-12-31,lengthscale,covar_module.kernels.0.base_kernel.kernels.3.base_kernel,RQKernel,0.7467768377691759,0.4753503674776671,0.9522472003533252,lengthscale_floor_0.02
lengthscale_floor,2025-12-31,outputscale,covar_module.kernels.0.base_kernel.kernels.4,LinearKernel,0.0135399343864066,0.0135399343864066,0.0135399343864066,lengthscale_floor_0.02
lengthscale_floor,2025-12-31,outputscale,covar_module.kernels.0.base_kernel.kernels.5,ProductKernel,0.0601621052104705,0.0601621052104705,0.0601621052104705,lengthscale_floor_0.02
lengthscale_floor,2025-12-31,lengthscale,covar_module.kernels.0.base_kernel.kernels.5.base_kernel.kernels.0,MaternKernel,0.0304047693161468,0.0304047693161468,0.0304047693161468,lengthscale_floor_0.02
lengthscale_floor,2025-12-31,lengthscale,covar_module.kernels.0.base_kernel.kernels.5.base_kernel.kernels.1,MaternKernel,1.0062695299407558,0.3884097831503644,2.665464447210361,lengthscale_floor_0.02
lengthscale_floor,2025-12-31,outputscale,covar_module.kernels.0.base_kernel.kernels.6,ProductKernel,0.2558055812034321,0.2558055812034321,0.2558055812034321,lengthscale_floor_0.02
lengthscale_floor,2025-12-31,lengthscale,covar_module.kernels.0.base_kernel.kernels.6.base_kernel.kernels.0,MaternKernel,0.085331939738152,0.085331939738152,0.085331939738152,lengthscale_floor_0.02
lengthscale_floor,2025-12-31,lengthscale,covar_module.kernels.0.base_kernel.kernels.6.base_kernel.kernels.1.kernels.0,MaternKernel,0.7615394174286232,0.6810641449243383,0.8410759968251718,lengthscale_floor_0.02
lengthscale_floor,2025-12-31,lengthscale,covar_module.kernels.0.base_kernel.kernels.6.base_kernel.kernels.1.kernels.1,RQKernel,0.775180689423113,0.6900582053054801,0.8436288453709916,lengthscale_floor_0.02
lengthscale_floor,2025-12-31,outputscale,covar_module.kernels.0.base_kernel.kernels.7,ProductKernel,0.0063433459482891,0.0063433459482891,0.0063433459482891,lengthscale_floor_0.02
lengthscale_floor,2025-12-31,lengthscale,covar_module.kernels.0.base_kernel.kernels.7.base_kernel.kernels.0.kernels.0,MaternKernel,0.7226187823456929,0.6525762639584608,0.8415020102112234,lengthscale_floor_0.02
lengthscale_floor,2025-12-31,lengthscale,covar_module.kernels.0.base_kernel.kernels.7.base_kernel.kernels.0.kernels.1,RQKernel,0.7166637272650063,0.6270386863858155,0.8503248749468363,lengthscale_floor_0.02
lengthscale_floor,2025-12-31,lengthscale,covar_module.kernels.0.base_kernel.kernels.7.base_kernel.kernels.1,MaternKernel,1.153386342565142,0.3768986684390037,3.1666603989255746,lengthscale_floor_0.02
lengthscale_floor,2025-12-31,likelihood_noise,likelihood,HadamardGaussianLikelihood,0.0066120291621163,0.00567180815463,0.0074971891042582,lengthscale_floor_0.02
lengthscale_floor,2026-01-30,time_varying_effective_lengthscale_eval,covar_module.kernels.0,_Module,0.02,0.02,0.02,lengthscale_floor_0.02
lengthscale_floor,2026-01-30,outputscale,covar_module.kernels.0.base_kernel.kernels.0,MaternKernel,0.0659969133800164,0.0659969133800164,0.0659969133800164,lengthscale_floor_0.02
lengthscale_floor,2026-01-30,lengthscale,covar_module.kernels.0.base_kernel.kernels.0.base_kernel,MaternKernel,0.1202922929163374,0.1202922929163374,0.1202922929163374,lengthscale_floor_0.02
lengthscale_floor,2026-01-30,outputscale,covar_module.kernels.0.base_kernel.kernels.1,MaternKernel,0.0020565178098975,0.0020565178098975,0.0020565178098975,lengthscale_floor_0.02
lengthscale_floor,2026-01-30,lengthscale,covar_module.kernels.0.base_kernel.kernels.1.base_kernel,MaternKernel,0.906047341873782,0.3041503164184911,1.9797004792053192,lengthscale_floor_0.02
lengthscale_floor,2026-01-30,outputscale,covar_module.kernels.0.base_kernel.kernels.2,MaternKernel,0.2352021669165337,0.2352021669165337,0.2352021669165337,lengthscale_floor_0.02
lengthscale_floor,2026-01-30,lengthscale,covar_module.kernels.0.base_kernel.kernels.2.base_kernel,MaternKernel,0.658319169747736,0.1328177161081654,1.138727873578325,lengthscale_floor_0.02
lengthscale_floor,2026-01-30,outputscale,covar_module.kernels.0.base_kernel.kernels.3,RQKernel,0.00920092219419,0.00920092219419,0.00920092219419,lengthscale_floor_0.02
lengthscale_floor,2026-01-30,lengthscale,covar_module.kernels.0.base_kernel.kernels.3.base_kernel,RQKernel,0.7444754325902538,0.4683268147474418,0.9442578631307176,lengthscale_floor_0.02
lengthscale_floor,2026-01-30,outputscale,covar_module.kernels.0.base_kernel.kernels.4,LinearKernel,0.0190819330936611,0.0190819330936611,0.0190819330936611,lengthscale_floor_0.02
lengthscale_floor,2026-01-30,outputscale,covar_module.kernels.0.base_kernel.kernels.5,ProductKernel,0.0578932524606756,0.0578932524606756,0.0578932524606756,lengthscale_floor_0.02
lengthscale_floor,2026-01-30,lengthscale,covar_module.kernels.0.base_kernel.kernels.5.base_kernel.kernels.0,MaternKernel,0.0344179731682331,0.0344179731682331,0.0344179731682331,lengthscale_floor_0.02
lengthscale_floor,2026-01-30,lengthscale,covar_module.kernels.0.base_kernel.kernels.5.base_kernel.kernels.1,MaternKernel,1.0773974519436316,0.3851914906261875,2.8718725069375695,lengthscale_floor_0.02
lengthscale_floor,2026-01-30,outputscale,covar_module.kernels.0.base_kernel.kernels.6,ProductKernel,0.2771165185468411,0.2771165185468411,0.2771165185468411,lengthscale_floor_0.02
lengthscale_floor,2026-01-30,lengthscale,covar_module.kernels.0.base_kernel.kernels.6.base_kernel.kernels.0,MaternKernel,0.0769110685519422,0.0769110685519422,0.0769110685519422,lengthscale_floor_0.02
lengthscale_floor,2026-01-30,lengthscale,covar_module.kernels.0.base_kernel.kernels.6.base_kernel.kernels.1.kernels.0,MaternKernel,0.7656645852730449,0.6895284949820417,0.8375082901625271,lengthscale_floor_0.02
lengthscale_floor,2026-01-30,lengthscale,covar_module.kernels.0.base_kernel.kernels.6.base_kernel.kernels.1.kernels.1,RQKernel,0.7765416854684508,0.7001601134818247,0.8378080460214434,lengthscale_floor_0.02
lengthscale_floor,2026-01-30,outputscale,covar_module.kernels.0.base_kernel.kernels.7,ProductKernel,0.0061303940009214,0.0061303940009214,0.0061303940009214,lengthscale_floor_0.02
lengthscale_floor,2026-01-30,lengthscale,covar_module.kernels.0.base_kernel.kernels.7.base_kernel.kernels.0.kernels.0,MaternKernel,0.7273553459966231,0.6278363197113457,0.8627083749701014,lengthscale_floor_0.02
lengthscale_floor,2026-01-30,lengthscale,covar_module.kernels.0.base_kernel.kernels.7.base_kernel.kernels.0.kernels.1,RQKernel,0.7137488186462219,0.5715617290939333,0.8675725297731689,lengthscale_floor_0.02
lengthscale_floor,2026-01-30,lengthscale,covar_module.kernels.0.base_kernel.kernels.7.base_kernel.kernels.1,MaternKernel,1.169080364100051,0.4599697961039979,3.3745268214786255,lengthscale_floor_0.02
lengthscale_floor,2026-01-30,likelihood_noise,likelihood,HadamardGaussianLikelihood,0.0065643823045176,0.0056695652066614,0.0070845955742636,lengthscale_floor_0.02
lengthscale_floor,2026-02-27,time_varying_effective_lengthscale_eval,covar_module.kernels.0,_Module,0.02,0.02,0.02,lengthscale_floor_0.02
lengthscale_floor,2026-02-27,outputscale,covar_module.kernels.0.base_kernel.kernels.0,MaternKernel,0.0337090884644497,0.0337090884644497,0.0337090884644497,lengthscale_floor_0.02
lengthscale_floor,2026-02-27,lengthscale,covar_module.kernels.0.base_kernel.kernels.0.base_kernel,MaternKernel,0.15386202782737,0.15386202782737,0.15386202782737,lengthscale_floor_0.02
lengthscale_floor,2026-02-27,outputscale,covar_module.kernels.0.base_kernel.kernels.1,MaternKernel,0.0018071535022401,0.0018071535022401,0.0018071535022401,lengthscale_floor_0.02
lengthscale_floor,2026-02-27,lengthscale,covar_module.kernels.0.base_kernel.kernels.1.base_kernel,MaternKernel,0.9187305056759546,0.3356840054114766,1.8121445171030623,lengthscale_floor_0.02
lengthscale_floor,2026-02-27,outputscale,covar_module.kernels.0.base_kernel.kernels.2,MaternKernel,0.6179433168285692,0.6179433168285692,0.6179433168285692,lengthscale_floor_0.02
lengthscale_floor,2026-02-27,lengthscale,covar_module.kernels.0.base_kernel.kernels.2.base_kernel,MaternKernel,0.5834445735846367,0.1187902032115521,1.3126866850227683,lengthscale_floor_0.02
lengthscale_floor,2026-02-27,outputscale,covar_module.kernels.0.base_kernel.kernels.3,RQKernel,0.011115520301715,0.011115520301715,0.011115520301715,lengthscale_floor_0.02
lengthscale_floor,2026-02-27,lengthscale,covar_module.kernels.0.base_kernel.kernels.3.base_kernel,RQKernel,0.7514723839318553,0.4693634648712941,0.9890649618047757,lengthscale_floor_0.02
lengthscale_floor,2026-02-27,outputscale,covar_module.kernels.0.base_kernel.kernels.4,LinearKernel,0.0228108786084845,0.0228108786084845,0.0228108786084845,lengthscale_floor_0.02
lengthscale_floor,2026-02-27,outputscale,covar_module.kernels.0.base_kernel.kernels.5,ProductKernel,0.0379343292580216,0.0379343292580216,0.0379343292580216,lengthscale_floor_0.02
lengthscale_floor,2026-02-27,lengthscale,covar_module.kernels.0.base_kernel.kernels.5.base_kernel.kernels.0,MaternKernel,0.0399492629697881,0.0399492629697881,0.0399492629697881,lengthscale_floor_0.02
lengthscale_floor,2026-02-27,lengthscale,covar_module.kernels.0.base_kernel.kernels.5.base_kernel.kernels.1,MaternKernel,1.0050614857017235,0.4248831100570956,2.530950141588916,lengthscale_floor_0.02
lengthscale_floor,2026-02-27,outputscale,covar_module.kernels.0.base_kernel.kernels.6,ProductKernel,0.1563496248466475,0.1563496248466475,0.1563496248466475,lengthscale_floor_0.02
lengthscale_floor,2026-02-27,lengthscale,covar_module.kernels.0.base_kernel.kernels.6.base_kernel.kernels.0,MaternKernel,0.0836429664216856,0.0836429664216856,0.0836429664216856,lengthscale_floor_0.02
lengthscale_floor,2026-02-27,lengthscale,covar_module.kernels.0.base_kernel.kernels.6.base_kernel.kernels.1.kernels.0,MaternKernel,0.7683460632394883,0.6904982554871948,0.8407848790240765,lengthscale_floor_0.02
lengthscale_floor,2026-02-27,lengthscale,covar_module.kernels.0.base_kernel.kernels.6.base_kernel.kernels.1.kernels.1,RQKernel,0.7781840289556964,0.6980291244490983,0.8439007983277943,lengthscale_floor_0.02
lengthscale_floor,2026-02-27,outputscale,covar_module.kernels.0.base_kernel.kernels.7,ProductKernel,0.0062917682400956,0.0062917682400956,0.0062917682400956,lengthscale_floor_0.02
lengthscale_floor,2026-02-27,lengthscale,covar_module.kernels.0.base_kernel.kernels.7.base_kernel.kernels.0.kernels.0,MaternKernel,0.7480966137737592,0.6908341380071741,0.8462333151932772,lengthscale_floor_0.02
lengthscale_floor,2026-02-27,lengthscale,covar_module.kernels.0.base_kernel.kernels.7.base_kernel.kernels.0.kernels.1,RQKernel,0.7398046716501813,0.6447716815694052,0.8550855061230587,lengthscale_floor_0.02
lengthscale_floor,2026-02-27,lengthscale,covar_module.kernels.0.base_kernel.kernels.7.base_kernel.kernels.1,MaternKernel,1.1623935955690494,0.3529937262778432,3.0587067121925826,lengthscale_floor_0.02
lengthscale_floor,2026-02-27,likelihood_noise,likelihood,HadamardGaussianLikelihood,0.0065656894734081,0.0055124276220309,0.0071355351940445,lengthscale_floor_0.02
lengthscale_floor,2026-03-31,time_varying_effective_lengthscale_eval,covar_module.kernels.0,_Module,0.02,0.02,0.02,lengthscale_floor_0.02
lengthscale_floor,2026-03-31,outputscale,covar_module.kernels.0.base_kernel.kernels.0,MaternKernel,0.0346774221879296,0.0346774221879296,0.0346774221879296,lengthscale_floor_0.02
lengthscale_floor,2026-03-31,lengthscale,covar_module.kernels.0.base_kernel.kernels.0.base_kernel,MaternKernel,0.1474463536893184,0.1474463536893184,0.1474463536893184,lengthscale_floor_0.02
lengthscale_floor,2026-03-31,outputscale,covar_module.kernels.0.base_kernel.kernels.1,MaternKernel,0.0008741623394793,0.0008741623394793,0.0008741623394793,lengthscale_floor_0.02
lengthscale_floor,2026-03-31,lengthscale,covar_module.kernels.0.base_kernel.kernels.1.base_kernel,MaternKernel,0.9327089705667652,0.3000906108736469,1.9790336049964337,lengthscale_floor_0.02
lengthscale_floor,2026-03-31,outputscale,covar_module.kernels.0.base_kernel.kernels.2,MaternKernel,0.4565149607124755,0.4565149607124755,0.4565149607124755,lengthscale_floor_0.02
lengthscale_floor,2026-03-31,lengthscale,covar_module.kernels.0.base_kernel.kernels.2.base_kernel,MaternKernel,0.6531772325778384,0.109913593354584,1.5254445231646987,lengthscale_floor_0.02
lengthscale_floor,2026-03-31,outputscale,covar_module.kernels.0.base_kernel.kernels.3,RQKernel,0.0060725361173652,0.0060725361173652,0.0060725361173652,lengthscale_floor_0.02
lengthscale_floor,2026-03-31,lengthscale,covar_module.kernels.0.base_kernel.kernels.3.base_kernel,RQKernel,0.743985819360829,0.3761135127779821,0.9990638082465946,lengthscale_floor_0.02
lengthscale_floor,2026-03-31,outputscale,covar_module.kernels.0.base_kernel.kernels.4,LinearKernel,0.0094212782005405,0.0094212782005405,0.0094212782005405,lengthscale_floor_0.02
lengthscale_floor,2026-03-31,outputscale,covar_module.kernels.0.base_kernel.kernels.5,ProductKernel,0.0867326996536925,0.0867326996536925,0.0867326996536925,lengthscale_floor_0.02
lengthscale_floor,2026-03-31,lengthscale,covar_module.kernels.0.base_kernel.kernels.5.base_kernel.kernels.0,MaternKernel,0.0285117680834777,0.0285117680834777,0.0285117680834777,lengthscale_floor_0.02
lengthscale_floor,2026-03-31,lengthscale,covar_module.kernels.0.base_kernel.kernels.5.base_kernel.kernels.1,MaternKernel,1.2626152559275363,0.3843058729582034,3.3855899183553073,lengthscale_floor_0.02
lengthscale_floor,2026-03-31,outputscale,covar_module.kernels.0.base_kernel.kernels.6,ProductKernel,0.1397475968467628,0.1397475968467628,0.1397475968467628,lengthscale_floor_0.02
lengthscale_floor,2026-03-31,lengthscale,covar_module.kernels.0.base_kernel.kernels.6.base_kernel.kernels.0,MaternKernel,0.0894626130147973,0.0894626130147973,0.0894626130147973,lengthscale_floor_0.02
lengthscale_floor,2026-03-31,lengthscale,covar_module.kernels.0.base_kernel.kernels.6.base_kernel.kernels.1.kernels.0,MaternKernel,0.7573709024775728,0.6417946528316477,0.8425589755782745,lengthscale_floor_0.02
lengthscale_floor,2026-03-31,lengthscale,covar_module.kernels.0.base_kernel.kernels.6.base_kernel.kernels.1.kernels.1,RQKernel,0.771383160366483,0.6532453645545164,0.8463349351243172,lengthscale_floor_0.02
lengthscale_floor,2026-03-31,outputscale,covar_module.kernels.0.base_kernel.kernels.7,ProductKernel,0.0037134217304723,0.0037134217304723,0.0037134217304723,lengthscale_floor_0.02
lengthscale_floor,2026-03-31,lengthscale,covar_module.kernels.0.base_kernel.kernels.7.base_kernel.kernels.0.kernels.0,MaternKernel,0.6992938330728478,0.5929503038296271,0.8394450251070269,lengthscale_floor_0.02
lengthscale_floor,2026-03-31,lengthscale,covar_module.kernels.0.base_kernel.kernels.7.base_kernel.kernels.0.kernels.1,RQKernel,0.6895656824935423,0.5564539335519167,0.844945984682954,lengthscale_floor_0.02
lengthscale_floor,2026-03-31,lengthscale,covar_module.kernels.0.base_kernel.kernels.7.base_kernel.kernels.1,MaternKernel,1.3349692307594423,0.4048290840189681,3.8177563198678057,lengthscale_floor_0.02
lengthscale_floor,2026-03-31,likelihood_noise,likelihood,HadamardGaussianLikelihood,0.0065320848828146,0.0056031881452133,0.0072397556093144,lengthscale_floor_0.02
lengthscale_floor,2026-04-30,time_varying_effective_lengthscale_eval,covar_module.kernels.0,_Module,0.02,0.02,0.02,lengthscale_floor_0.02
lengthscale_floor,2026-04-30,outputscale,covar_module.kernels.0.base_kernel.kernels.0,MaternKernel,0.0144372213430042,0.0144372213430042,0.0144372213430042,lengthscale_floor_0.02
lengthscale_floor,2026-04-30,lengthscale,covar_module.kernels.0.base_kernel.kernels.0.base_kernel,MaternKernel,0.170022391796676,0.170022391796676,0.170022391796676,lengthscale_floor_0.02
lengthscale_floor,2026-04-30,outputscale,covar_module.kernels.0.base_kernel.kernels.1,MaternKernel,0.0005434813197672,0.0005434813197672,0.0005434813197672,lengthscale_floor_0.02
lengthscale_floor,2026-04-30,lengthscale,covar_module.kernels.0.base_kernel.kernels.1.base_kernel,MaternKernel,0.9986032846838104,0.229413712278593,2.4074088178294546,lengthscale_floor_0.02
lengthscale_floor,2026-04-30,outputscale,covar_module.kernels.0.base_kernel.kernels.2,MaternKernel,0.9086827415135326,0.9086827415135326,0.9086827415135326,lengthscale_floor_0.02
lengthscale_floor,2026-04-30,lengthscale,covar_module.kernels.0.base_kernel.kernels.2.base_kernel,MaternKernel,0.64816868031497,0.1058839972876544,1.4631369207219176,lengthscale_floor_0.02
lengthscale_floor,2026-04-30,outputscale,covar_module.kernels.0.base_kernel.kernels.3,RQKernel,0.0057332846142225,0.0057332846142225,0.0057332846142225,lengthscale_floor_0.02
lengthscale_floor,2026-04-30,lengthscale,covar_module.kernels.0.base_kernel.kernels.3.base_kernel,RQKernel,0.756912411343851,0.3252934209293878,1.0135253918922744,lengthscale_floor_0.02
lengthscale_floor,2026-04-30,outputscale,covar_module.kernels.0.base_kernel.kernels.4,LinearKernel,0.0050446324984382,0.0050446324984382,0.0050446324984382,lengthscale_floor_0.02
lengthscale_floor,2026-04-30,outputscale,covar_module.kernels.0.base_kernel.kernels.5,ProductKernel,0.1054106154406262,0.1054106154406262,0.1054106154406262,lengthscale_floor_0.02
lengthscale_floor,2026-04-30,lengthscale,covar_module.kernels.0.base_kernel.kernels.5.base_kernel.kernels.0,MaternKernel,0.026137013503601,0.026137013503601,0.026137013503601,lengthscale_floor_0.02
lengthscale_floor,2026-04-30,lengthscale,covar_module.kernels.0.base_kernel.kernels.5.base_kernel.kernels.1,MaternKernel,1.317196516532953,0.318248984367338,3.856531843937681,lengthscale_floor_0.02
lengthscale_floor,2026-04-30,outputscale,covar_module.kernels.0.base_kernel.kernels.6,ProductKernel,0.0111193522323994,0.0111193522323994,0.0111193522323994,lengthscale_floor_0.02
lengthscale_floor,2026-04-30,lengthscale,covar_module.kernels.0.base_kernel.kernels.6.base_kernel.kernels.0,MaternKernel,0.1455724265811621,0.1455724265811621,0.1455724265811621,lengthscale_floor_0.02
lengthscale_floor,2026-04-30,lengthscale,covar_module.kernels.0.base_kernel.kernels.6.base_kernel.kernels.1.kernels.0,MaternKernel,0.7642818168244866,0.6455003833411767,0.8378602744756211,lengthscale_floor_0.02
lengthscale_floor,2026-04-30,lengthscale,covar_module.kernels.0.base_kernel.kernels.6.base_kernel.kernels.1.kernels.1,RQKernel,0.7772859940455994,0.651282595129949,0.8489468334570478,lengthscale_floor_0.02
lengthscale_floor,2026-04-30,outputscale,covar_module.kernels.0.base_kernel.kernels.7,ProductKernel,0.0030464680653195,0.0030464680653195,0.0030464680653195,lengthscale_floor_0.02
lengthscale_floor,2026-04-30,lengthscale,covar_module.kernels.0.base_kernel.kernels.7.base_kernel.kernels.0.kernels.0,MaternKernel,0.6812323387646977,0.5932292245802803,0.799419955114831,lengthscale_floor_0.02
lengthscale_floor,2026-04-30,lengthscale,covar_module.kernels.0.base_kernel.kernels.7.base_kernel.kernels.0.kernels.1,RQKernel,0.6742651572122595,0.5627803327145927,0.7969892199294187,lengthscale_floor_0.02
lengthscale_floor,2026-04-30,lengthscale,covar_module.kernels.0.base_kernel.kernels.7.base_kernel.kernels.1,MaternKernel,1.3915150787079158,0.3307813904140275,4.423670692831702,lengthscale_floor_0.02
lengthscale_floor,2026-04-30,likelihood_noise,likelihood,HadamardGaussianLikelihood,0.0066087435215851,0.0056847159685087,0.0080001504471582,lengthscale_floor_0.02
signed_lkj_eta_2_turnover_blend,2025-05-30,time_varying_effective_lengthscale_eval,covar_module.kernels.0,_Module,192.1206384265599,192.1206384265599,192.1206384265599,signed_lkj_eta_2_turnover_blend_0.5
signed_lkj_eta_2_turnover_blend,2025-05-30,outputscale,covar_module.kernels.0.base_kernel.kernels.0,MaternKernel,4.127920355109946e-05,4.127920355109946e-05,4.127920355109946e-05,signed_lkj_eta_2_turnover_blend_0.5
signed_lkj_eta_2_turnover_blend,2025-05-30,lengthscale,covar_module.kernels.0.base_kernel.kernels.0.base_kernel,MaternKernel,1.3121419320922358,1.3121419320922358,1.3121419320922358,signed_lkj_eta_2_turnover_blend_0.5
signed_lkj_eta_2_turnover_blend,2025-05-30,outputscale,covar_module.kernels.0.base_kernel.kernels.1,MaternKernel,8.641829058120552e-06,8.641829058120552e-06,8.641829058120552e-06,signed_lkj_eta_2_turnover_blend_0.5
signed_lkj_eta_2_turnover_blend,2025-05-30,lengthscale,covar_module.kernels.0.base_kernel.kernels.1.base_kernel,MaternKernel,0.9873937479837928,0.1799437243878721,1.648235860596766,signed_lkj_eta_2_turnover_blend_0.5
signed_lkj_eta_2_turnover_blend,2025-05-30,outputscale,covar_module.kernels.0.base_kernel.kernels.2,MaternKernel,0.2919923293850684,0.2919923293850684,0.2919923293850684,signed_lkj_eta_2_turnover_blend_0.5
signed_lkj_eta_2_turnover_blend,2025-05-30,lengthscale,covar_module.kernels.0.base_kernel.kernels.2.base_kernel,MaternKernel,0.6976134277192446,0.1031534510192012,1.6373391424133892,signed_lkj_eta_2_turnover_blend_0.5
signed_lkj_eta_2_turnover_blend,2025-05-30,outputscale,covar_module.kernels.0.base_kernel.kernels.3,RQKernel,2.620500665182592e-05,2.620500665182592e-05,2.620500665182592e-05,signed_lkj_eta_2_turnover_blend_0.5
signed_lkj_eta_2_turnover_blend,2025-05-30,lengthscale,covar_module.kernels.0.base_kernel.kernels.3.base_kernel,RQKernel,0.8021203908813213,0.4320800797793007,1.2775257819195898,signed_lkj_eta_2_turnover_blend_0.5
signed_lkj_eta_2_turnover_blend,2025-05-30,outputscale,covar_module.kernels.0.base_kernel.kernels.4,LinearKernel,0.0003789279402599,0.0003789279402599,0.0003789279402599,signed_lkj_eta_2_turnover_blend_0.5
signed_lkj_eta_2_turnover_blend,2025-05-30,outputscale,covar_module.kernels.0.base_kernel.kernels.5,ProductKernel,8.398371137209735e-06,8.398371137209735e-06,8.398371137209735e-06,signed_lkj_eta_2_turnover_blend_0.5
signed_lkj_eta_2_turnover_blend,2025-05-30,lengthscale,covar_module.kernels.0.base_kernel.kernels.5.base_kernel.kernels.0,MaternKernel,0.3179252661050027,0.3179252661050027,0.3179252661050027,signed_lkj_eta_2_turnover_blend_0.5
signed_lkj_eta_2_turnover_blend,2025-05-30,lengthscale,covar_module.kernels.0.base_kernel.kernels.5.base_kernel.kernels.1,MaternKernel,0.8831504792697564,0.3155253343991889,1.3524722630965156,signed_lkj_eta_2_turnover_blend_0.5
signed_lkj_eta_2_turnover_blend,2025-05-30,outputscale,covar_module.kernels.0.base_kernel.kernels.6,ProductKernel,5.737912311575039e-05,5.737912311575039e-05,5.737912311575039e-05,signed_lkj_eta_2_turnover_blend_0.5
signed_lkj_eta_2_turnover_blend,2025-05-30,lengthscale,covar_module.kernels.0.base_kernel.kernels.6.base_kernel.kernels.0,MaternKernel,0.4623351663346171,0.4623351663346171,0.4623351663346171,signed_lkj_eta_2_turnover_blend_0.5
signed_lkj_eta_2_turnover_blend,2025-05-30,lengthscale,covar_module.kernels.0.base_kernel.kernels.6.base_kernel.kernels.1.kernels.0,MaternKernel,0.7813535093122228,0.6702861954780985,0.8902811271177432,signed_lkj_eta_2_turnover_blend_0.5
signed_lkj_eta_2_turnover_blend,2025-05-30,lengthscale,covar_module.kernels.0.base_kernel.kernels.6.base_kernel.kernels.1.kernels.1,RQKernel,0.8126147010437959,0.7046300610502166,0.9259214446746488,signed_lkj_eta_2_turnover_blend_0.5
signed_lkj_eta_2_turnover_blend,2025-05-30,outputscale,covar_module.kernels.0.base_kernel.kernels.7,ProductKernel,4.598409098665298e-05,4.598409098665298e-05,4.598409098665298e-05,signed_lkj_eta_2_turnover_blend_0.5
signed_lkj_eta_2_turnover_blend,2025-05-30,lengthscale,covar_module.kernels.0.base_kernel.kernels.7.base_kernel.kernels.0.kernels.0,MaternKernel,0.8237738465691413,0.817414366531641,0.8355561849279222,signed_lkj_eta_2_turnover_blend_0.5
signed_lkj_eta_2_turnover_blend,2025-05-30,lengthscale,covar_module.kernels.0.base_kernel.kernels.7.base_kernel.kernels.0.kernels.1,RQKernel,0.826695580523127,0.8213192179887295,0.8382923505099512,signed_lkj_eta_2_turnover_blend_0.5
signed_lkj_eta_2_turnover_blend,2025-05-30,lengthscale,covar_module.kernels.0.base_kernel.kernels.7.base_kernel.kernels.1,MaternKernel,0.8299818052372762,0.7336134949884585,1.0283352348506478,signed_lkj_eta_2_turnover_blend_0.5
signed_lkj_eta_2_turnover_blend,2025-05-30,likelihood_noise,likelihood,HadamardGaussianLikelihood,0.0065373660991212,0.0060673334331421,0.0066710489520892,signed_lkj_eta_2_turnover_blend_0.5
signed_lkj_eta_2_turnover_blend,2025-06-30,time_varying_effective_lengthscale_eval,covar_module.kernels.0,_Module,173.66009890434356,173.66009890434356,173.66009890434356,signed_lkj_eta_2_turnover_blend_0.5
signed_lkj_eta_2_turnover_blend,2025-06-30,outputscale,covar_module.kernels.0.base_kernel.kernels.0,MaternKernel,7.347157722469273e-05,7.347157722469273e-05,7.347157722469273e-05,signed_lkj_eta_2_turnover_blend_0.5
signed_lkj_eta_2_turnover_blend,2025-06-30,lengthscale,covar_module.kernels.0.base_kernel.kernels.0.base_kernel,MaternKernel,1.01413998548621,1.01413998548621,1.01413998548621,signed_lkj_eta_2_turnover_blend_0.5
signed_lkj_eta_2_turnover_blend,2025-06-30,outputscale,covar_module.kernels.0.base_kernel.kernels.1,MaternKernel,1.1612020318007573e-05,1.1612020318007573e-05,1.1612020318007573e-05,signed_lkj_eta_2_turnover_blend_0.5
signed_lkj_eta_2_turnover_blend,2025-06-30,lengthscale,covar_module.kernels.0.base_kernel.kernels.1.base_kernel,MaternKernel,0.9595260351568704,0.1857037689346944,1.6164333863334577,signed_lkj_eta_2_turnover_blend_0.5
signed_lkj_eta_2_turnover_blend,2025-06-30,outputscale,covar_module.kernels.0.base_kernel.kernels.2,MaternKernel,0.2960709814144223,0.2960709814144223,0.2960709814144223,signed_lkj_eta_2_turnover_blend_0.5
signed_lkj_eta_2_turnover_blend,2025-06-30,lengthscale,covar_module.kernels.0.base_kernel.kernels.2.base_kernel,MaternKernel,0.7244777581721238,0.1032044919776055,1.7437898476700535,signed_lkj_eta_2_turnover_blend_0.5
signed_lkj_eta_2_turnover_blend,2025-06-30,outputscale,covar_module.kernels.0.base_kernel.kernels.3,RQKernel,7.617662036151153e-05,7.617662036151153e-05,7.617662036151153e-05,signed_lkj_eta_2_turnover_blend_0.5
signed_lkj_eta_2_turnover_blend,2025-06-30,lengthscale,covar_module.kernels.0.base_kernel.kernels.3.base_kernel,RQKernel,0.7856702397562831,0.4381978523759596,1.2812917560307655,signed_lkj_eta_2_turnover_blend_0.5
signed_lkj_eta_2_turnover_blend,2025-06-30,outputscale,covar_module.kernels.0.base_kernel.kernels.4,LinearKernel,0.000657414980418,0.000657414980418,0.000657414980418,signed_lkj_eta_2_turnover_blend_0.5
signed_lkj_eta_2_turnover_blend,2025-06-30,outputscale,covar_module.kernels.0.base_kernel.kernels.5,ProductKernel,1.25116777198981e-05,1.25116777198981e-05,1.25116777198981e-05,signed_lkj_eta_2_turnover_blend_0.5
signed_lkj_eta_2_turnover_blend,2025-06-30,lengthscale,covar_module.kernels.0.base_kernel.kernels.5.base_kernel.kernels.0,MaternKernel,0.3011758766738033,0.3011758766738033,0.3011758766738033,signed_lkj_eta_2_turnover_blend_0.5
signed_lkj_eta_2_turnover_blend,2025-06-30,lengthscale,covar_module.kernels.0.base_kernel.kernels.5.base_kernel.kernels.1,MaternKernel,0.8656191615540808,0.300987905267881,1.3309567153181354,signed_lkj_eta_2_turnover_blend_0.5
signed_lkj_eta_2_turnover_blend,2025-06-30,outputscale,covar_module.kernels.0.base_kernel.kernels.6,ProductKernel,0.0001073918912986,0.0001073918912986,0.0001073918912986,signed_lkj_eta_2_turnover_blend_0.5
signed_lkj_eta_2_turnover_blend,2025-06-30,lengthscale,covar_module.kernels.0.base_kernel.kernels.6.base_kernel.kernels.0,MaternKernel,0.4102039294801413,0.4102039294801413,0.4102039294801413,signed_lkj_eta_2_turnover_blend_0.5
signed_lkj_eta_2_turnover_blend,2025-06-30,lengthscale,covar_module.kernels.0.base_kernel.kernels.6.base_kernel.kernels.1.kernels.0,MaternKernel,0.7837514839960928,0.6839254298331573,0.8962180992403707,signed_lkj_eta_2_turnover_blend_0.5
signed_lkj_eta_2_turnover_blend,2025-06-30,lengthscale,covar_module.kernels.0.base_kernel.kernels.6.base_kernel.kernels.1.kernels.1,RQKernel,0.8116667555880235,0.7110350218675644,0.9276266521787032,signed_lkj_eta_2_turnover_blend_0.5
signed_lkj_eta_2_turnover_blend,2025-06-30,outputscale,covar_module.kernels.0.base_kernel.kernels.7,ProductKernel,8.065027731910326e-05,8.065027731910326e-05,8.065027731910326e-05,signed_lkj_eta_2_turnover_blend_0.5
signed_lkj_eta_2_turnover_blend,2025-06-30,lengthscale,covar_module.kernels.0.base_kernel.kernels.7.base_kernel.kernels.0.kernels.0,MaternKernel,0.8217098844022446,0.81450276134451,0.8361995152091682,signed_lkj_eta_2_turnover_blend_0.5
signed_lkj_eta_2_turnover_blend,2025-06-30,lengthscale,covar_module.kernels.0.base_kernel.kernels.7.base_kernel.kernels.0.kernels.1,RQKernel,0.8250773714459518,0.8180744224918295,0.8394536125914053,signed_lkj_eta_2_turnover_blend_0.5
signed_lkj_eta_2_turnover_blend,2025-06-30,lengthscale,covar_module.kernels.0.base_kernel.kernels.7.base_kernel.kernels.1,MaternKernel,0.8128362823859192,0.7085625507945359,0.9923558883754288,signed_lkj_eta_2_turnover_blend_0.5
signed_lkj_eta_2_turnover_blend,2025-06-30,likelihood_noise,likelihood,HadamardGaussianLikelihood,0.0065421263693771,0.0060789538636876,0.0066788527097933,signed_lkj_eta_2_turnover_blend_0.5
signed_lkj_eta_2_turnover_blend,2025-07-31,time_varying_effective_lengthscale_eval,covar_module.kernels.0,_Module,183.8804078834287,183.8804078834287,183.8804078834287,signed_lkj_eta_2_turnover_blend_0.5
signed_lkj_eta_2_turnover_blend,2025-07-31,outputscale,covar_module.kernels.0.base_kernel.kernels.0,MaternKernel,9.762519291111325e-05,9.762519291111325e-05,9.762519291111325e-05,signed_lkj_eta_2_turnover_blend_0.5
signed_lkj_eta_2_turnover_blend,2025-07-31,lengthscale,covar_module.kernels.0.base_kernel.kernels.0.base_kernel,MaternKernel,1.0338105114336091,1.0338105114336091,1.0338105114336091,signed_lkj_eta_2_turnover_blend_0.5
signed_lkj_eta_2_turnover_blend,2025-07-31,outputscale,covar_module.kernels.0.base_kernel.kernels.1,MaternKernel,2.1070669904923424e-05,2.1070669904923424e-05,2.1070669904923424e-05,signed_lkj_eta_2_turnover_blend_0.5
signed_lkj_eta_2_turnover_blend,2025-07-31,lengthscale,covar_module.kernels.0.base_kernel.kernels.1.base_kernel,MaternKernel,0.9422666077659226,0.2084414199070862,1.4764416482927645,signed_lkj_eta_2_turnover_blend_0.5
signed_lkj_eta_2_turnover_blend,2025-07-31,outputscale,covar_module.kernels.0.base_kernel.kernels.2,MaternKernel,0.309646252438979,0.309646252438979,0.309646252438979,signed_lkj_eta_2_turnover_blend_0.5
signed_lkj_eta_2_turnover_blend,2025-07-31,lengthscale,covar_module.kernels.0.base_kernel.kernels.2.base_kernel,MaternKernel,0.7422306184087755,0.1037473064678251,1.8047955237332085,signed_lkj_eta_2_turnover_blend_0.5
signed_lkj_eta_2_turnover_blend,2025-07-31,outputscale,covar_module.kernels.0.base_kernel.kernels.3,RQKernel,8.910066830146301e-05,8.910066830146301e-05,8.910066830146301e-05,signed_lkj_eta_2_turnover_blend_0.5
signed_lkj_eta_2_turnover_blend,2025-07-31,lengthscale,covar_module.kernels.0.base_kernel.kernels.3.base_kernel,RQKernel,0.788157563495049,0.4206675882436173,1.2709030239414685,signed_lkj_eta_2_turnover_blend_0.5
signed_lkj_eta_2_turnover_blend,2025-07-31,outputscale,covar_module.kernels.0.base_kernel.kernels.4,LinearKernel,0.0006805308983134,0.0006805308983134,0.0006805308983134,signed_lkj_eta_2_turnover_blend_0.5
signed_lkj_eta_2_turnover_blend,2025-07-31,outputscale,covar_module.kernels.0.base_kernel.kernels.5,ProductKernel,2.1820305645204175e-05,2.1820305645204175e-05,2.1820305645204175e-05,signed_lkj_eta_2_turnover_blend_0.5
signed_lkj_eta_2_turnover_blend,2025-07-31,lengthscale,covar_module.kernels.0.base_kernel.kernels.5.base_kernel.kernels.0,MaternKernel,0.2970320877505983,0.2970320877505983,0.2970320877505983,signed_lkj_eta_2_turnover_blend_0.5
signed_lkj_eta_2_turnover_blend,2025-07-31,lengthscale,covar_module.kernels.0.base_kernel.kernels.5.base_kernel.kernels.1,MaternKernel,0.8546858254456248,0.3296956396427952,1.2233907515243838,signed_lkj_eta_2_turnover_blend_0.5
signed_lkj_eta_2_turnover_blend,2025-07-31,outputscale,covar_module.kernels.0.base_kernel.kernels.6,ProductKernel,0.0001236377087159,0.0001236377087159,0.0001236377087159,signed_lkj_eta_2_turnover_blend_0.5
signed_lkj_eta_2_turnover_blend,2025-07-31,lengthscale,covar_module.kernels.0.base_kernel.kernels.6.base_kernel.kernels.0,MaternKernel,0.4470495837694329,0.4470495837694329,0.4470495837694329,signed_lkj_eta_2_turnover_blend_0.5
signed_lkj_eta_2_turnover_blend,2025-07-31,lengthscale,covar_module.kernels.0.base_kernel.kernels.6.base_kernel.kernels.1.kernels.0,MaternKernel,0.7814992687107247,0.6743414987823702,0.8924333110352966,signed_lkj_eta_2_turnover_blend_0.5
signed_lkj_eta_2_turnover_blend,2025-07-31,lengthscale,covar_module.kernels.0.base_kernel.kernels.6.base_kernel.kernels.1.kernels.1,RQKernel,0.8112895523889514,0.7036146653212356,0.9273490798294352,signed_lkj_eta_2_turnover_blend_0.5
signed_lkj_eta_2_turnover_blend,2025-07-31,outputscale,covar_module.kernels.0.base_kernel.kernels.7,ProductKernel,6.957294532166386e-05,6.957294532166386e-05,6.957294532166386e-05,signed_lkj_eta_2_turnover_blend_0.5
signed_lkj_eta_2_turnover_blend,2025-07-31,lengthscale,covar_module.kernels.0.base_kernel.kernels.7.base_kernel.kernels.0.kernels.0,MaternKernel,0.8218398131661169,0.8138984008616503,0.8366559844348376,signed_lkj_eta_2_turnover_blend_0.5
signed_lkj_eta_2_turnover_blend,2025-07-31,lengthscale,covar_module.kernels.0.base_kernel.kernels.7.base_kernel.kernels.0.kernels.1,RQKernel,0.825633761888887,0.8188098580814865,0.8404342866622629,signed_lkj_eta_2_turnover_blend_0.5
signed_lkj_eta_2_turnover_blend,2025-07-31,lengthscale,covar_module.kernels.0.base_kernel.kernels.7.base_kernel.kernels.1,MaternKernel,0.8239595934035644,0.7069633693509989,1.016197394392612,signed_lkj_eta_2_turnover_blend_0.5
signed_lkj_eta_2_turnover_blend,2025-07-31,likelihood_noise,likelihood,HadamardGaussianLikelihood,0.0065509035460146,0.0061452636886493,0.0066899358790492,signed_lkj_eta_2_turnover_blend_0.5
signed_lkj_eta_2_turnover_blend,2025-08-29,time_varying_effective_lengthscale_eval,covar_module.kernels.0,_Module,184.94757859988033,184.94757859988036,184.94757859988036,signed_lkj_eta_2_turnover_blend_0.5
signed_lkj_eta_2_turnover_blend,2025-08-29,outputscale,covar_module.kernels.0.base_kernel.kernels.0,MaternKernel,0.0001191237018902,0.0001191237018902,0.0001191237018902,signed_lkj_eta_2_turnover_blend_0.5
signed_lkj_eta_2_turnover_blend,2025-08-29,lengthscale,covar_module.kernels.0.base_kernel.kernels.0.base_kernel,MaternKernel,0.9211109915561474,0.9211109915561474,0.9211109915561474,signed_lkj_eta_2_turnover_blend_0.5
signed_lkj_eta_2_turnover_blend,2025-08-29,outputscale,covar_module.kernels.0.base_kernel.kernels.1,MaternKernel,5.888493175802868e-05,5.888493175802868e-05,5.888493175802868e-05,signed_lkj_eta_2_turnover_blend_0.5
signed_lkj_eta_2_turnover_blend,2025-08-29,lengthscale,covar_module.kernels.0.base_kernel.kernels.1.base_kernel,MaternKernel,0.9089736017202366,0.2688607063900581,1.3601525699381152,signed_lkj_eta_2_turnover_blend_0.5
signed_lkj_eta_2_turnover_blend,2025-08-29,outputscale,covar_module.kernels.0.base_kernel.kernels.2,MaternKernel,0.2966830205476801,0.2966830205476801,0.2966830205476801,signed_lkj_eta_2_turnover_blend_0.5
signed_lkj_eta_2_turnover_blend,2025-08-29,lengthscale,covar_module.kernels.0.base_kernel.kernels.2.base_kernel,MaternKernel,0.6326826292135785,0.102832762100459,1.5740137655787698,signed_lkj_eta_2_turnover_blend_0.5
signed_lkj_eta_2_turnover_blend,2025-08-29,outputscale,covar_module.kernels.0.base_kernel.kernels.3,RQKernel,0.0001185159889367,0.0001185159889367,0.0001185159889367,signed_lkj_eta_2_turnover_blend_0.5
signed_lkj_eta_2_turnover_blend,2025-08-29,lengthscale,covar_module.kernels.0.base_kernel.kernels.3.base_kernel,RQKernel,0.8020455325378206,0.4861671218856155,1.2512642561846576,signed_lkj_eta_2_turnover_blend_0.5
signed_lkj_eta_2_turnover_blend,2025-08-29,outputscale,covar_module.kernels.0.base_kernel.kernels.4,LinearKernel,0.0013179485717032,0.0013179485717032,0.0013179485717032,signed_lkj_eta_2_turnover_blend_0.5
signed_lkj_eta_2_turnover_blend,2025-08-29,outputscale,covar_module.kernels.0.base_kernel.kernels.5,ProductKernel,5.9711691538073074e-05,5.9711691538073074e-05,5.9711691538073074e-05,signed_lkj_eta_2_turnover_blend_0.5
signed_lkj_eta_2_turnover_blend,2025-08-29,lengthscale,covar_module.kernels.0.base_kernel.kernels.5.base_kernel.kernels.0,MaternKernel,0.2992430636504609,0.2992430636504609,0.2992430636504609,signed_lkj_eta_2_turnover_blend_0.5
signed_lkj_eta_2_turnover_blend,2025-08-29,lengthscale,covar_module.kernels.0.base_kernel.kernels.5.base_kernel.kernels.1,MaternKernel,0.8372649718111277,0.3988938074384401,1.162506551503249,signed_lkj_eta_2_turnover_blend_0.5
signed_lkj_eta_2_turnover_blend,2025-08-29,outputscale,covar_module.kernels.0.base_kernel.kernels.6,ProductKernel,0.0001389130116881,0.0001389130116881,0.0001389130116881,signed_lkj_eta_2_turnover_blend_0.5
signed_lkj_eta_2_turnover_blend,2025-08-29,lengthscale,covar_module.kernels.0.base_kernel.kernels.6.base_kernel.kernels.0,MaternKernel,0.4743764348567879,0.4743764348567879,0.4743764348567879,signed_lkj_eta_2_turnover_blend_0.5
signed_lkj_eta_2_turnover_blend,2025-08-29,lengthscale,covar_module.kernels.0.base_kernel.kernels.6.base_kernel.kernels.1.kernels.0,MaternKernel,0.7945697058251051,0.7102960995614839,0.8893886054224581,signed_lkj_eta_2_turnover_blend_0.5
signed_lkj_eta_2_turnover_blend,2025-08-29,lengthscale,covar_module.kernels.0.base_kernel.kernels.6.base_kernel.kernels.1.kernels.1,RQKernel,0.8184111878788576,0.7378550992576925,0.9176318891494886,signed_lkj_eta_2_turnover_blend_0.5
signed_lkj_eta_2_turnover_blend,2025-08-29,outputscale,covar_module.kernels.0.base_kernel.kernels.7,ProductKernel,7.84953378196406e-05,7.84953378196406e-05,7.84953378196406e-05,signed_lkj_eta_2_turnover_blend_0.5
signed_lkj_eta_2_turnover_blend,2025-08-29,lengthscale,covar_module.kernels.0.base_kernel.kernels.7.base_kernel.kernels.0.kernels.0,MaternKernel,0.8242545695522762,0.8187556508534406,0.8368515339384243,signed_lkj_eta_2_turnover_blend_0.5
signed_lkj_eta_2_turnover_blend,2025-08-29,lengthscale,covar_module.kernels.0.base_kernel.kernels.7.base_kernel.kernels.0.kernels.1,RQKernel,0.8269402935313017,0.8221838755767609,0.8392191388932153,signed_lkj_eta_2_turnover_blend_0.5
signed_lkj_eta_2_turnover_blend,2025-08-29,lengthscale,covar_module.kernels.0.base_kernel.kernels.7.base_kernel.kernels.1,MaternKernel,0.827173642019999,0.7319278613522779,1.0388816484888423,signed_lkj_eta_2_turnover_blend_0.5
signed_lkj_eta_2_turnover_blend,2025-08-29,likelihood_noise,likelihood,HadamardGaussianLikelihood,0.0065386774534119,0.0060820823552456,0.0066885973551143,signed_lkj_eta_2_turnover_blend_0.5
signed_lkj_eta_2_turnover_blend,2025-09-30,time_varying_effective_lengthscale_eval,covar_module.kernels.0,_Module,187.41639856739195,187.41639856739195,187.41639856739195,signed_lkj_eta_2_turnover_blend_0.5
signed_lkj_eta_2_turnover_blend,2025-09-30,outputscale,covar_module.kernels.0.base_kernel.kernels.0,MaternKernel,5.034945006161505e-05,5.034945006161505e-05,5.034945006161505e-05,signed_lkj_eta_2_turnover_blend_0.5
signed_lkj_eta_2_turnover_blend,2025-09-30,lengthscale,covar_module.kernels.0.base_kernel.kernels.0.base_kernel,MaternKernel,0.8948474865925666,0.8948474865925666,0.8948474865925666,signed_lkj_eta_2_turnover_blend_0.5
signed_lkj_eta_2_turnover_blend,2025-09-30,outputscale,covar_module.kernels.0.base_kernel.kernels.1,MaternKernel,3.619040593701507e-05,3.619040593701507e-05,3.619040593701507e-05,signed_lkj_eta_2_turnover_blend_0.5
signed_lkj_eta_2_turnover_blend,2025-09-30,lengthscale,covar_module.kernels.0.base_kernel.kernels.1.base_kernel,MaternKernel,0.9013883302570732,0.2396014377268465,1.3951668942987498,signed_lkj_eta_2_turnover_blend_0.5
signed_lkj_eta_2_turnover_blend,2025-09-30,outputscale,covar_module.kernels.0.base_kernel.kernels.2,MaternKernel,0.2475034070532005,0.2475034070532005,0.2475034070532005,signed_lkj_eta_2_turnover_blend_0.5
signed_lkj_eta_2_turnover_blend,2025-09-30,lengthscale,covar_module.kernels.0.base_kernel.kernels.2.base_kernel,MaternKernel,0.6972819921657561,0.1022108677331336,1.626079147551288,signed_lkj_eta_2_turnover_blend_0.5
signed_lkj_eta_2_turnover_blend,2025-09-30,outputscale,covar_module.kernels.0.base_kernel.kernels.3,RQKernel,6.948117844132988e-05,6.948117844132988e-05,6.948117844132988e-05,signed_lkj_eta_2_turnover_blend_0.5
signed_lkj_eta_2_turnover_blend,2025-09-30,lengthscale,covar_module.kernels.0.base_kernel.kernels.3.base_kernel,RQKernel,0.8115408577533625,0.4986236867963577,1.216684245730411,signed_lkj_eta_2_turnover_blend_0.5
signed_lkj_eta_2_turnover_blend,2025-09-30,outputscale,covar_module.kernels.0.base_kernel.kernels.4,LinearKernel,0.0014595097868009,0.0014595097868009,0.0014595097868009,signed_lkj_eta_2_turnover_blend_0.5
signed_lkj_eta_2_turnover_blend,2025-09-30,outputscale,covar_module.kernels.0.base_kernel.kernels.5,ProductKernel,3.191694743687553e-05,3.191694743687553e-05,3.191694743687553e-05,signed_lkj_eta_2_turnover_blend_0.5
signed_lkj_eta_2_turnover_blend,2025-09-30,lengthscale,covar_module.kernels.0.base_kernel.kernels.5.base_kernel.kernels.0,MaternKernel,0.2892732568199698,0.2892732568199698,0.2892732568199698,signed_lkj_eta_2_turnover_blend_0.5
signed_lkj_eta_2_turnover_blend,2025-09-30,lengthscale,covar_module.kernels.0.base_kernel.kernels.5.base_kernel.kernels.1,MaternKernel,0.836008031201759,0.3511109875546746,1.1978768947852785,signed_lkj_eta_2_turnover_blend_0.5
signed_lkj_eta_2_turnover_blend,2025-09-30,outputscale,covar_module.kernels.0.base_kernel.kernels.6,ProductKernel,6.05113684876771e-05,6.05113684876771e-05,6.05113684876771e-05,signed_lkj_eta_2_turnover_blend_0.5
signed_lkj_eta_2_turnover_blend,2025-09-30,lengthscale,covar_module.kernels.0.base_kernel.kernels.6.base_kernel.kernels.0,MaternKernel,0.4027196724721742,0.4027196724721742,0.4027196724721742,signed_lkj_eta_2_turnover_blend_0.5
signed_lkj_eta_2_turnover_blend,2025-09-30,lengthscale,covar_module.kernels.0.base_kernel.kernels.6.base_kernel.kernels.1.kernels.0,MaternKernel,0.791599974430113,0.6984379095610699,0.8914205643988481,signed_lkj_eta_2_turnover_blend_0.5
signed_lkj_eta_2_turnover_blend,2025-09-30,lengthscale,covar_module.kernels.0.base_kernel.kernels.6.base_kernel.kernels.1.kernels.1,RQKernel,0.8178082770767429,0.7201395052625069,0.923843009814054,signed_lkj_eta_2_turnover_blend_0.5
signed_lkj_eta_2_turnover_blend,2025-09-30,outputscale,covar_module.kernels.0.base_kernel.kernels.7,ProductKernel,5.991962685229613e-05,5.991962685229613e-05,5.991962685229613e-05,signed_lkj_eta_2_turnover_blend_0.5
signed_lkj_eta_2_turnover_blend,2025-09-30,lengthscale,covar_module.kernels.0.base_kernel.kernels.7.base_kernel.kernels.0.kernels.0,MaternKernel,0.8231337800796706,0.8177236116709263,0.8346635452094909,signed_lkj_eta_2_turnover_blend_0.5
signed_lkj_eta_2_turnover_blend,2025-09-30,lengthscale,covar_module.kernels.0.base_kernel.kernels.7.base_kernel.kernels.0.kernels.1,RQKernel,0.8255198471274298,0.8186759752865712,0.8371086696637935,signed_lkj_eta_2_turnover_blend_0.5
signed_lkj_eta_2_turnover_blend,2025-09-30,lengthscale,covar_module.kernels.0.base_kernel.kernels.7.base_kernel.kernels.1,MaternKernel,0.8107730605944474,0.7276951151183431,0.9926993139374098,signed_lkj_eta_2_turnover_blend_0.5
signed_lkj_eta_2_turnover_blend,2025-09-30,likelihood_noise,likelihood,HadamardGaussianLikelihood,0.0064892412193331,0.0059673317806811,0.0066737517967841,signed_lkj_eta_2_turnover_blend_0.5
signed_lkj_eta_2_turnover_blend,2025-10-31,time_varying_effective_lengthscale_eval,covar_module.kernels.0,_Module,221.67968544935732,221.67968544935732,221.67968544935732,signed_lkj_eta_2_turnover_blend_0.5
signed_lkj_eta_2_turnover_blend,2025-10-31,outputscale,covar_module.kernels.0.base_kernel.kernels.0,MaternKernel,7.84648642832577e-05,7.84648642832577e-05,7.84648642832577e-05,signed_lkj_eta_2_turnover_blend_0.5
signed_lkj_eta_2_turnover_blend,2025-10-31,lengthscale,covar_module.kernels.0.base_kernel.kernels.0.base_kernel,MaternKernel,1.218744667385261,1.218744667385261,1.218744667385261,signed_lkj_eta_2_turnover_blend_0.5
signed_lkj_eta_2_turnover_blend,2025-10-31,outputscale,covar_module.kernels.0.base_kernel.kernels.1,MaternKernel,5.069561106754084e-06,5.069561106754084e-06,5.069561106754084e-06,signed_lkj_eta_2_turnover_blend_0.5
signed_lkj_eta_2_turnover_blend,2025-10-31,lengthscale,covar_module.kernels.0.base_kernel.kernels.1.base_kernel,MaternKernel,0.975669407341844,0.2293455554850181,1.5619112133124815,signed_lkj_eta_2_turnover_blend_0.5
signed_lkj_eta_2_turnover_blend,2025-10-31,outputscale,covar_module.kernels.0.base_kernel.kernels.2,MaternKernel,0.3664311563649536,0.3664311563649536,0.3664311563649536,signed_lkj_eta_2_turnover_blend_0.5
signed_lkj_eta_2_turnover_blend,2025-10-31,lengthscale,covar_module.kernels.0.base_kernel.kernels.2.base_kernel,MaternKernel,0.665564259369851,0.1023387103211638,1.5114934592146034,signed_lkj_eta_2_turnover_blend_0.5
signed_lkj_eta_2_turnover_blend,2025-10-31,outputscale,covar_module.kernels.0.base_kernel.kernels.3,RQKernel,5.583949039230472e-05,5.583949039230472e-05,5.583949039230472e-05,signed_lkj_eta_2_turnover_blend_0.5
signed_lkj_eta_2_turnover_blend,2025-10-31,lengthscale,covar_module.kernels.0.base_kernel.kernels.3.base_kernel,RQKernel,0.8115023954860952,0.4472773892084212,1.2996985912895451,signed_lkj_eta_2_turnover_blend_0.5
signed_lkj_eta_2_turnover_blend,2025-10-31,outputscale,covar_module.kernels.0.base_kernel.kernels.4,LinearKernel,0.0004372895307821,0.0004372895307821,0.0004372895307821,signed_lkj_eta_2_turnover_blend_0.5
signed_lkj_eta_2_turnover_blend,2025-10-31,outputscale,covar_module.kernels.0.base_kernel.kernels.5,ProductKernel,5.4346183102061095e-06,5.4346183102061095e-06,5.4346183102061095e-06,signed_lkj_eta_2_turnover_blend_0.5
signed_lkj_eta_2_turnover_blend,2025-10-31,lengthscale,covar_module.kernels.0.base_kernel.kernels.5.base_kernel.kernels.0,MaternKernel,0.3225564248622996,0.3225564248622996,0.3225564248622996,signed_lkj_eta_2_turnover_blend_0.5
signed_lkj_eta_2_turnover_blend,2025-10-31,lengthscale,covar_module.kernels.0.base_kernel.kernels.5.base_kernel.kernels.1,MaternKernel,0.8824548170128046,0.3438363845931707,1.2881344050493908,signed_lkj_eta_2_turnover_blend_0.5
signed_lkj_eta_2_turnover_blend,2025-10-31,outputscale,covar_module.kernels.0.base_kernel.kernels.6,ProductKernel,8.988862522654036e-05,8.988862522654036e-05,8.988862522654036e-05,signed_lkj_eta_2_turnover_blend_0.5
signed_lkj_eta_2_turnover_blend,2025-10-31,lengthscale,covar_module.kernels.0.base_kernel.kernels.6.base_kernel.kernels.0,MaternKernel,0.5046080371963163,0.5046080371963163,0.5046080371963163,signed_lkj_eta_2_turnover_blend_0.5
signed_lkj_eta_2_turnover_blend,2025-10-31,lengthscale,covar_module.kernels.0.base_kernel.kernels.6.base_kernel.kernels.1.kernels.0,MaternKernel,0.7876943419419142,0.691590702019272,0.8911956118558685,signed_lkj_eta_2_turnover_blend_0.5
signed_lkj_eta_2_turnover_blend,2025-10-31,lengthscale,covar_module.kernels.0.base_kernel.kernels.6.base_kernel.kernels.1.kernels.1,RQKernel,0.816842642046828,0.7213019458211456,0.92931877502272,signed_lkj_eta_2_turnover_blend_0.5
signed_lkj_eta_2_turnover_blend,2025-10-31,outputscale,covar_module.kernels.0.base_kernel.kernels.7,ProductKernel,2.818243507632152e-05,2.818243507632152e-05,2.818243507632152e-05,signed_lkj_eta_2_turnover_blend_0.5
signed_lkj_eta_2_turnover_blend,2025-10-31,lengthscale,covar_module.kernels.0.base_kernel.kernels.7.base_kernel.kernels.0.kernels.0,MaternKernel,0.8219702530450619,0.8112065496178822,0.8406184589214994,signed_lkj_eta_2_turnover_blend_0.5
signed_lkj_eta_2_turnover_blend,2025-10-31,lengthscale,covar_module.kernels.0.base_kernel.kernels.7.base_kernel.kernels.0.kernels.1,RQKernel,0.8267172995862913,0.8186001096219441,0.8454936712323663,signed_lkj_eta_2_turnover_blend_0.5
signed_lkj_eta_2_turnover_blend,2025-10-31,lengthscale,covar_module.kernels.0.base_kernel.kernels.7.base_kernel.kernels.1,MaternKernel,0.8407845753282686,0.690108631943531,1.0872598603841617,signed_lkj_eta_2_turnover_blend_0.5
signed_lkj_eta_2_turnover_blend,2025-10-31,likelihood_noise,likelihood,HadamardGaussianLikelihood,0.0065320958912268,0.0060939444094917,0.0066746527242329,signed_lkj_eta_2_turnover_blend_0.5
signed_lkj_eta_2_turnover_blend,2025-11-28,time_varying_effective_lengthscale_eval,covar_module.kernels.0,_Module,219.3645948130805,219.3645948130805,219.3645948130805,signed_lkj_eta_2_turnover_blend_0.5
signed_lkj_eta_2_turnover_blend,2025-11-28,outputscale,covar_module.kernels.0.base_kernel.kernels.0,MaternKernel,0.0001044419735292,0.0001044419735292,0.0001044419735292,signed_lkj_eta_2_turnover_blend_0.5
signed_lkj_eta_2_turnover_blend,2025-11-28,lengthscale,covar_module.kernels.0.base_kernel.kernels.0.base_kernel,MaternKernel,0.975267947323574,0.975267947323574,0.975267947323574,signed_lkj_eta_2_turnover_blend_0.5
signed_lkj_eta_2_turnover_blend,2025-11-28,outputscale,covar_module.kernels.0.base_kernel.kernels.1,MaternKernel,1.2653086127436128e-05,1.2653086127436128e-05,1.2653086127436128e-05,signed_lkj_eta_2_turnover_blend_0.5
signed_lkj_eta_2_turnover_blend,2025-11-28,lengthscale,covar_module.kernels.0.base_kernel.kernels.1.base_kernel,MaternKernel,0.9395650137151512,0.2835382783393217,1.435899229032305,signed_lkj_eta_2_turnover_blend_0.5
signed_lkj_eta_2_turnover_blend,2025-11-28,outputscale,covar_module.kernels.0.base_kernel.kernels.2,MaternKernel,0.2971241879645931,0.2971241879645931,0.2971241879645931,signed_lkj_eta_2_turnover_blend_0.5
signed_lkj_eta_2_turnover_blend,2025-11-28,lengthscale,covar_module.kernels.0.base_kernel.kernels.2.base_kernel,MaternKernel,0.702704963812445,0.102656853428798,1.5060022062256588,signed_lkj_eta_2_turnover_blend_0.5
signed_lkj_eta_2_turnover_blend,2025-11-28,outputscale,covar_module.kernels.0.base_kernel.kernels.3,RQKernel,0.0001055048319337,0.0001055048319337,0.0001055048319337,signed_lkj_eta_2_turnover_blend_0.5
signed_lkj_eta_2_turnover_blend,2025-11-28,lengthscale,covar_module.kernels.0.base_kernel.kernels.3.base_kernel,RQKernel,0.8142507647491435,0.477961188749654,1.239430895289184,signed_lkj_eta_2_turnover_blend_0.5
signed_lkj_eta_2_turnover_blend,2025-11-28,outputscale,covar_module.kernels.0.base_kernel.kernels.4,LinearKernel,0.0009740658029108,0.0009740658029108,0.0009740658029108,signed_lkj_eta_2_turnover_blend_0.5
signed_lkj_eta_2_turnover_blend,2025-11-28,outputscale,covar_module.kernels.0.base_kernel.kernels.5,ProductKernel,1.5253115211255862e-05,1.5253115211255862e-05,1.5253115211255862e-05,signed_lkj_eta_2_turnover_blend_0.5
signed_lkj_eta_2_turnover_blend,2025-11-28,lengthscale,covar_module.kernels.0.base_kernel.kernels.5.base_kernel.kernels.0,MaternKernel,0.3021089452479217,0.3021089452479217,0.3021089452479217,signed_lkj_eta_2_turnover_blend_0.5
signed_lkj_eta_2_turnover_blend,2025-11-28,lengthscale,covar_module.kernels.0.base_kernel.kernels.5.base_kernel.kernels.1,MaternKernel,0.8602635534489554,0.3950777798689466,1.218217887793997,signed_lkj_eta_2_turnover_blend_0.5
signed_lkj_eta_2_turnover_blend,2025-11-28,outputscale,covar_module.kernels.0.base_kernel.kernels.6,ProductKernel,0.0001105307743834,0.0001105307743834,0.0001105307743834,signed_lkj_eta_2_turnover_blend_0.5
signed_lkj_eta_2_turnover_blend,2025-11-28,lengthscale,covar_module.kernels.0.base_kernel.kernels.6.base_kernel.kernels.0,MaternKernel,0.5050442053482121,0.5050442053482121,0.5050442053482121,signed_lkj_eta_2_turnover_blend_0.5
signed_lkj_eta_2_turnover_blend,2025-11-28,lengthscale,covar_module.kernels.0.base_kernel.kernels.6.base_kernel.kernels.1.kernels.0,MaternKernel,0.7943814915385163,0.7105441687824846,0.8871845444512909,signed_lkj_eta_2_turnover_blend_0.5
signed_lkj_eta_2_turnover_blend,2025-11-28,lengthscale,covar_module.kernels.0.base_kernel.kernels.6.base_kernel.kernels.1.kernels.1,RQKernel,0.8196783819311905,0.7324715743392597,0.9209194800778694,signed_lkj_eta_2_turnover_blend_0.5
signed_lkj_eta_2_turnover_blend,2025-11-28,outputscale,covar_module.kernels.0.base_kernel.kernels.7,ProductKernel,4.1547141616974705e-05,4.1547141616974705e-05,4.1547141616974705e-05,signed_lkj_eta_2_turnover_blend_0.5
signed_lkj_eta_2_turnover_blend,2025-11-28,lengthscale,covar_module.kernels.0.base_kernel.kernels.7.base_kernel.kernels.0.kernels.0,MaternKernel,0.8243641759447199,0.81631613498246,0.8392231821033102,signed_lkj_eta_2_turnover_blend_0.5
signed_lkj_eta_2_turnover_blend,2025-11-28,lengthscale,covar_module.kernels.0.base_kernel.kernels.7.base_kernel.kernels.0.kernels.1,RQKernel,0.8276461999707103,0.8213277608004086,0.8425137079387697,signed_lkj_eta_2_turnover_blend_0.5
signed_lkj_eta_2_turnover_blend,2025-11-28,lengthscale,covar_module.kernels.0.base_kernel.kernels.7.base_kernel.kernels.1,MaternKernel,0.8374414729184565,0.730906163778994,1.0527517991174715,signed_lkj_eta_2_turnover_blend_0.5
signed_lkj_eta_2_turnover_blend,2025-11-28,likelihood_noise,likelihood,HadamardGaussianLikelihood,0.0065210144349309,0.0060759273601639,0.0066800062324203,signed_lkj_eta_2_turnover_blend_0.5
signed_lkj_eta_2_turnover_blend,2025-12-31,time_varying_effective_lengthscale_eval,covar_module.kernels.0,_Module,223.36358324026435,223.3635832402644,223.3635832402644,signed_lkj_eta_2_turnover_blend_0.5
signed_lkj_eta_2_turnover_blend,2025-12-31,outputscale,covar_module.kernels.0.base_kernel.kernels.0,MaternKernel,5.41424277022773e-05,5.41424277022773e-05,5.41424277022773e-05,signed_lkj_eta_2_turnover_blend_0.5
signed_lkj_eta_2_turnover_blend,2025-12-31,lengthscale,covar_module.kernels.0.base_kernel.kernels.0.base_kernel,MaternKernel,0.9685429637231692,0.9685429637231692,0.9685429637231692,signed_lkj_eta_2_turnover_blend_0.5
signed_lkj_eta_2_turnover_blend,2025-12-31,outputscale,covar_module.kernels.0.base_kernel.kernels.1,MaternKernel,1.9221458391001637e-05,1.9221458391001637e-05,1.9221458391001637e-05,signed_lkj_eta_2_turnover_blend_0.5
signed_lkj_eta_2_turnover_blend,2025-12-31,lengthscale,covar_module.kernels.0.base_kernel.kernels.1.base_kernel,MaternKernel,0.9309072537649272,0.2904242236069261,1.3999824956029057,signed_lkj_eta_2_turnover_blend_0.5
signed_lkj_eta_2_turnover_blend,2025-12-31,outputscale,covar_module.kernels.0.base_kernel.kernels.2,MaternKernel,0.378668260950775,0.378668260950775,0.378668260950775,signed_lkj_eta_2_turnover_blend_0.5
signed_lkj_eta_2_turnover_blend,2025-12-31,lengthscale,covar_module.kernels.0.base_kernel.kernels.2.base_kernel,MaternKernel,0.7589960312876741,0.1011629349194348,1.6563228268391803,signed_lkj_eta_2_turnover_blend_0.5
signed_lkj_eta_2_turnover_blend,2025-12-31,outputscale,covar_module.kernels.0.base_kernel.kernels.3,RQKernel,6.386626529650361e-05,6.386626529650361e-05,6.386626529650361e-05,signed_lkj_eta_2_turnover_blend_0.5
signed_lkj_eta_2_turnover_blend,2025-12-31,lengthscale,covar_module.kernels.0.base_kernel.kernels.3.base_kernel,RQKernel,0.808802901171113,0.4460095519266028,1.2768078701135537,signed_lkj_eta_2_turnover_blend_0.5
signed_lkj_eta_2_turnover_blend,2025-12-31,outputscale,covar_module.kernels.0.base_kernel.kernels.4,LinearKernel,0.0008766958792204,0.0008766958792204,0.0008766958792204,signed_lkj_eta_2_turnover_blend_0.5
signed_lkj_eta_2_turnover_blend,2025-12-31,outputscale,covar_module.kernels.0.base_kernel.kernels.5,ProductKernel,1.9693055515674627e-05,1.9693055515674627e-05,1.9693055515674627e-05,signed_lkj_eta_2_turnover_blend_0.5
signed_lkj_eta_2_turnover_blend,2025-12-31,lengthscale,covar_module.kernels.0.base_kernel.kernels.5.base_kernel.kernels.0,MaternKernel,0.295971324340921,0.295971324340921,0.295971324340921,signed_lkj_eta_2_turnover_blend_0.5
signed_lkj_eta_2_turnover_blend,2025-12-31,lengthscale,covar_module.kernels.0.base_kernel.kernels.5.base_kernel.kernels.1,MaternKernel,0.8576056663623024,0.4049235939734652,1.2003362584764323,signed_lkj_eta_2_turnover_blend_0.5
signed_lkj_eta_2_turnover_blend,2025-12-31,outputscale,covar_module.kernels.0.base_kernel.kernels.6,ProductKernel,7.62785354850582e-05,7.62785354850582e-05,7.62785354850582e-05,signed_lkj_eta_2_turnover_blend_0.5
signed_lkj_eta_2_turnover_blend,2025-12-31,lengthscale,covar_module.kernels.0.base_kernel.kernels.6.base_kernel.kernels.0,MaternKernel,0.4663064083557409,0.4663064083557409,0.4663064083557409,signed_lkj_eta_2_turnover_blend_0.5
signed_lkj_eta_2_turnover_blend,2025-12-31,lengthscale,covar_module.kernels.0.base_kernel.kernels.6.base_kernel.kernels.1.kernels.0,MaternKernel,0.7909490460103892,0.6919145040475269,0.8929550764610257,signed_lkj_eta_2_turnover_blend_0.5
signed_lkj_eta_2_turnover_blend,2025-12-31,lengthscale,covar_module.kernels.0.base_kernel.kernels.6.base_kernel.kernels.1.kernels.1,RQKernel,0.817280571393607,0.7164612584797831,0.9287133925363746,signed_lkj_eta_2_turnover_blend_0.5
signed_lkj_eta_2_turnover_blend,2025-12-31,outputscale,covar_module.kernels.0.base_kernel.kernels.7,ProductKernel,4.245991830690728e-05,4.245991830690728e-05,4.245991830690728e-05,signed_lkj_eta_2_turnover_blend_0.5
signed_lkj_eta_2_turnover_blend,2025-12-31,lengthscale,covar_module.kernels.0.base_kernel.kernels.7.base_kernel.kernels.0.kernels.0,MaternKernel,0.8246348195420607,0.8172507824871788,0.8380674040703219,signed_lkj_eta_2_turnover_blend_0.5
signed_lkj_eta_2_turnover_blend,2025-12-31,lengthscale,covar_module.kernels.0.base_kernel.kernels.7.base_kernel.kernels.0.kernels.1,RQKernel,0.8272389161203251,0.8212046077075513,0.8407368539979367,signed_lkj_eta_2_turnover_blend_0.5
signed_lkj_eta_2_turnover_blend,2025-12-31,lengthscale,covar_module.kernels.0.base_kernel.kernels.7.base_kernel.kernels.1,MaternKernel,0.8341621577194117,0.7308422740028935,1.0487609931752686,signed_lkj_eta_2_turnover_blend_0.5
signed_lkj_eta_2_turnover_blend,2025-12-31,likelihood_noise,likelihood,HadamardGaussianLikelihood,0.0064803929147062,0.005949340974903,0.0066413543910478,signed_lkj_eta_2_turnover_blend_0.5
signed_lkj_eta_2_turnover_blend,2026-01-30,time_varying_effective_lengthscale_eval,covar_module.kernels.0,_Module,229.86472460405847,229.8647246040585,229.8647246040585,signed_lkj_eta_2_turnover_blend_0.5
signed_lkj_eta_2_turnover_blend,2026-01-30,outputscale,covar_module.kernels.0.base_kernel.kernels.0,MaternKernel,0.0001705421038988,0.0001705421038988,0.0001705421038988,signed_lkj_eta_2_turnover_blend_0.5
signed_lkj_eta_2_turnover_blend,2026-01-30,lengthscale,covar_module.kernels.0.base_kernel.kernels.0.base_kernel,MaternKernel,1.18120880619714,1.18120880619714,1.18120880619714,signed_lkj_eta_2_turnover_blend_0.5
signed_lkj_eta_2_turnover_blend,2026-01-30,outputscale,covar_module.kernels.0.base_kernel.kernels.1,MaternKernel,7.303905005805549e-06,7.303905005805549e-06,7.303905005805549e-06,signed_lkj_eta_2_turnover_blend_0.5
signed_lkj_eta_2_turnover_blend,2026-01-30,lengthscale,covar_module.kernels.0.base_kernel.kernels.1.base_kernel,MaternKernel,1.0071689376206427,0.2080614546693136,1.6778408884729603,signed_lkj_eta_2_turnover_blend_0.5
signed_lkj_eta_2_turnover_blend,2026-01-30,outputscale,covar_module.kernels.0.base_kernel.kernels.2,MaternKernel,0.3973901959636002,0.3973901959636002,0.3973901959636002,signed_lkj_eta_2_turnover_blend_0.5
signed_lkj_eta_2_turnover_blend,2026-01-30,lengthscale,covar_module.kernels.0.base_kernel.kernels.2.base_kernel,MaternKernel,0.741759770960736,0.1040902803848588,1.7528107026015725,signed_lkj_eta_2_turnover_blend_0.5
signed_lkj_eta_2_turnover_blend,2026-01-30,outputscale,covar_module.kernels.0.base_kernel.kernels.3,RQKernel,0.000104186457461,0.000104186457461,0.000104186457461,signed_lkj_eta_2_turnover_blend_0.5
signed_lkj_eta_2_turnover_blend,2026-01-30,lengthscale,covar_module.kernels.0.base_kernel.kernels.3.base_kernel,RQKernel,0.8076406500240738,0.3929473719421046,1.344971027583966,signed_lkj_eta_2_turnover_blend_0.5
signed_lkj_eta_2_turnover_blend,2026-01-30,outputscale,covar_module.kernels.0.base_kernel.kernels.4,LinearKernel,0.0003702170773574,0.0003702170773574,0.0003702170773574,signed_lkj_eta_2_turnover_blend_0.5
signed_lkj_eta_2_turnover_blend,2026-01-30,outputscale,covar_module.kernels.0.base_kernel.kernels.5,ProductKernel,8.27664224180142e-06,8.27664224180142e-06,8.27664224180142e-06,signed_lkj_eta_2_turnover_blend_0.5
signed_lkj_eta_2_turnover_blend,2026-01-30,lengthscale,covar_module.kernels.0.base_kernel.kernels.5.base_kernel.kernels.0,MaternKernel,0.3121372939130205,0.3121372939130205,0.3121372939130205,signed_lkj_eta_2_turnover_blend_0.5
signed_lkj_eta_2_turnover_blend,2026-01-30,lengthscale,covar_module.kernels.0.base_kernel.kernels.5.base_kernel.kernels.1,MaternKernel,0.9087563971118864,0.3177876466103384,1.4096560295266167,signed_lkj_eta_2_turnover_blend_0.5
signed_lkj_eta_2_turnover_blend,2026-01-30,outputscale,covar_module.kernels.0.base_kernel.kernels.6,ProductKernel,0.0001783193567939,0.0001783193567939,0.0001783193567939,signed_lkj_eta_2_turnover_blend_0.5
signed_lkj_eta_2_turnover_blend,2026-01-30,lengthscale,covar_module.kernels.0.base_kernel.kernels.6.base_kernel.kernels.0,MaternKernel,0.4998411850720268,0.4998411850720268,0.4998411850720268,signed_lkj_eta_2_turnover_blend_0.5
signed_lkj_eta_2_turnover_blend,2026-01-30,lengthscale,covar_module.kernels.0.base_kernel.kernels.6.base_kernel.kernels.1.kernels.0,MaternKernel,0.782268335200074,0.669053105709682,0.9068177667133837,signed_lkj_eta_2_turnover_blend_0.5
signed_lkj_eta_2_turnover_blend,2026-01-30,lengthscale,covar_module.kernels.0.base_kernel.kernels.6.base_kernel.kernels.1.kernels.1,RQKernel,0.8136983685121921,0.6977453894388177,0.9452926510155146,signed_lkj_eta_2_turnover_blend_0.5
signed_lkj_eta_2_turnover_blend,2026-01-30,outputscale,covar_module.kernels.0.base_kernel.kernels.7,ProductKernel,5.748629163628275e-05,5.748629163628275e-05,5.748629163628275e-05,signed_lkj_eta_2_turnover_blend_0.5
signed_lkj_eta_2_turnover_blend,2026-01-30,lengthscale,covar_module.kernels.0.base_kernel.kernels.7.base_kernel.kernels.0.kernels.0,MaternKernel,0.8229828254032765,0.8121736726141305,0.8416284063121131,signed_lkj_eta_2_turnover_blend_0.5
signed_lkj_eta_2_turnover_blend,2026-01-30,lengthscale,covar_module.kernels.0.base_kernel.kernels.7.base_kernel.kernels.0.kernels.1,RQKernel,0.8268013525473003,0.8188125869282572,0.8443332141254175,signed_lkj_eta_2_turnover_blend_0.5
signed_lkj_eta_2_turnover_blend,2026-01-30,lengthscale,covar_module.kernels.0.base_kernel.kernels.7.base_kernel.kernels.1,MaternKernel,0.8457587548643051,0.6867536582369258,1.067188084572239,signed_lkj_eta_2_turnover_blend_0.5
signed_lkj_eta_2_turnover_blend,2026-01-30,likelihood_noise,likelihood,HadamardGaussianLikelihood,0.00655274516879,0.0061927428908714,0.0066670179719342,signed_lkj_eta_2_turnover_blend_0.5
signed_lkj_eta_2_turnover_blend,2026-02-27,time_varying_effective_lengthscale_eval,covar_module.kernels.0,_Module,205.68256696133324,205.6825669613332,205.6825669613332,signed_lkj_eta_2_turnover_blend_0.5
signed_lkj_eta_2_turnover_blend,2026-02-27,outputscale,covar_module.kernels.0.base_kernel.kernels.0,MaternKernel,0.000300264640874,0.000300264640874,0.000300264640874,signed_lkj_eta_2_turnover_blend_0.5
signed_lkj_eta_2_turnover_blend,2026-02-27,lengthscale,covar_module.kernels.0.base_kernel.kernels.0.base_kernel,MaternKernel,0.9274145457212606,0.9274145457212606,0.9274145457212606,signed_lkj_eta_2_turnover_blend_0.5
signed_lkj_eta_2_turnover_blend,2026-02-27,outputscale,covar_module.kernels.0.base_kernel.kernels.1,MaternKernel,4.038296608543238e-05,4.038296608543238e-05,4.038296608543238e-05,signed_lkj_eta_2_turnover_blend_0.5
signed_lkj_eta_2_turnover_blend,2026-02-27,lengthscale,covar_module.kernels.0.base_kernel.kernels.1.base_kernel,MaternKernel,0.9297039384406692,0.2759636612321489,1.395605389275268,signed_lkj_eta_2_turnover_blend_0.5
signed_lkj_eta_2_turnover_blend,2026-02-27,outputscale,covar_module.kernels.0.base_kernel.kernels.2,MaternKernel,0.3903675676427236,0.3903675676427236,0.3903675676427236,signed_lkj_eta_2_turnover_blend_0.5
signed_lkj_eta_2_turnover_blend,2026-02-27,lengthscale,covar_module.kernels.0.base_kernel.kernels.2.base_kernel,MaternKernel,0.7163386709036647,0.1037066874950201,1.852790260443604,signed_lkj_eta_2_turnover_blend_0.5
signed_lkj_eta_2_turnover_blend,2026-02-27,outputscale,covar_module.kernels.0.base_kernel.kernels.3,RQKernel,0.0002791573598845,0.0002791573598845,0.0002791573598845,signed_lkj_eta_2_turnover_blend_0.5
signed_lkj_eta_2_turnover_blend,2026-02-27,lengthscale,covar_module.kernels.0.base_kernel.kernels.3.base_kernel,RQKernel,0.81412714036208,0.4511001469286684,1.2729521118098133,signed_lkj_eta_2_turnover_blend_0.5
signed_lkj_eta_2_turnover_blend,2026-02-27,outputscale,covar_module.kernels.0.base_kernel.kernels.4,LinearKernel,0.002011227189165,0.002011227189165,0.002011227189165,signed_lkj_eta_2_turnover_blend_0.5
signed_lkj_eta_2_turnover_blend,2026-02-27,outputscale,covar_module.kernels.0.base_kernel.kernels.5,ProductKernel,4.095889717780777e-05,4.095889717780777e-05,4.095889717780777e-05,signed_lkj_eta_2_turnover_blend_0.5
signed_lkj_eta_2_turnover_blend,2026-02-27,lengthscale,covar_module.kernels.0.base_kernel.kernels.5.base_kernel.kernels.0,MaternKernel,0.2882366755883589,0.2882366755883589,0.2882366755883589,signed_lkj_eta_2_turnover_blend_0.5
signed_lkj_eta_2_turnover_blend,2026-02-27,lengthscale,covar_module.kernels.0.base_kernel.kernels.5.base_kernel.kernels.1,MaternKernel,0.8590079648622383,0.3776448375476772,1.216564574938438,signed_lkj_eta_2_turnover_blend_0.5
signed_lkj_eta_2_turnover_blend,2026-02-27,outputscale,covar_module.kernels.0.base_kernel.kernels.6,ProductKernel,0.0002419042400278,0.0002419042400278,0.0002419042400278,signed_lkj_eta_2_turnover_blend_0.5
signed_lkj_eta_2_turnover_blend,2026-02-27,lengthscale,covar_module.kernels.0.base_kernel.kernels.6.base_kernel.kernels.0,MaternKernel,0.452101804254461,0.452101804254461,0.452101804254461,signed_lkj_eta_2_turnover_blend_0.5
signed_lkj_eta_2_turnover_blend,2026-02-27,lengthscale,covar_module.kernels.0.base_kernel.kernels.6.base_kernel.kernels.1.kernels.0,MaternKernel,0.7890180339414455,0.6811226708423485,0.9166424388388918,signed_lkj_eta_2_turnover_blend_0.5
signed_lkj_eta_2_turnover_blend,2026-02-27,lengthscale,covar_module.kernels.0.base_kernel.kernels.6.base_kernel.kernels.1.kernels.1,RQKernel,0.8158298134798943,0.7037867154255582,0.9428933591436628,signed_lkj_eta_2_turnover_blend_0.5
signed_lkj_eta_2_turnover_blend,2026-02-27,outputscale,covar_module.kernels.0.base_kernel.kernels.7,ProductKernel,7.963714786353489e-05,7.963714786353489e-05,7.963714786353489e-05,signed_lkj_eta_2_turnover_blend_0.5
signed_lkj_eta_2_turnover_blend,2026-02-27,lengthscale,covar_module.kernels.0.base_kernel.kernels.7.base_kernel.kernels.0.kernels.0,MaternKernel,0.82091198930606,0.808046230159776,0.8456170047130357,signed_lkj_eta_2_turnover_blend_0.5
signed_lkj_eta_2_turnover_blend,2026-02-27,lengthscale,covar_module.kernels.0.base_kernel.kernels.7.base_kernel.kernels.0.kernels.1,RQKernel,0.8253228868824151,0.8147881400175839,0.8480975380796321,signed_lkj_eta_2_turnover_blend_0.5
signed_lkj_eta_2_turnover_blend,2026-02-27,lengthscale,covar_module.kernels.0.base_kernel.kernels.7.base_kernel.kernels.1,MaternKernel,0.834152836438366,0.6193679044702911,1.0486379797062353,signed_lkj_eta_2_turnover_blend_0.5
signed_lkj_eta_2_turnover_blend,2026-02-27,likelihood_noise,likelihood,HadamardGaussianLikelihood,0.0065563638868917,0.0062084157188286,0.0066826985382917,signed_lkj_eta_2_turnover_blend_0.5
signed_lkj_eta_2_turnover_blend,2026-03-31,time_varying_effective_lengthscale_eval,covar_module.kernels.0,_Module,222.9814525772415,222.9814525772415,222.9814525772415,signed_lkj_eta_2_turnover_blend_0.5
signed_lkj_eta_2_turnover_blend,2026-03-31,outputscale,covar_module.kernels.0.base_kernel.kernels.0,MaternKernel,5.4895312977650614e-05,5.4895312977650614e-05,5.4895312977650614e-05,signed_lkj_eta_2_turnover_blend_0.5
signed_lkj_eta_2_turnover_blend,2026-03-31,lengthscale,covar_module.kernels.0.base_kernel.kernels.0.base_kernel,MaternKernel,0.8974077055373229,0.8974077055373229,0.8974077055373229,signed_lkj_eta_2_turnover_blend_0.5
signed_lkj_eta_2_turnover_blend,2026-03-31,outputscale,covar_module.kernels.0.base_kernel.kernels.1,MaternKernel,1.2177010351951923e-05,1.2177010351951923e-05,1.2177010351951923e-05,signed_lkj_eta_2_turnover_blend_0.5
signed_lkj_eta_2_turnover_blend,2026-03-31,lengthscale,covar_module.kernels.0.base_kernel.kernels.1.base_kernel,MaternKernel,0.9482968065495416,0.2072766522383258,1.6489818700596983,signed_lkj_eta_2_turnover_blend_0.5
signed_lkj_eta_2_turnover_blend,2026-03-31,outputscale,covar_module.kernels.0.base_kernel.kernels.2,MaternKernel,0.2721232175759164,0.2721232175759164,0.2721232175759164,signed_lkj_eta_2_turnover_blend_0.5
signed_lkj_eta_2_turnover_blend,2026-03-31,lengthscale,covar_module.kernels.0.base_kernel.kernels.2.base_kernel,MaternKernel,0.7964423822511293,0.1015441691358007,2.195199694346151,signed_lkj_eta_2_turnover_blend_0.5
signed_lkj_eta_2_turnover_blend,2026-03-31,outputscale,covar_module.kernels.0.base_kernel.kernels.3,RQKernel,7.843067980711749e-05,7.843067980711749e-05,7.843067980711749e-05,signed_lkj_eta_2_turnover_blend_0.5
signed_lkj_eta_2_turnover_blend,2026-03-31,lengthscale,covar_module.kernels.0.base_kernel.kernels.3.base_kernel,RQKernel,0.7888674154643852,0.2779402379247316,1.4075960001184138,signed_lkj_eta_2_turnover_blend_0.5
signed_lkj_eta_2_turnover_blend,2026-03-31,outputscale,covar_module.kernels.0.base_kernel.kernels.4,LinearKernel,0.0010839386975822,0.0010839386975822,0.0010839386975822,signed_lkj_eta_2_turnover_blend_0.5
signed_lkj_eta_2_turnover_blend,2026-03-31,outputscale,covar_module.kernels.0.base_kernel.kernels.5,ProductKernel,1.7143098033916236e-05,1.7143098033916236e-05,1.7143098033916236e-05,signed_lkj_eta_2_turnover_blend_0.5
signed_lkj_eta_2_turnover_blend,2026-03-31,lengthscale,covar_module.kernels.0.base_kernel.kernels.5.base_kernel.kernels.0,MaternKernel,0.281909590388499,0.281909590388499,0.281909590388499,signed_lkj_eta_2_turnover_blend_0.5
signed_lkj_eta_2_turnover_blend,2026-03-31,lengthscale,covar_module.kernels.0.base_kernel.kernels.5.base_kernel.kernels.1,MaternKernel,0.8568092088957755,0.3433082847198709,1.3464248108847932,signed_lkj_eta_2_turnover_blend_0.5
signed_lkj_eta_2_turnover_blend,2026-03-31,outputscale,covar_module.kernels.0.base_kernel.kernels.6,ProductKernel,8.411854674142019e-05,8.411854674142019e-05,8.411854674142019e-05,signed_lkj_eta_2_turnover_blend_0.5
signed_lkj_eta_2_turnover_blend,2026-03-31,lengthscale,covar_module.kernels.0.base_kernel.kernels.6.base_kernel.kernels.0,MaternKernel,0.419660804445928,0.419660804445928,0.419660804445928,signed_lkj_eta_2_turnover_blend_0.5
signed_lkj_eta_2_turnover_blend,2026-03-31,lengthscale,covar_module.kernels.0.base_kernel.kernels.6.base_kernel.kernels.1.kernels.0,MaternKernel,0.7959684970370098,0.6853552724775127,0.9199276821089613,signed_lkj_eta_2_turnover_blend_0.5
signed_lkj_eta_2_turnover_blend,2026-03-31,lengthscale,covar_module.kernels.0.base_kernel.kernels.6.base_kernel.kernels.1.kernels.1,RQKernel,0.8178207451954844,0.7055078713023584,0.9362735063246806,signed_lkj_eta_2_turnover_blend_0.5
signed_lkj_eta_2_turnover_blend,2026-03-31,outputscale,covar_module.kernels.0.base_kernel.kernels.7,ProductKernel,5.124393004298256e-05,5.124393004298256e-05,5.124393004298256e-05,signed_lkj_eta_2_turnover_blend_0.5
signed_lkj_eta_2_turnover_blend,2026-03-31,lengthscale,covar_module.kernels.0.base_kernel.kernels.7.base_kernel.kernels.0.kernels.0,MaternKernel,0.826346465239008,0.8213558275676569,0.839351859429085,signed_lkj_eta_2_turnover_blend_0.5
signed_lkj_eta_2_turnover_blend,2026-03-31,lengthscale,covar_module.kernels.0.base_kernel.kernels.7.base_kernel.kernels.0.kernels.1,RQKernel,0.827476724651733,0.8213835590184903,0.8390166496846292,signed_lkj_eta_2_turnover_blend_0.5
signed_lkj_eta_2_turnover_blend,2026-03-31,lengthscale,covar_module.kernels.0.base_kernel.kernels.7.base_kernel.kernels.1,MaternKernel,0.8282124895389178,0.7258555779601605,1.0310652895952752,signed_lkj_eta_2_turnover_blend_0.5
signed_lkj_eta_2_turnover_blend,2026-03-31,likelihood_noise,likelihood,HadamardGaussianLikelihood,0.0064598087655154,0.0059333644048497,0.0066562537579893,signed_lkj_eta_2_turnover_blend_0.5
signed_lkj_eta_2_turnover_blend,2026-04-30,time_varying_effective_lengthscale_eval,covar_module.kernels.0,_Module,233.79130272624764,233.79130272624764,233.79130272624764,signed_lkj_eta_2_turnover_blend_0.5
signed_lkj_eta_2_turnover_blend,2026-04-30,outputscale,covar_module.kernels.0.base_kernel.kernels.0,MaternKernel,0.0001419601865393,0.0001419601865393,0.0001419601865393,signed_lkj_eta_2_turnover_blend_0.5
signed_lkj_eta_2_turnover_blend,2026-04-30,lengthscale,covar_module.kernels.0.base_kernel.kernels.0.base_kernel,MaternKernel,1.03090371684789,1.03090371684789,1.03090371684789,signed_lkj_eta_2_turnover_blend_0.5
signed_lkj_eta_2_turnover_blend,2026-04-30,outputscale,covar_module.kernels.0.base_kernel.kernels.1,MaternKernel,3.0484069900815183e-05,3.0484069900815183e-05,3.0484069900815183e-05,signed_lkj_eta_2_turnover_blend_0.5
signed_lkj_eta_2_turnover_blend,2026-04-30,lengthscale,covar_module.kernels.0.base_kernel.kernels.1.base_kernel,MaternKernel,0.9782083380878054,0.1891377806272305,1.616436116930804,signed_lkj_eta_2_turnover_blend_0.5
signed_lkj_eta_2_turnover_blend,2026-04-30,outputscale,covar_module.kernels.0.base_kernel.kernels.2,MaternKernel,0.4013067732001444,0.4013067732001444,0.4013067732001444,signed_lkj_eta_2_turnover_blend_0.5
signed_lkj_eta_2_turnover_blend,2026-04-30,lengthscale,covar_module.kernels.0.base_kernel.kernels.2.base_kernel,MaternKernel,0.7888724897371568,0.1025061413431046,2.3827090506641064,signed_lkj_eta_2_turnover_blend_0.5
signed_lkj_eta_2_turnover_blend,2026-04-30,outputscale,covar_module.kernels.0.base_kernel.kernels.3,RQKernel,0.0001504088825595,0.0001504088825595,0.0001504088825595,signed_lkj_eta_2_turnover_blend_0.5
signed_lkj_eta_2_turnover_blend,2026-04-30,lengthscale,covar_module.kernels.0.base_kernel.kernels.3.base_kernel,RQKernel,0.8158257453412459,0.2994124256717984,1.2973354194226647,signed_lkj_eta_2_turnover_blend_0.5
signed_lkj_eta_2_turnover_blend,2026-04-30,outputscale,covar_module.kernels.0.base_kernel.kernels.4,LinearKernel,0.0008734535149725,0.0008734535149725,0.0008734535149725,signed_lkj_eta_2_turnover_blend_0.5
signed_lkj_eta_2_turnover_blend,2026-04-30,outputscale,covar_module.kernels.0.base_kernel.kernels.5,ProductKernel,2.6945349063012917e-05,2.6945349063012917e-05,2.6945349063012917e-05,signed_lkj_eta_2_turnover_blend_0.5
signed_lkj_eta_2_turnover_blend,2026-04-30,lengthscale,covar_module.kernels.0.base_kernel.kernels.5.base_kernel.kernels.0,MaternKernel,0.3097651271981155,0.3097651271981155,0.3097651271981155,signed_lkj_eta_2_turnover_blend_0.5
signed_lkj_eta_2_turnover_blend,2026-04-30,lengthscale,covar_module.kernels.0.base_kernel.kernels.5.base_kernel.kernels.1,MaternKernel,0.8766425873493947,0.3425320048610607,1.344157074569603,signed_lkj_eta_2_turnover_blend_0.5
signed_lkj_eta_2_turnover_blend,2026-04-30,outputscale,covar_module.kernels.0.base_kernel.kernels.6,ProductKernel,0.0001606515680855,0.0001606515680855,0.0001606515680855,signed_lkj_eta_2_turnover_blend_0.5
signed_lkj_eta_2_turnover_blend,2026-04-30,lengthscale,covar_module.kernels.0.base_kernel.kernels.6.base_kernel.kernels.0,MaternKernel,0.4995618450633745,0.4995618450633745,0.4995618450633745,signed_lkj_eta_2_turnover_blend_0.5
signed_lkj_eta_2_turnover_blend,2026-04-30,lengthscale,covar_module.kernels.0.base_kernel.kernels.6.base_kernel.kernels.1.kernels.0,MaternKernel,0.7941282718510221,0.6712412250670495,0.9000027908200012,signed_lkj_eta_2_turnover_blend_0.5
signed_lkj_eta_2_turnover_blend,2026-04-30,lengthscale,covar_module.kernels.0.base_kernel.kernels.6.base_kernel.kernels.1.kernels.1,RQKernel,0.8190823888953809,0.69297174961282,0.9226260648113336,signed_lkj_eta_2_turnover_blend_0.5
signed_lkj_eta_2_turnover_blend,2026-04-30,outputscale,covar_module.kernels.0.base_kernel.kernels.7,ProductKernel,8.217454381308376e-05,8.217454381308376e-05,8.217454381308376e-05,signed_lkj_eta_2_turnover_blend_0.5
signed_lkj_eta_2_turnover_blend,2026-04-30,lengthscale,covar_module.kernels.0.base_kernel.kernels.7.base_kernel.kernels.0.kernels.0,MaternKernel,0.8248738373111966,0.8168453106212253,0.8412075471796743,signed_lkj_eta_2_turnover_blend_0.5
signed_lkj_eta_2_turnover_blend,2026-04-30,lengthscale,covar_module.kernels.0.base_kernel.kernels.7.base_kernel.kernels.0.kernels.1,RQKernel,0.8272521094841759,0.8194095135004338,0.8418209189855798,signed_lkj_eta_2_turnover_blend_0.5
signed_lkj_eta_2_turnover_blend,2026-04-30,lengthscale,covar_module.kernels.0.base_kernel.kernels.7.base_kernel.kernels.1,MaternKernel,0.8331414436159208,0.7292839467736894,1.0398866003100955,signed_lkj_eta_2_turnover_blend_0.5
signed_lkj_eta_2_turnover_blend,2026-04-30,likelihood_noise,likelihood,HadamardGaussianLikelihood,0.0065075274964223,0.0060844141231814,0.0066643057890801,signed_lkj_eta_2_turnover_blend_0.5
signed_lkj_eta_2_lengthscale_floor,2025-05-30,time_varying_effective_lengthscale_eval,covar_module.kernels.0,_Module,191.6199515032473,191.61995150324736,191.61995150324736,signed_lkj_eta_2_lengthscale_floor_0.02
signed_lkj_eta_2_lengthscale_floor,2025-05-30,outputscale,covar_module.kernels.0.base_kernel.kernels.0,MaternKernel,3.9651344773443976e-05,3.9651344773443976e-05,3.9651344773443976e-05,signed_lkj_eta_2_lengthscale_floor_0.02
signed_lkj_eta_2_lengthscale_floor,2025-05-30,lengthscale,covar_module.kernels.0.base_kernel.kernels.0.base_kernel,MaternKernel,1.3068659384477292,1.3068659384477292,1.3068659384477292,signed_lkj_eta_2_lengthscale_floor_0.02
signed_lkj_eta_2_lengthscale_floor,2025-05-30,outputscale,covar_module.kernels.0.base_kernel.kernels.1,MaternKernel,8.483491972688875e-06,8.483491972688875e-06,8.483491972688875e-06,signed_lkj_eta_2_lengthscale_floor_0.02
signed_lkj_eta_2_lengthscale_floor,2025-05-30,lengthscale,covar_module.kernels.0.base_kernel.kernels.1.base_kernel,MaternKernel,0.9860946792733074,0.1798627922039018,1.6458455411369497,signed_lkj_eta_2_lengthscale_floor_0.02
signed_lkj_eta_2_lengthscale_floor,2025-05-30,outputscale,covar_module.kernels.0.base_kernel.kernels.2,MaternKernel,0.2956051664367675,0.2956051664367675,0.2956051664367675,signed_lkj_eta_2_lengthscale_floor_0.02
signed_lkj_eta_2_lengthscale_floor,2025-05-30,lengthscale,covar_module.kernels.0.base_kernel.kernels.2.base_kernel,MaternKernel,0.6988804984522532,0.1030214879161376,1.6346481304151357,signed_lkj_eta_2_lengthscale_floor_0.02
signed_lkj_eta_2_lengthscale_floor,2025-05-30,outputscale,covar_module.kernels.0.base_kernel.kernels.3,RQKernel,2.5521514964515917e-05,2.5521514964515917e-05,2.5521514964515917e-05,signed_lkj_eta_2_lengthscale_floor_0.02
signed_lkj_eta_2_lengthscale_floor,2025-05-30,lengthscale,covar_module.kernels.0.base_kernel.kernels.3.base_kernel,RQKernel,0.801909645648781,0.4332901794039626,1.2755952171021303,signed_lkj_eta_2_lengthscale_floor_0.02
signed_lkj_eta_2_lengthscale_floor,2025-05-30,outputscale,covar_module.kernels.0.base_kernel.kernels.4,LinearKernel,0.0003726000421087,0.0003726000421087,0.0003726000421087,signed_lkj_eta_2_lengthscale_floor_0.02
signed_lkj_eta_2_lengthscale_floor,2025-05-30,outputscale,covar_module.kernels.0.base_kernel.kernels.5,ProductKernel,8.19432021844687e-06,8.19432021844687e-06,8.19432021844687e-06,signed_lkj_eta_2_lengthscale_floor_0.02
signed_lkj_eta_2_lengthscale_floor,2025-05-30,lengthscale,covar_module.kernels.0.base_kernel.kernels.5.base_kernel.kernels.0,MaternKernel,0.3164930535504017,0.3164930535504017,0.3164930535504017,signed_lkj_eta_2_lengthscale_floor_0.02
signed_lkj_eta_2_lengthscale_floor,2025-05-30,lengthscale,covar_module.kernels.0.base_kernel.kernels.5.base_kernel.kernels.1,MaternKernel,0.8818469601627974,0.3169983973011067,1.3490487253369117,signed_lkj_eta_2_lengthscale_floor_0.02
signed_lkj_eta_2_lengthscale_floor,2025-05-30,outputscale,covar_module.kernels.0.base_kernel.kernels.6,ProductKernel,5.5584772221923195e-05,5.5584772221923195e-05,5.5584772221923195e-05,signed_lkj_eta_2_lengthscale_floor_0.02
signed_lkj_eta_2_lengthscale_floor,2025-05-30,lengthscale,covar_module.kernels.0.base_kernel.kernels.6.base_kernel.kernels.0,MaternKernel,0.457837965498448,0.457837965498448,0.457837965498448,signed_lkj_eta_2_lengthscale_floor_0.02
signed_lkj_eta_2_lengthscale_floor,2025-05-30,lengthscale,covar_module.kernels.0.base_kernel.kernels.6.base_kernel.kernels.1.kernels.0,MaternKernel,0.7814323988893259,0.6708453545013597,0.8899701772707846,signed_lkj_eta_2_lengthscale_floor_0.02
signed_lkj_eta_2_lengthscale_floor,2025-05-30,lengthscale,covar_module.kernels.0.base_kernel.kernels.6.base_kernel.kernels.1.kernels.1,RQKernel,0.8125386706817945,0.7048007440869786,0.9254436898399534,signed_lkj_eta_2_lengthscale_floor_0.02
signed_lkj_eta_2_lengthscale_floor,2025-05-30,outputscale,covar_module.kernels.0.base_kernel.kernels.7,ProductKernel,4.520841158298566e-05,4.520841158298566e-05,4.520841158298566e-05,signed_lkj_eta_2_lengthscale_floor_0.02
signed_lkj_eta_2_lengthscale_floor,2025-05-30,lengthscale,covar_module.kernels.0.base_kernel.kernels.7.base_kernel.kernels.0.kernels.0,MaternKernel,0.8237313403598397,0.8174169664865604,0.8354378955142596,signed_lkj_eta_2_lengthscale_floor_0.02
signed_lkj_eta_2_lengthscale_floor,2025-05-30,lengthscale,covar_module.kernels.0.base_kernel.kernels.7.base_kernel.kernels.0.kernels.1,RQKernel,0.8266273401830576,0.8212872875509404,0.8381496425303298,signed_lkj_eta_2_lengthscale_floor_0.02
signed_lkj_eta_2_lengthscale_floor,2025-05-30,lengthscale,covar_module.kernels.0.base_kernel.kernels.7.base_kernel.kernels.1,MaternKernel,0.828767071827754,0.7331957999005534,1.025577086402956,signed_lkj_eta_2_lengthscale_floor_0.02
signed_lkj_eta_2_lengthscale_floor,2025-05-30,likelihood_noise,likelihood,HadamardGaussianLikelihood,0.0065325418167933,0.0060537961699439,0.0066691614958087,signed_lkj_eta_2_lengthscale_floor_0.02
signed_lkj_eta_2_lengthscale_floor,2025-06-30,time_varying_effective_lengthscale_eval,covar_module.kernels.0,_Module,174.24280577505817,174.24280577505817,174.24280577505817,signed_lkj_eta_2_lengthscale_floor_0.02
signed_lkj_eta_2_lengthscale_floor,2025-06-30,outputscale,covar_module.kernels.0.base_kernel.kernels.0,MaternKernel,7.1706950321629e-05,7.1706950321629e-05,7.1706950321629e-05,signed_lkj_eta_2_lengthscale_floor_0.02
signed_lkj_eta_2_lengthscale_floor,2025-06-30,lengthscale,covar_module.kernels.0.base_kernel.kernels.0.base_kernel,MaternKernel,1.0667861325112236,1.0667861325112236,1.0667861325112236,signed_lkj_eta_2_lengthscale_floor_0.02
signed_lkj_eta_2_lengthscale_floor,2025-06-30,outputscale,covar_module.kernels.0.base_kernel.kernels.1,MaternKernel,1.0272929078142986e-05,1.0272929078142986e-05,1.0272929078142986e-05,signed_lkj_eta_2_lengthscale_floor_0.02
signed_lkj_eta_2_lengthscale_floor,2025-06-30,lengthscale,covar_module.kernels.0.base_kernel.kernels.1.base_kernel,MaternKernel,0.9708089691231212,0.1798086396330909,1.6477975461179073,signed_lkj_eta_2_lengthscale_floor_0.02
signed_lkj_eta_2_lengthscale_floor,2025-06-30,outputscale,covar_module.kernels.0.base_kernel.kernels.2,MaternKernel,0.2825364944629212,0.2825364944629212,0.2825364944629212,signed_lkj_eta_2_lengthscale_floor_0.02
signed_lkj_eta_2_lengthscale_floor,2025-06-30,lengthscale,covar_module.kernels.0.base_kernel.kernels.2.base_kernel,MaternKernel,0.7200305604262907,0.1033967151812536,1.7660062752147812,signed_lkj_eta_2_lengthscale_floor_0.02
signed_lkj_eta_2_lengthscale_floor,2025-06-30,outputscale,covar_module.kernels.0.base_kernel.kernels.3,RQKernel,7.253849628687023e-05,7.253849628687023e-05,7.253849628687023e-05,signed_lkj_eta_2_lengthscale_floor_0.02
signed_lkj_eta_2_lengthscale_floor,2025-06-30,lengthscale,covar_module.kernels.0.base_kernel.kernels.3.base_kernel,RQKernel,0.785727087389975,0.4298846994369985,1.2963391083546398,signed_lkj_eta_2_lengthscale_floor_0.02
signed_lkj_eta_2_lengthscale_floor,2025-06-30,outputscale,covar_module.kernels.0.base_kernel.kernels.4,LinearKernel,0.0006089229219082,0.0006089229219082,0.0006089229219082,signed_lkj_eta_2_lengthscale_floor_0.02
signed_lkj_eta_2_lengthscale_floor,2025-06-30,outputscale,covar_module.kernels.0.base_kernel.kernels.5,ProductKernel,1.1146311642763698e-05,1.1146311642763698e-05,1.1146311642763698e-05,signed_lkj_eta_2_lengthscale_floor_0.02
signed_lkj_eta_2_lengthscale_floor,2025-06-30,lengthscale,covar_module.kernels.0.base_kernel.kernels.5.base_kernel.kernels.0,MaternKernel,0.3069798682861101,0.3069798682861101,0.3069798682861101,signed_lkj_eta_2_lengthscale_floor_0.02
signed_lkj_eta_2_lengthscale_floor,2025-06-30,lengthscale,covar_module.kernels.0.base_kernel.kernels.5.base_kernel.kernels.1,MaternKernel,0.8724976089961185,0.293431148572994,1.352536109802305,signed_lkj_eta_2_lengthscale_floor_0.02
signed_lkj_eta_2_lengthscale_floor,2025-06-30,outputscale,covar_module.kernels.0.base_kernel.kernels.6,ProductKernel,0.0001091061838346,0.0001091061838346,0.0001091061838346,signed_lkj_eta_2_lengthscale_floor_0.02
signed_lkj_eta_2_lengthscale_floor,2025-06-30,lengthscale,covar_module.kernels.0.base_kernel.kernels.6.base_kernel.kernels.0,MaternKernel,0.4226572598435382,0.4226572598435382,0.4226572598435382,signed_lkj_eta_2_lengthscale_floor_0.02
signed_lkj_eta_2_lengthscale_floor,2025-06-30,lengthscale,covar_module.kernels.0.base_kernel.kernels.6.base_kernel.kernels.1.kernels.0,MaternKernel,0.783160260427143,0.6810256736638122,0.898690217325957,signed_lkj_eta_2_lengthscale_floor_0.02
signed_lkj_eta_2_lengthscale_floor,2025-06-30,lengthscale,covar_module.kernels.0.base_kernel.kernels.6.base_kernel.kernels.1.kernels.1,RQKernel,0.8118483657513551,0.7095176966984732,0.9310638033667308,signed_lkj_eta_2_lengthscale_floor_0.02
signed_lkj_eta_2_lengthscale_floor,2025-06-30,outputscale,covar_module.kernels.0.base_kernel.kernels.7,ProductKernel,8.039949195483378e-05,8.039949195483378e-05,8.039949195483378e-05,signed_lkj_eta_2_lengthscale_floor_0.02
signed_lkj_eta_2_lengthscale_floor,2025-06-30,lengthscale,covar_module.kernels.0.base_kernel.kernels.7.base_kernel.kernels.0.kernels.0,MaternKernel,0.8219001891946036,0.8145450161526068,0.836711144915052,signed_lkj_eta_2_lengthscale_floor_0.02
signed_lkj_eta_2_lengthscale_floor,2025-06-30,lengthscale,covar_module.kernels.0.base_kernel.kernels.7.base_kernel.kernels.0.kernels.1,RQKernel,0.8253487701500328,0.8183528359700739,0.8400408966325538,signed_lkj_eta_2_lengthscale_floor_0.02
signed_lkj_eta_2_lengthscale_floor,2025-06-30,lengthscale,covar_module.kernels.0.base_kernel.kernels.7.base_kernel.kernels.1,MaternKernel,0.8164364454769923,0.7107912255764417,1.000598898383928,signed_lkj_eta_2_lengthscale_floor_0.02
signed_lkj_eta_2_lengthscale_floor,2025-06-30,likelihood_noise,likelihood,HadamardGaussianLikelihood,0.0065536698618558,0.0061138643632275,0.0066829856513825,signed_lkj_eta_2_lengthscale_floor_0.02
signed_lkj_eta_2_lengthscale_floor,2025-07-31,time_varying_effective_lengthscale_eval,covar_module.kernels.0,_Module,180.19878568334093,180.19878568334093,180.19878568334093,signed_lkj_eta_2_lengthscale_floor_0.02
signed_lkj_eta_2_lengthscale_floor,2025-07-31,outputscale,covar_module.kernels.0.base_kernel.kernels.0,MaternKernel,0.0001236331103432,0.0001236331103432,0.0001236331103432,signed_lkj_eta_2_lengthscale_floor_0.02
signed_lkj_eta_2_lengthscale_floor,2025-07-31,lengthscale,covar_module.kernels.0.base_kernel.kernels.0.base_kernel,MaternKernel,0.9834630673806568,0.9834630673806568,0.9834630673806568,signed_lkj_eta_2_lengthscale_floor_0.02
signed_lkj_eta_2_lengthscale_floor,2025-07-31,outputscale,covar_module.kernels.0.base_kernel.kernels.1,MaternKernel,2.7052710153402824e-05,2.7052710153402824e-05,2.7052710153402824e-05,signed_lkj_eta_2_lengthscale_floor_0.02
signed_lkj_eta_2_lengthscale_floor,2025-07-31,lengthscale,covar_module.kernels.0.base_kernel.kernels.1.base_kernel,MaternKernel,0.9298441877606888,0.2169429500109072,1.4415719210834976,signed_lkj_eta_2_lengthscale_floor_0.02
signed_lkj_eta_2_lengthscale_floor,2025-07-31,outputscale,covar_module.kernels.0.base_kernel.kernels.2,MaternKernel,0.3184550802379426,0.3184550802379426,0.3184550802379426,signed_lkj_eta_2_lengthscale_floor_0.02
signed_lkj_eta_2_lengthscale_floor,2025-07-31,lengthscale,covar_module.kernels.0.base_kernel.kernels.2.base_kernel,MaternKernel,0.7387408400139166,0.1045227526977068,1.77026600648327,signed_lkj_eta_2_lengthscale_floor_0.02
signed_lkj_eta_2_lengthscale_floor,2025-07-31,outputscale,covar_module.kernels.0.base_kernel.kernels.3,RQKernel,0.0001110817860753,0.0001110817860753,0.0001110817860753,signed_lkj_eta_2_lengthscale_floor_0.02
signed_lkj_eta_2_lengthscale_floor,2025-07-31,lengthscale,covar_module.kernels.0.base_kernel.kernels.3.base_kernel,RQKernel,0.7888716269095701,0.4338803010498311,1.2529843516382426,signed_lkj_eta_2_lengthscale_floor_0.02
signed_lkj_eta_2_lengthscale_floor,2025-07-31,outputscale,covar_module.kernels.0.base_kernel.kernels.4,LinearKernel,0.0008027375759835,0.0008027375759835,0.0008027375759835,signed_lkj_eta_2_lengthscale_floor_0.02
signed_lkj_eta_2_lengthscale_floor,2025-07-31,outputscale,covar_module.kernels.0.base_kernel.kernels.5,ProductKernel,2.7658215682445365e-05,2.7658215682445365e-05,2.7658215682445365e-05,signed_lkj_eta_2_lengthscale_floor_0.02
signed_lkj_eta_2_lengthscale_floor,2025-07-31,lengthscale,covar_module.kernels.0.base_kernel.kernels.5.base_kernel.kernels.0,MaternKernel,0.2927860367532638,0.2927860367532638,0.2927860367532638,signed_lkj_eta_2_lengthscale_floor_0.02
signed_lkj_eta_2_lengthscale_floor,2025-07-31,lengthscale,covar_module.kernels.0.base_kernel.kernels.5.base_kernel.kernels.1,MaternKernel,0.8464665889552877,0.3409032951174219,1.1979608240541022,signed_lkj_eta_2_lengthscale_floor_0.02
signed_lkj_eta_2_lengthscale_floor,2025-07-31,outputscale,covar_module.kernels.0.base_kernel.kernels.6,ProductKernel,0.0001432629278122,0.0001432629278122,0.0001432629278122,signed_lkj_eta_2_lengthscale_floor_0.02
signed_lkj_eta_2_lengthscale_floor,2025-07-31,lengthscale,covar_module.kernels.0.base_kernel.kernels.6.base_kernel.kernels.0,MaternKernel,0.4379061321847414,0.4379061321847414,0.4379061321847414,signed_lkj_eta_2_lengthscale_floor_0.02
signed_lkj_eta_2_lengthscale_floor,2025-07-31,lengthscale,covar_module.kernels.0.base_kernel.kernels.6.base_kernel.kernels.1.kernels.0,MaternKernel,0.7832563369516037,0.6809288304751037,0.8897523018312073,signed_lkj_eta_2_lengthscale_floor_0.02
signed_lkj_eta_2_lengthscale_floor,2025-07-31,lengthscale,covar_module.kernels.0.base_kernel.kernels.6.base_kernel.kernels.1.kernels.1,RQKernel,0.8117404774267212,0.7086150175880994,0.9230530593825303,signed_lkj_eta_2_lengthscale_floor_0.02
signed_lkj_eta_2_lengthscale_floor,2025-07-31,outputscale,covar_module.kernels.0.base_kernel.kernels.7,ProductKernel,7.809625521650931e-05,7.809625521650931e-05,7.809625521650931e-05,signed_lkj_eta_2_lengthscale_floor_0.02
signed_lkj_eta_2_lengthscale_floor,2025-07-31,lengthscale,covar_module.kernels.0.base_kernel.kernels.7.base_kernel.kernels.0.kernels.0,MaternKernel,0.8219003251059419,0.814319543628796,0.8361980404530084,signed_lkj_eta_2_lengthscale_floor_0.02
signed_lkj_eta_2_lengthscale_floor,2025-07-31,lengthscale,covar_module.kernels.0.base_kernel.kernels.7.base_kernel.kernels.0.kernels.1,RQKernel,0.8255213826949396,0.8190190223709692,0.8397963533137374,signed_lkj_eta_2_lengthscale_floor_0.02
signed_lkj_eta_2_lengthscale_floor,2025-07-31,lengthscale,covar_module.kernels.0.base_kernel.kernels.7.base_kernel.kernels.1,MaternKernel,0.8201085332413068,0.7086886184172647,1.0068854110648109,signed_lkj_eta_2_lengthscale_floor_0.02
signed_lkj_eta_2_lengthscale_floor,2025-07-31,likelihood_noise,likelihood,HadamardGaussianLikelihood,0.0065451212163932,0.0061278299751699,0.0066868769490556,signed_lkj_eta_2_lengthscale_floor_0.02
signed_lkj_eta_2_lengthscale_floor,2025-08-29,time_varying_effective_lengthscale_eval,covar_module.kernels.0,_Module,182.51236033434972,182.51236033434972,182.51236033434972,signed_lkj_eta_2_lengthscale_floor_0.02
signed_lkj_eta_2_lengthscale_floor,2025-08-29,outputscale,covar_module.kernels.0.base_kernel.kernels.0,MaternKernel,0.0001374999761635,0.0001374999761635,0.0001374999761635,signed_lkj_eta_2_lengthscale_floor_0.02
signed_lkj_eta_2_lengthscale_floor,2025-08-29,lengthscale,covar_module.kernels.0.base_kernel.kernels.0.base_kernel,MaternKernel,0.92216769246637,0.92216769246637,0.92216769246637,signed_lkj_eta_2_lengthscale_floor_0.02
signed_lkj_eta_2_lengthscale_floor,2025-08-29,outputscale,covar_module.kernels.0.base_kernel.kernels.1,MaternKernel,6.559157957110232e-05,6.559157957110232e-05,6.559157957110232e-05,signed_lkj_eta_2_lengthscale_floor_0.02
signed_lkj_eta_2_lengthscale_floor,2025-08-29,lengthscale,covar_module.kernels.0.base_kernel.kernels.1.base_kernel,MaternKernel,0.907888295934,0.2696713268133019,1.355763482460446,signed_lkj_eta_2_lengthscale_floor_0.02
signed_lkj_eta_2_lengthscale_floor,2025-08-29,outputscale,covar_module.kernels.0.base_kernel.kernels.2,MaternKernel,0.292120620335821,0.292120620335821,0.292120620335821,signed_lkj_eta_2_lengthscale_floor_0.02
signed_lkj_eta_2_lengthscale_floor,2025-08-29,lengthscale,covar_module.kernels.0.base_kernel.kernels.2.base_kernel,MaternKernel,0.6310710965269495,0.1032137429263073,1.5654535519187336,signed_lkj_eta_2_lengthscale_floor_0.02
signed_lkj_eta_2_lengthscale_floor,2025-08-29,outputscale,covar_module.kernels.0.base_kernel.kernels.3,RQKernel,0.0001333498147188,0.0001333498147188,0.0001333498147188,signed_lkj_eta_2_lengthscale_floor_0.02
signed_lkj_eta_2_lengthscale_floor,2025-08-29,lengthscale,covar_module.kernels.0.base_kernel.kernels.3.base_kernel,RQKernel,0.8022424175926894,0.4881776377237319,1.2491489886796676,signed_lkj_eta_2_lengthscale_floor_0.02
signed_lkj_eta_2_lengthscale_floor,2025-08-29,outputscale,covar_module.kernels.0.base_kernel.kernels.4,LinearKernel,0.0014069308547614,0.0014069308547614,0.0014069308547614,signed_lkj_eta_2_lengthscale_floor_0.02
signed_lkj_eta_2_lengthscale_floor,2025-08-29,outputscale,covar_module.kernels.0.base_kernel.kernels.5,ProductKernel,6.604041387753329e-05,6.604041387753329e-05,6.604041387753329e-05,signed_lkj_eta_2_lengthscale_floor_0.02
signed_lkj_eta_2_lengthscale_floor,2025-08-29,lengthscale,covar_module.kernels.0.base_kernel.kernels.5.base_kernel.kernels.0,MaternKernel,0.3002263264140067,0.3002263264140067,0.3002263264140067,signed_lkj_eta_2_lengthscale_floor_0.02
signed_lkj_eta_2_lengthscale_floor,2025-08-29,lengthscale,covar_module.kernels.0.base_kernel.kernels.5.base_kernel.kernels.1,MaternKernel,0.8364933552218158,0.4004780876538386,1.1593428366856486,signed_lkj_eta_2_lengthscale_floor_0.02
signed_lkj_eta_2_lengthscale_floor,2025-08-29,outputscale,covar_module.kernels.0.base_kernel.kernels.6,ProductKernel,0.0001523846000465,0.0001523846000465,0.0001523846000465,signed_lkj_eta_2_lengthscale_floor_0.02
signed_lkj_eta_2_lengthscale_floor,2025-08-29,lengthscale,covar_module.kernels.0.base_kernel.kernels.6.base_kernel.kernels.0,MaternKernel,0.4787298698234722,0.4787298698234722,0.4787298698234722,signed_lkj_eta_2_lengthscale_floor_0.02
signed_lkj_eta_2_lengthscale_floor,2025-08-29,lengthscale,covar_module.kernels.0.base_kernel.kernels.6.base_kernel.kernels.1.kernels.0,MaternKernel,0.7951086745381897,0.7118876404621449,0.8893267281840617,signed_lkj_eta_2_lengthscale_floor_0.02
signed_lkj_eta_2_lengthscale_floor,2025-08-29,lengthscale,covar_module.kernels.0.base_kernel.kernels.6.base_kernel.kernels.1.kernels.1,RQKernel,0.818732880843155,0.7392174718035854,0.9173001339762484,signed_lkj_eta_2_lengthscale_floor_0.02
signed_lkj_eta_2_lengthscale_floor,2025-08-29,outputscale,covar_module.kernels.0.base_kernel.kernels.7,ProductKernel,8.370990324173501e-05,8.370990324173501e-05,8.370990324173501e-05,signed_lkj_eta_2_lengthscale_floor_0.02
signed_lkj_eta_2_lengthscale_floor,2025-08-29,lengthscale,covar_module.kernels.0.base_kernel.kernels.7.base_kernel.kernels.0.kernels.0,MaternKernel,0.8243659676559923,0.8189240533672135,0.8369300666440265,signed_lkj_eta_2_lengthscale_floor_0.02
signed_lkj_eta_2_lengthscale_floor,2025-08-29,lengthscale,covar_module.kernels.0.base_kernel.kernels.7.base_kernel.kernels.0.kernels.1,RQKernel,0.8270281085876421,0.8223541670316821,0.8392689002105591,signed_lkj_eta_2_lengthscale_floor_0.02
signed_lkj_eta_2_lengthscale_floor,2025-08-29,lengthscale,covar_module.kernels.0.base_kernel.kernels.7.base_kernel.kernels.1,MaternKernel,0.8276868297922694,0.7321439575585906,1.039668564943049,signed_lkj_eta_2_lengthscale_floor_0.02
signed_lkj_eta_2_lengthscale_floor,2025-08-29,likelihood_noise,likelihood,HadamardGaussianLikelihood,0.0065446311545694,0.0060989626883873,0.0066911528510956,signed_lkj_eta_2_lengthscale_floor_0.02
signed_lkj_eta_2_lengthscale_floor,2025-09-30,time_varying_effective_lengthscale_eval,covar_module.kernels.0,_Module,189.3498657833585,189.34986578335847,189.34986578335847,signed_lkj_eta_2_lengthscale_floor_0.02
signed_lkj_eta_2_lengthscale_floor,2025-09-30,outputscale,covar_module.kernels.0.base_kernel.kernels.0,MaternKernel,3.718110271436119e-05,3.718110271436119e-05,3.718110271436119e-05,signed_lkj_eta_2_lengthscale_floor_0.02
signed_lkj_eta_2_lengthscale_floor,2025-09-30,lengthscale,covar_module.kernels.0.base_kernel.kernels.0.base_kernel,MaternKernel,0.92551552173001,0.92551552173001,0.92551552173001,signed_lkj_eta_2_lengthscale_floor_0.02
signed_lkj_eta_2_lengthscale_floor,2025-09-30,outputscale,covar_module.kernels.0.base_kernel.kernels.1,MaternKernel,2.8919167757031613e-05,2.8919167757031613e-05,2.8919167757031613e-05,signed_lkj_eta_2_lengthscale_floor_0.02
signed_lkj_eta_2_lengthscale_floor,2025-09-30,lengthscale,covar_module.kernels.0.base_kernel.kernels.1.base_kernel,MaternKernel,0.9084401696151858,0.2325562088507582,1.4161132967080432,signed_lkj_eta_2_lengthscale_floor_0.02
signed_lkj_eta_2_lengthscale_floor,2025-09-30,outputscale,covar_module.kernels.0.base_kernel.kernels.2,MaternKernel,0.2466557248411291,0.2466557248411291,0.2466557248411291,signed_lkj_eta_2_lengthscale_floor_0.02
signed_lkj_eta_2_lengthscale_floor,2025-09-30,lengthscale,covar_module.kernels.0.base_kernel.kernels.2.base_kernel,MaternKernel,0.7040342439580936,0.1017536551847299,1.6621384385425684,signed_lkj_eta_2_lengthscale_floor_0.02
signed_lkj_eta_2_lengthscale_floor,2025-09-30,outputscale,covar_module.kernels.0.base_kernel.kernels.3,RQKernel,5.371811421459958e-05,5.371811421459958e-05,5.371811421459958e-05,signed_lkj_eta_2_lengthscale_floor_0.02
signed_lkj_eta_2_lengthscale_floor,2025-09-30,lengthscale,covar_module.kernels.0.base_kernel.kernels.3.base_kernel,RQKernel,0.8114778898893686,0.4909739281139322,1.2272249740388672,signed_lkj_eta_2_lengthscale_floor_0.02
signed_lkj_eta_2_lengthscale_floor,2025-09-30,outputscale,covar_module.kernels.0.base_kernel.kernels.4,LinearKernel,0.0012710321026585,0.0012710321026585,0.0012710321026585,signed_lkj_eta_2_lengthscale_floor_0.02
signed_lkj_eta_2_lengthscale_floor,2025-09-30,outputscale,covar_module.kernels.0.base_kernel.kernels.5,ProductKernel,2.53836917079382e-05,2.53836917079382e-05,2.53836917079382e-05,signed_lkj_eta_2_lengthscale_floor_0.02
signed_lkj_eta_2_lengthscale_floor,2025-09-30,lengthscale,covar_module.kernels.0.base_kernel.kernels.5.base_kernel.kernels.0,MaternKernel,0.2908972643986709,0.2908972643986709,0.2908972643986709,signed_lkj_eta_2_lengthscale_floor_0.02
signed_lkj_eta_2_lengthscale_floor,2025-09-30,lengthscale,covar_module.kernels.0.base_kernel.kernels.5.base_kernel.kernels.1,MaternKernel,0.8404473119281907,0.3440491818145436,1.2124064866791304,signed_lkj_eta_2_lengthscale_floor_0.02
signed_lkj_eta_2_lengthscale_floor,2025-09-30,outputscale,covar_module.kernels.0.base_kernel.kernels.6,ProductKernel,4.8173966987067155e-05,4.8173966987067155e-05,4.8173966987067155e-05,signed_lkj_eta_2_lengthscale_floor_0.02
signed_lkj_eta_2_lengthscale_floor,2025-09-30,lengthscale,covar_module.kernels.0.base_kernel.kernels.6.base_kernel.kernels.0,MaternKernel,0.4028466190812194,0.4028466190812194,0.4028466190812194,signed_lkj_eta_2_lengthscale_floor_0.02
signed_lkj_eta_2_lengthscale_floor,2025-09-30,lengthscale,covar_module.kernels.0.base_kernel.kernels.6.base_kernel.kernels.1.kernels.0,MaternKernel,0.7905698563568093,0.6941362925680147,0.8936106607560899,signed_lkj_eta_2_lengthscale_floor_0.02
signed_lkj_eta_2_lengthscale_floor,2025-09-30,lengthscale,covar_module.kernels.0.base_kernel.kernels.6.base_kernel.kernels.1.kernels.1,RQKernel,0.8176114883750302,0.7164679325107612,0.9271250727073213,signed_lkj_eta_2_lengthscale_floor_0.02
signed_lkj_eta_2_lengthscale_floor,2025-09-30,outputscale,covar_module.kernels.0.base_kernel.kernels.7,ProductKernel,5.2407871778812816e-05,5.2407871778812816e-05,5.2407871778812816e-05,signed_lkj_eta_2_lengthscale_floor_0.02
signed_lkj_eta_2_lengthscale_floor,2025-09-30,lengthscale,covar_module.kernels.0.base_kernel.kernels.7.base_kernel.kernels.0.kernels.0,MaternKernel,0.8230873661241267,0.8174881151207009,0.8348096829264177,signed_lkj_eta_2_lengthscale_floor_0.02
signed_lkj_eta_2_lengthscale_floor,2025-09-30,lengthscale,covar_module.kernels.0.base_kernel.kernels.7.base_kernel.kernels.0.kernels.1,RQKernel,0.825527578534704,0.8185215409593044,0.8373184499382699,signed_lkj_eta_2_lengthscale_floor_0.02
signed_lkj_eta_2_lengthscale_floor,2025-09-30,lengthscale,covar_module.kernels.0.base_kernel.kernels.7.base_kernel.kernels.1,MaternKernel,0.8118985787097427,0.728142177977779,0.9955907090331316,signed_lkj_eta_2_lengthscale_floor_0.02
signed_lkj_eta_2_lengthscale_floor,2025-09-30,likelihood_noise,likelihood,HadamardGaussianLikelihood,0.0064842360792275,0.0059543566801551,0.0066725537367261,signed_lkj_eta_2_lengthscale_floor_0.02
signed_lkj_eta_2_lengthscale_floor,2025-10-31,time_varying_effective_lengthscale_eval,covar_module.kernels.0,_Module,215.48857171204935,215.48857171204935,215.48857171204935,signed_lkj_eta_2_lengthscale_floor_0.02
signed_lkj_eta_2_lengthscale_floor,2025-10-31,outputscale,covar_module.kernels.0.base_kernel.kernels.0,MaternKernel,0.0001062150138328,0.0001062150138328,0.0001062150138328,signed_lkj_eta_2_lengthscale_floor_0.02
signed_lkj_eta_2_lengthscale_floor,2025-10-31,lengthscale,covar_module.kernels.0.base_kernel.kernels.0.base_kernel,MaternKernel,1.1605280208032387,1.1605280208032387,1.1605280208032387,signed_lkj_eta_2_lengthscale_floor_0.02
signed_lkj_eta_2_lengthscale_floor,2025-10-31,outputscale,covar_module.kernels.0.base_kernel.kernels.1,MaternKernel,7.396969597082737e-06,7.396969597082737e-06,7.396969597082737e-06,signed_lkj_eta_2_lengthscale_floor_0.02
signed_lkj_eta_2_lengthscale_floor,2025-10-31,lengthscale,covar_module.kernels.0.base_kernel.kernels.1.base_kernel,MaternKernel,0.9625870551256818,0.2383027626558967,1.52338156193726,signed_lkj_eta_2_lengthscale_floor_0.02
signed_lkj_eta_2_lengthscale_floor,2025-10-31,outputscale,covar_module.kernels.0.base_kernel.kernels.2,MaternKernel,0.3710570429479051,0.3710570429479051,0.3710570429479051,signed_lkj_eta_2_lengthscale_floor_0.02
signed_lkj_eta_2_lengthscale_floor,2025-10-31,lengthscale,covar_module.kernels.0.base_kernel.kernels.2.base_kernel,MaternKernel,0.6614328889049279,0.1028674055932618,1.474985049512973,signed_lkj_eta_2_lengthscale_floor_0.02
signed_lkj_eta_2_lengthscale_floor,2025-10-31,outputscale,covar_module.kernels.0.base_kernel.kernels.3,RQKernel,7.642824387470424e-05,7.642824387470424e-05,7.642824387470424e-05,signed_lkj_eta_2_lengthscale_floor_0.02
signed_lkj_eta_2_lengthscale_floor,2025-10-31,lengthscale,covar_module.kernels.0.base_kernel.kernels.3.base_kernel,RQKernel,0.8109377143198296,0.4588434461414192,1.280736119081051,signed_lkj_eta_2_lengthscale_floor_0.02
signed_lkj_eta_2_lengthscale_floor,2025-10-31,outputscale,covar_module.kernels.0.base_kernel.kernels.4,LinearKernel,0.0005519418211389,0.0005519418211389,0.0005519418211389,signed_lkj_eta_2_lengthscale_floor_0.02
signed_lkj_eta_2_lengthscale_floor,2025-10-31,outputscale,covar_module.kernels.0.base_kernel.kernels.5,ProductKernel,7.825836309555892e-06,7.825836309555892e-06,7.825836309555892e-06,signed_lkj_eta_2_lengthscale_floor_0.02
signed_lkj_eta_2_lengthscale_floor,2025-10-31,lengthscale,covar_module.kernels.0.base_kernel.kernels.5.base_kernel.kernels.0,MaternKernel,0.3180176328926724,0.3180176328926724,0.3180176328926724,signed_lkj_eta_2_lengthscale_floor_0.02
signed_lkj_eta_2_lengthscale_floor,2025-10-31,lengthscale,covar_module.kernels.0.base_kernel.kernels.5.base_kernel.kernels.1,MaternKernel,0.8736409823942958,0.3540281251629928,1.260932238188181,signed_lkj_eta_2_lengthscale_floor_0.02
signed_lkj_eta_2_lengthscale_floor,2025-10-31,outputscale,covar_module.kernels.0.base_kernel.kernels.6,ProductKernel,0.0001117149419923,0.0001117149419923,0.0001117149419923,signed_lkj_eta_2_lengthscale_floor_0.02
signed_lkj_eta_2_lengthscale_floor,2025-10-31,lengthscale,covar_module.kernels.0.base_kernel.kernels.6.base_kernel.kernels.0,MaternKernel,0.4968359001071754,0.4968359001071754,0.4968359001071754,signed_lkj_eta_2_lengthscale_floor_0.02
signed_lkj_eta_2_lengthscale_floor,2025-10-31,lengthscale,covar_module.kernels.0.base_kernel.kernels.6.base_kernel.kernels.1.kernels.0,MaternKernel,0.7891698300543749,0.6973045241849867,0.8889608461716368,signed_lkj_eta_2_lengthscale_floor_0.02
signed_lkj_eta_2_lengthscale_floor,2025-10-31,lengthscale,covar_module.kernels.0.base_kernel.kernels.6.base_kernel.kernels.1.kernels.1,RQKernel,0.8170987559376839,0.7252793933907414,0.9253511285987708,signed_lkj_eta_2_lengthscale_floor_0.02
signed_lkj_eta_2_lengthscale_floor,2025-10-31,outputscale,covar_module.kernels.0.base_kernel.kernels.7,ProductKernel,3.51609912182086e-05,3.51609912182086e-05,3.51609912182086e-05,signed_lkj_eta_2_lengthscale_floor_0.02
signed_lkj_eta_2_lengthscale_floor,2025-10-31,lengthscale,covar_module.kernels.0.base_kernel.kernels.7.base_kernel.kernels.0.kernels.0,MaternKernel,0.8220751917102915,0.8117708492088682,0.8401347259712632,signed_lkj_eta_2_lengthscale_floor_0.02
signed_lkj_eta_2_lengthscale_floor,2025-10-31,lengthscale,covar_module.kernels.0.base_kernel.kernels.7.base_kernel.kernels.0.kernels.1,RQKernel,0.8266177137734168,0.8187675061596965,0.844787174572719,signed_lkj_eta_2_lengthscale_floor_0.02
signed_lkj_eta_2_lengthscale_floor,2025-10-31,lengthscale,covar_module.kernels.0.base_kernel.kernels.7.base_kernel.kernels.1,MaternKernel,0.8368569874492782,0.693190647948031,1.0762774063771423,signed_lkj_eta_2_lengthscale_floor_0.02
signed_lkj_eta_2_lengthscale_floor,2025-10-31,likelihood_noise,likelihood,HadamardGaussianLikelihood,0.0065339938081642,0.0060987860839401,0.006675089709437,signed_lkj_eta_2_lengthscale_floor_0.02
signed_lkj_eta_2_lengthscale_floor,2025-11-28,time_varying_effective_lengthscale_eval,covar_module.kernels.0,_Module,220.5795281316167,220.5795281316167,220.5795281316167,signed_lkj_eta_2_lengthscale_floor_0.02
signed_lkj_eta_2_lengthscale_floor,2025-11-28,outputscale,covar_module.kernels.0.base_kernel.kernels.0,MaternKernel,8.499353921813419e-05,8.499353921813419e-05,8.499353921813419e-05,signed_lkj_eta_2_lengthscale_floor_0.02
signed_lkj_eta_2_lengthscale_floor,2025-11-28,lengthscale,covar_module.kernels.0.base_kernel.kernels.0.base_kernel,MaternKernel,0.9889862396623,0.9889862396623,0.9889862396623,signed_lkj_eta_2_lengthscale_floor_0.02
signed_lkj_eta_2_lengthscale_floor,2025-11-28,outputscale,covar_module.kernels.0.base_kernel.kernels.1,MaternKernel,1.0847889663449725e-05,1.0847889663449725e-05,1.0847889663449725e-05,signed_lkj_eta_2_lengthscale_floor_0.02
signed_lkj_eta_2_lengthscale_floor,2025-11-28,lengthscale,covar_module.kernels.0.base_kernel.kernels.1.base_kernel,MaternKernel,0.9430908684206696,0.2803871319991425,1.4460472953245287,signed_lkj_eta_2_lengthscale_floor_0.02
signed_lkj_eta_2_lengthscale_floor,2025-11-28,outputscale,covar_module.kernels.0.base_kernel.kernels.2,MaternKernel,0.2999022404246417,0.2999022404246417,0.2999022404246417,signed_lkj_eta_2_lengthscale_floor_0.02
signed_lkj_eta_2_lengthscale_floor,2025-11-28,lengthscale,covar_module.kernels.0.base_kernel.kernels.2.base_kernel,MaternKernel,0.7083691040263677,0.1021760054129761,1.5215604144869967,signed_lkj_eta_2_lengthscale_floor_0.02
signed_lkj_eta_2_lengthscale_floor,2025-11-28,outputscale,covar_module.kernels.0.base_kernel.kernels.3,RQKernel,9.01348484382676e-05,9.01348484382676e-05,9.01348484382676e-05,signed_lkj_eta_2_lengthscale_floor_0.02
signed_lkj_eta_2_lengthscale_floor,2025-11-28,lengthscale,covar_module.kernels.0.base_kernel.kernels.3.base_kernel,RQKernel,0.8144376522111239,0.4751325313439127,1.2441569795848493,signed_lkj_eta_2_lengthscale_floor_0.02
signed_lkj_eta_2_lengthscale_floor,2025-11-28,outputscale,covar_module.kernels.0.base_kernel.kernels.4,LinearKernel,0.0008905605440196,0.0008905605440196,0.0008905605440196,signed_lkj_eta_2_lengthscale_floor_0.02
signed_lkj_eta_2_lengthscale_floor,2025-11-28,outputscale,covar_module.kernels.0.base_kernel.kernels.5,ProductKernel,1.3098237327709016e-05,1.3098237327709016e-05,1.3098237327709016e-05,signed_lkj_eta_2_lengthscale_floor_0.02
signed_lkj_eta_2_lengthscale_floor,2025-11-28,lengthscale,covar_module.kernels.0.base_kernel.kernels.5.base_kernel.kernels.0,MaternKernel,0.302417157205699,0.302417157205699,0.302417157205699,signed_lkj_eta_2_lengthscale_floor_0.02
signed_lkj_eta_2_lengthscale_floor,2025-11-28,lengthscale,covar_module.kernels.0.base_kernel.kernels.5.base_kernel.kernels.1,MaternKernel,0.8622753771591518,0.3928523679043536,1.2243049224775318,signed_lkj_eta_2_lengthscale_floor_0.02
signed_lkj_eta_2_lengthscale_floor,2025-11-28,outputscale,covar_module.kernels.0.base_kernel.kernels.6,ProductKernel,9.561354289310312e-05,9.561354289310312e-05,9.561354289310312e-05,signed_lkj_eta_2_lengthscale_floor_0.02
signed_lkj_eta_2_lengthscale_floor,2025-11-28,lengthscale,covar_module.kernels.0.base_kernel.kernels.6.base_kernel.kernels.0,MaternKernel,0.5035252827178329,0.5035252827178329,0.5035252827178329,signed_lkj_eta_2_lengthscale_floor_0.02
signed_lkj_eta_2_lengthscale_floor,2025-11-28,lengthscale,covar_module.kernels.0.base_kernel.kernels.6.base_kernel.kernels.1.kernels.0,MaternKernel,0.7940394810935343,0.7088086677571952,0.8881096865654572,signed_lkj_eta_2_lengthscale_floor_0.02
signed_lkj_eta_2_lengthscale_floor,2025-11-28,lengthscale,covar_module.kernels.0.base_kernel.kernels.6.base_kernel.kernels.1.kernels.1,RQKernel,0.8195875718051054,0.7309263390567505,0.922200534098788,signed_lkj_eta_2_lengthscale_floor_0.02
signed_lkj_eta_2_lengthscale_floor,2025-11-28,outputscale,covar_module.kernels.0.base_kernel.kernels.7,ProductKernel,3.763898909521209e-05,3.763898909521209e-05,3.763898909521209e-05,signed_lkj_eta_2_lengthscale_floor_0.02
signed_lkj_eta_2_lengthscale_floor,2025-11-28,lengthscale,covar_module.kernels.0.base_kernel.kernels.7.base_kernel.kernels.0.kernels.0,MaternKernel,0.8243540017321962,0.8162579824303413,0.8392833093766612,signed_lkj_eta_2_lengthscale_floor_0.02
signed_lkj_eta_2_lengthscale_floor,2025-11-28,lengthscale,covar_module.kernels.0.base_kernel.kernels.7.base_kernel.kernels.0.kernels.1,RQKernel,0.8276465258840884,0.8213268809612722,0.842588622495764,signed_lkj_eta_2_lengthscale_floor_0.02
signed_lkj_eta_2_lengthscale_floor,2025-11-28,lengthscale,covar_module.kernels.0.base_kernel.kernels.7.base_kernel.kernels.1,MaternKernel,0.8376904520432592,0.731010361573804,1.053416913936959,signed_lkj_eta_2_lengthscale_floor_0.02
signed_lkj_eta_2_lengthscale_floor,2025-11-28,likelihood_noise,likelihood,HadamardGaussianLikelihood,0.0065141435241167,0.0060574571063081,0.0066774634199172,signed_lkj_eta_2_lengthscale_floor_0.02
signed_lkj_eta_2_lengthscale_floor,2025-12-31,time_varying_effective_lengthscale_eval,covar_module.kernels.0,_Module,230.0767002127724,230.07670021277235,230.07670021277235,signed_lkj_eta_2_lengthscale_floor_0.02
signed_lkj_eta_2_lengthscale_floor,2025-12-31,outputscale,covar_module.kernels.0.base_kernel.kernels.0,MaternKernel,3.9491602512829686e-05,3.9491602512829686e-05,3.9491602512829686e-05,signed_lkj_eta_2_lengthscale_floor_0.02
signed_lkj_eta_2_lengthscale_floor,2025-12-31,lengthscale,covar_module.kernels.0.base_kernel.kernels.0.base_kernel,MaternKernel,1.067591583800188,1.067591583800188,1.067591583800188,signed_lkj_eta_2_lengthscale_floor_0.02
signed_lkj_eta_2_lengthscale_floor,2025-12-31,outputscale,covar_module.kernels.0.base_kernel.kernels.1,MaternKernel,1.2433046607961762e-05,1.2433046607961762e-05,1.2433046607961762e-05,signed_lkj_eta_2_lengthscale_floor_0.02
signed_lkj_eta_2_lengthscale_floor,2025-12-31,lengthscale,covar_module.kernels.0.base_kernel.kernels.1.base_kernel,MaternKernel,0.9497114156859324,0.2729683656899242,1.4522920022297507,signed_lkj_eta_2_lengthscale_floor_0.02
signed_lkj_eta_2_lengthscale_floor,2025-12-31,outputscale,covar_module.kernels.0.base_kernel.kernels.2,MaternKernel,0.3641527599405499,0.3641527599405499,0.3641527599405499,signed_lkj_eta_2_lengthscale_floor_0.02
signed_lkj_eta_2_lengthscale_floor,2025-12-31,lengthscale,covar_module.kernels.0.base_kernel.kernels.2.base_kernel,MaternKernel,0.7636464254141295,0.1009469956950326,1.7246634526257174,signed_lkj_eta_2_lengthscale_floor_0.02
signed_lkj_eta_2_lengthscale_floor,2025-12-31,outputscale,covar_module.kernels.0.base_kernel.kernels.3,RQKernel,4.3589615059557375e-05,4.3589615059557375e-05,4.3589615059557375e-05,signed_lkj_eta_2_lengthscale_floor_0.02
signed_lkj_eta_2_lengthscale_floor,2025-12-31,lengthscale,covar_module.kernels.0.base_kernel.kernels.3.base_kernel,RQKernel,0.8097901256167028,0.4275758531529815,1.3090654960241357,signed_lkj_eta_2_lengthscale_floor_0.02
signed_lkj_eta_2_lengthscale_floor,2025-12-31,outputscale,covar_module.kernels.0.base_kernel.kernels.4,LinearKernel,0.0006502544677867,0.0006502544677867,0.0006502544677867,signed_lkj_eta_2_lengthscale_floor_0.02
signed_lkj_eta_2_lengthscale_floor,2025-12-31,outputscale,covar_module.kernels.0.base_kernel.kernels.5,ProductKernel,1.2820768010715728e-05,1.2820768010715728e-05,1.2820768010715728e-05,signed_lkj_eta_2_lengthscale_floor_0.02
signed_lkj_eta_2_lengthscale_floor,2025-12-31,lengthscale,covar_module.kernels.0.base_kernel.kernels.5.base_kernel.kernels.0,MaternKernel,0.303358827072751,0.303358827072751,0.303358827072751,signed_lkj_eta_2_lengthscale_floor_0.02
signed_lkj_eta_2_lengthscale_floor,2025-12-31,lengthscale,covar_module.kernels.0.base_kernel.kernels.5.base_kernel.kernels.1,MaternKernel,0.869987424889051,0.3899235033568586,1.2375102832161131,signed_lkj_eta_2_lengthscale_floor_0.02
signed_lkj_eta_2_lengthscale_floor,2025-12-31,outputscale,covar_module.kernels.0.base_kernel.kernels.6,ProductKernel,5.9223043659341433e-05,5.9223043659341433e-05,5.9223043659341433e-05,signed_lkj_eta_2_lengthscale_floor_0.02
signed_lkj_eta_2_lengthscale_floor,2025-12-31,lengthscale,covar_module.kernels.0.base_kernel.kernels.6.base_kernel.kernels.0,MaternKernel,0.4856321774658334,0.4856321774658334,0.4856321774658334,signed_lkj_eta_2_lengthscale_floor_0.02
signed_lkj_eta_2_lengthscale_floor,2025-12-31,lengthscale,covar_module.kernels.0.base_kernel.kernels.6.base_kernel.kernels.1.kernels.0,MaternKernel,0.7894314977380008,0.6857127417454448,0.8973173098366733,signed_lkj_eta_2_lengthscale_floor_0.02
signed_lkj_eta_2_lengthscale_floor,2025-12-31,lengthscale,covar_module.kernels.0.base_kernel.kernels.6.base_kernel.kernels.1.kernels.1,RQKernel,0.8174440298771721,0.7117440630484826,0.9356341446551564,signed_lkj_eta_2_lengthscale_floor_0.02
signed_lkj_eta_2_lengthscale_floor,2025-12-31,outputscale,covar_module.kernels.0.base_kernel.kernels.7,ProductKernel,3.4013702177412685e-05,3.4013702177412685e-05,3.4013702177412685e-05,signed_lkj_eta_2_lengthscale_floor_0.02
signed_lkj_eta_2_lengthscale_floor,2025-12-31,lengthscale,covar_module.kernels.0.base_kernel.kernels.7.base_kernel.kernels.0.kernels.0,MaternKernel,0.8248244530925044,0.8170525079571845,0.838837811592495,signed_lkj_eta_2_lengthscale_floor_0.02
signed_lkj_eta_2_lengthscale_floor,2025-12-31,lengthscale,covar_module.kernels.0.base_kernel.kernels.7.base_kernel.kernels.0.kernels.1,RQKernel,0.8275810764603463,0.8215425813142048,0.8416719884329605,signed_lkj_eta_2_lengthscale_floor_0.02
signed_lkj_eta_2_lengthscale_floor,2025-12-31,lengthscale,covar_module.kernels.0.base_kernel.kernels.7.base_kernel.kernels.1,MaternKernel,0.8402263428698113,0.7328065801274795,1.0635960738326231,signed_lkj_eta_2_lengthscale_floor_0.02
signed_lkj_eta_2_lengthscale_floor,2025-12-31,likelihood_noise,likelihood,HadamardGaussianLikelihood,0.0064841610075415,0.0059559081053869,0.0066432517820113,signed_lkj_eta_2_lengthscale_floor_0.02
signed_lkj_eta_2_lengthscale_floor,2026-01-30,time_varying_effective_lengthscale_eval,covar_module.kernels.0,_Module,226.49038909754483,226.4903890975448,226.4903890975448,signed_lkj_eta_2_lengthscale_floor_0.02
signed_lkj_eta_2_lengthscale_floor,2026-01-30,outputscale,covar_module.kernels.0.base_kernel.kernels.0,MaternKernel,0.0001951937532708,0.0001951937532708,0.0001951937532708,signed_lkj_eta_2_lengthscale_floor_0.02
signed_lkj_eta_2_lengthscale_floor,2026-01-30,lengthscale,covar_module.kernels.0.base_kernel.kernels.0.base_kernel,MaternKernel,1.1509405383682376,1.1509405383682376,1.1509405383682376,signed_lkj_eta_2_lengthscale_floor_0.02
signed_lkj_eta_2_lengthscale_floor,2026-01-30,outputscale,covar_module.kernels.0.base_kernel.kernels.1,MaternKernel,9.265907331982496e-06,9.265907331982496e-06,9.265907331982496e-06,signed_lkj_eta_2_lengthscale_floor_0.02
signed_lkj_eta_2_lengthscale_floor,2026-01-30,lengthscale,covar_module.kernels.0.base_kernel.kernels.1.base_kernel,MaternKernel,0.9982213828743284,0.213065154540484,1.6495518283908206,signed_lkj_eta_2_lengthscale_floor_0.02
signed_lkj_eta_2_lengthscale_floor,2026-01-30,outputscale,covar_module.kernels.0.base_kernel.kernels.2,MaternKernel,0.3968376383530566,0.3968376383530566,0.3968376383530566,signed_lkj_eta_2_lengthscale_floor_0.02
signed_lkj_eta_2_lengthscale_floor,2026-01-30,lengthscale,covar_module.kernels.0.base_kernel.kernels.2.base_kernel,MaternKernel,0.7393025753689724,0.1044415397441058,1.733831604523159,signed_lkj_eta_2_lengthscale_floor_0.02
signed_lkj_eta_2_lengthscale_floor,2026-01-30,outputscale,covar_module.kernels.0.base_kernel.kernels.3,RQKernel,0.0001234360308259,0.0001234360308259,0.0001234360308259,signed_lkj_eta_2_lengthscale_floor_0.02
signed_lkj_eta_2_lengthscale_floor,2026-01-30,lengthscale,covar_module.kernels.0.base_kernel.kernels.3.base_kernel,RQKernel,0.8071049919866334,0.4003742128129847,1.3324245230573055,signed_lkj_eta_2_lengthscale_floor_0.02
signed_lkj_eta_2_lengthscale_floor,2026-01-30,outputscale,covar_module.kernels.0.base_kernel.kernels.4,LinearKernel,0.0004332499835531,0.0004332499835531,0.0004332499835531,signed_lkj_eta_2_lengthscale_floor_0.02
signed_lkj_eta_2_lengthscale_floor,2026-01-30,outputscale,covar_module.kernels.0.base_kernel.kernels.5,ProductKernel,1.030093961940941e-05,1.030093961940941e-05,1.030093961940941e-05,signed_lkj_eta_2_lengthscale_floor_0.02
signed_lkj_eta_2_lengthscale_floor,2026-01-30,lengthscale,covar_module.kernels.0.base_kernel.kernels.5.base_kernel.kernels.0,MaternKernel,0.3102375382704492,0.3102375382704492,0.3102375382704492,signed_lkj_eta_2_lengthscale_floor_0.02
signed_lkj_eta_2_lengthscale_floor,2026-01-30,lengthscale,covar_module.kernels.0.base_kernel.kernels.5.base_kernel.kernels.1,MaternKernel,0.9025777849317884,0.3239886686441837,1.388661798499125,signed_lkj_eta_2_lengthscale_floor_0.02
signed_lkj_eta_2_lengthscale_floor,2026-01-30,outputscale,covar_module.kernels.0.base_kernel.kernels.6,ProductKernel,0.0001921826495778,0.0001921826495778,0.0001921826495778,signed_lkj_eta_2_lengthscale_floor_0.02
signed_lkj_eta_2_lengthscale_floor,2026-01-30,lengthscale,covar_module.kernels.0.base_kernel.kernels.6.base_kernel.kernels.0,MaternKernel,0.4981338575098052,0.4981338575098052,0.4981338575098052,signed_lkj_eta_2_lengthscale_floor_0.02
signed_lkj_eta_2_lengthscale_floor,2026-01-30,lengthscale,covar_module.kernels.0.base_kernel.kernels.6.base_kernel.kernels.1.kernels.0,MaternKernel,0.7832735333592962,0.6721860951220641,0.9057334006572104,signed_lkj_eta_2_lengthscale_floor_0.02
signed_lkj_eta_2_lengthscale_floor,2026-01-30,lengthscale,covar_module.kernels.0.base_kernel.kernels.6.base_kernel.kernels.1.kernels.1,RQKernel,0.8139576161474767,0.7002360723868786,0.9431249308492982,signed_lkj_eta_2_lengthscale_floor_0.02
signed_lkj_eta_2_lengthscale_floor,2026-01-30,outputscale,covar_module.kernels.0.base_kernel.kernels.7,ProductKernel,6.208942174890717e-05,6.208942174890717e-05,6.208942174890717e-05,signed_lkj_eta_2_lengthscale_floor_0.02
signed_lkj_eta_2_lengthscale_floor,2026-01-30,lengthscale,covar_module.kernels.0.base_kernel.kernels.7.base_kernel.kernels.0.kernels.0,MaternKernel,0.823094501577738,0.8125282974796543,0.8414725623643043,signed_lkj_eta_2_lengthscale_floor_0.02
signed_lkj_eta_2_lengthscale_floor,2026-01-30,lengthscale,covar_module.kernels.0.base_kernel.kernels.7.base_kernel.kernels.0.kernels.1,RQKernel,0.8268098739096927,0.8189760960666536,0.8440788907778775,signed_lkj_eta_2_lengthscale_floor_0.02
signed_lkj_eta_2_lengthscale_floor,2026-01-30,lengthscale,covar_module.kernels.0.base_kernel.kernels.7.base_kernel.kernels.1,MaternKernel,0.8443863034145029,0.6892794323735509,1.063612659070928,signed_lkj_eta_2_lengthscale_floor_0.02
signed_lkj_eta_2_lengthscale_floor,2026-01-30,likelihood_noise,likelihood,HadamardGaussianLikelihood,0.0065533942344915,0.0061939422671376,0.0066671967126019,signed_lkj_eta_2_lengthscale_floor_0.02
signed_lkj_eta_2_lengthscale_floor,2026-02-27,time_varying_effective_lengthscale_eval,covar_module.kernels.0,_Module,206.44954722558845,206.44954722558845,206.44954722558845,signed_lkj_eta_2_lengthscale_floor_0.02
signed_lkj_eta_2_lengthscale_floor,2026-02-27,outputscale,covar_module.kernels.0.base_kernel.kernels.0,MaternKernel,0.000253064911793,0.000253064911793,0.000253064911793,signed_lkj_eta_2_lengthscale_floor_0.02
signed_lkj_eta_2_lengthscale_floor,2026-02-27,lengthscale,covar_module.kernels.0.base_kernel.kernels.0.base_kernel,MaternKernel,0.9231588344428509,0.9231588344428509,0.9231588344428509,signed_lkj_eta_2_lengthscale_floor_0.02
signed_lkj_eta_2_lengthscale_floor,2026-02-27,outputscale,covar_module.kernels.0.base_kernel.kernels.1,MaternKernel,3.702520947658799e-05,3.702520947658799e-05,3.702520947658799e-05,signed_lkj_eta_2_lengthscale_floor_0.02
signed_lkj_eta_2_lengthscale_floor,2026-02-27,lengthscale,covar_module.kernels.0.base_kernel.kernels.1.base_kernel,MaternKernel,0.9295334746101328,0.2755183149567859,1.3964257876473698,signed_lkj_eta_2_lengthscale_floor_0.02
signed_lkj_eta_2_lengthscale_floor,2026-02-27,outputscale,covar_module.kernels.0.base_kernel.kernels.2,MaternKernel,0.4028947489222816,0.4028947489222816,0.4028947489222816,signed_lkj_eta_2_lengthscale_floor_0.02
signed_lkj_eta_2_lengthscale_floor,2026-02-27,lengthscale,covar_module.kernels.0.base_kernel.kernels.2.base_kernel,MaternKernel,0.7199366836333597,0.1030725774032365,1.866988799530151,signed_lkj_eta_2_lengthscale_floor_0.02
signed_lkj_eta_2_lengthscale_floor,2026-02-27,outputscale,covar_module.kernels.0.base_kernel.kernels.3,RQKernel,0.0002470056607329,0.0002470056607329,0.0002470056607329,signed_lkj_eta_2_lengthscale_floor_0.02
signed_lkj_eta_2_lengthscale_floor,2026-02-27,lengthscale,covar_module.kernels.0.base_kernel.kernels.3.base_kernel,RQKernel,0.8138922251221058,0.4503891340202407,1.273476384698346,signed_lkj_eta_2_lengthscale_floor_0.02
signed_lkj_eta_2_lengthscale_floor,2026-02-27,outputscale,covar_module.kernels.0.base_kernel.kernels.4,LinearKernel,0.0019031165654319,0.0019031165654319,0.0019031165654319,signed_lkj_eta_2_lengthscale_floor_0.02
signed_lkj_eta_2_lengthscale_floor,2026-02-27,outputscale,covar_module.kernels.0.base_kernel.kernels.5,ProductKernel,3.74229257387396e-05,3.74229257387396e-05,3.74229257387396e-05,signed_lkj_eta_2_lengthscale_floor_0.02
signed_lkj_eta_2_lengthscale_floor,2026-02-27,lengthscale,covar_module.kernels.0.base_kernel.kernels.5.base_kernel.kernels.0,MaternKernel,0.286951454907582,0.286951454907582,0.286951454907582,signed_lkj_eta_2_lengthscale_floor_0.02
signed_lkj_eta_2_lengthscale_floor,2026-02-27,lengthscale,covar_module.kernels.0.base_kernel.kernels.5.base_kernel.kernels.1,MaternKernel,0.8586340542410208,0.3776792960250917,1.2165048693782352,signed_lkj_eta_2_lengthscale_floor_0.02
signed_lkj_eta_2_lengthscale_floor,2026-02-27,outputscale,covar_module.kernels.0.base_kernel.kernels.6,ProductKernel,0.0002174598542899,0.0002174598542899,0.0002174598542899,signed_lkj_eta_2_lengthscale_floor_0.02
signed_lkj_eta_2_lengthscale_floor,2026-02-27,lengthscale,covar_module.kernels.0.base_kernel.kernels.6.base_kernel.kernels.0,MaternKernel,0.4460749214741678,0.4460749214741678,0.4460749214741678,signed_lkj_eta_2_lengthscale_floor_0.02
signed_lkj_eta_2_lengthscale_floor,2026-02-27,lengthscale,covar_module.kernels.0.base_kernel.kernels.6.base_kernel.kernels.1.kernels.0,MaternKernel,0.7887883788508303,0.6801399568146957,0.91689221976497,signed_lkj_eta_2_lengthscale_floor_0.02
signed_lkj_eta_2_lengthscale_floor,2026-02-27,lengthscale,covar_module.kernels.0.base_kernel.kernels.6.base_kernel.kernels.1.kernels.1,RQKernel,0.8156021428659681,0.7027494894520582,0.9431055038595128,signed_lkj_eta_2_lengthscale_floor_0.02
signed_lkj_eta_2_lengthscale_floor,2026-02-27,outputscale,covar_module.kernels.0.base_kernel.kernels.7,ProductKernel,7.355841367638235e-05,7.355841367638235e-05,7.355841367638235e-05,signed_lkj_eta_2_lengthscale_floor_0.02
signed_lkj_eta_2_lengthscale_floor,2026-02-27,lengthscale,covar_module.kernels.0.base_kernel.kernels.7.base_kernel.kernels.0.kernels.0,MaternKernel,0.8208359655494131,0.8079647781897314,0.8455183538712782,signed_lkj_eta_2_lengthscale_floor_0.02
signed_lkj_eta_2_lengthscale_floor,2026-02-27,lengthscale,covar_module.kernels.0.base_kernel.kernels.7.base_kernel.kernels.0.kernels.1,RQKernel,0.8252383279449299,0.81464194107816,0.8479908166927173,signed_lkj_eta_2_lengthscale_floor_0.02
signed_lkj_eta_2_lengthscale_floor,2026-02-27,lengthscale,covar_module.kernels.0.base_kernel.kernels.7.base_kernel.kernels.1,MaternKernel,0.8333441793605019,0.6183483088441644,1.0467497624658,signed_lkj_eta_2_lengthscale_floor_0.02
signed_lkj_eta_2_lengthscale_floor,2026-02-27,likelihood_noise,likelihood,HadamardGaussianLikelihood,0.0065460739476991,0.0061814155029044,0.0066795419461969,signed_lkj_eta_2_lengthscale_floor_0.02
signed_lkj_eta_2_lengthscale_floor,2026-03-31,time_varying_effective_lengthscale_eval,covar_module.kernels.0,_Module,220.2232128300658,220.22321283006585,220.22321283006585,signed_lkj_eta_2_lengthscale_floor_0.02
signed_lkj_eta_2_lengthscale_floor,2026-03-31,outputscale,covar_module.kernels.0.base_kernel.kernels.0,MaternKernel,4.860120300633957e-05,4.860120300633957e-05,4.860120300633957e-05,signed_lkj_eta_2_lengthscale_floor_0.02
signed_lkj_eta_2_lengthscale_floor,2026-03-31,lengthscale,covar_module.kernels.0.base_kernel.kernels.0.base_kernel,MaternKernel,0.8324986138584461,0.8324986138584461,0.8324986138584461,signed_lkj_eta_2_lengthscale_floor_0.02
signed_lkj_eta_2_lengthscale_floor,2026-03-31,outputscale,covar_module.kernels.0.base_kernel.kernels.1,MaternKernel,1.3787189543510404e-05,1.3787189543510404e-05,1.3787189543510404e-05,signed_lkj_eta_2_lengthscale_floor_0.02
signed_lkj_eta_2_lengthscale_floor,2026-03-31,lengthscale,covar_module.kernels.0.base_kernel.kernels.1.base_kernel,MaternKernel,0.9349841827097652,0.2160445329428941,1.6089838228239888,signed_lkj_eta_2_lengthscale_floor_0.02
signed_lkj_eta_2_lengthscale_floor,2026-03-31,outputscale,covar_module.kernels.0.base_kernel.kernels.2,MaternKernel,0.288698334109719,0.288698334109719,0.288698334109719,signed_lkj_eta_2_lengthscale_floor_0.02
signed_lkj_eta_2_lengthscale_floor,2026-03-31,lengthscale,covar_module.kernels.0.base_kernel.kernels.2.base_kernel,MaternKernel,0.8017077636125427,0.101158267657151,2.1350614244162087,signed_lkj_eta_2_lengthscale_floor_0.02
signed_lkj_eta_2_lengthscale_floor,2026-03-31,outputscale,covar_module.kernels.0.base_kernel.kernels.3,RQKernel,7.327740613037276e-05,7.327740613037276e-05,7.327740613037276e-05,signed_lkj_eta_2_lengthscale_floor_0.02
signed_lkj_eta_2_lengthscale_floor,2026-03-31,lengthscale,covar_module.kernels.0.base_kernel.kernels.3.base_kernel,RQKernel,0.7884243475902182,0.2903782543074438,1.3834720215864609,signed_lkj_eta_2_lengthscale_floor_0.02
signed_lkj_eta_2_lengthscale_floor,2026-03-31,outputscale,covar_module.kernels.0.base_kernel.kernels.4,LinearKernel,0.0011340575674282,0.0011340575674282,0.0011340575674282,signed_lkj_eta_2_lengthscale_floor_0.02
signed_lkj_eta_2_lengthscale_floor,2026-03-31,outputscale,covar_module.kernels.0.base_kernel.kernels.5,ProductKernel,1.924621887665492e-05,1.924621887665492e-05,1.924621887665492e-05,signed_lkj_eta_2_lengthscale_floor_0.02
signed_lkj_eta_2_lengthscale_floor,2026-03-31,lengthscale,covar_module.kernels.0.base_kernel.kernels.5.base_kernel.kernels.0,MaternKernel,0.2752917828426142,0.2752917828426142,0.2752917828426142,signed_lkj_eta_2_lengthscale_floor_0.02
signed_lkj_eta_2_lengthscale_floor,2026-03-31,lengthscale,covar_module.kernels.0.base_kernel.kernels.5.base_kernel.kernels.1,MaternKernel,0.8476474879482031,0.3538349346407132,1.314484871745195,signed_lkj_eta_2_lengthscale_floor_0.02
signed_lkj_eta_2_lengthscale_floor,2026-03-31,outputscale,covar_module.kernels.0.base_kernel.kernels.6,ProductKernel,6.941861898877989e-05,6.941861898877989e-05,6.941861898877989e-05,signed_lkj_eta_2_lengthscale_floor_0.02
signed_lkj_eta_2_lengthscale_floor,2026-03-31,lengthscale,covar_module.kernels.0.base_kernel.kernels.6.base_kernel.kernels.0,MaternKernel,0.3998828847522803,0.3998828847522803,0.3998828847522803,signed_lkj_eta_2_lengthscale_floor_0.02
signed_lkj_eta_2_lengthscale_floor,2026-03-31,lengthscale,covar_module.kernels.0.base_kernel.kernels.6.base_kernel.kernels.1.kernels.0,MaternKernel,0.7956780823331449,0.6847388151033587,0.9172162567079216,signed_lkj_eta_2_lengthscale_floor_0.02
signed_lkj_eta_2_lengthscale_floor,2026-03-31,lengthscale,covar_module.kernels.0.base_kernel.kernels.6.base_kernel.kernels.1.kernels.1,RQKernel,0.8166720920374344,0.7040648956117781,0.932468989586654,signed_lkj_eta_2_lengthscale_floor_0.02
signed_lkj_eta_2_lengthscale_floor,2026-03-31,outputscale,covar_module.kernels.0.base_kernel.kernels.7,ProductKernel,4.7542925476791814e-05,4.7542925476791814e-05,4.7542925476791814e-05,signed_lkj_eta_2_lengthscale_floor_0.02
signed_lkj_eta_2_lengthscale_floor,2026-03-31,lengthscale,covar_module.kernels.0.base_kernel.kernels.7.base_kernel.kernels.0.kernels.0,MaternKernel,0.8260622198463146,0.8209352603591411,0.8387862589450255,signed_lkj_eta_2_lengthscale_floor_0.02
signed_lkj_eta_2_lengthscale_floor,2026-03-31,lengthscale,covar_module.kernels.0.base_kernel.kernels.7.base_kernel.kernels.0.kernels.1,RQKernel,0.827140192308231,0.8208576755047813,0.8384250449125245,signed_lkj_eta_2_lengthscale_floor_0.02
signed_lkj_eta_2_lengthscale_floor,2026-03-31,lengthscale,covar_module.kernels.0.base_kernel.kernels.7.base_kernel.kernels.1,MaternKernel,0.8237049478936068,0.7244509401021388,1.0207756468242517,signed_lkj_eta_2_lengthscale_floor_0.02
signed_lkj_eta_2_lengthscale_floor,2026-03-31,likelihood_noise,likelihood,HadamardGaussianLikelihood,0.0064389491317693,0.0058847428382908,0.0066499655296367,signed_lkj_eta_2_lengthscale_floor_0.02
signed_lkj_eta_2_lengthscale_floor,2026-04-30,time_varying_effective_lengthscale_eval,covar_module.kernels.0,_Module,225.76497922515375,225.76497922515375,225.76497922515375,signed_lkj_eta_2_lengthscale_floor_0.02
signed_lkj_eta_2_lengthscale_floor,2026-04-30,outputscale,covar_module.kernels.0.base_kernel.kernels.0,MaternKernel,0.0002106854069509,0.0002106854069509,0.0002106854069509,signed_lkj_eta_2_lengthscale_floor_0.02
signed_lkj_eta_2_lengthscale_floor,2026-04-30,lengthscale,covar_module.kernels.0.base_kernel.kernels.0.base_kernel,MaternKernel,0.9487891026128178,0.9487891026128178,0.9487891026128178,signed_lkj_eta_2_lengthscale_floor_0.02
signed_lkj_eta_2_lengthscale_floor,2026-04-30,outputscale,covar_module.kernels.0.base_kernel.kernels.1,MaternKernel,4.5919224690669945e-05,4.5919224690669945e-05,4.5919224690669945e-05,signed_lkj_eta_2_lengthscale_floor_0.02
signed_lkj_eta_2_lengthscale_floor,2026-04-30,lengthscale,covar_module.kernels.0.base_kernel.kernels.1.base_kernel,MaternKernel,0.9570160173852796,0.2021858124115382,1.5549476784930685,signed_lkj_eta_2_lengthscale_floor_0.02
signed_lkj_eta_2_lengthscale_floor,2026-04-30,outputscale,covar_module.kernels.0.base_kernel.kernels.2,MaternKernel,0.4144296772274021,0.4144296772274021,0.4144296772274021,signed_lkj_eta_2_lengthscale_floor_0.02
signed_lkj_eta_2_lengthscale_floor,2026-04-30,lengthscale,covar_module.kernels.0.base_kernel.kernels.2.base_kernel,MaternKernel,0.78079019132285,0.1037689072950756,2.251251974162677,signed_lkj_eta_2_lengthscale_floor_0.02
signed_lkj_eta_2_lengthscale_floor,2026-04-30,outputscale,covar_module.kernels.0.base_kernel.kernels.3,RQKernel,0.0002163968397219,0.0002163968397219,0.0002163968397219,signed_lkj_eta_2_lengthscale_floor_0.02
signed_lkj_eta_2_lengthscale_floor,2026-04-30,lengthscale,covar_module.kernels.0.base_kernel.kernels.3.base_kernel,RQKernel,0.8145625331882707,0.3193125070005231,1.2672399038071365,signed_lkj_eta_2_lengthscale_floor_0.02
signed_lkj_eta_2_lengthscale_floor,2026-04-30,outputscale,covar_module.kernels.0.base_kernel.kernels.4,LinearKernel,0.0011576666164773,0.0011576666164773,0.0011576666164773,signed_lkj_eta_2_lengthscale_floor_0.02
signed_lkj_eta_2_lengthscale_floor,2026-04-30,outputscale,covar_module.kernels.0.base_kernel.kernels.5,ProductKernel,4.0352684680065264e-05,4.0352684680065264e-05,4.0352684680065264e-05,signed_lkj_eta_2_lengthscale_floor_0.02
signed_lkj_eta_2_lengthscale_floor,2026-04-30,lengthscale,covar_module.kernels.0.base_kernel.kernels.5.base_kernel.kernels.0,MaternKernel,0.3026518630686269,0.3026518630686269,0.3026518630686269,signed_lkj_eta_2_lengthscale_floor_0.02
signed_lkj_eta_2_lengthscale_floor,2026-04-30,lengthscale,covar_module.kernels.0.base_kernel.kernels.5.base_kernel.kernels.1,MaternKernel,0.8632106762072621,0.3601340214767227,1.2991374284085486,signed_lkj_eta_2_lengthscale_floor_0.02
signed_lkj_eta_2_lengthscale_floor,2026-04-30,outputscale,covar_module.kernels.0.base_kernel.kernels.6,ProductKernel,0.0002081490468908,0.0002081490468908,0.0002081490468908,signed_lkj_eta_2_lengthscale_floor_0.02
signed_lkj_eta_2_lengthscale_floor,2026-04-30,lengthscale,covar_module.kernels.0.base_kernel.kernels.6.base_kernel.kernels.0,MaternKernel,0.4835485367606949,0.4835485367606949,0.4835485367606949,signed_lkj_eta_2_lengthscale_floor_0.02
signed_lkj_eta_2_lengthscale_floor,2026-04-30,lengthscale,covar_module.kernels.0.base_kernel.kernels.6.base_kernel.kernels.1.kernels.0,MaternKernel,0.795992251798126,0.6803563342586568,0.8954994742219935,signed_lkj_eta_2_lengthscale_floor_0.02
signed_lkj_eta_2_lengthscale_floor,2026-04-30,lengthscale,covar_module.kernels.0.base_kernel.kernels.6.base_kernel.kernels.1.kernels.1,RQKernel,0.8191552616388456,0.7006971738621434,0.9162724934376232,signed_lkj_eta_2_lengthscale_floor_0.02
signed_lkj_eta_2_lengthscale_floor,2026-04-30,outputscale,covar_module.kernels.0.base_kernel.kernels.7,ProductKernel,9.889159769904068e-05,9.889159769904068e-05,9.889159769904068e-05,signed_lkj_eta_2_lengthscale_floor_0.02
signed_lkj_eta_2_lengthscale_floor,2026-04-30,lengthscale,covar_module.kernels.0.base_kernel.kernels.7.base_kernel.kernels.0.kernels.0,MaternKernel,0.8248397209511162,0.8173274800564335,0.8404408577504127,signed_lkj_eta_2_lengthscale_floor_0.02
signed_lkj_eta_2_lengthscale_floor,2026-04-30,lengthscale,covar_module.kernels.0.base_kernel.kernels.7.base_kernel.kernels.0.kernels.1,RQKernel,0.8270412991433934,0.819704355353535,0.840948744600858,signed_lkj_eta_2_lengthscale_floor_0.02
signed_lkj_eta_2_lengthscale_floor,2026-04-30,lengthscale,covar_module.kernels.0.base_kernel.kernels.7.base_kernel.kernels.1,MaternKernel,0.8280531631979364,0.7276645860669784,1.0276535124039596,signed_lkj_eta_2_lengthscale_floor_0.02
signed_lkj_eta_2_lengthscale_floor,2026-04-30,likelihood_noise,likelihood,HadamardGaussianLikelihood,0.0065025588271731,0.0060738684983677,0.006661121223634,signed_lkj_eta_2_lengthscale_floor_0.02
