horizon,feature_a,feature_b,corr,abs_corr
3W-FRI,mom12m,mom12m_skip1m,0.9602635801968693,0.9602635801968693
3W-FRI,vol_1m,baspread,0.9476025984725553,0.9476025984725553
3W-FRI,vol_1m,downside_vol_1m,0.9241065562653754,0.9241065562653754
3W-FRI,term_spread,tbill3m,-0.9043445846144395,0.9043445846144395
3W-FRI,downside_vol_1m,baspread,0.8994895998130993,0.8994895998130993
3W-FRI,vix_slope,vix_ts_z_12p,0.8889086052872444,0.8889086052872444
3W-FRI,vol_1w,vol_1m,0.8873658379355077,0.8873658379355077
3W-FRI,vol_1w,downside_vol_1m,0.8710771163048543,0.8710771163048543
3W-FRI,vol_3m,max_dd_3m,-0.8699754504359094,0.8699754504359094
3W-FRI,vol_1w,baspread,0.8505354392671349,0.8505354392671349
3W-FRI,erp,tbill3m,-0.83789294643221,0.83789294643221
3W-FRI,mom12m_skip1m,chmom,0.8307134026723053,0.8307134026723053
3W-FRI,mom12m,chmom,0.8169532761844842,0.8169532761844842
3W-FRI,vol_1m,vol_3m,0.8167345340666797,0.8167345340666797
3W-FRI,ma_signal,ma_regime,0.8005412738707646,0.8005412738707646
3W-FRI,short_reversal_1m,lag2_y_excess_lead,-0.7976406480425797,0.7976406480425797
3W-FRI,vix,vix_slope,-0.7788043729644429,0.7788043729644429
3W-FRI,vol_3m,baspread,0.774321301435762,0.774321301435762
3W-FRI,max_dd_3m,max_dd_6m,0.7714019824205152,0.7714019824205152
3W-FRI,vol_z,turnover,0.7577610840852502,0.7577610840852502
3W-FRI,vol_3m,max_dd_6m,-0.7400615596819565,0.7400615596819565
3W-FRI,mom6m,mom12m,0.7213373127031837,0.7213373127031837
3W-FRI,erp,term_spread,0.7209053817826997,0.7209053817826997
3W-FRI,vol_3m,downside_vol_1m,0.7002697919918189,0.7002697919918189
3W-FRI,vol_1m,max_dd_3m,-0.6932297796495727,0.6932297796495727
3W-FRI,short_reversal_1m,trend_slope,-0.6872737435702913,0.6872737435702913
3W-FRI,vol_1w,vol_3m,0.6858691777997993,0.6858691777997993
3W-FRI,spy_flow_z_12p,lag2_y_excess_lead,0.6839829698815247,0.6839829698815247
3W-FRI,vol_of_vol,ret_kurt,0.6695665110197102,0.6695665110197102
3W-FRI,mom6m,max_dd_3m,0.660411496497782,0.660411496497782
3W-FRI,vix,vix_ts_z_12p,-0.6593296534372328,0.6593296534372328
3W-FRI,ill_log,dolvol_log,-0.6581375220405088,0.6581375220405088
3W-FRI,mom12m_skip1m,max_dd_6m,0.6547818212741512,0.6547818212741512
3W-FRI,max_dd_3m,baspread,-0.6502946316789683,0.6502946316789683
3W-FRI,ma_signal,downside_vol_1m,-0.6448025583438797,0.6448025583438797
3W-FRI,hy_spread,cpi_chg_12p,-0.6406253679840378,0.6406253679840378
3W-FRI,mom6m,mom12m_skip1m,0.637163217079198,0.637163217079198
3W-FRI,vol_3m,vol_of_vol,0.6346809931832299,0.6346809931832299
3W-FRI,mom12m,max_dd_6m,0.6290728468126886,0.6290728468126886
3W-FRI,trend_slope,lag2_y_excess_lead,0.6230791117444651,0.6230791117444651
3W-FRI,vol_1w,max_dd_3m,-0.6061300074788023,0.6061300074788023
3W-FRI,vol_1m,vol_of_vol,0.6029596839525639,0.6029596839525639
3W-FRI,downside_vol_1m,max_dd_3m,-0.6021143935430034,0.6021143935430034
3W-FRI,cpi_chg_1p,tbill3m,-0.6009186197024177,0.6009186197024177
3W-FRI,vix_ts_z_12p,spy_flow_z_12p,0.596061570788057,0.596061570788057
3W-FRI,vol_1m,max_dd_6m,-0.5919228676514511,0.5919228676514511
3W-FRI,cpi_chg_1p,term_spread,0.5899672821797393,0.5899672821797393
3W-FRI,short_reversal_1m,spy_flow_z_12p,-0.579978102408244,0.579978102408244
3W-FRI,vix,hy_spread_z_12p,0.5780056570911221,0.5780056570911221
3W-FRI,short_reversal_1m,vix,0.5772079573291452,0.5772079573291452
3W-FRI,spy_ret,erp,0.5711947067713239,0.5711947067713239
3W-FRI,mom6m,ma_signal,0.5640900279435324,0.5640900279435324
3W-FRI,mom12m_skip1m,max_dd_3m,0.5631396866563196,0.5631396866563196
3W-FRI,ma_regime,downside_vol_1m,-0.5569878738512852,0.5569878738512852
3W-FRI,short_reversal_1m,vix_slope,-0.5539977364477996,0.5539977364477996
3W-FRI,mom12m,max_dd_3m,0.548478832331741,0.548478832331741
3W-FRI,cpi_chg_12p,tbill3m,-0.5448397338040135,0.5448397338040135
3W-FRI,vol_of_vol,baspread,0.5420516679620953,0.5420516679620953
3W-FRI,ma_signal,baspread,-0.5411117499866722,0.5411117499866722
3W-FRI,short_reversal_1m,vix_ts_z_12p,-0.5350995190903712,0.5350995190903712
3W-FRI,max_dd_6m,baspread,-0.529686086776501,0.529686086776501
3W-FRI,vol_ratio_1m_3m,downside_vol_1m,0.5292195312431945,0.5292195312431945
3W-FRI,trend_slope,spy_flow_z_12p,0.5287389304230339,0.5287389304230339
3W-FRI,vol_1w,max_dd_6m,-0.5235249063822421,0.5235249063822421
3W-FRI,ma_signal,vol_1w,-0.519043347273071,0.519043347273071
3W-FRI,vol_of_vol,max_dd_3m,-0.518214937688138,0.518214937688138
3W-FRI,vix_ts_z_12p,lag2_y_excess_lead,0.5166611187411533,0.5166611187411533
3W-FRI,vix_slope,lag2_y_excess_lead,0.5128437262212252,0.5128437262212252
3W-FRI,vix,spy_ret,-0.5126388834020678,0.5126388834020678
3W-FRI,hy_spread_chg_1p,lag2_y_excess_lead,-0.5122444865920028,0.5122444865920028
3W-FRI,mom6m,vix,-0.5077974906387618,0.5077974906387618
3W-FRI,vol_of_vol,downside_vol_1m,0.5025349373562157,0.5025349373562157
3W-FRI,chmom,max_dd_6m,0.5009712520467065,0.5009712520467065
3W-FRI,hy_spread_chg_1p,hy_spread_z_12p,0.49726065764055555,0.49726065764055555
3W-FRI,ill_log,sd_turn,0.4963355658082473,0.4963355658082473
3W-FRI,vix_slope,spy_flow_z_12p,0.4947425779004333,0.4947425779004333
3W-FRI,short_reversal_1m,ma_signal,-0.4946904470010571,0.4946904470010571
3W-FRI,mom6m,ma_regime,0.49290754724641284,0.49290754724641284
3W-FRI,downside_vol_1m,max_dd_6m,-0.4928630162393286,0.4928630162393286
3W-FRI,ma_regime,baspread,-0.49156184832305366,0.49156184832305366
3W-FRI,vix,lag2_y_excess_lead,-0.4900699042044386,0.4900699042044386
3W-FRI,ma_signal,vol_ratio_1m_3m,-0.4865715511346086,0.4865715511346086
3W-FRI,vol_1m,vol_ratio_1m_3m,0.48567912660539864,0.48567912660539864
3W-FRI,ma_signal,vol_1m,-0.4815977457168748,0.4815977457168748
3W-FRI,ma_signal,vix,-0.47785448712732764,0.47785448712732764
3W-FRI,vol_1w,vol_ratio_1m_3m,0.4760067242102472,0.4760067242102472
3W-FRI,cpi_chg_12p,term_spread,0.4742978676673123,0.4742978676673123
3W-FRI,downside_vol_1m,vix,0.47257512576792077,0.47257512576792077
3W-FRI,vix_slope,spy_ret,0.4697563544782014,0.4697563544782014
3W-FRI,mom6m,max_dd_6m,0.4693280735862353,0.4693280735862353
3W-FRI,mom6m,cpi_chg_12p,-0.46565089367116597,0.46565089367116597
3W-FRI,mom6m,downside_vol_1m,-0.46036412977706775,0.46036412977706775
3W-FRI,vol_1w,vol_of_vol,0.4601540536108199,0.4601540536108199
3W-FRI,erp,cpi_chg_1p,0.4586714582788715,0.4586714582788715
3W-FRI,ma_regime,vol_1w,-0.4548471727385606,0.4548471727385606
3W-FRI,vol_1w,vix,0.4540265016041022,0.4540265016041022
3W-FRI,vix,cpi_chg_12p,0.4530839240919826,0.4530839240919826
3W-FRI,ret_kurt,hy_spread,0.4516139617143995,0.4516139617143995
3W-FRI,chmom,tbill3m,-0.4467981559087355,0.4467981559087355
3W-FRI,vol_ratio_1m_3m,baspread,0.44549891103142036,0.44549891103142036
3W-FRI,hy_spread,tbill3m,0.44493711535530917,0.44493711535530917
3W-FRI,dolvol_log,sd_turn,-0.4421283298527232,0.4421283298527232
3W-FRI,mom6m,vix_slope,0.4321371503193665,0.4321371503193665
3W-FRI,ma_regime,vol_1m,-0.4314303026654602,0.4314303026654602
3W-FRI,cpi_chg_1p,cpi_chg_12p,0.4302496095155026,0.4302496095155026
3W-FRI,mom6m,vol_1w,-0.43003184155892227,0.43003184155892227
3W-FRI,erp,hy_spread,-0.42345908027053514,0.42345908027053514
3W-FRI,mom6m,vol_3m,-0.4230735905888474,0.4230735905888474
3W-FRI,trend_slope,vix_slope,0.4207813616593521,0.4207813616593521
3W-FRI,chmom,erp,0.4204310861735999,0.4204310861735999
3W-FRI,baspread,vix,0.4198555613366369,0.4198555613366369
3W-FRI,mom6m,vol_1m,-0.4184398129005364,0.4184398129005364
3W-FRI,trend_slope,vix_ts_z_12p,0.41499087625237746,0.41499087625237746
3W-FRI,ma_regime,vix,-0.4147945575725555,0.4147945575725555
3W-FRI,chmom,term_spread,0.41324553288752414,0.41324553288752414
3W-FRI,trend_slope,vol_z,-0.4128469992300093,0.4128469992300093
3W-FRI,trend_slope,turnover,-0.41233238183439447,0.41233238183439447
3W-FRI,vol_accel,ill_log,0.4119082471459914,0.4119082471459914
3W-FRI,vix_slope,hy_spread_z_12p,-0.41136078021082273,0.41136078021082273
3W-FRI,ma_signal,vix_slope,0.4113218801715,0.4113218801715
3W-FRI,trend_slope,vix,-0.4077331699635083,0.4077331699635083
3W-FRI,vix,term_spread,0.4063830463661406,0.4063830463661406
3W-FRI,spy_ret,hy_spread_chg_1p,-0.40593999289653176,0.40593999289653176
3W-FRI,vix,hy_spread_chg_1p,0.4038542545577896,0.4038542545577896
3W-FRI,vix_slope,hy_spread_chg_1p,-0.4037888164258201,0.4037888164258201
3W-FRI,vix,spy_flow_z_12p,-0.40161858836859743,0.40161858836859743
3W-FRI,max_dd_3m,cpi_chg_12p,-0.40099762452599663,0.40099762452599663
3W-FRI,mom12m,erp,0.3998570602641232,0.3998570602641232
3W-FRI,erp,cpi_chg_12p,0.3995221837684823,0.3995221837684823
3W-FRI,mom12m_skip1m,tbill3m,-0.39481388132030526,0.39481388132030526
3W-FRI,ma_regime,vol_ratio_1m_3m,-0.39435335770127944,0.39435335770127944
3W-FRI,short_reversal_1m,vol_z,0.39386485378248165,0.39386485378248165
3W-FRI,vol_of_vol,max_dd_6m,-0.3933676390584542,0.3933676390584542
3W-FRI,mom6m,baspread,-0.39290725949990923,0.39290725949990923
3W-FRI,mom12m,vix_slope,0.39072333467557424,0.39072333467557424
3W-FRI,mom12m_skip1m,erp,0.388207380489588,0.388207380489588
3W-FRI,spy_ret,lag2_y_excess_lead,0.3878250451812658,0.3878250451812658
3W-FRI,vix_slope,erp,0.38364360365295536,0.38364360365295536
3W-FRI,vol_z,vol_ratio_1m_3m,0.3819979816953287,0.3819979816953287
3W-FRI,mom12m,ma_signal,0.38145750011986945,0.38145750011986945
3W-FRI,mom12m,vix,-0.3813669551532755,0.3813669551532755
3W-FRI,mom6m,short_reversal_1m,-0.38120863971824087,0.38120863971824087
3W-FRI,short_reversal_1m,ma_regime,-0.3793627762177914,0.3793627762177914
3W-FRI,short_reversal_1m,spy_ret,-0.3779035322226481,0.3779035322226481
3W-FRI,mom12m_skip1m,vol_3m,-0.37481702140174755,0.37481702140174755
3W-FRI,vol_1m,vix,0.37349807341386837,0.37349807341386837
3W-FRI,vix_ts_z_12p,spy_ret,0.37301511674508425,0.37301511674508425
3W-FRI,mom12m,cs_mom_rank,0.35933819171557696,0.35933819171557696
3W-FRI,short_reversal_1m,turnover,0.3576507896584205,0.3576507896584205
3W-FRI,mom12m,ma_regime,0.3556573823741296,0.3556573823741296
3W-FRI,vol_of_vol,ret_skew,0.3554258481603683,0.3554258481603683
3W-FRI,mom12m,vol_3m,-0.35407531400843295,0.35407531400843295
3W-FRI,ret_kurt,cpi_chg_12p,-0.35294249656096416,0.35294249656096416
3W-FRI,chmom,cpi_chg_1p,0.3521815538881884,0.3521815538881884
3W-FRI,vol_3m,cpi_chg_12p,0.3496349788660608,0.3496349788660608
3W-FRI,ret_skew,hy_spread_chg_1p,-0.3491954861016875,0.3491954861016875
3W-FRI,ma_regime,max_dd_3m,0.34787168817369,0.34787168817369
3W-FRI,ma_regime,vix_slope,0.3474551539729412,0.3474551539729412
3W-FRI,vol_z,vix_ts_z_12p,-0.34724382846091467,0.34724382846091467
3W-FRI,short_reversal_1m,hy_spread_chg_1p,0.3453145468035773,0.3453145468035773
3W-FRI,baspread,cpi_chg_12p,0.34468523652376454,0.34468523652376454
3W-FRI,short_reversal_1m,downside_vol_1m,0.3442377168270616,0.3442377168270616
3W-FRI,mom12m_skip1m,cs_mom_rank,0.34410658680440764,0.34410658680440764
3W-FRI,vol_3m,sd_turn,0.34340523601716333,0.34340523601716333
3W-FRI,vix_ts_z_12p,hy_spread_chg_1p,-0.34315427423499123,0.34315427423499123
3W-FRI,mom12m,tbill3m,-0.3429244880721963,0.3429244880721963
3W-FRI,turnover,spy_flow_z_12p,-0.3422338985625039,0.3422338985625039
3W-FRI,vol_1w,cpi_chg_12p,0.33874017458485844,0.33874017458485844
3W-FRI,mom12m,cpi_chg_12p,-0.3369414887476396,0.3369414887476396
3W-FRI,vol_accel,dolvol_log,-0.3365625115007625,0.3365625115007625
3W-FRI,vix,tbill3m,-0.3349670294125546,0.3349670294125546
3W-FRI,spy_flow_z_12p,hy_spread_chg_1p,-0.33405016286068306,0.33405016286068306
3W-FRI,vol_1m,cpi_chg_12p,0.333344285470621,0.333344285470621
3W-FRI,ma_signal,cpi_chg_12p,-0.3330971379957524,0.3330971379957524
3W-FRI,downside_vol_1m,cpi_chg_12p,0.33253199155362484,0.33253199155362484
3W-FRI,vol_z,vix_slope,-0.3320985563843107,0.3320985563843107
3W-FRI,mom12m,vol_1w,-0.33076179172667447,0.33076179172667447
3W-FRI,vol_3m,ret_skew,0.33046852454578296,0.33046852454578296
3W-FRI,mom12m_skip1m,term_spread,0.32904469143813064,0.32904469143813064
3W-FRI,baspread,hy_spread_z_12p,0.3280475060478242,0.3280475060478242
3W-FRI,vol_accel,turnover,0.32790843440542616,0.32790843440542616
3W-FRI,mom6m,hy_spread_z_12p,-0.32741285251429547,0.32741285251429547
3W-FRI,short_reversal_1m,hy_spread_z_12p,0.32602473900207196,0.32602473900207196
3W-FRI,mom12m,downside_vol_1m,-0.32315267622691385,0.32315267622691385
3W-FRI,mom12m,vol_1m,-0.31942811207392563,0.31942811207392563
3W-FRI,vol_z,spy_flow_z_12p,-0.3181715715410347,0.3181715715410347
3W-FRI,turnover,vix_ts_z_12p,-0.3165472983673759,0.3165472983673759
3W-FRI,ma_regime,hy_spread_z_12p,-0.31546424966559,0.31546424966559
3W-FRI,ma_signal,hy_spread_z_12p,-0.31535174598214194,0.31535174598214194
3W-FRI,vol_of_vol,hy_spread_chg_1p,-0.3150198301849893,0.3150198301849893
3W-FRI,ma_signal,vix_ts_z_12p,0.31408952389807365,0.31408952389807365
3W-FRI,short_reversal_1m,pct_above_50dma,-0.31381477144150327,0.31381477144150327
3W-FRI,vol_z,vix,0.3135367756527117,0.3135367756527117
3W-FRI,downside_vol_1m,hy_spread_z_12p,0.31177003119939073,0.31177003119939073
3W-FRI,ma_signal,max_dd_3m,0.3108377193051573,0.3108377193051573
3W-FRI,vol_3m,ill_log,0.310765424591747,0.310765424591747
3W-FRI,max_dd_6m,cpi_chg_12p,-0.3103705869585512,0.3103705869585512
3W-FRI,vol_accel,sd_turn,0.30997861865456716,0.30997861865456716
3W-FRI,vol_of_vol,sd_turn,0.30937033128516783,0.30937033128516783
3W-FRI,mom12m,baspread,-0.3077854614732228,0.3077854614732228
3W-FRI,vol_1w,ill_log,0.30378709860343095,0.30378709860343095
3W-FRI,downside_vol_1m,vix_slope,-0.30319616351530426,0.30319616351530426
3W-FRI,mom6m,vix_ts_z_12p,0.30302355250647217,0.30302355250647217
3W-FRI,max_dd_6m,ill_log,-0.3025223863357571,0.3025223863357571
3W-FRI,vol_1m,ill_log,0.30196213622710777,0.30196213622710777
3W-FRI,vix_ts_z_12p,hy_spread_z_12p,-0.30152395792250647,0.30152395792250647
3W-FRI,hy_spread,cpi_chg_1p,-0.30116730094044253,0.30116730094044253
3W-FRI,vol_1w,vol_z,0.3010538758693337,0.3010538758693337
3W-FRI,mom12m_skip1m,vol_1m,-0.3010421490884139,0.3010421490884139
3W-FRI,ma_signal,vol_z,-0.29866906384423936,0.29866906384423936
3W-FRI,short_reversal_1m,vol_1w,0.2970465526227618,0.2970465526227618
3W-FRI,ma_signal,trend_slope,0.29665261879769095,0.29665261879769095
3W-FRI,spy_ret,hy_spread_z_12p,-0.295623299862432,0.295623299862432
3W-FRI,vol_1w,vix_slope,-0.29483061829340873,0.29483061829340873
3W-FRI,max_dd_3m,vix,-0.2941306121064933,0.2941306121064933
3W-FRI,downside_vol_1m,ill_log,0.2933861756311829,0.2933861756311829
3W-FRI,vol_1w,hy_spread_z_12p,0.292100106525008,0.292100106525008
3W-FRI,mom12m_skip1m,cpi_chg_12p,-0.291915637828718,0.291915637828718
3W-FRI,ma_regime,cpi_chg_12p,-0.29120815295674807,0.29120815295674807
3W-FRI,vol_1m,sd_turn,0.29018055949721683,0.29018055949721683
3W-FRI,mom6m,lag2_y_excess_lead,0.2875058893565966,0.2875058893565966
3W-FRI,vol_ratio_1m_3m,pct_above_50dma,-0.2870468457344709,0.2870468457344709
3W-FRI,turnover,lag2_y_excess_lead,-0.28689694187800896,0.28689694187800896
3W-FRI,mom6m,cs_mom_rank,0.28687332510153696,0.28687332510153696
3W-FRI,sd_turn,baspread,0.28580553045067175,0.28580553045067175
3W-FRI,max_dd_3m,ret_skew,-0.28186264212187206,0.28186264212187206
3W-FRI,ma_regime,vol_z,-0.28164548388593524,0.28164548388593524
3W-FRI,trend_slope,hy_spread_chg_1p,-0.2787429011074365,0.2787429011074365
3W-FRI,mom12m_skip1m,baspread,-0.2768264596949593,0.2768264596949593
3W-FRI,mom12m_skip1m,cpi_chg_1p,0.27652248860892,0.27652248860892
3W-FRI,mom12m,short_reversal_1m,-0.27640853918240227,0.27640853918240227
3W-FRI,trend_slope,vol_1w,-0.27295859042990817,0.27295859042990817
3W-FRI,chmom,cs_mom_rank,0.27052273398503524,0.27052273398503524
3W-FRI,vix,pct_above_50dma,-0.26916475882362706,0.26916475882362706
3W-FRI,turnover,vix_slope,-0.26912005353039287,0.26912005353039287
3W-FRI,hy_spread_z_12p,lag2_y_excess_lead,-0.2688933106160644,0.2688933106160644
3W-FRI,max_dd_6m,ret_skew,-0.2670698940243404,0.2670698940243404
3W-FRI,ma_regime,trend_slope,0.26694264913018706,0.26694264913018706
3W-FRI,vol_ratio_1m_3m,hy_spread_z_12p,0.26678048470397087,0.26678048470397087
3W-FRI,mom12m,term_spread,0.2663908320098371,0.2663908320098371
3W-FRI,trend_slope,hy_spread_z_12p,-0.2662632335830374,0.2662632335830374
3W-FRI,vix,cpi_chg_1p,0.26602516882232596,0.26602516882232596
3W-FRI,max_dd_3m,ill_log,-0.2657369159462728,0.2657369159462728
3W-FRI,vol_1m,hy_spread_z_12p,0.2650611497916329,0.2650611497916329
3W-FRI,vol_3m,vix,0.26437183236592926,0.26437183236592926
3W-FRI,trend_slope,downside_vol_1m,-0.26312523858006015,0.26312523858006015
3W-FRI,mom6m,trend_slope,0.26059359531478776,0.26059359531478776
3W-FRI,short_reversal_1m,ret_skew,-0.2603023357899213,0.2603023357899213
3W-FRI,ret_skew,lag2_y_excess_lead,0.2593543660830016,0.2593543660830016
3W-FRI,ma_signal,pct_above_50dma,0.25906532784256076,0.25906532784256076
3W-FRI,mom12m_skip1m,ma_regime,0.2590312495331504,0.2590312495331504
3W-FRI,mom12m_skip1m,vol_1w,-0.25831869465839763,0.25831869465839763
3W-FRI,pct_above_50dma,cpi_chg_12p,-0.2578270684888656,0.2578270684888656
3W-FRI,ma_regime,vix_ts_z_12p,0.254661502842896,0.254661502842896
3W-FRI,vol_ratio_1m_3m,vix,0.25201327983005467,0.25201327983005467
3W-FRI,mom12m_skip1m,ma_signal,0.25173321437543844,0.25173321437543844
3W-FRI,mom6m,spy_ret,0.2509391756142487,0.2509391756142487
3W-FRI,downside_vol_1m,sd_turn,0.2506854810304928,0.2506854810304928
3W-FRI,ret_skew,spy_ret,0.24875629468246457,0.24875629468246457
3W-FRI,ma_regime,vol_3m,-0.24806900033459758,0.24806900033459758
3W-FRI,vol_z,hy_spread_z_12p,0.24637135238519167,0.24637135238519167
3W-FRI,mom12m_skip1m,vix_slope,0.24468090769581452,0.24468090769581452
3W-FRI,vol_1m,ret_skew,0.23652240642080474,0.23652240642080474
3W-FRI,mom12m_skip1m,downside_vol_1m,-0.23642370784689495,0.23642370784689495
3W-FRI,mom12m,cpi_chg_1p,0.2345748856247398,0.2345748856247398
3W-FRI,ret_skew,vix_ts_z_12p,0.23404348001586978,0.23404348001586978
3W-FRI,ret_skew,vix,-0.23270563078340917,0.23270563078340917
3W-FRI,baspread,term_spread,0.23208742977600624,0.23208742977600624
3W-FRI,max_dd_6m,vix,-0.23162610989157037,0.23162610989157037
3W-FRI,vol_z,lag2_y_excess_lead,-0.23097967132501548,0.23097967132501548
3W-FRI,mom12m_skip1m,vix,-0.22963015096904435,0.22963015096904435
3W-FRI,mom12m,hy_spread_z_12p,-0.22865894214441984,0.22865894214441984
3W-FRI,mom12m,lag2_y_excess_lead,0.22842560527421346,0.22842560527421346
3W-FRI,chmom,max_dd_3m,0.22760900961342262,0.22760900961342262
3W-FRI,vol_3m,ret_kurt,0.22594198897805892,0.22594198897805892
3W-FRI,pct_above_50dma,tbill3m,0.22543831299873884,0.22543831299873884
3W-FRI,baspread,vix_slope,-0.22525267672224156,0.22525267672224156
3W-FRI,vol_1w,sd_turn,0.22466833970644626,0.22466833970644626
3W-FRI,vol_z,pct_above_50dma,-0.224664089637353,0.224664089637353
3W-FRI,mom6m,vol_of_vol,-0.22416570704846409,0.22416570704846409
3W-FRI,max_dd_3m,hy_spread_z_12p,-0.22348797700411935,0.22348797700411935
3W-FRI,vol_z,downside_vol_1m,0.22325696010718976,0.22325696010718976
3W-FRI,max_dd_3m,sd_turn,-0.22285281151280745,0.22285281151280745
3W-FRI,turnover,vix,0.22257125947525988,0.22257125947525988
3W-FRI,ill_log,baspread,0.22182212822878655,0.22182212822878655
3W-FRI,downside_vol_1m,term_spread,0.22045030932781234,0.22045030932781234
3W-FRI,downside_vol_1m,pct_above_50dma,-0.21877821214738657,0.21877821214738657
3W-FRI,mom12m,spy_ret,0.21653581460780863,0.21653581460780863
3W-FRI,vol_of_vol,hy_spread,0.21648416138197138,0.21648416138197138
3W-FRI,cs_mom_rank,max_dd_6m,0.2151146088097737,0.2151146088097737
3W-FRI,ma_signal,vol_3m,-0.2143619417011186,0.2143619417011186
3W-FRI,vix_slope,hy_spread,-0.21431297017954462,0.21431297017954462
3W-FRI,pct_above_50dma,term_spread,-0.2129947215326434,0.2129947215326434
3W-FRI,cs_mom_rank,max_dd_3m,0.2103105713811534,0.2103105713811534
3W-FRI,ill_log,cpi_chg_12p,0.20882403686072165,0.20882403686072165
3W-FRI,spy_ret,spy_flow_z_12p,0.2085893255187241,0.2085893255187241
3W-FRI,erp,hy_spread_chg_1p,-0.20850554738861463,0.20850554738861463
3W-FRI,vol_1w,pct_above_50dma,-0.2041272763585479,0.2041272763585479
3W-FRI,short_reversal_1m,vol_ratio_1m_3m,0.2039889609491727,0.2039889609491727
3W-FRI,ret_skew,vix_slope,0.20335786831702926,0.20335786831702926
3W-FRI,short_reversal_1m,cpi_chg_12p,0.20087548619623932,0.20087548619623932
3W-FRI,ret_skew,baspread,0.19966631949983915,0.19966631949983915
3W-FRI,mom12m_skip1m,ret_skew,-0.19947106341056786,0.19947106341056786
3W-FRI,ma_signal,lag_y_excess_lead,-0.1992023018380101,0.1992023018380101
3W-FRI,vol_accel,vix_ts_z_12p,-0.19915520854690003,0.19915520854690003
3W-FRI,trend_slope,pct_above_50dma,0.19904551294580067,0.19904551294580067
3W-FRI,ret_kurt,tbill3m,0.19775702967921152,0.19775702967921152
3W-FRI,vol_accel,lag2_y_excess_lead,-0.19619005035467338,0.19619005035467338
3W-FRI,mom12m,trend_slope,0.1960160740462112,0.1960160740462112
3W-FRI,hy_spread,term_spread,-0.195305368454812,0.195305368454812
3W-FRI,ill_log,hy_spread,-0.19496349305245028,0.19496349305245028
3W-FRI,vol_z,vol_accel,0.19466665378264622,0.19466665378264622
3W-FRI,baspread,tbill3m,-0.1942901297359876,0.1942901297359876
3W-FRI,chmom,vix_slope,0.1940553721260854,0.1940553721260854
3W-FRI,max_dd_3m,ret_kurt,-0.1934335399048992,0.1934335399048992
3W-FRI,pct_above_50dma,hy_spread_z_12p,-0.19341327641567463,0.19341327641567463
3W-FRI,vol_ratio_1m_3m,vix_slope,-0.19309722963387996,0.19309722963387996
3W-FRI,ma_regime,pct_above_50dma,0.19178469848138033,0.19178469848138033
3W-FRI,ma_signal,term_spread,-0.19104252957847298,0.19104252957847298
3W-FRI,mom6m,chmom,0.1898830614293092,0.1898830614293092
3W-FRI,mom12m_skip1m,vol_of_vol,-0.18925280724442187,0.18925280724442187
3W-FRI,max_dd_3m,hy_spread,0.189213246565749,0.189213246565749
3W-FRI,pct_above_50dma,spy_flow_z_12p,0.18857041739393052,0.18857041739393052
3W-FRI,ret_kurt,erp,-0.18851258847679336,0.18851258847679336
3W-FRI,vol_accel,spy_flow_z_12p,-0.18850247279022803,0.18850247279022803
3W-FRI,ret_skew,ret_kurt,0.18848551250921716,0.18848551250921716
3W-FRI,hy_spread,hy_spread_z_12p,-0.18759227466179554,0.18759227466179554
3W-FRI,vol_autocorr,vix_slope,0.18720547177994465,0.18720547177994465
3W-FRI,ma_regime,max_dd_6m,0.18544150443057347,0.18544150443057347
3W-FRI,max_dd_3m,vol_autocorr,-0.18527407741284027,0.18527407741284027
3W-FRI,vol_1m,hy_spread_chg_1p,-0.184762914467101,0.184762914467101
3W-FRI,vol_accel,vix_slope,-0.18446336155342574,0.18446336155342574
3W-FRI,spy_ret,pct_above_50dma,0.1842562266070824,0.1842562266070824
3W-FRI,pct_above_50dma,cpi_chg_1p,-0.18419750112106484,0.18419750112106484
3W-FRI,vol_1m,vix_slope,-0.1830427699010315,0.1830427699010315
3W-FRI,vol_autocorr,lag2_y_excess_lead,0.18212210716754387,0.18212210716754387
3W-FRI,vol_1w,term_spread,0.1816172510604993,0.1816172510604993
3W-FRI,ret_kurt,cpi_chg_1p,-0.1804887061040289,0.1804887061040289
3W-FRI,vol_autocorr,vix_ts_z_12p,0.1791269923247656,0.1791269923247656
3W-FRI,short_reversal_1m,term_spread,0.1772452958320455,0.1772452958320455
3W-FRI,short_reversal_1m,vol_autocorr,-0.1770214855507206,0.1770214855507206
3W-FRI,mom6m,erp,0.1758242742702816,0.1758242742702816
3W-FRI,vol_1m,term_spread,0.17577215286100378,0.17577215286100378
3W-FRI,vol_1w,turnover,0.17559890369240352,0.17559890369240352
3W-FRI,max_dd_6m,erp,0.1749353097072542,0.1749353097072542
3W-FRI,vol_ratio_1m_3m,vix_ts_z_12p,-0.17462702365683144,0.17462702365683144
3W-FRI,vix_slope,lag_y_excess_lead,-0.17381536150396296,0.17381536150396296
3W-FRI,vol_3m,hy_spread_chg_1p,-0.17254398283017297,0.17254398283017297
3W-FRI,vol_accel,vol_autocorr,-0.17241701202782422,0.17241701202782422
3W-FRI,max_dd_6m,cpi_chg_1p,0.17195532901797717,0.17195532901797717
3W-FRI,vol_1w,ret_skew,0.1711715683710771,0.1711715683710771
3W-FRI,sd_turn,erp,0.16903482126714753,0.16903482126714753
3W-FRI,hy_spread_z_12p,tbill3m,-0.16873013485286367,0.16873013485286367
3W-FRI,downside_vol_1m,tbill3m,-0.16868738428518165,0.16868738428518165
3W-FRI,mom6m,pct_above_50dma,0.16783214181636685,0.16783214181636685
3W-FRI,ma_signal,max_dd_6m,0.16628944892846953,0.16628944892846953
3W-FRI,vol_z,hy_spread_chg_1p,0.16545847228193522,0.16545847228193522
3W-FRI,spy_flow_z_12p,term_spread,-0.1652899319651914,0.1652899319651914
3W-FRI,max_dd_6m,tbill3m,-0.16490607084758296,0.16490607084758296
3W-FRI,vix_ts_z_12p,erp,0.16418549902118743,0.16418549902118743
3W-FRI,vol_1w,vix_ts_z_12p,-0.16407588300914647,0.16407588300914647
3W-FRI,vol_autocorr,erp,0.16404774839684003,0.16404774839684003
3W-FRI,downside_vol_1m,vix_ts_z_12p,-0.16366688840433036,0.16366688840433036
3W-FRI,spy_flow_z_12p,hy_spread_z_12p,-0.16331039510287695,0.16331039510287695
3W-FRI,vol_of_vol,lag2_y_excess_lead,0.16312713909663892,0.16312713909663892
3W-FRI,cs_mom_rank,ma_signal,0.16110105686542206,0.16110105686542206
3W-FRI,baspread,hy_spread_chg_1p,-0.1605322909158608,0.1605322909158608
3W-FRI,vol_autocorr,hy_spread_chg_1p,-0.16043578762827995,0.16043578762827995
3W-FRI,ma_signal,lag2_y_excess_lead,0.15878310595137507,0.15878310595137507
3W-FRI,pct_above_50dma,lag2_y_excess_lead,0.15772703690769563,0.15772703690769563
3W-FRI,erp,lag2_y_excess_lead,0.15569345885070365,0.15569345885070365
3W-FRI,ma_signal,spy_ret,0.15519059988145714,0.15519059988145714
3W-FRI,vix_slope,tbill3m,-0.15479136944981764,0.15479136944981764
3W-FRI,vol_autocorr,spy_flow_z_12p,0.15469875117327916,0.15469875117327916
3W-FRI,vix_ts_z_12p,cpi_chg_1p,-0.1545809109420384,0.1545809109420384
3W-FRI,hy_spread_z_12p,lag_y_excess_lead,0.15441917509403671,0.15441917509403671
3W-FRI,vix,lag_y_excess_lead,0.1541788280276729,0.1541788280276729
3W-FRI,vol_3m,vol_autocorr,0.1541703764299494,0.1541703764299494
3W-FRI,trend_slope,cpi_chg_12p,-0.1540722198639071,0.1540722198639071
3W-FRI,vol_3m,spy_flow_z_12p,0.15353473610245372,0.15353473610245372
3W-FRI,mom12m,vol_of_vol,-0.15323467112109018,0.15323467112109018
3W-FRI,ret_skew,pct_above_50dma,0.15322465505069793,0.15322465505069793
3W-FRI,pct_above_50dma,hy_spread_chg_1p,-0.15297904848842558,0.15297904848842558
3W-FRI,vol_accel,hy_spread_chg_1p,0.15266314710736453,0.15266314710736453
3W-FRI,short_reversal_1m,lag_y_excess_lead,0.1526505560482173,0.1526505560482173
3W-FRI,cpi_chg_12p,lag_y_excess_lead,-0.15212604746747754,0.15212604746747754
3W-FRI,ret_skew,spy_flow_z_12p,0.15188457045031248,0.15188457045031248
3W-FRI,baspread,erp,0.15183487797881343,0.15183487797881343
3W-FRI,mom12m,vix_ts_z_12p,0.15154699293548077,0.15154699293548077
3W-FRI,max_dd_6m,sd_turn,-0.15125982361593326,0.15125982361593326
3W-FRI,turnover,hy_spread_chg_1p,0.15091152630888768,0.15091152630888768
3W-FRI,vol_z,baspread,0.15086895675867248,0.15086895675867248
3W-FRI,chmom,vol_3m,-0.1496502363688317,0.1496502363688317
3W-FRI,chmom,vol_autocorr,0.14891422516924774,0.14891422516924774
3W-FRI,spy_flow_z_12p,cpi_chg_1p,-0.1487790464251238,0.1487790464251238
3W-FRI,mom6m,vol_z,-0.14850982086279882,0.14850982086279882
3W-FRI,max_dd_3m,vix_slope,0.1484380570901919,0.1484380570901919
3W-FRI,trend_slope,ret_skew,0.14780538296078358,0.14780538296078358
3W-FRI,hy_spread_z_12p,cpi_chg_12p,0.14777626519410275,0.14777626519410275
3W-FRI,vol_1w,tbill3m,-0.1471629660832526,0.1471629660832526
3W-FRI,vol_3m,hy_spread,-0.14656570214794176,0.14656570214794176
3W-FRI,ma_signal,ret_skew,0.14641791020536177,0.14641791020536177
3W-FRI,ma_regime,term_spread,-0.146018929063015,0.146018929063015
3W-FRI,mom6m,hy_spread,0.1459786366262527,0.1459786366262527
3W-FRI,baspread,pct_above_50dma,-0.14582448114882351,0.14582448114882351
3W-FRI,ret_kurt,sd_turn,0.14554663239065724,0.14554663239065724
3W-FRI,vix_ts_z_12p,term_spread,-0.14512751350689962,0.14512751350689962
3W-FRI,vol_of_vol,vol_autocorr,0.14431863967998276,0.14431863967998276
3W-FRI,vol_3m,hy_spread_z_12p,0.14428830526099992,0.14428830526099992
3W-FRI,sd_turn,tbill3m,-0.1434739188116853,0.1434739188116853
3W-FRI,vol_ratio_1m_3m,ret_autocorr,0.14242112509760885,0.14242112509760885
3W-FRI,mom12m,vol_z,-0.1409551165820868,0.1409551165820868
3W-FRI,vol_1m,tbill3m,-0.14092432418189454,0.14092432418189454
3W-FRI,ret_skew,tbill3m,0.14078455764980016,0.14078455764980016
3W-FRI,ret_skew,hy_spread,-0.140490900270529,0.140490900270529
3W-FRI,ma_regime,vol_of_vol,-0.13974788783422434,0.13974788783422434
3W-FRI,ret_autocorr,spy_ret,-0.13917521170706526,0.13917521170706526
3W-FRI,cpi_chg_12p,lag2_y_excess_lead,-0.13872716788320885,0.13872716788320885
3W-FRI,max_dd_6m,spy_flow_z_12p,-0.1385572585122672,0.1385572585122672
3W-FRI,vol_1m,pct_above_50dma,-0.1383457717297894,0.1383457717297894
3W-FRI,ma_signal,cpi_chg_1p,-0.13730617193924388,0.13730617193924388
3W-FRI,vol_autocorr,tbill3m,-0.1369290601750183,0.1369290601750183
3W-FRI,ma_regime,lag_y_excess_lead,-0.13670773695908708,0.13670773695908708
3W-FRI,vix_ts_z_12p,hy_spread,-0.13669613971422948,0.13669613971422948
3W-FRI,hy_spread_z_12p,cpi_chg_1p,0.1365787281328677,0.1365787281328677
3W-FRI,short_reversal_1m,sd_turn,-0.13652226708955503,0.13652226708955503
3W-FRI,cs_mom_rank,ret_skew,-0.13597664437478693,0.13597664437478693
3W-FRI,vol_accel,vix,0.13568941430040884,0.13568941430040884
3W-FRI,mom12m_skip1m,hy_spread_z_12p,-0.13500643290189862,0.13500643290189862
3W-FRI,max_dd_6m,hy_spread,0.1349309526262282,0.1349309526262282
3W-FRI,baspread,hy_spread,-0.1348879201207702,0.1348879201207702
3W-FRI,short_reversal_1m,baspread,0.13486328255008978,0.13486328255008978
3W-FRI,max_dd_3m,spy_flow_z_12p,-0.13413733112382925,0.13413733112382925
3W-FRI,vol_1m,ret_kurt,0.13344956621585835,0.13344956621585835
3W-FRI,mom6m,spy_flow_z_12p,0.1331717017309576,0.1331717017309576
3W-FRI,ma_signal,spy_flow_z_12p,0.1323802751412969,0.1323802751412969
3W-FRI,vol_ratio_1m_3m,term_spread,0.13216080624571433,0.13216080624571433
3W-FRI,vol_ratio_1m_3m,cpi_chg_1p,0.1320577796539454,0.1320577796539454
3W-FRI,max_dd_6m,vix_slope,0.13200240499666024,0.13200240499666024
3W-FRI,vol_of_vol,cpi_chg_1p,-0.1309211489656765,0.1309211489656765
3W-FRI,downside_vol_1m,lag_y_excess_lead,0.12874103073783574,0.12874103073783574
3W-FRI,ret_skew,term_spread,-0.12794347239187842,0.12794347239187842
3W-FRI,trend_slope,vol_autocorr,0.12621428609533128,0.12621428609533128
3W-FRI,vix_ts_z_12p,pct_above_50dma,0.12572406832454172,0.12572406832454172
3W-FRI,vol_of_vol,spy_flow_z_12p,0.12495106057853582,0.12495106057853582
3W-FRI,ma_signal,vol_of_vol,-0.12466476437252158,0.12466476437252158
3W-FRI,ill_log,vix,0.124541627245004,0.124541627245004
3W-FRI,ma_regime,hy_spread,0.12437802708498215,0.12437802708498215
3W-FRI,trend_slope,baspread,-0.1241860199485058,0.1241860199485058
3W-FRI,erp,lag_y_excess_lead,-0.1241115189012585,0.1241115189012585
3W-FRI,max_dd_6m,term_spread,0.12366458536472387,0.12366458536472387
3W-FRI,mom6m,ill_log,-0.12354786489473746,0.12354786489473746
3W-FRI,vol_accel,spy_ret,-0.12324593432606264,0.12324593432606264
3W-FRI,ma_regime,lag2_y_excess_lead,0.12320821426127623,0.12320821426127623
3W-FRI,downside_vol_1m,hy_spread_chg_1p,-0.12272979856016872,0.12272979856016872
3W-FRI,short_reversal_1m,tbill3m,-0.12259188603464276,0.12259188603464276
3W-FRI,ma_regime,spy_ret,0.12213577110743014,0.12213577110743014
3W-FRI,cs_mom_rank,vol_3m,-0.12212858809559396,0.12212858809559396
3W-FRI,vol_1m,hy_spread,-0.12184053128233306,0.12184053128233306
3W-FRI,sd_turn,lag2_y_excess_lead,0.12181121785188599,0.12181121785188599
3W-FRI,max_dd_3m,hy_spread_chg_1p,0.12044174845530693,0.12044174845530693
3W-FRI,vol_1m,vol_z,0.12009473638906,0.12009473638906
3W-FRI,vol_3m,term_spread,0.11984093914072817,0.11984093914072817
3W-FRI,ret_skew,hy_spread_z_12p,-0.11906827634724855,0.11906827634724855
3W-FRI,vol_1w,hy_spread,-0.1185365654574552,0.1185365654574552
3W-FRI,ret_autocorr,vix_ts_z_12p,-0.11838791584565517,0.11838791584565517
3W-FRI,pct_above_50dma,hy_spread,0.11828554144883156,0.11828554144883156
3W-FRI,max_dd_6m,hy_spread_z_12p,-0.1180649057254374,0.1180649057254374
3W-FRI,mom12m,ret_skew,-0.11790360950796083,0.11790360950796083
3W-FRI,baspread,cpi_chg_1p,0.11779679478103801,0.11779679478103801
3W-FRI,chmom,vix,-0.11779058248069517,0.11779058248069517
3W-FRI,vol_1m,vol_autocorr,0.11737584786714197,0.11737584786714197
3W-FRI,sd_turn,hy_spread_chg_1p,-0.11735843382687047,0.11735843382687047
3W-FRI,mom12m_skip1m,spy_ret,0.11717273602924752,0.11717273602924752
3W-FRI,ill_log,tbill3m,-0.11620609357250969,0.11620609357250969
3W-FRI,mom12m,hy_spread_chg_1p,-0.11543770671001882,0.11543770671001882
3W-FRI,short_reversal_1m,cpi_chg_1p,0.1151253944675247,0.1151253944675247
3W-FRI,vol_autocorr,turnover,-0.11463337260386304,0.11463337260386304
3W-FRI,trend_slope,dolvol_log,0.11435338535471955,0.11435338535471955
3W-FRI,short_reversal_1m,vol_of_vol,-0.1137241222559634,0.1137241222559634
3W-FRI,ma_regime,ill_log,-0.11337129472438073,0.11337129472438073
3W-FRI,vol_ratio_1m_3m,lag_y_excess_lead,0.1131588435700954,0.1131588435700954
3W-FRI,max_dd_3m,cpi_chg_1p,0.11301787821108986,0.11301787821108986
3W-FRI,vol_1w,erp,0.1123747130239068,0.1123747130239068
3W-FRI,trend_slope,vol_ratio_1m_3m,-0.11230811725466872,0.11230811725466872
3W-FRI,max_dd_6m,ret_kurt,-0.11191666442317984,0.11191666442317984
3W-FRI,ma_signal,ill_log,-0.11157431074670111,0.11157431074670111
3W-FRI,vol_1m,spy_flow_z_12p,0.11081992034979789,0.11081992034979789
3W-FRI,chmom,vol_1w,-0.11080696804476871,0.11080696804476871
3W-FRI,cs_mom_rank,baspread,-0.11057702613424691,0.11057702613424691
3W-FRI,ma_signal,tbill3m,0.10993246720059874,0.10993246720059874
3W-FRI,sd_turn,term_spread,0.1099247387473717,0.1099247387473717
3W-FRI,max_dd_6m,vix_ts_z_12p,-0.1095207860447431,0.1095207860447431
3W-FRI,cs_mom_rank,ma_regime,0.10950208292751078,0.10950208292751078
3W-FRI,mom12m,hy_spread,0.1091553689756744,0.1091553689756744
3W-FRI,chmom,baspread,-0.1091487928843803,0.1091487928843803
3W-FRI,vix_ts_z_12p,lag_y_excess_lead,-0.10867048834440003,0.10867048834440003
3W-FRI,vix_ts_z_12p,cpi_chg_12p,-0.10855024435053286,0.10855024435053286
3W-FRI,ma_regime,spy_flow_z_12p,0.1082686223141617,0.1082686223141617
3W-FRI,trend_slope,term_spread,-0.10824251419317565,0.10824251419317565
3W-FRI,chmom,ret_skew,-0.1070566093654673,0.1070566093654673
3W-FRI,vol_of_vol,ill_log,0.10665055080768568,0.10665055080768568
3W-FRI,spy_ret,hy_spread,-0.10635140072077659,0.10635140072077659
3W-FRI,ret_autocorr,spy_flow_z_12p,-0.10601043487278389,0.10601043487278389
3W-FRI,ret_kurt,vix_slope,-0.10581140727093971,0.10581140727093971
3W-FRI,short_reversal_1m,erp,-0.10569701646165151,0.10569701646165151
3W-FRI,vol_z,vol_autocorr,-0.10524870765792248,0.10524870765792248
3W-FRI,short_reversal_1m,vol_1m,0.10520421964745802,0.10520421964745802
3W-FRI,ma_regime,cpi_chg_1p,-0.10502000296666086,0.10502000296666086
3W-FRI,cs_mom_rank,vol_1m,-0.10463170507363151,0.10463170507363151
3W-FRI,chmom,vol_1m,-0.10439284988300349,0.10439284988300349
3W-FRI,vol_1w,hy_spread_chg_1p,-0.1040615384499338,0.1040615384499338
3W-FRI,ma_signal,vol_accel,0.10381695951360881,0.10381695951360881
3W-FRI,vol_3m,dolvol_log,-0.10372603334812476,0.10372603334812476
3W-FRI,vol_ratio_1m_3m,tbill3m,-0.10330823587462788,0.10330823587462788
3W-FRI,ret_kurt,spy_flow_z_12p,0.10271533022345035,0.10271533022345035
3W-FRI,chmom,hy_spread_chg_1p,-0.10232606640021291,0.10232606640021291
3W-FRI,vol_accel,vol_ratio_1m_3m,-0.10226700843277815,0.10226700843277815
3W-FRI,trend_slope,spy_ret,0.1021210529508145,0.1021210529508145
3W-FRI,vix_slope,cpi_chg_12p,-0.10199283028936378,0.10199283028936378
3W-FRI,vol_3m,turnover,-0.10144305552162294,0.10144305552162294
3W-FRI,vol_of_vol,vol_ratio_1m_3m,0.10137288740390461,0.10137288740390461
3W-FRI,vol_ratio_1m_3m,ret_skew,-0.10127957676325246,0.10127957676325246
3W-FRI,vol_autocorr,baspread,0.10123604105993962,0.10123604105993962
3W-FRI,short_reversal_1m,cs_mom_rank,-0.10076472397864009,0.10076472397864009
3W-FRI,vix,hy_spread,-0.10070251954762045,0.10070251954762045
3W-FRI,spy_flow_z_12p,lag_y_excess_lead,-0.10027707073121721,0.10027707073121721
3W-FRI,vol_3m,vol_z,-0.1001609954582477,0.1001609954582477
3W-FRI,vol_of_vol,lag_y_excess_lead,0.09981138680023807,0.09981138680023807
3W-FRI,term_spread,lag2_y_excess_lead,-0.09969369064031064,0.09969369064031064
3W-FRI,short_reversal_1m,ret_kurt,-0.09929279748910957,0.09929279748910957
3W-FRI,cs_mom_rank,downside_vol_1m,-0.09871049680086616,0.09871049680086616
3W-FRI,vol_z,lag_y_excess_lead,0.09871001611440906,0.09871001611440906
3W-FRI,vix_slope,pct_above_50dma,0.09860473118399918,0.09860473118399918
3W-FRI,mom12m_skip1m,hy_spread,0.09856948085258485,0.09856948085258485
3W-FRI,vol_of_vol,vix_ts_z_12p,0.09854836233063094,0.09854836233063094
3W-FRI,downside_vol_1m,vol_autocorr,0.09842560292803698,0.09842560292803698
3W-FRI,vol_1m,erp,0.09841679152698284,0.09841679152698284
3W-FRI,downside_vol_1m,ret_kurt,0.09816765930221528,0.09816765930221528
3W-FRI,chmom,spy_ret,0.09800794271435183,0.09800794271435183
3W-FRI,trend_slope,tbill3m,0.09741830602376801,0.09741830602376801
3W-FRI,ret_autocorr,vix_slope,-0.09692255045343917,0.09692255045343917
3W-FRI,downside_vol_1m,spy_ret,-0.09644403213859032,0.09644403213859032
3W-FRI,vol_autocorr,dolvol_log,0.09628398165124218,0.09628398165124218
3W-FRI,vol_3m,vix_ts_z_12p,0.09607396361580237,0.09607396361580237
3W-FRI,cs_mom_rank,vol_1w,-0.09591749012007252,0.09591749012007252
3W-FRI,vol_accel,max_dd_6m,-0.09574119420207974,0.09574119420207974
3W-FRI,hy_spread_z_12p,term_spread,0.09532643651471377,0.09532643651471377
3W-FRI,trend_slope,vol_accel,-0.09531048167883184,0.09531048167883184
3W-FRI,mom6m,turnover,-0.09502269139528371,0.09502269139528371
3W-FRI,term_spread,lag_y_excess_lead,-0.0947938400897737,0.0947938400897737
3W-FRI,vol_autocorr,spy_ret,0.09449327761344471,0.09449327761344471
3W-FRI,vol_accel,erp,-0.09433913533874548,0.09433913533874548
3W-FRI,sd_turn,spy_ret,0.09378358712933249,0.09378358712933249
3W-FRI,mom6m,vol_ratio_1m_3m,-0.09376867198279092,0.09376867198279092
3W-FRI,chmom,ma_regime,0.09374332567294923,0.09374332567294923
3W-FRI,ma_signal,ret_autocorr,-0.09347471260534752,0.09347471260534752
3W-FRI,downside_vol_1m,cpi_chg_1p,0.09339629064331574,0.09339629064331574
3W-FRI,trend_slope,vol_1m,-0.09338405331061937,0.09338405331061937
3W-FRI,downside_vol_1m,lag2_y_excess_lead,-0.09320591734535415,0.09320591734535415
3W-FRI,ret_kurt,vol_autocorr,0.09254125486231686,0.09254125486231686
3W-FRI,max_dd_6m,ret_autocorr,0.09212204059319953,0.09212204059319953
3W-FRI,hy_spread,lag_y_excess_lead,0.09191584766539695,0.09191584766539695
3W-FRI,ret_kurt,lag2_y_excess_lead,0.09140771629378477,0.09140771629378477
3W-FRI,vol_3m,tbill3m,-0.09106251502389576,0.09106251502389576
3W-FRI,tbill3m,lag_y_excess_lead,0.09098690875668242,0.09098690875668242
3W-FRI,mom12m,pct_above_50dma,0.09083447810163033,0.09083447810163033
3W-FRI,max_dd_6m,dolvol_log,0.09074566388670971,0.09074566388670971
3W-FRI,spy_ret,lag_y_excess_lead,-0.09044887555188558,0.09044887555188558
3W-FRI,vol_autocorr,term_spread,0.09024455279033998,0.09024455279033998
3W-FRI,vol_ratio_1m_3m,max_dd_3m,0.08998557857823762,0.08998557857823762
3W-FRI,chmom,cpi_chg_12p,-0.08990787329312173,0.08990787329312173
3W-FRI,spy_flow_z_12p,tbill3m,0.08868820039340589,0.08868820039340589
3W-FRI,ret_kurt,lag_y_excess_lead,0.08865662131168121,0.08865662131168121
3W-FRI,trend_slope,ret_kurt,0.08853642616158994,0.08853642616158994
3W-FRI,ret_kurt,baspread,0.08852153920152524,0.08852153920152524
3W-FRI,downside_vol_1m,hy_spread,-0.08835068159602384,0.08835068159602384
3W-FRI,turnover,hy_spread_z_12p,0.08818227446008962,0.08818227446008962
3W-FRI,spy_ret,cpi_chg_12p,-0.08771331438342198,0.08771331438342198
3W-FRI,vol_of_vol,tbill3m,0.08703076176632614,0.08703076176632614
3W-FRI,vol_1w,cpi_chg_1p,0.08681636289889057,0.08681636289889057
3W-FRI,mom12m_skip1m,spy_flow_z_12p,-0.08653829824980648,0.08653829824980648
3W-FRI,sd_turn,vix_ts_z_12p,0.08623573491427897,0.08623573491427897
3W-FRI,downside_vol_1m,erp,0.08585870868319181,0.08585870868319181
3W-FRI,vol_ratio_1m_3m,max_dd_6m,0.08505774167488553,0.08505774167488553
3W-FRI,baspread,vix_ts_z_12p,-0.08505191032213302,0.08505191032213302
3W-FRI,ret_autocorr,lag2_y_excess_lead,-0.08461458963222497,0.08461458963222497
3W-FRI,erp,pct_above_50dma,-0.08450913469560549,0.08450913469560549
3W-FRI,vol_of_vol,vix,0.08447664485826005,0.08447664485826005
3W-FRI,chmom,lag2_y_excess_lead,0.08441437157454346,0.08441437157454346
3W-FRI,vol_of_vol,spy_ret,0.08421829185797472,0.08421829185797472
3W-FRI,ret_kurt,ill_log,-0.0838842205488076,0.0838842205488076
3W-FRI,mom12m,turnover,-0.08381064654062667,0.08381064654062667
3W-FRI,trend_slope,ill_log,-0.08372080451051242,0.08372080451051242
3W-FRI,ma_signal,hy_spread,0.08364022392593935,0.08364022392593935
3W-FRI,chmom,vol_accel,-0.0820963899808785,0.0820963899808785
3W-FRI,ma_regime,turnover,-0.08137493389736457,0.08137493389736457
3W-FRI,turnover,baspread,-0.08130795256496781,0.08130795256496781
3W-FRI,max_dd_6m,hy_spread_chg_1p,0.08060736509510157,0.08060736509510157
3W-FRI,vol_3m,erp,0.08043112790263628,0.08043112790263628
3W-FRI,ret_kurt,pct_above_50dma,0.08031807947618103,0.08031807947618103
3W-FRI,ill_log,erp,0.08019678270967631,0.08019678270967631
3W-FRI,baspread,spy_flow_z_12p,0.0787618410003645,0.0787618410003645
3W-FRI,mom12m,vol_autocorr,0.07771067063095813,0.07771067063095813
3W-FRI,turnover,spy_ret,0.07750902241218523,0.07750902241218523
3W-FRI,ret_kurt,hy_spread_chg_1p,-0.07700542231714544,0.07700542231714544
3W-FRI,ill_log,pct_above_50dma,-0.07690271874813163,0.07690271874813163
3W-FRI,ill_log,cpi_chg_1p,0.07656123936613077,0.07656123936613077
3W-FRI,vol_of_vol,cpi_chg_12p,-0.07654300871649238,0.07654300871649238
3W-FRI,vol_autocorr,sd_turn,0.07639833704481072,0.07639833704481072
3W-FRI,chmom,vol_z,-0.07615610366567385,0.07615610366567385
3W-FRI,vol_1m,lag_y_excess_lead,0.07600836787899469,0.07600836787899469
3W-FRI,mom12m,spy_flow_z_12p,0.07599583163320608,0.07599583163320608
3W-FRI,vol_of_vol,hy_spread_z_12p,0.07579494607440002,0.07579494607440002
3W-FRI,turnover,pct_above_50dma,-0.07572306955140268,0.07572306955140268
3W-FRI,ill_log,term_spread,0.07567174235788672,0.07567174235788672
3W-FRI,vol_3m,vix_slope,-0.07511812475883488,0.07511812475883488
3W-FRI,chmom,downside_vol_1m,-0.07476306368705667,0.07476306368705667
3W-FRI,chmom,short_reversal_1m,-0.07441013785770909,0.07441013785770909
3W-FRI,mom6m,hy_spread_chg_1p,-0.07363940217714304,0.07363940217714304
3W-FRI,short_reversal_1m,ret_autocorr,0.0734103364931137,0.0734103364931137
3W-FRI,trend_slope,hy_spread,0.07332012005127884,0.07332012005127884
3W-FRI,vol_3m,vol_accel,0.07328541217917045,0.07328541217917045
3W-FRI,mom6m,lag_y_excess_lead,-0.07310859153815237,0.07310859153815237
3W-FRI,cs_mom_rank,lag2_y_excess_lead,0.07275307429639453,0.07275307429639453
3W-FRI,max_dd_6m,spy_ret,0.07235934476742281,0.07235934476742281
3W-FRI,max_dd_3m,dolvol_log,0.07229359030345782,0.07229359030345782
3W-FRI,mom6m,ret_skew,-0.07215639138472253,0.07215639138472253
3W-FRI,vol_1m,dolvol_log,-0.07213991692427008,0.07213991692427008
3W-FRI,baspread,lag_y_excess_lead,0.07211918598446747,0.07211918598446747
3W-FRI,ret_autocorr,hy_spread,-0.07189140276310002,0.07189140276310002
3W-FRI,ma_signal,turnover,-0.07180513805660961,0.07180513805660961
3W-FRI,vol_1w,vol_autocorr,0.07157065849701555,0.07157065849701555
3W-FRI,mom12m,ill_log,-0.07125379484397436,0.07125379484397436
3W-FRI,chmom,ma_signal,0.07104501815939233,0.07104501815939233
3W-FRI,sd_turn,hy_spread_z_12p,0.07059911441985078,0.07059911441985078
3W-FRI,vol_autocorr,vix,-0.07001044118543198,0.07001044118543198
3W-FRI,dolvol_log,hy_spread,0.06995120523924489,0.06995120523924489
3W-FRI,ret_skew,turnover,-0.06992705993570751,0.06992705993570751
3W-FRI,vol_3m,vol_ratio_1m_3m,-0.0696619769704824,0.0696619769704824
3W-FRI,vol_1m,turnover,-0.06954199074124134,0.06954199074124134
3W-FRI,vol_z,ret_skew,-0.06940955970358763,0.06940955970358763
3W-FRI,ret_kurt,term_spread,-0.069066492533594,0.069066492533594
3W-FRI,vol_accel,cpi_chg_1p,-0.06902449128158936,0.06902449128158936
3W-FRI,vol_1m,lag2_y_excess_lead,0.0686583915397526,0.0686583915397526
3W-FRI,spy_flow_z_12p,hy_spread,-0.06851388712278615,0.06851388712278615
3W-FRI,turnover,erp,0.06834980012653728,0.06834980012653728
3W-FRI,tbill3m,lag2_y_excess_lead,0.06830731447197971,0.06830731447197971
3W-FRI,ma_regime,tbill3m,0.06805723397926965,0.06805723397926965
3W-FRI,ret_autocorr,erp,-0.06745315272092144,0.06745315272092144
3W-FRI,chmom,sd_turn,0.06731485288935521,0.06731485288935521
3W-FRI,sd_turn,lag_y_excess_lead,0.06696691036367082,0.06696691036367082
3W-FRI,vol_1w,lag_y_excess_lead,0.06692700591527478,0.06692700591527478
3W-FRI,vol_accel,pct_above_50dma,0.06673782387606722,0.06673782387606722
3W-FRI,ret_autocorr,vix,0.06673261645685745,0.06673261645685745
3W-FRI,sd_turn,vix,0.06655277109487555,0.06655277109487555
3W-FRI,ill_log,hy_spread_z_12p,0.06624544034259904,0.06624544034259904
3W-FRI,trend_slope,lag_y_excess_lead,-0.06622195758243592,0.06622195758243592
3W-FRI,vol_ratio_1m_3m,spy_ret,-0.06591885662805713,0.06591885662805713
3W-FRI,ret_autocorr,hy_spread_chg_1p,0.065757603072659,0.065757603072659
3W-FRI,ret_autocorr,cpi_chg_12p,0.06572159425272275,0.06572159425272275
3W-FRI,vol_1w,ret_kurt,0.06504212180134164,0.06504212180134164
3W-FRI,short_reversal_1m,vol_accel,0.06419591309252315,0.06419591309252315
3W-FRI,vol_3m,lag2_y_excess_lead,0.06409138438567208,0.06409138438567208
3W-FRI,spy_ret,cpi_chg_1p,-0.06372938276373523,0.06372938276373523
3W-FRI,sd_turn,spy_flow_z_12p,0.06353554850756353,0.06353554850756353
3W-FRI,vol_z,ret_kurt,0.06278524089310335,0.06278524089310335
3W-FRI,chmom,lag_y_excess_lead,0.06276708742242551,0.06276708742242551
3W-FRI,ret_autocorr,cpi_chg_1p,-0.06251015034618906,0.06251015034618906
3W-FRI,mom6m,ret_kurt,-0.061785039110142416,0.061785039110142416
3W-FRI,vol_z,term_spread,0.06165573295192467,0.06165573295192467
3W-FRI,downside_vol_1m,dolvol_log,-0.06148832249670387,0.06148832249670387
3W-FRI,vol_autocorr,cpi_chg_1p,0.06097648135657301,0.06097648135657301
3W-FRI,chmom,trend_slope,0.06088008056922935,0.06088008056922935
3W-FRI,mom12m,vol_accel,-0.06080933237331528,0.06080933237331528
3W-FRI,vol_ratio_1m_3m,ret_kurt,-0.060642442439961246,0.060642442439961246
3W-FRI,vol_z,dolvol_log,0.0604325201131631,0.0604325201131631
3W-FRI,mom12m_skip1m,ill_log,-0.06010947307014244,0.06010947307014244
3W-FRI,vol_1w,spy_flow_z_12p,-0.05904055728024769,0.05904055728024769
3W-FRI,short_reversal_1m,ill_log,0.05897280283687421,0.05897280283687421
3W-FRI,vol_accel,term_spread,-0.058421843958674675,0.058421843958674675
3W-FRI,vol_of_vol,vix_slope,-0.057850794188196435,0.057850794188196435
3W-FRI,vol_z,sd_turn,0.05776204769835138,0.05776204769835138
3W-FRI,vol_accel,ret_autocorr,0.0575688790608612,0.0575688790608612
3W-FRI,turnover,cpi_chg_1p,-0.05750457235947464,0.05750457235947464
3W-FRI,vol_autocorr,cpi_chg_12p,0.05674155158433196,0.05674155158433196
3W-FRI,ret_autocorr,lag_y_excess_lead,0.05655378335574724,0.05655378335574724
3W-FRI,cs_mom_rank,vol_of_vol,-0.05652636158738393,0.05652636158738393
3W-FRI,vol_autocorr,lag_y_excess_lead,0.0562298595725738,0.0562298595725738
3W-FRI,max_dd_3m,turnover,0.0551092007021672,0.0551092007021672
3W-FRI,cs_mom_rank,trend_slope,0.05425621105476136,0.05425621105476136
3W-FRI,ret_autocorr,sd_turn,0.054166734092111896,0.054166734092111896
3W-FRI,ma_regime,ret_skew,0.05396617595674466,0.05396617595674466
3W-FRI,mom12m,sd_turn,0.05391258058361367,0.05391258058361367
3W-FRI,ma_signal,ret_kurt,0.05385102705196867,0.05385102705196867
3W-FRI,vol_of_vol,turnover,-0.053375923433633676,0.053375923433633676
3W-FRI,vol_z,cpi_chg_12p,-0.05321160976145009,0.05321160976145009
3W-FRI,vol_ratio_1m_3m,ill_log,0.053141857061420175,0.053141857061420175
3W-FRI,cpi_chg_1p,lag2_y_excess_lead,-0.05214184038536376,0.05214184038536376
3W-FRI,chmom,hy_spread_z_12p,-0.05151524190902941,0.05151524190902941
3W-FRI,mom12m_skip1m,ret_kurt,-0.051308843491016685,0.051308843491016685
3W-FRI,short_reversal_1m,hy_spread,-0.05117864771683168,0.05117864771683168
3W-FRI,sd_turn,vix_slope,0.05108191178568,0.05108191178568
3W-FRI,vol_z,ret_autocorr,0.05085646087671799,0.05085646087671799
3W-FRI,trend_slope,cpi_chg_1p,-0.05072001586703706,0.05072001586703706
3W-FRI,ma_regime,ret_autocorr,-0.050447252598534546,0.050447252598534546
3W-FRI,vol_3m,ret_autocorr,-0.05035508663055057,0.05035508663055057
3W-FRI,vol_1w,dolvol_log,-0.05011017966448745,0.05011017966448745
3W-FRI,vol_autocorr,ill_log,-0.05006959843810379,0.05006959843810379
3W-FRI,ret_autocorr,turnover,-0.049809105339407106,0.049809105339407106
3W-FRI,vol_ratio_1m_3m,erp,0.04883894298464456,0.04883894298464456
3W-FRI,baspread,lag2_y_excess_lead,0.048359814701268135,0.048359814701268135
3W-FRI,ret_kurt,dolvol_log,0.048198339271884806,0.048198339271884806
3W-FRI,vix_ts_z_12p,tbill3m,0.048117807196875785,0.048117807196875785
3W-FRI,ret_kurt,spy_ret,-0.04782148309611986,0.04782148309611986
3W-FRI,dolvol_log,turnover,0.0472351681880025,0.0472351681880025
3W-FRI,mom6m,tbill3m,-0.04723455101249493,0.04723455101249493
3W-FRI,trend_slope,max_dd_3m,0.04714171454864844,0.04714171454864844
3W-FRI,mom6m,vol_autocorr,-0.04653816438049495,0.04653816438049495
3W-FRI,vol_z,max_dd_3m,0.046155456817682634,0.046155456817682634
3W-FRI,vol_autocorr,pct_above_50dma,-0.045658959726285295,0.045658959726285295
3W-FRI,cs_mom_rank,ret_autocorr,-0.044550144352498676,0.044550144352498676
3W-FRI,trend_slope,vol_of_vol,0.04376335724308933,0.04376335724308933
3W-FRI,mom6m,term_spread,-0.042765280265589366,0.042765280265589366
3W-FRI,vol_1m,cpi_chg_1p,0.042401471537809245,0.042401471537809245
3W-FRI,mom12m_skip1m,lag_y_excess_lead,0.042305601520782096,0.042305601520782096
3W-FRI,mom12m_skip1m,vol_accel,-0.04151436703208497,0.04151436703208497
3W-FRI,vol_accel,lag_y_excess_lead,0.04136402935126609,0.04136402935126609
3W-FRI,erp,spy_flow_z_12p,0.04107790122882051,0.04107790122882051
3W-FRI,downside_vol_1m,ret_skew,0.04089191160041273,0.04089191160041273
3W-FRI,vol_z,erp,0.040707168545334085,0.040707168545334085
3W-FRI,dolvol_log,baspread,-0.04016028859886336,0.04016028859886336
3W-FRI,chmom,ret_autocorr,-0.04011088775788371,0.04011088775788371
3W-FRI,downside_vol_1m,ret_autocorr,0.0400347344778363,0.0400347344778363
3W-FRI,ret_autocorr,baspread,0.03985169593520719,0.03985169593520719
3W-FRI,spy_ret,term_spread,-0.03981207737768727,0.03981207737768727
3W-FRI,chmom,turnover,-0.03968602458850451,0.03968602458850451
3W-FRI,ma_signal,hy_spread_chg_1p,-0.039619012174850636,0.039619012174850636
3W-FRI,ret_kurt,hy_spread_z_12p,0.03950481163160532,0.03950481163160532
3W-FRI,chmom,vol_ratio_1m_3m,0.03941793886668968,0.03941793886668968
3W-FRI,max_dd_3m,vix_ts_z_12p,-0.03879765866421733,0.03879765866421733
3W-FRI,vol_ratio_1m_3m,hy_spread,0.03825715565510753,0.03825715565510753
3W-FRI,ret_autocorr,hy_spread_z_12p,-0.03820741851043016,0.03820741851043016
3W-FRI,max_dd_3m,erp,0.03817122076101595,0.03817122076101595
3W-FRI,dolvol_log,cpi_chg_12p,-0.0378742741935939,0.0378742741935939
3W-FRI,vol_1w,lag2_y_excess_lead,-0.03786143274694602,0.03786143274694602
3W-FRI,vol_3m,cpi_chg_1p,-0.03762773418937923,0.03762773418937923
3W-FRI,chmom,vix_ts_z_12p,-0.037490038846225975,0.037490038846225975
3W-FRI,max_dd_6m,turnover,0.03741108500406882,0.03741108500406882
3W-FRI,max_dd_3m,lag_y_excess_lead,-0.037310765346737766,0.037310765346737766
3W-FRI,dolvol_log,vix_slope,-0.03707480481511594,0.03707480481511594
3W-FRI,vol_accel,baspread,-0.03669184291594342,0.03669184291594342
3W-FRI,vol_accel,ret_skew,-0.03666472523762574,0.03666472523762574
3W-FRI,vol_accel,max_dd_3m,-0.036495491900234184,0.036495491900234184
3W-FRI,vol_ratio_1m_3m,cpi_chg_12p,0.036303165537027386,0.036303165537027386
3W-FRI,spy_flow_z_12p,cpi_chg_12p,-0.036261730206864184,0.036261730206864184
3W-FRI,ma_regime,ret_kurt,0.036174049766261714,0.036174049766261714
3W-FRI,ma_regime,vol_accel,0.03565721506723042,0.03565721506723042
3W-FRI,ma_regime,hy_spread_chg_1p,-0.035311853718888404,0.035311853718888404
3W-FRI,ill_log,vix_slope,-0.03498889953286792,0.03498889953286792
3W-FRI,max_dd_6m,pct_above_50dma,-0.03482836279919847,0.03482836279919847
3W-FRI,mom12m,dolvol_log,-0.03463209420238259,0.03463209420238259
3W-FRI,vol_ratio_1m_3m,dolvol_log,0.034522660667578094,0.034522660667578094
3W-FRI,chmom,dolvol_log,-0.03439007080477395,0.03439007080477395
3W-FRI,max_dd_6m,lag_y_excess_lead,-0.03353805628242119,0.03353805628242119
3W-FRI,vol_ratio_1m_3m,spy_flow_z_12p,-0.0333885067055147,0.0333885067055147
3W-FRI,mom12m,ret_autocorr,-0.03333040783075693,0.03333040783075693
3W-FRI,chmom,hy_spread,0.03318447053707657,0.03318447053707657
3W-FRI,mom12m_skip1m,vol_autocorr,0.032931197555896345,0.032931197555896345
3W-FRI,vol_accel,tbill3m,0.03292235026990603,0.03292235026990603
3W-FRI,hy_spread,hy_spread_chg_1p,0.03286576377073056,0.03286576377073056
3W-FRI,pct_above_50dma,lag_y_excess_lead,-0.03217562145543206,0.03217562145543206
3W-FRI,vol_of_vol,ret_autocorr,-0.031734276203063516,0.031734276203063516
3W-FRI,vol_1m,spy_ret,-0.031698158128603875,0.031698158128603875
3W-FRI,vol_1m,ret_autocorr,0.03168985266398896,0.03168985266398896
3W-FRI,turnover,tbill3m,-0.03168894296548609,0.03168894296548609
3W-FRI,ret_skew,lag_y_excess_lead,0.031317116471906506,0.031317116471906506
3W-FRI,ma_regime,sd_turn,-0.03095917351958874,0.03095917351958874
3W-FRI,ret_skew,ill_log,-0.030755856762467754,0.030755856762467754
3W-FRI,ret_skew,ret_autocorr,-0.030690532983775585,0.030690532983775585
3W-FRI,short_reversal_1m,vol_3m,-0.030652303709996047,0.030652303709996047
3W-FRI,spy_ret,tbill3m,-0.030571007361967842,0.030571007361967842
3W-FRI,chmom,vol_of_vol,-0.03056611533989854,0.03056611533989854
3W-FRI,vol_z,max_dd_6m,0.03056050443134392,0.03056050443134392
3W-FRI,vol_autocorr,hy_spread,-0.030386127566753095,0.030386127566753095
3W-FRI,dolvol_log,vix_ts_z_12p,-0.0302401511775586,0.0302401511775586
3W-FRI,max_dd_3m,tbill3m,-0.030153760354328672,0.030153760354328672
3W-FRI,vol_z,tbill3m,-0.030098578837152435,0.030098578837152435
3W-FRI,mom12m_skip1m,vol_ratio_1m_3m,0.030074606232117173,0.030074606232117173
3W-FRI,turnover,sd_turn,-0.029729979858618555,0.029729979858618555
3W-FRI,mom12m_skip1m,vol_z,-0.029636980541274675,0.029636980541274675
3W-FRI,downside_vol_1m,turnover,0.02954527721370758,0.02954527721370758
3W-FRI,vol_of_vol,pct_above_50dma,0.029320198762073466,0.029320198762073466
3W-FRI,vol_z,spy_ret,0.02928137751396745,0.02928137751396745
3W-FRI,turnover,term_spread,0.029266335811701957,0.029266335811701957
3W-FRI,vol_ratio_1m_3m,vol_autocorr,-0.028955707846900627,0.028955707846900627
3W-FRI,ret_skew,vol_autocorr,-0.02867624077136013,0.02867624077136013
3W-FRI,max_dd_6m,lag2_y_excess_lead,-0.028552540076326162,0.028552540076326162
3W-FRI,vol_of_vol,dolvol_log,-0.028198709117317523,0.028198709117317523
3W-FRI,ill_log,spy_ret,-0.027891891867983284,0.027891891867983284
3W-FRI,dolvol_log,vix,0.027800861300267165,0.027800861300267165
3W-FRI,max_dd_3m,lag2_y_excess_lead,-0.02760482029232644,0.02760482029232644
3W-FRI,short_reversal_1m,dolvol_log,0.027526707005437235,0.027526707005437235
3W-FRI,mom12m,vol_ratio_1m_3m,-0.02727270492609867,0.02727270492609867
3W-FRI,ret_kurt,vix_ts_z_12p,0.02720807524759539,0.02720807524759539
3W-FRI,trend_slope,vol_3m,-0.027105971196285734,0.027105971196285734
3W-FRI,sd_turn,pct_above_50dma,-0.02677576348325306,0.02677576348325306
3W-FRI,dolvol_log,spy_flow_z_12p,-0.026669946782313526,0.026669946782313526
3W-FRI,trend_slope,sd_turn,-0.026533168506075497,0.026533168506075497
3W-FRI,vol_1m,vix_ts_z_12p,-0.026508998766816113,0.026508998766816113
3W-FRI,mom12m_skip1m,dolvol_log,-0.026328091982531235,0.026328091982531235
3W-FRI,lag_y_excess_lead,lag2_y_excess_lead,-0.026110368792994526,0.026110368792994526
3W-FRI,cpi_chg_1p,lag_y_excess_lead,-0.02585813339104944,0.02585813339104944
3W-FRI,vix_slope,cpi_chg_1p,-0.025850873984415428,0.025850873984415428
3W-FRI,vol_1w,vol_accel,0.025545077975279273,0.025545077975279273
3W-FRI,vol_of_vol,erp,-0.02547877108435018,0.02547877108435018
3W-FRI,ma_signal,dolvol_log,-0.024744341014979045,0.024744341014979045
3W-FRI,max_dd_3m,spy_ret,0.02455456783206479,0.02455456783206479
3W-FRI,vol_accel,hy_spread_z_12p,0.024474436202276875,0.024474436202276875
3W-FRI,short_reversal_1m,max_dd_3m,-0.02433728523994882,0.02433728523994882
3W-FRI,mom12m,ret_kurt,-0.02433027822389893,0.02433027822389893
3W-FRI,ret_autocorr,pct_above_50dma,-0.024315387763465895,0.024315387763465895
3W-FRI,trend_slope,erp,-0.024232490114186066,0.024232490114186066
3W-FRI,mom6m,cpi_chg_1p,-0.02359630864407724,0.02359630864407724
3W-FRI,vix_slope,term_spread,0.023374742083156628,0.023374742083156628
3W-FRI,max_dd_3m,ret_autocorr,0.023291625021261312,0.023291625021261312
3W-FRI,ill_log,lag2_y_excess_lead,-0.023235678715022575,0.023235678715022575
3W-FRI,hy_spread,lag2_y_excess_lead,0.02307259398650177,0.02307259398650177
3W-FRI,erp,hy_spread_z_12p,-0.02287595976311007,0.02287595976311007
3W-FRI,sd_turn,cpi_chg_1p,0.0227310178261681,0.0227310178261681
3W-FRI,vol_ratio_1m_3m,turnover,0.022565866963817967,0.022565866963817967
3W-FRI,ret_kurt,turnover,0.021348456011387445,0.021348456011387445
3W-FRI,max_dd_6m,vol_autocorr,0.02116554553403245,0.02116554553403245
3W-FRI,trend_slope,max_dd_6m,0.02106764673759805,0.02106764673759805
3W-FRI,ret_autocorr,dolvol_log,-0.02099051522561215,0.02099051522561215
3W-FRI,vol_z,ill_log,-0.020880055470890897,0.020880055470890897
3W-FRI,max_dd_3m,term_spread,-0.020746284679201383,0.020746284679201383
3W-FRI,ret_kurt,ret_autocorr,0.020728429753158136,0.020728429753158136
3W-FRI,ret_skew,erp,0.020231228356912614,0.020231228356912614
3W-FRI,turnover,lag_y_excess_lead,-0.019791434706498485,0.019791434706498485
3W-FRI,ma_signal,vol_autocorr,-0.019757059254926525,0.019757059254926525
3W-FRI,ma_regime,vol_autocorr,-0.019707055498686052,0.019707055498686052
3W-FRI,dolvol_log,term_spread,0.019697081478840212,0.019697081478840212
3W-FRI,cs_mom_rank,lag_y_excess_lead,-0.01919974283593658,0.01919974283593658
3W-FRI,mom12m_skip1m,sd_turn,0.019087705539881556,0.019087705539881556
3W-FRI,dolvol_log,hy_spread_z_12p,0.019004227646360537,0.019004227646360537
3W-FRI,ill_log,turnover,-0.01881404013300784,0.01881404013300784
3W-FRI,vol_accel,ret_kurt,0.01878831417999349,0.01878831417999349
3W-FRI,ret_skew,cpi_chg_12p,-0.01871210134442337,0.01871210134442337
3W-FRI,ill_log,vix_ts_z_12p,-0.0187118969128866,0.0187118969128866
3W-FRI,cs_mom_rank,vol_z,-0.01865217865329752,0.01865217865329752
3W-FRI,hy_spread_chg_1p,term_spread,-0.018606205884734436,0.018606205884734436
3W-FRI,mom12m_skip1m,turnover,0.0179540503565091,0.0179540503565091
3W-FRI,mom6m,dolvol_log,-0.017658998562771817,0.017658998562771817
3W-FRI,chmom,ret_kurt,0.016956847956188563,0.016956847956188563
3W-FRI,vol_z,cpi_chg_1p,0.01672221593742743,0.01672221593742743
3W-FRI,vol_ratio_1m_3m,lag2_y_excess_lead,0.016473767944400974,0.016473767944400974
3W-FRI,mom12m_skip1m,ret_autocorr,-0.016283209618129662,0.016283209618129662
3W-FRI,vol_1w,ret_autocorr,-0.016237598316041994,0.016237598316041994
3W-FRI,cs_mom_rank,vol_accel,0.016173697552869182,0.016173697552869182
3W-FRI,cs_mom_rank,sd_turn,-0.016092472064951756,0.016092472064951756
3W-FRI,mom12m_skip1m,hy_spread_chg_1p,-0.016080498291205742,0.016080498291205742
3W-FRI,hy_spread_chg_1p,tbill3m,-0.01604260229427693,0.01604260229427693
3W-FRI,ret_kurt,vix,0.015723731026638096,0.015723731026638096
3W-FRI,cs_mom_rank,vol_autocorr,0.015681787414318863,0.015681787414318863
3W-FRI,vol_1w,spy_ret,-0.015519943741147176,0.015519943741147176
3W-FRI,cs_mom_rank,vol_ratio_1m_3m,0.01525831087967793,0.01525831087967793
3W-FRI,vol_accel,downside_vol_1m,-0.015118033908954772,0.015118033908954772
3W-FRI,sd_turn,hy_spread,-0.01473336888050732,0.01473336888050732
3W-FRI,downside_vol_1m,spy_flow_z_12p,-0.01463030835459301,0.01463030835459301
3W-FRI,dolvol_log,tbill3m,0.014244271189227322,0.014244271189227322
3W-FRI,baspread,spy_ret,-0.014129307802578131,0.014129307802578131
3W-FRI,ret_autocorr,ill_log,0.013174209561601691,0.013174209561601691
3W-FRI,dolvol_log,lag2_y_excess_lead,-0.012691983310265277,0.012691983310265277
3W-FRI,ill_log,lag_y_excess_lead,0.012589375375048385,0.012589375375048385
3W-FRI,cs_mom_rank,turnover,0.01225250998400577,0.01225250998400577
3W-FRI,vol_3m,lag_y_excess_lead,0.012062636741398345,0.012062636741398345
3W-FRI,turnover,cpi_chg_12p,-0.011319003854486706,0.011319003854486706
3W-FRI,dolvol_log,erp,-0.01101505948389012,0.01101505948389012
3W-FRI,vol_of_vol,vol_z,0.010991418913010283,0.010991418913010283
3W-FRI,chmom,pct_above_50dma,-0.01098429194422851,0.01098429194422851
3W-FRI,mom6m,sd_turn,0.010942442966536176,0.010942442966536176
3W-FRI,vol_autocorr,hy_spread_z_12p,0.010920887323457095,0.010920887323457095
3W-FRI,vol_accel,hy_spread,-0.010897712075052895,0.010897712075052895
3W-FRI,ma_regime,erp,0.010808610452565062,0.010808610452565062
3W-FRI,hy_spread_chg_1p,cpi_chg_1p,-0.010736666224544377,0.010736666224544377
3W-FRI,ret_autocorr,term_spread,-0.01052555951172414,0.01052555951172414
3W-FRI,ret_autocorr,tbill3m,-0.010410415501167917,0.010410415501167917
3W-FRI,vol_3m,spy_ret,0.010347626160511178,0.010347626160511178
3W-FRI,vol_ratio_1m_3m,sd_turn,0.010336364104772882,0.010336364104772882
3W-FRI,vol_3m,pct_above_50dma,0.009619881780379976,0.009619881780379976
3W-FRI,vol_ratio_1m_3m,hy_spread_chg_1p,-0.00949165188654598,0.00949165188654598
3W-FRI,mom12m_skip1m,lag2_y_excess_lead,0.008886872588805167,0.008886872588805167
3W-FRI,turnover,hy_spread,-0.008781472162539397,0.008781472162539397
3W-FRI,mom6m,ret_autocorr,-0.008572618925095808,0.008572618925095808
3W-FRI,vol_of_vol,term_spread,0.00854510889834918,0.00854510889834918
3W-FRI,ill_log,spy_flow_z_12p,-0.008499010435017907,0.008499010435017907
3W-FRI,vol_z,hy_spread,0.008062403157421783,0.008062403157421783
3W-FRI,dolvol_log,pct_above_50dma,-0.0076460389496842245,0.0076460389496842245
3W-FRI,ret_skew,sd_turn,0.007556677615674583,0.007556677615674583
3W-FRI,ill_log,hy_spread_chg_1p,0.007548349438799928,0.007548349438799928
3W-FRI,sd_turn,cpi_chg_12p,0.007221600981088272,0.007221600981088272
3W-FRI,cs_mom_rank,dolvol_log,0.00694476186435952,0.00694476186435952
3W-FRI,ret_skew,dolvol_log,-0.006894084801276528,0.006894084801276528
3W-FRI,cs_mom_rank,ret_kurt,-0.0066486036645264255,0.0066486036645264255
3W-FRI,ret_autocorr,vol_autocorr,-0.005877393424209192,0.005877393424209192
3W-FRI,short_reversal_1m,max_dd_6m,-0.005685914078086916,0.005685914078086916
3W-FRI,dolvol_log,hy_spread_chg_1p,0.005657824526910817,0.005657824526910817
3W-FRI,ma_signal,erp,-0.005528359043469297,0.005528359043469297
3W-FRI,vol_accel,cpi_chg_12p,-0.004972707602437726,0.004972707602437726
3W-FRI,mom6m,vol_accel,-0.004932117965887384,0.004932117965887384
3W-FRI,vix,erp,-0.004872489033284013,0.004872489033284013
3W-FRI,mom12m_skip1m,pct_above_50dma,0.004795010900989667,0.004795010900989667
3W-FRI,trend_slope,ret_autocorr,-0.004267502315277132,0.004267502315277132
3W-FRI,hy_spread_chg_1p,cpi_chg_12p,0.004021106191257221,0.004021106191257221
3W-FRI,cs_mom_rank,ill_log,-0.0033691380151746582,0.0033691380151746582
3W-FRI,hy_spread_chg_1p,lag_y_excess_lead,-0.0033308194101743767,0.0033308194101743767
3W-FRI,dolvol_log,cpi_chg_1p,0.0032110315552027597,0.0032110315552027597
3W-FRI,chmom,spy_flow_z_12p,-0.00315834218484055,0.00315834218484055
3W-FRI,mom12m_skip1m,trend_slope,0.003145714384772326,0.003145714384772326
3W-FRI,ret_skew,cpi_chg_1p,-0.0028474072237695052,0.0028474072237695052
3W-FRI,chmom,ill_log,0.0018670325050687499,0.0018670325050687499
3W-FRI,ma_regime,dolvol_log,-0.001545784293222162,0.001545784293222162
3W-FRI,mom12m_skip1m,short_reversal_1m,-0.0013763196299603664,0.0013763196299603664
3W-FRI,mom12m,lag_y_excess_lead,0.0013337331279732888,0.0013337331279732888
3W-FRI,ma_signal,sd_turn,0.0012793053714183777,0.0012793053714183777
3W-FRI,dolvol_log,spy_ret,0.0012494531046717532,0.0012494531046717532
3W-FRI,vol_1m,vol_accel,0.0010600288969832437,0.0010600288969832437
3W-FRI,max_dd_3m,pct_above_50dma,-0.0004733549164920966,0.0004733549164920966
3W-FRI,vol_of_vol,vol_accel,0.0004103481553604778,0.0004103481553604778
3W-FRI,dolvol_log,lag_y_excess_lead,4.564369485012762e-05,4.564369485012762e-05
3W-FRI,mom12m_skip1m,vix_ts_z_12p,-3.385081919807445e-05,3.385081919807445e-05
3W-FRI,cs_mom_rank,tbill3m,-1.8940442207825474e-16,1.8940442207825474e-16
3W-FRI,cs_mom_rank,term_spread,1.8605222144193548e-16,1.8605222144193548e-16
3W-FRI,cs_mom_rank,erp,1.8525051875569475e-16,1.8525051875569475e-16
3W-FRI,cs_mom_rank,cpi_chg_1p,1.314639504929052e-16,1.314639504929052e-16
3W-FRI,cs_mom_rank,vix_slope,1.2627326624734704e-16,1.2627326624734704e-16
3W-FRI,cs_mom_rank,hy_spread,-7.303765758618505e-17,7.303765758618505e-17
3W-FRI,cs_mom_rank,spy_ret,5.311252988758778e-17,5.311252988758778e-17
3W-FRI,cs_mom_rank,vix_ts_z_12p,4.4737403056700016e-17,4.4737403056700016e-17
3W-FRI,cs_mom_rank,cpi_chg_12p,4.1157872672560945e-17,4.1157872672560945e-17
3W-FRI,cs_mom_rank,hy_spread_chg_1p,-2.374685968336004e-17,2.374685968336004e-17
3W-FRI,cs_mom_rank,pct_above_50dma,2.3241159546600522e-17,2.3241159546600522e-17
3W-FRI,cs_mom_rank,hy_spread_z_12p,2.2109578537798357e-17,2.2109578537798357e-17
3W-FRI,cs_mom_rank,spy_flow_z_12p,-6.580687769114622e-18,6.580687769114622e-18
3W-FRI,cs_mom_rank,vix,-3.4487353053670374e-18,3.4487353053670374e-18
BME,short_reversal_1m,lag2_y_excess_lead,-0.9772298436160584,0.9772298436160584
BME,mom12m,mom12m_skip1m,0.9639788389729318,0.9639788389729318
BME,vol_1m,baspread,0.9530495972968147,0.9530495972968147
BME,vol_1w,vol_1m,0.9506494940495689,0.9506494940495689
BME,vol_1m,downside_vol_1m,0.9329188597309017,0.9329188597309017
BME,vol_1w,baspread,0.9194357972067251,0.9194357972067251
BME,vix_slope,vix_ts_z_12p,0.9168904026425349,0.9168904026425349
BME,downside_vol_1m,baspread,0.9134225451308231,0.9134225451308231
BME,vol_1w,downside_vol_1m,0.9127576986244578,0.9127576986244578
BME,term_spread,tbill3m,-0.90978836888313,0.90978836888313
BME,vol_3m,max_dd_3m,-0.872960242367694,0.872960242367694
BME,erp,tbill3m,-0.8384295705622592,0.8384295705622592
BME,vol_1m,vol_3m,0.8255330888836252,0.8255330888836252
BME,mom12m_skip1m,chmom,0.8240951528395218,0.8240951528395218
BME,mom12m,chmom,0.8134702937412391,0.8134702937412391
BME,ma_signal,ma_regime,0.7989837598149813,0.7989837598149813
BME,vol_3m,baspread,0.7884190181772942,0.7884190181772942
BME,max_dd_3m,max_dd_6m,0.7763781951229356,0.7763781951229356
BME,vol_z,turnover,0.750252577965251,0.750252577965251
BME,vol_3m,max_dd_6m,-0.7452416503558057,0.7452416503558057
BME,vol_of_vol,ret_kurt,0.7324038035632456,0.7324038035632456
BME,vix,vix_slope,-0.7318077102996362,0.7318077102996362
BME,vol_1w,vol_3m,0.725071434122892,0.725071434122892
BME,erp,term_spread,0.7237984138309617,0.7237984138309617
BME,mom6m,mom12m,0.7173017698776787,0.7173017698776787
BME,vol_3m,downside_vol_1m,0.7133491275109783,0.7133491275109783
BME,vol_1m,max_dd_3m,-0.7085026235954006,0.7085026235954006
BME,short_reversal_1m,trend_slope,-0.6833360218629877,0.6833360218629877
BME,trend_slope,lag2_y_excess_lead,0.6773825692645712,0.6773825692645712
BME,mom6m,max_dd_3m,0.6769070801878109,0.6769070801878109
BME,max_dd_3m,baspread,-0.6705376134534575,0.6705376134534575
BME,ill_log,dolvol_log,-0.6627910213844701,0.6627910213844701
BME,spy_flow_z_12p,lag2_y_excess_lead,0.6618181518365907,0.6618181518365907
BME,mom12m_skip1m,max_dd_6m,0.6607498814873835,0.6607498814873835
BME,ma_signal,downside_vol_1m,-0.6598954482137952,0.6598954482137952
BME,short_reversal_1m,spy_flow_z_12p,-0.6569434903008462,0.6569434903008462
BME,vol_3m,vol_of_vol,0.6535846061295125,0.6535846061295125
BME,mom6m,mom12m_skip1m,0.6436313082113578,0.6436313082113578
BME,mom12m,max_dd_6m,0.6435200875676754,0.6435200875676754
BME,vol_1w,max_dd_3m,-0.627479810827639,0.627479810827639
BME,vol_1m,vol_of_vol,0.6179209896139033,0.6179209896139033
BME,downside_vol_1m,max_dd_3m,-0.6153807760737302,0.6153807760737302
BME,cpi_chg_1p,tbill3m,-0.6111895108576852,0.6111895108576852
BME,vix,vix_ts_z_12p,-0.6108463428387962,0.6108463428387962
BME,cpi_chg_1p,term_spread,0.6087203205165331,0.6087203205165331
BME,hy_spread_chg_1p,hy_spread_z_12p,0.6058756638926284,0.6058756638926284
BME,vol_1m,max_dd_6m,-0.6035748407683272,0.6035748407683272
BME,vix,cpi_chg_12p,0.600957601646566,0.600957601646566
BME,vix_ts_z_12p,spy_flow_z_12p,0.5738095789422492,0.5738095789422492
BME,mom12m_skip1m,max_dd_3m,0.5736169298352961,0.5736169298352961
BME,mom12m,max_dd_3m,0.5694175972063603,0.5694175972063603
BME,ma_regime,downside_vol_1m,-0.5595521821898757,0.5595521821898757
BME,vol_of_vol,baspread,0.5583280741214193,0.5583280741214193
BME,vol_1w,max_dd_6m,-0.5539530498342581,0.5539530498342581
BME,max_dd_6m,baspread,-0.5431673174439143,0.5431673174439143
BME,vol_of_vol,max_dd_3m,-0.5425998919390645,0.5425998919390645
BME,vix,term_spread,0.5405013927512434,0.5405013927512434
BME,ma_signal,baspread,-0.5335562043752053,0.5335562043752053
BME,ma_signal,vol_1w,-0.5261485935815454,0.5261485935815454
BME,mom6m,ma_signal,0.5248488487690866,0.5248488487690866
BME,chmom,max_dd_6m,0.523496100143153,0.523496100143153
BME,vol_of_vol,downside_vol_1m,0.5214090199611006,0.5214090199611006
BME,ill_log,sd_turn,0.5197731617672825,0.5197731617672825
BME,vol_ratio_1m_3m,downside_vol_1m,0.5196263122299648,0.5196263122299648
BME,erp,cpi_chg_1p,0.5184200620020047,0.5184200620020047
BME,vol_1w,vol_ratio_1m_3m,0.515651796239801,0.515651796239801
BME,mom6m,vix,-0.512502958619546,0.512502958619546
BME,cpi_chg_12p,tbill3m,-0.5097795165019008,0.5097795165019008
BME,vix_slope,lag2_y_excess_lead,0.5068419745003766,0.5068419745003766
BME,downside_vol_1m,max_dd_6m,-0.5046186942980989,0.5046186942980989
BME,short_reversal_1m,vix_slope,-0.5029401196836969,0.5029401196836969
BME,cpi_chg_1p,cpi_chg_12p,0.49830260147366895,0.49830260147366895
BME,vol_1w,vol_of_vol,0.49577531150581544,0.49577531150581544
BME,trend_slope,spy_flow_z_12p,0.4926153830192317,0.4926153830192317
BME,vol_accel,ill_log,0.4924217979000999,0.4924217979000999
BME,vix_slope,spy_flow_z_12p,0.49017279682539483,0.49017279682539483
BME,ma_signal,vol_ratio_1m_3m,-0.4897397042401765,0.4897397042401765
BME,ma_regime,baspread,-0.4887990842406857,0.4887990842406857
BME,vix_ts_z_12p,lag2_y_excess_lead,0.4882063760269546,0.4882063760269546
BME,ma_regime,vol_1w,-0.4859236834354005,0.4859236834354005
BME,short_reversal_1m,vix_ts_z_12p,-0.48565512862365684,0.48565512862365684
BME,vix,tbill3m,-0.48183647094250454,0.48183647094250454
BME,mom6m,cpi_chg_12p,-0.48025076266708994,0.48025076266708994
BME,short_reversal_1m,vix,0.4747473349289438,0.4747473349289438
BME,mom6m,ma_regime,0.47296846764743794,0.47296846764743794
BME,downside_vol_1m,vix,0.47009194026559015,0.47009194026559015
BME,ma_signal,vol_1m,-0.47004917186298284,0.47004917186298284
BME,baspread,vix,0.4686514029811949,0.4686514029811949
BME,vol_1m,vol_ratio_1m_3m,0.4666650781401753,0.4666650781401753
BME,ma_signal,lag2_y_excess_lead,0.4665449219533587,0.4665449219533587
BME,chmom,tbill3m,-0.4631864838014035,0.4631864838014035
BME,vol_1w,vix,0.46255653403786146,0.46255653403786146
BME,mom6m,max_dd_6m,0.46158417047596934,0.46158417047596934
BME,ma_signal,hy_spread_z_12p,-0.45861081017275185,0.45861081017275185
BME,downside_vol_1m,hy_spread_z_12p,0.4558087442589346,0.4558087442589346
BME,vix,lag2_y_excess_lead,-0.4532861441645894,0.4532861441645894
BME,vol_z,vol_ratio_1m_3m,0.45299515437042087,0.45299515437042087
BME,dolvol_log,sd_turn,-0.44917685897768317,0.44917685897768317
BME,ma_signal,vix,-0.4472266205030376,0.4472266205030376
BME,short_reversal_1m,ma_signal,-0.44622872674932434,0.44622872674932434
BME,mom6m,vix_slope,0.44277771001059896,0.44277771001059896
BME,mom6m,downside_vol_1m,-0.4351263286637585,0.4351263286637585
BME,ma_regime,vix,-0.4341797669025798,0.4341797669025798
BME,ma_regime,vol_1m,-0.4328379147301411,0.4328379147301411
BME,vol_ratio_1m_3m,baspread,0.43089125766588865,0.43089125766588865
BME,chmom,term_spread,0.43045302569438026,0.43045302569438026
BME,mom6m,vol_3m,-0.43023936589137507,0.43023936589137507
BME,cpi_chg_12p,term_spread,0.4293680654482327,0.4293680654482327
BME,vol_1w,hy_spread_z_12p,0.4291891336801149,0.4291891336801149
BME,baspread,hy_spread_z_12p,0.428142027873951,0.428142027873951
BME,vol_accel,sd_turn,0.42753929291513443,0.42753929291513443
BME,max_dd_3m,cpi_chg_12p,-0.41996102531440416,0.41996102531440416
BME,trend_slope,vix_slope,0.4140261251857472,0.4140261251857472
BME,vol_1m,vix,0.41268407280008373,0.41268407280008373
BME,vol_of_vol,max_dd_6m,-0.4122410245762225,0.4122410245762225
BME,hy_spread,cpi_chg_12p,-0.4095176195500251,0.4095176195500251
BME,trend_slope,vix,-0.4086038437407026,0.4086038437407026
BME,vix,spy_flow_z_12p,-0.406368160293875,0.406368160293875
BME,mom6m,vol_1m,-0.4060282878187708,0.4060282878187708
BME,vol_accel,dolvol_log,-0.40514523318873635,0.40514523318873635
BME,mom6m,vol_1w,-0.4051211525647403,0.4051211525647403
BME,ma_regime,lag2_y_excess_lead,0.39900260002442645,0.39900260002442645
BME,trend_slope,vix_ts_z_12p,0.3966570035099187,0.3966570035099187
BME,mom12m_skip1m,tbill3m,-0.39568464264862896,0.39568464264862896
BME,vix_slope,hy_spread_z_12p,-0.39398093421739705,0.39398093421739705
BME,short_reversal_1m,ma_regime,-0.3937865662065436,0.3937865662065436
BME,vol_1m,hy_spread_z_12p,0.3921145037020849,0.3921145037020849
BME,vol_of_vol,ret_skew,0.3917148268608826,0.3917148268608826
BME,erp,cpi_chg_12p,0.39170353987159046,0.39170353987159046
BME,mom6m,baspread,-0.3916126641049451,0.3916126641049451
BME,chmom,erp,0.39061938606269836,0.39061938606269836
BME,ma_signal,vol_z,-0.3900103001719289,0.3900103001719289
BME,max_dd_3m,vix,-0.3876995837597447,0.3876995837597447
BME,vol_of_vol,hy_spread_z_12p,0.3873048645659886,0.3873048645659886
BME,mom12m,cpi_chg_12p,-0.386863014214747,0.386863014214747
BME,mom12m,ma_signal,0.3820008616545235,0.3820008616545235
BME,ma_regime,vol_z,-0.38117109533662263,0.38117109533662263
BME,mom6m,lag2_y_excess_lead,0.3809151262858,0.3809151262858
BME,ma_signal,vix_slope,0.37979028185535674,0.37979028185535674
BME,vol_ratio_1m_3m,hy_spread_z_12p,0.3780092894535498,0.3780092894535498
BME,vol_z,hy_spread_chg_1p,0.3732137180347526,0.3732137180347526
BME,mom12m_skip1m,vol_3m,-0.3731367852245256,0.3731367852245256
BME,ret_kurt,hy_spread,0.3725589910568054,0.3725589910568054
BME,vol_3m,vix,0.36858833104817273,0.36858833104817273
BME,mom12m,vol_3m,-0.36769281515695973,0.36769281515695973
BME,mom12m,ma_regime,0.3665743401724392,0.3665743401724392
BME,mom12m,vix_slope,0.3660561254591894,0.3660561254591894
BME,ma_signal,hy_spread_chg_1p,-0.3646009999776838,0.3646009999776838
BME,vol_1w,cpi_chg_12p,0.36430701512605795,0.36430701512605795
BME,baspread,cpi_chg_12p,0.3641361318366871,0.3641361318366871
BME,vol_3m,cpi_chg_12p,0.36369782161990016,0.36369782161990016
BME,mom12m,cs_mom_rank,0.3589589770690971,0.3589589770690971
BME,ma_regime,cpi_chg_12p,-0.3568006151903092,0.3568006151903092
BME,vol_ratio_1m_3m,hy_spread_chg_1p,0.35289025044958106,0.35289025044958106
BME,mom12m_skip1m,cs_mom_rank,0.35217542420677406,0.35217542420677406
BME,vix_ts_z_12p,hy_spread_z_12p,-0.35213868668057136,0.35213868668057136
BME,mom12m,tbill3m,-0.35213189326066585,0.35213189326066585
BME,vol_1m,cpi_chg_12p,0.35151700379613215,0.35151700379613215
BME,spy_flow_z_12p,hy_spread_chg_1p,-0.35107441945560897,0.35107441945560897
BME,mom12m_skip1m,cpi_chg_12p,-0.35080826566339174,0.35080826566339174
BME,ma_signal,vix_ts_z_12p,0.3502437779649407,0.3502437779649407
BME,short_reversal_1m,turnover,0.34973803806473636,0.34973803806473636
BME,ma_regime,trend_slope,0.3494904092856533,0.3494904092856533
BME,downside_vol_1m,cpi_chg_12p,0.34910601835648203,0.34910601835648203
BME,mom6m,short_reversal_1m,-0.3482772108979234,0.3482772108979234
BME,ma_regime,vol_ratio_1m_3m,-0.34573521589201184,0.34573521589201184
BME,trend_slope,turnover,-0.3439855721695881,0.3439855721695881
BME,ma_regime,hy_spread_z_12p,-0.3435155733697382,0.3435155733697382
BME,ma_regime,vix_slope,0.3434236816539423,0.3434236816539423
BME,ma_signal,cpi_chg_12p,-0.34233543326649984,0.34233543326649984
BME,mom12m_skip1m,term_spread,0.3421756542759424,0.3421756542759424
BME,ma_regime,max_dd_3m,0.3421116827470529,0.3421116827470529
BME,mom12m,erp,0.3417772304322895,0.3417772304322895
BME,ret_kurt,cpi_chg_12p,-0.34112451517972325,0.34112451517972325
BME,mom12m_skip1m,erp,0.34075671257647483,0.34075671257647483
BME,vol_3m,sd_turn,0.3407391487983307,0.3407391487983307
BME,ma_signal,trend_slope,0.34048571527584537,0.34048571527584537
BME,mom12m,vix,-0.3402085296067126,0.3402085296067126
BME,vol_3m,ret_skew,0.34014298662896725,0.34014298662896725
BME,chmom,cpi_chg_1p,0.3373088619537353,0.3373088619537353
BME,max_dd_6m,cpi_chg_12p,-0.3330935267200989,0.3330935267200989
BME,ret_skew,ret_kurt,0.33258523690599323,0.33258523690599323
BME,vix_ts_z_12p,hy_spread_chg_1p,-0.33183411158520354,0.33183411158520354
BME,vol_z,hy_spread_z_12p,0.3308211350352713,0.3308211350352713
BME,mom12m,vol_1w,-0.32934003687573893,0.32934003687573893
BME,mom6m,vix_ts_z_12p,0.32726321712523915,0.32726321712523915
BME,short_reversal_1m,hy_spread_chg_1p,0.3240853374640299,0.3240853374640299
BME,vix_slope,hy_spread_chg_1p,-0.3234960641105637,0.3234960641105637
BME,max_dd_3m,ret_skew,-0.3217259624077795,0.3217259624077795
BME,mom12m,vol_1m,-0.32161971990582106,0.32161971990582106
BME,ma_regime,vix_ts_z_12p,0.3211964585577225,0.3211964585577225
BME,ma_signal,spy_flow_z_12p,0.3209908030853518,0.3209908030853518
BME,vix,cpi_chg_1p,0.3206567980458614,0.3206567980458614
BME,vol_3m,ill_log,0.3202015165504443,0.3202015165504443
BME,mom12m,downside_vol_1m,-0.31860590087552904,0.31860590087552904
BME,mom12m_skip1m,vol_1m,-0.3184879976720955,0.3184879976720955
BME,turnover,spy_flow_z_12p,-0.31844620366881654,0.31844620366881654
BME,vol_1w,ill_log,0.31448780875937343,0.31448780875937343
BME,hy_spread_chg_1p,lag2_y_excess_lead,-0.31417585225743333,0.31417585225743333
BME,vol_1m,ill_log,0.3134498284350622,0.3134498284350622
BME,mom12m,baspread,-0.31161194641277784,0.31161194641277784
BME,spy_ret,erp,0.3109932228221849,0.3109932228221849
BME,max_dd_6m,ill_log,-0.310768123774197,0.310768123774197
BME,vol_of_vol,sd_turn,0.31062758721967,0.31062758721967
BME,vol_z,spy_flow_z_12p,-0.30807730828560986,0.30807730828560986
BME,short_reversal_1m,spy_ret,-0.3077733681971515,0.3077733681971515
BME,vix,spy_ret,-0.30560932075090413,0.30560932075090413
BME,spy_ret,term_spread,-0.30317377105487925,0.30317377105487925
BME,max_dd_6m,ret_skew,-0.3025090858883007,0.3025090858883007
BME,vix,erp,0.3015301856418532,0.3015301856418532
BME,turnover,lag2_y_excess_lead,-0.30115516291659983,0.30115516291659983
BME,spy_ret,lag2_y_excess_lead,0.30082396305891823,0.30082396305891823
BME,downside_vol_1m,ill_log,0.3000778917995416,0.3000778917995416
BME,ma_regime,spy_flow_z_12p,0.29963557588415196,0.29963557588415196
BME,mom12m_skip1m,vol_1w,-0.2984783642096041,0.2984783642096041
BME,vol_accel,turnover,0.29820937055808083,0.29820937055808083
BME,turnover,hy_spread_chg_1p,0.29600251256543036,0.29600251256543036
BME,mom12m_skip1m,baspread,-0.2957110165902786,0.2957110165902786
BME,vol_1w,vix_slope,-0.2939981226885888,0.2939981226885888
BME,ma_regime,hy_spread_chg_1p,-0.293747422731976,0.293747422731976
BME,chmom,cs_mom_rank,0.2858014771300832,0.2858014771300832
BME,sd_turn,baspread,0.2856672974271498,0.2856672974271498
BME,vol_1w,vol_z,0.28485034843226176,0.28485034843226176
BME,vol_1m,sd_turn,0.2845780026469029,0.2845780026469029
BME,vol_of_vol,hy_spread,0.2835988217204579,0.2835988217204579
BME,mom12m,term_spread,0.28208391443747827,0.28208391443747827
BME,mom12m,lag2_y_excess_lead,0.27822518488986775,0.27822518488986775
BME,ma_signal,max_dd_3m,0.2770149429703308,0.2770149429703308
BME,max_dd_6m,vix,-0.27504966070452747,0.27504966070452747
BME,max_dd_3m,ill_log,-0.27345395349673735,0.27345395349673735
BME,downside_vol_1m,vix_slope,-0.2726843479120455,0.2726843479120455
BME,trend_slope,vol_z,-0.27245712109670966,0.27245712109670966
BME,vol_z,downside_vol_1m,0.2692627058737668,0.2692627058737668
BME,vix,hy_spread_z_12p,0.26911003620107105,0.26911003620107105
BME,spy_ret,spy_flow_z_12p,0.26836327679026245,0.26836327679026245
BME,mom12m_skip1m,ma_signal,0.26506046134417655,0.26506046134417655
BME,mom6m,cs_mom_rank,0.2649106720893191,0.2649106720893191
BME,mom12m_skip1m,downside_vol_1m,-0.264708774129055,0.264708774129055
BME,mom12m_skip1m,ma_regime,0.2635744663449976,0.2635744663449976
BME,ma_regime,vol_3m,-0.2632560901629096,0.2632560901629096
BME,vol_1m,ret_skew,0.26207970280399623,0.26207970280399623
BME,pct_above_50dma,spy_flow_z_12p,0.2613623352020935,0.2613623352020935
BME,ret_autocorr,hy_spread,-0.258924709625405,0.258924709625405
BME,vol_3m,ret_kurt,0.25877403957891926,0.25877403957891926
BME,spy_ret,tbill3m,0.2572381611414269,0.2572381611414269
BME,baspread,vix_slope,-0.25631762856488327,0.25631762856488327
BME,mom6m,trend_slope,0.2556408773354924,0.2556408773354924
BME,spy_flow_z_12p,term_spread,-0.25558577214379236,0.25558577214379236
BME,ma_regime,turnover,-0.2554599653494186,0.2554599653494186
BME,short_reversal_1m,hy_spread_z_12p,0.25345516957656733,0.25345516957656733
BME,downside_vol_1m,sd_turn,0.25197803237943855,0.25197803237943855
BME,ma_signal,cpi_chg_1p,-0.24734592682533418,0.24734592682533418
BME,hy_spread_z_12p,lag2_y_excess_lead,-0.24602678721718854,0.24602678721718854
BME,mom6m,vol_of_vol,-0.24545618661656007,0.24545618661656007
BME,vol_z,vix_slope,-0.24358279906183855,0.24358279906183855
BME,mom12m_skip1m,ret_skew,-0.24275802886023193,0.24275802886023193
BME,trend_slope,cpi_chg_12p,-0.24245728558069948,0.24245728558069948
BME,short_reversal_1m,vol_z,0.24228868358463854,0.24228868358463854
BME,ret_skew,baspread,0.2413876976782699,0.2413876976782699
BME,mom6m,hy_spread_z_12p,-0.24020239053713272,0.24020239053713272
BME,max_dd_3m,vix_slope,0.23939396858387074,0.23939396858387074
BME,chmom,max_dd_3m,0.23911117326541523,0.23911117326541523
BME,turnover,vix_slope,-0.23799375905235207,0.23799375905235207
BME,mom12m,short_reversal_1m,-0.23766766656041788,0.23766766656041788
BME,vol_1w,sd_turn,0.23432128004149877,0.23432128004149877
BME,ret_kurt,hy_spread_z_12p,0.23413199622438463,0.23413199622438463
BME,short_reversal_1m,downside_vol_1m,0.2333418441418858,0.2333418441418858
BME,vol_1w,hy_spread_chg_1p,0.2327188291087245,0.2327188291087245
BME,ill_log,baspread,0.23219558736053222,0.23219558736053222
BME,mom12m_skip1m,vix_slope,0.23095201625429035,0.23095201625429035
BME,vol_z,vix_ts_z_12p,-0.2308583671228142,0.2308583671228142
BME,vol_z,lag2_y_excess_lead,-0.2248199723827314,0.2248199723827314
BME,baspread,term_spread,0.2238140559350578,0.2238140559350578
BME,max_dd_3m,vol_autocorr,-0.22311098813928992,0.22311098813928992
BME,downside_vol_1m,lag2_y_excess_lead,-0.22302156179978547,0.22302156179978547
BME,max_dd_3m,sd_turn,-0.2220284366076824,0.2220284366076824
BME,baspread,erp,0.22199655978508284,0.22199655978508284
BME,turnover,vix_ts_z_12p,-0.22151132584250163,0.22151132584250163
BME,vol_of_vol,hy_spread_chg_1p,-0.21957061385382565,0.21957061385382565
BME,downside_vol_1m,term_spread,0.21908894980401086,0.21908894980401086
BME,mom12m_skip1m,vix,-0.21884293389789214,0.21884293389789214
BME,ill_log,cpi_chg_12p,0.21720853971630133,0.21720853971630133
BME,vix_ts_z_12p,spy_ret,0.21468063510398502,0.21468063510398502
BME,vol_1w,ret_skew,0.21327032651280836,0.21327032651280836
BME,cs_mom_rank,max_dd_6m,0.21283035701936034,0.21283035701936034
BME,vix_slope,lag_y_excess_lead,-0.21202629372989465,0.21202629372989465
BME,mom12m_skip1m,cpi_chg_1p,0.2115458852551442,0.2115458852551442
BME,vol_z,vix,0.21076097347880435,0.21076097347880435
BME,max_dd_3m,ret_kurt,-0.21054736815231262,0.21054736815231262
BME,trend_slope,hy_spread_chg_1p,-0.2104348423780959,0.2104348423780959
BME,cs_mom_rank,max_dd_3m,0.21029992003773987,0.21029992003773987
BME,vol_z,vol_accel,0.20985630902413416,0.20985630902413416
BME,ma_signal,turnover,-0.20703213047895747,0.20703213047895747
BME,ret_kurt,hy_spread_chg_1p,-0.20658664026543216,0.20658664026543216
BME,downside_vol_1m,cpi_chg_1p,0.20516902680703242,0.20516902680703242
BME,mom12m_skip1m,pct_above_50dma,-0.2041307858538822,0.2041307858538822
BME,ma_regime,max_dd_6m,0.2037069931632097,0.2037069931632097
BME,vol_z,baspread,0.20251296438659935,0.20251296438659935
BME,ret_skew,tbill3m,0.2022355416510455,0.2022355416510455
BME,mom12m,trend_slope,0.2007101622163112,0.2007101622163112
BME,downside_vol_1m,hy_spread_chg_1p,0.2004798753966904,0.2004798753966904
BME,max_dd_3m,hy_spread_z_12p,-0.1997431592110377,0.1997431592110377
BME,vol_ratio_1m_3m,cpi_chg_1p,0.1995269139826845,0.1995269139826845
BME,vix_slope,cpi_chg_12p,-0.19869813368572034,0.19869813368572034
BME,vol_1m,vix_slope,-0.19840663809294823,0.19840663809294823
BME,baspread,tbill3m,-0.19787887664310286,0.19787887664310286
BME,ma_signal,term_spread,-0.1975003565305961,0.1975003565305961
BME,ma_signal,vol_3m,-0.19714190983633298,0.19714190983633298
BME,short_reversal_1m,term_spread,0.19597610683677108,0.19597610683677108
BME,vix_slope,spy_ret,0.19489371800389774,0.19489371800389774
BME,mom12m_skip1m,vol_of_vol,-0.19471984626133557,0.19471984626133557
BME,spy_ret,cpi_chg_12p,-0.1944527566634596,0.1944527566634596
BME,vol_1w,vix_ts_z_12p,-0.19264078014326844,0.19264078014326844
BME,short_reversal_1m,ret_skew,-0.1904066484040501,0.1904066484040501
BME,vol_3m,vol_autocorr,0.19013842645882603,0.19013842645882603
BME,ret_skew,hy_spread,0.18877983550244667,0.18877983550244667
BME,turnover,hy_spread_z_12p,0.1875476546632976,0.1875476546632976
BME,ret_kurt,cpi_chg_1p,-0.1869225151978916,0.1869225151978916
BME,vol_1w,term_spread,0.18653326227300904,0.18653326227300904
BME,mom12m,ret_skew,-0.18633033565383753,0.18633033565383753
BME,vol_ratio_1m_3m,erp,0.1862285175909064,0.1862285175909064
BME,mom12m,cpi_chg_1p,0.18615488440685538,0.18615488440685538
BME,baspread,cpi_chg_1p,0.1860352112360211,0.1860352112360211
BME,ma_regime,term_spread,-0.18424937567114547,0.18424937567114547
BME,turnover,vix,0.1842277654609479,0.1842277654609479
BME,vol_1w,cpi_chg_1p,0.18393103176954348,0.18393103176954348
BME,vix,hy_spread_chg_1p,0.18334533222447294,0.18334533222447294
BME,cpi_chg_12p,lag_y_excess_lead,-0.18302484257944335,0.18302484257944335
BME,vol_3m,hy_spread_chg_1p,-0.18254152927883296,0.18254152927883296
BME,spy_flow_z_12p,hy_spread_z_12p,-0.18228574410859566,0.18228574410859566
BME,cpi_chg_12p,lag2_y_excess_lead,-0.18019694387714608,0.18019694387714608
BME,lag_y_excess_lead,lag2_y_excess_lead,-0.18007710562064588,0.18007710562064588
BME,ret_skew,lag2_y_excess_lead,0.17953449206377486,0.17953449206377486
BME,mom6m,chmom,0.1782620271321361,0.1782620271321361
BME,downside_vol_1m,erp,0.17752183226957943,0.17752183226957943
BME,short_reversal_1m,lag_y_excess_lead,0.1772541724086309,0.1772541724086309
BME,max_dd_6m,vix_slope,0.17696969959692055,0.17696969959692055
BME,vix_ts_z_12p,lag_y_excess_lead,-0.17656241082745527,0.17656241082745527
BME,trend_slope,term_spread,-0.1762230408109522,0.1762230408109522
BME,ret_kurt,spy_flow_z_12p,0.17543345582771547,0.17543345582771547
BME,mom6m,spy_flow_z_12p,0.17516224958031654,0.17516224958031654
BME,vol_3m,hy_spread_z_12p,0.17448840641323274,0.17448840641323274
BME,short_reversal_1m,cpi_chg_12p,0.1737667227545125,0.1737667227545125
BME,mom12m,vol_of_vol,-0.17375763328353455,0.17375763328353455
BME,vol_1m,vol_z,0.1736938875064333,0.1736938875064333
BME,downside_vol_1m,tbill3m,-0.1734575721552144,0.1734575721552144
BME,ret_kurt,tbill3m,0.1724938994379923,0.1724938994379923
BME,downside_vol_1m,vix_ts_z_12p,-0.171704818913693,0.171704818913693
BME,ret_kurt,sd_turn,0.17138523122964283,0.17138523122964283
BME,trend_slope,downside_vol_1m,-0.17131900099715874,0.17131900099715874
BME,vol_3m,vix_slope,-0.1712138405985517,0.1712138405985517
BME,max_dd_6m,tbill3m,-0.17117449185572278,0.17117449185572278
BME,ma_regime,cpi_chg_1p,-0.1689734331735088,0.1689734331735088
BME,vol_of_vol,vol_autocorr,0.16861622117380423,0.16861622117380423
BME,vol_1m,term_spread,0.168307189662694,0.168307189662694
BME,vol_accel,vol_autocorr,-0.1674613175175584,0.1674613175175584
BME,downside_vol_1m,vol_autocorr,0.16689069508814405,0.16689069508814405
BME,ret_skew,term_spread,-0.16673385983113378,0.16673385983113378
BME,spy_flow_z_12p,cpi_chg_1p,-0.16660318477832955,0.16660318477832955
BME,ret_skew,spy_flow_z_12p,0.16581378815025904,0.16581378815025904
BME,vix_ts_z_12p,term_spread,-0.16565219911342385,0.16565219911342385
BME,erp,lag_y_excess_lead,-0.16494068904340073,0.16494068904340073
BME,mom12m,pct_above_50dma,-0.16410354573381936,0.16410354573381936
BME,spy_flow_z_12p,tbill3m,0.16214808167995207,0.16214808167995207
BME,spy_flow_z_12p,lag_y_excess_lead,-0.161804690416504,0.161804690416504
BME,chmom,vol_3m,-0.16013129316502556,0.16013129316502556
BME,hy_spread,tbill3m,0.15999319191566652,0.15999319191566652
BME,cs_mom_rank,ma_signal,0.15998467599544974,0.15998467599544974
BME,pct_above_50dma,cpi_chg_1p,-0.15986168558997982,0.15986168558997982
BME,vol_1m,vol_autocorr,0.15947325119206524,0.15947325119206524
BME,sd_turn,hy_spread_z_12p,0.15839095420932983,0.15839095420932983
BME,max_dd_6m,erp,0.15814539659846,0.15814539659846
BME,trend_slope,ret_kurt,0.15646913809963262,0.15646913809963262
BME,chmom,ret_skew,-0.15622090281440368,0.15622090281440368
BME,vol_1m,erp,0.1554972720440931,0.1554972720440931
BME,vol_1w,erp,0.15456066531373047,0.15456066531373047
BME,vol_z,spy_ret,0.1541048086358353,0.1541048086358353
BME,ill_log,vix,0.15284559379782064,0.15284559379782064
BME,ill_log,hy_spread,-0.15261457189928004,0.15261457189928004
BME,vol_1m,cpi_chg_1p,0.15147505755685373,0.15147505755685373
BME,ma_signal,max_dd_6m,0.15144765323680456,0.15144765323680456
BME,mom12m,vix_ts_z_12p,0.15105718917856834,0.15105718917856834
BME,vix_slope,erp,0.15100616244595014,0.15100616244595014
BME,max_dd_6m,sd_turn,-0.15060837301256624,0.15060837301256624
BME,vol_1w,tbill3m,-0.14940050580141215,0.14940050580141215
BME,hy_spread,cpi_chg_1p,-0.14913578050658738,0.14913578050658738
BME,vix,lag_y_excess_lead,0.14895489325677266,0.14895489325677266
BME,sd_turn,erp,0.14863542399745633,0.14863542399745633
BME,baspread,vix_ts_z_12p,-0.14851669598732922,0.14851669598732922
BME,chmom,vix_slope,0.14735383283897024,0.14735383283897024
BME,trend_slope,tbill3m,0.14695240462901374,0.14695240462901374
BME,spy_ret,cpi_chg_1p,-0.14661698169340318,0.14661698169340318
BME,trend_slope,lag_y_excess_lead,-0.1459264626606505,0.1459264626606505
BME,chmom,cpi_chg_12p,-0.14545800243436377,0.14545800243436377
BME,sd_turn,tbill3m,-0.14536761346711738,0.14536761346711738
BME,ma_regime,ret_kurt,0.14497944288597117,0.14497944288597117
BME,ret_skew,erp,-0.1444232301774539,0.1444232301774539
BME,vol_ratio_1m_3m,spy_ret,0.14365932517056254,0.14365932517056254
BME,trend_slope,hy_spread_z_12p,-0.14309843435714634,0.14309843435714634
BME,sd_turn,vix,0.14271563225162276,0.14271563225162276
BME,vol_autocorr,baspread,0.14256286424825984,0.14256286424825984
BME,trend_slope,ret_skew,0.14229352915806195,0.14229352915806195
BME,trend_slope,spy_ret,0.14151436325194633,0.14151436325194633
BME,short_reversal_1m,vol_1w,0.1414258994745335,0.1414258994745335
BME,ret_skew,vix_ts_z_12p,0.14111781264662537,0.14111781264662537
BME,spy_ret,hy_spread,0.14092827375419065,0.14092827375419065
BME,vix_ts_z_12p,cpi_chg_12p,-0.14076396627228527,0.14076396627228527
BME,vol_1m,ret_kurt,0.14064218179684718,0.14064218179684718
BME,vol_of_vol,vix,0.13927833477749826,0.13927833477749826
BME,hy_spread,lag_y_excess_lead,0.13909951859406952,0.13909951859406952
BME,vol_1m,tbill3m,-0.13907723029725091,0.13907723029725091
BME,vol_of_vol,cpi_chg_1p,-0.13849204912024593,0.13849204912024593
BME,max_dd_3m,hy_spread_chg_1p,0.1383383891063147,0.1383383891063147
BME,vol_ratio_1m_3m,term_spread,0.1374447619239797,0.1374447619239797
BME,trend_slope,dolvol_log,0.1360107746397782,0.1360107746397782
BME,ma_regime,ill_log,-0.13597642102441787,0.13597642102441787
BME,spy_ret,lag_y_excess_lead,-0.13583946833231905,0.13583946833231905
BME,mom6m,vol_z,-0.13555877018728782,0.13555877018728782
BME,max_dd_6m,term_spread,0.13548608766940706,0.13548608766940706
BME,ret_kurt,vol_autocorr,0.13466293323349532,0.13466293323349532
BME,vol_1w,vol_autocorr,0.1331389743052394,0.1331389743052394
BME,ma_signal,erp,-0.13307648455284588,0.13307648455284588
BME,term_spread,lag2_y_excess_lead,-0.13201987630482573,0.13201987630482573
BME,cs_mom_rank,ma_regime,0.13177382549380343,0.13177382549380343
BME,mom6m,pct_above_50dma,-0.1310771666342333,0.1310771666342333
BME,max_dd_6m,spy_flow_z_12p,-0.13010748081847381,0.13010748081847381
BME,mom12m_skip1m,spy_flow_z_12p,-0.13001313728144323,0.13001313728144323
BME,ma_signal,tbill3m,0.12999497660086118,0.12999497660086118
BME,ret_kurt,erp,-0.12988326008680684,0.12988326008680684
BME,vol_1w,lag2_y_excess_lead,-0.1292939138909378,0.1292939138909378
BME,trend_slope,vol_1w,-0.12911984240946794,0.12911984240946794
BME,ma_regime,tbill3m,0.12862745254595764,0.12862745254595764
BME,mom12m,vol_z,-0.12840549873902865,0.12840549873902865
BME,mom6m,ret_skew,-0.12808833630285027,0.12808833630285027
BME,vol_ratio_1m_3m,vix,0.12793695618089887,0.12793695618089887
BME,short_reversal_1m,pct_above_50dma,-0.1274778155050119,0.1274778155050119
BME,ret_autocorr,cpi_chg_12p,0.1272946264195884,0.1272946264195884
BME,trend_slope,vol_accel,-0.1269908553489413,0.1269908553489413
BME,chmom,vol_1w,-0.12693552834188546,0.12693552834188546
BME,vol_1w,turnover,0.12644834766229016,0.12644834766229016
BME,vol_ratio_1m_3m,ret_autocorr,0.12591193049235966,0.12591193049235966
BME,ret_kurt,lag2_y_excess_lead,0.12441868305136071,0.12441868305136071
BME,mom6m,spy_ret,0.12427622302985153,0.12427622302985153
BME,cs_mom_rank,vol_3m,-0.12422267186633551,0.12422267186633551
BME,cs_mom_rank,ret_skew,-0.1239764438535705,0.1239764438535705
BME,chmom,vol_autocorr,0.12395570207471544,0.12395570207471544
BME,baspread,hy_spread_chg_1p,0.1231013990317096,0.1231013990317096
BME,chmom,ma_regime,0.1228846313122084,0.1228846313122084
BME,chmom,pct_above_50dma,-0.12233689922042336,0.12233689922042336
BME,short_reversal_1m,tbill3m,-0.12173623865634438,0.12173623865634438
BME,vol_of_vol,spy_flow_z_12p,0.12046606145462106,0.12046606145462106
BME,cs_mom_rank,baspread,-0.11980482824779011,0.11980482824779011
BME,trend_slope,cpi_chg_1p,-0.11876343711731668,0.11876343711731668
BME,downside_vol_1m,spy_flow_z_12p,-0.11826936802889763,0.11826936802889763
BME,ma_signal,ret_kurt,0.11822924916931477,0.11822924916931477
BME,vol_accel,max_dd_6m,-0.11752805910582288,0.11752805910582288
BME,trend_slope,hy_spread,0.11724946618198352,0.11724946618198352
BME,vol_z,erp,0.11692216862614502,0.11692216862614502
BME,pct_above_50dma,lag2_y_excess_lead,0.11675118012518144,0.11675118012518144
BME,max_dd_6m,ret_kurt,-0.116415407657111,0.116415407657111
BME,ma_regime,erp,-0.11612704276026588,0.11612704276026588
BME,vol_of_vol,ill_log,0.11575436999621529,0.11575436999621529
BME,chmom,vol_1m,-0.1152755219410267,0.1152755219410267
BME,ill_log,tbill3m,-0.11521597954010991,0.11521597954010991
BME,chmom,spy_ret,-0.11512408970739892,0.11512408970739892
BME,vol_3m,vol_accel,0.11468776804996744,0.11468776804996744
BME,max_dd_3m,pct_above_50dma,-0.11415945256372646,0.11415945256372646
BME,cs_mom_rank,vol_1m,-0.11355883038002033,0.11355883038002033
BME,chmom,baspread,-0.11317543866571932,0.11317543866571932
BME,vol_autocorr,hy_spread_z_12p,0.11288985027796601,0.11288985027796601
BME,vol_accel,vix_slope,-0.11236279853043225,0.11236279853043225
BME,pct_above_50dma,tbill3m,0.11211800997959645,0.11211800997959645
BME,vol_autocorr,vix_ts_z_12p,0.11134695829777423,0.11134695829777423
BME,trend_slope,vol_autocorr,0.11054721771858843,0.11054721771858843
BME,mom6m,erp,0.11027045517393425,0.11027045517393425
BME,mom12m,hy_spread_z_12p,-0.1094737310570817,0.1094737310570817
BME,vol_3m,term_spread,0.10892474492362203,0.10892474492362203
BME,cs_mom_rank,vol_1w,-0.10888023298438472,0.10888023298438472
BME,trend_slope,ret_autocorr,-0.10869585308389065,0.10869585308389065
BME,mom6m,ill_log,-0.10867810164798171,0.10867810164798171
BME,vix_ts_z_12p,cpi_chg_1p,-0.10839217782317895,0.10839217782317895
BME,ma_signal,vol_of_vol,-0.1077092168214559,0.1077092168214559
BME,ret_kurt,pct_above_50dma,0.10761962419323526,0.10761962419323526
BME,vol_z,hy_spread,0.10744370540552987,0.10744370540552987
BME,cs_mom_rank,downside_vol_1m,-0.10725071981870801,0.10725071981870801
BME,short_reversal_1m,ret_kurt,-0.10709821392419953,0.10709821392419953
BME,vol_ratio_1m_3m,tbill3m,-0.10697022520256583,0.10697022520256583
BME,hy_spread,hy_spread_z_12p,0.10592089940652231,0.10592089940652231
BME,ret_autocorr,spy_flow_z_12p,-0.10570968143657258,0.10570968143657258
BME,vol_z,lag_y_excess_lead,0.1048190418683758,0.1048190418683758
BME,trend_slope,pct_above_50dma,0.10481258795491348,0.10481258795491348
BME,sd_turn,term_spread,0.1047579108094032,0.1047579108094032
BME,erp,lag2_y_excess_lead,0.10465782373107474,0.10465782373107474
BME,max_dd_6m,hy_spread_chg_1p,0.10463911595324174,0.10463911595324174
BME,ret_skew,hy_spread_chg_1p,-0.10454850326287297,0.10454850326287297
BME,vol_z,ret_autocorr,0.10380657628428876,0.10380657628428876
BME,short_reversal_1m,vol_accel,0.1037093261173929,0.1037093261173929
BME,chmom,ret_autocorr,-0.1036539346290963,0.1036539346290963
BME,vol_ratio_1m_3m,turnover,0.10362379448402113,0.10362379448402113
BME,mom6m,vol_autocorr,-0.10307905779176696,0.10307905779176696
BME,pct_above_50dma,hy_spread,0.10279686869670501,0.10279686869670501
BME,hy_spread_z_12p,cpi_chg_1p,-0.10275337587858895,0.10275337587858895
BME,ma_signal,ill_log,-0.10250912430679208,0.10250912430679208
BME,vol_3m,dolvol_log,-0.10233944070011837,0.10233944070011837
BME,max_dd_6m,hy_spread,-0.10210993191804468,0.10210993191804468
BME,vol_ratio_1m_3m,ret_kurt,-0.1015124203423456,0.1015124203423456
BME,chmom,ma_signal,0.10136434789530281,0.10136434789530281
BME,vol_3m,spy_flow_z_12p,0.10101067324911206,0.10101067324911206
BME,hy_spread_chg_1p,lag_y_excess_lead,-0.10030545098891508,0.10030545098891508
BME,vol_1w,spy_flow_z_12p,-0.10030314589443386,0.10030314589443386
BME,max_dd_6m,cpi_chg_1p,0.10018753198948747,0.10018753198948747
BME,mom6m,turnover,-0.09949144436030041,0.09949144436030041
BME,trend_slope,baspread,-0.09861233941058993,0.09861233941058993
BME,ill_log,cpi_chg_1p,0.09773387391585397,0.09773387391585397
BME,dolvol_log,hy_spread,0.0975385104990417,0.0975385104990417
BME,vol_autocorr,dolvol_log,0.09695325274714181,0.09695325274714181
BME,vol_of_vol,lag_y_excess_lead,0.09686114342501924,0.09686114342501924
BME,ret_skew,spy_ret,0.09659274280212415,0.09659274280212415
BME,downside_vol_1m,ret_kurt,0.0958801865683122,0.0958801865683122
BME,ma_signal,ret_skew,0.09584297237298134,0.09584297237298134
BME,hy_spread,term_spread,0.09581360189819854,0.09581360189819854
BME,vol_autocorr,tbill3m,-0.09452794045209297,0.09452794045209297
BME,ill_log,erp,0.09414437509570084,0.09414437509570084
BME,downside_vol_1m,turnover,0.09283459044220685,0.09283459044220685
BME,vol_of_vol,vol_ratio_1m_3m,0.0920015175723908,0.0920015175723908
BME,vol_ratio_1m_3m,vix_ts_z_12p,-0.09147509713383277,0.09147509713383277
BME,vol_of_vol,tbill3m,0.09118584631767786,0.09118584631767786
BME,vol_ratio_1m_3m,max_dd_3m,0.0905654543523037,0.0905654543523037
BME,vol_ratio_1m_3m,spy_flow_z_12p,-0.09045914885546703,0.09045914885546703
BME,ret_skew,vix,-0.09045907143099764,0.09045907143099764
BME,tbill3m,lag_y_excess_lead,0.08980972085670039,0.08980972085670039
BME,sd_turn,lag_y_excess_lead,0.08980840391919732,0.08980840391919732
BME,max_dd_6m,dolvol_log,0.08974914119325163,0.08974914119325163
BME,spy_flow_z_12p,cpi_chg_12p,-0.08958299509907872,0.08958299509907872
BME,ret_kurt,ret_autocorr,-0.0894893106487482,0.0894893106487482
BME,mom6m,cpi_chg_1p,-0.08915127882449199,0.08915127882449199
BME,pct_above_50dma,term_spread,-0.0886302552173144,0.0886302552173144
BME,vol_ratio_1m_3m,max_dd_6m,0.08853481092857522,0.08853481092857522
BME,spy_ret,hy_spread_z_12p,0.08843718883094498,0.08843718883094498
BME,baspread,lag2_y_excess_lead,-0.08839544921166051,0.08839544921166051
BME,ret_skew,hy_spread_z_12p,0.08819003672372952,0.08819003672372952
BME,vol_3m,turnover,-0.08764214506997497,0.08764214506997497
BME,vol_1m,vol_accel,0.08737799628520879,0.08737799628520879
BME,vol_3m,tbill3m,-0.08693172035727363,0.08693172035727363
BME,chmom,downside_vol_1m,-0.08673042706131814,0.08673042706131814
BME,vol_accel,ret_autocorr,0.08660816305675119,0.08660816305675119
BME,vol_autocorr,vix_slope,0.08624818404227612,0.08624818404227612
BME,vol_3m,vol_z,-0.0861956286248194,0.0861956286248194
BME,max_dd_6m,ret_autocorr,0.0860655552754908,0.0860655552754908
BME,vol_accel,lag2_y_excess_lead,-0.08593508029157779,0.08593508029157779
BME,mom12m_skip1m,spy_ret,-0.08582210782830207,0.08582210782830207
BME,vol_1w,vol_accel,0.08548271340601082,0.08548271340601082
BME,trend_slope,ill_log,-0.08540160544424845,0.08540160544424845
BME,max_dd_3m,spy_flow_z_12p,-0.08506446784550298,0.08506446784550298
BME,ma_signal,lag_y_excess_lead,-0.08502949695779742,0.08502949695779742
BME,mom12m,turnover,-0.08486248309367689,0.08486248309367689
BME,mom12m,ret_autocorr,-0.08412222753122126,0.08412222753122126
BME,vol_autocorr,sd_turn,0.0837791750303101,0.0837791750303101
BME,vol_accel,vix_ts_z_12p,-0.08291137024205748,0.08291137024205748
BME,short_reversal_1m,vol_autocorr,-0.082452939909491,0.082452939909491
BME,short_reversal_1m,baspread,0.08223029823387862,0.08223029823387862
BME,ret_kurt,baspread,0.08187702743159608,0.08187702743159608
BME,ret_skew,pct_above_50dma,0.08183842926503203,0.08183842926503203
BME,vol_of_vol,cpi_chg_12p,-0.08172699983770954,0.08172699983770954
BME,ma_regime,vol_of_vol,-0.08122335118156399,0.08122335118156399
BME,ret_skew,cpi_chg_1p,-0.08085342923328383,0.08085342923328383
BME,vol_1m,hy_spread_chg_1p,0.08062462518852924,0.08062462518852924
BME,vol_of_vol,vix_slope,-0.08023257370922637,0.08023257370922637
BME,vol_accel,cpi_chg_1p,-0.07987155910772786,0.07987155910772786
BME,short_reversal_1m,cpi_chg_1p,0.07985353979980986,0.07985353979980986
BME,chmom,sd_turn,0.07972556358748864,0.07972556358748864
BME,vol_3m,vol_ratio_1m_3m,-0.07959873854373392,0.07959873854373392
BME,pct_above_50dma,hy_spread_chg_1p,-0.07950412719933661,0.07950412719933661
BME,ret_autocorr,pct_above_50dma,-0.07879541749220995,0.07879541749220995
BME,chmom,vol_accel,-0.07838977598443084,0.07838977598443084
BME,erp,hy_spread,-0.07787272767067839,0.07787272767067839
BME,vol_autocorr,lag2_y_excess_lead,0.07785327743775111,0.07785327743775111
BME,trend_slope,vol_of_vol,0.07775096076915383,0.07775096076915383
BME,vol_accel,max_dd_3m,-0.07760295746518484,0.07760295746518484
BME,vol_1m,vix_ts_z_12p,-0.07724836856016015,0.07724836856016015
BME,pct_above_50dma,hy_spread_z_12p,-0.07666024188981649,0.07666024188981649
BME,chmom,hy_spread_chg_1p,-0.0759755464799197,0.0759755464799197
BME,cs_mom_rank,lag2_y_excess_lead,0.07564432996595498,0.07564432996595498
BME,mom12m_skip1m,ret_autocorr,-0.07514936526656306,0.07514936526656306
BME,chmom,lag2_y_excess_lead,0.0749554638701106,0.0749554638701106
BME,ill_log,term_spread,0.07473342536348315,0.07473342536348315
BME,ma_signal,ret_autocorr,-0.0745965113404216,0.0745965113404216
BME,ret_skew,cpi_chg_12p,-0.07457548824549487,0.07457548824549487
BME,ret_kurt,vix,-0.07441430349845775,0.07441430349845775
BME,max_dd_6m,pct_above_50dma,-0.07436293522567211,0.07436293522567211
BME,vol_z,sd_turn,0.07369492264603889,0.07369492264603889
BME,vol_3m,erp,0.0735165661255744,0.0735165661255744
BME,vix_ts_z_12p,erp,0.07315372565107675,0.07315372565107675
BME,spy_ret,pct_above_50dma,0.07263567926257591,0.07263567926257591
BME,hy_spread_z_12p,term_spread,-0.07216354610997278,0.07216354610997278
BME,vol_1m,dolvol_log,-0.07107315323765347,0.07107315323765347
BME,max_dd_3m,dolvol_log,0.07105747277681644,0.07105747277681644
BME,vol_accel,downside_vol_1m,0.07101649615643467,0.07101649615643467
BME,chmom,spy_flow_z_12p,-0.07089172694450385,0.07089172694450385
BME,vol_autocorr,spy_ret,-0.07060440411130106,0.07060440411130106
BME,ret_kurt,spy_ret,0.07050854797555893,0.07050854797555893
BME,mom12m,ill_log,-0.07014921341710026,0.07014921341710026
BME,vol_of_vol,vol_accel,0.07012666974051457,0.07012666974051457
BME,ret_autocorr,lag2_y_excess_lead,-0.07011667678297435,0.07011667678297435
BME,chmom,trend_slope,0.07005687240224964,0.07005687240224964
BME,sd_turn,hy_spread_chg_1p,-0.06971230191303028,0.06971230191303028
BME,ret_skew,vix_slope,0.0696763524643055,0.0696763524643055
BME,hy_spread_z_12p,cpi_chg_12p,-0.0695998403527839,0.0695998403527839
BME,vol_accel,spy_ret,0.06933460675195072,0.06933460675195072
BME,erp,pct_above_50dma,-0.06930334151490708,0.06930334151490708
BME,vol_of_vol,lag2_y_excess_lead,0.06874596315365884,0.06874596315365884
BME,ret_kurt,ill_log,-0.06858560541825033,0.06858560541825033
BME,chmom,vol_z,-0.06818244124251534,0.06818244124251534
BME,ret_skew,lag_y_excess_lead,0.06771599751287335,0.06771599751287335
BME,vol_ratio_1m_3m,ret_skew,-0.06758952992972223,0.06758952992972223
BME,ret_kurt,lag_y_excess_lead,0.06751272780208327,0.06751272780208327
BME,vol_autocorr,pct_above_50dma,-0.06699147086583392,0.06699147086583392
BME,max_dd_3m,vix_ts_z_12p,0.0669314210082231,0.0669314210082231
BME,ret_kurt,term_spread,-0.06650023195489181,0.06650023195489181
BME,mom12m,vol_accel,-0.0662702453518648,0.0662702453518648
BME,tbill3m,lag2_y_excess_lead,0.0660936148389725,0.0660936148389725
BME,mom12m,hy_spread_chg_1p,-0.06581432368564186,0.06581432368564186
BME,ill_log,vix_slope,-0.06570132167996974,0.06570132167996974
BME,ma_regime,vol_accel,-0.06569143244369835,0.06569143244369835
BME,ma_regime,ret_autocorr,-0.06532650384984201,0.06532650384984201
BME,trend_slope,erp,-0.06471644593874162,0.06471644593874162
BME,ret_autocorr,baspread,0.06468112572668565,0.06468112572668565
BME,short_reversal_1m,cs_mom_rank,-0.06433057497580735,0.06433057497580735
BME,mom12m_skip1m,ill_log,-0.06403935763884684,0.06403935763884684
BME,max_dd_3m,lag2_y_excess_lead,0.0638382196173867,0.0638382196173867
BME,downside_vol_1m,ret_skew,0.06374467545621666,0.06374467545621666
BME,short_reversal_1m,sd_turn,-0.06342456943754993,0.06342456943754993
BME,mom6m,lag_y_excess_lead,-0.06242496192177216,0.06242496192177216
BME,sd_turn,lag2_y_excess_lead,0.06208049943826429,0.06208049943826429
BME,vol_of_vol,vol_z,0.06199858625620011,0.06199858625620011
BME,max_dd_6m,vix_ts_z_12p,-0.06100346462017516,0.06100346462017516
BME,vol_accel,term_spread,-0.06069094145599813,0.06069094145599813
BME,downside_vol_1m,dolvol_log,-0.060619118117997986,0.060619118117997986
BME,mom6m,ret_kurt,-0.060534391433004965,0.060534391433004965
BME,chmom,vix_ts_z_12p,-0.0598492036080906,0.0598492036080906
BME,vix_ts_z_12p,hy_spread,0.05981815340764708,0.05981815340764708
BME,vol_z,term_spread,0.059802464414383645,0.059802464414383645
BME,cs_mom_rank,vol_autocorr,0.0596144877442985,0.0596144877442985
BME,max_dd_3m,erp,0.05952645694111226,0.05952645694111226
BME,cpi_chg_1p,lag2_y_excess_lead,-0.05930145358184686,0.05930145358184686
BME,vix_slope,term_spread,-0.059300268738010066,0.059300268738010066
BME,trend_slope,max_dd_3m,0.058743856077537404,0.058743856077537404
BME,vol_autocorr,cpi_chg_12p,0.058552716273554795,0.058552716273554795
BME,mom12m_skip1m,vol_z,-0.05854996599734598,0.05854996599734598
BME,ret_kurt,vix_ts_z_12p,0.05835971010398827,0.05835971010398827
BME,max_dd_3m,turnover,0.05833806282039497,0.05833806282039497
BME,vol_of_vol,pct_above_50dma,0.058272760188831464,0.058272760188831464
BME,vol_of_vol,erp,-0.05822569078830329,0.05822569078830329
BME,short_reversal_1m,vol_of_vol,-0.057734128355678774,0.057734128355678774
BME,vol_1w,dolvol_log,-0.05754413068746581,0.05754413068746581
BME,chmom,lag_y_excess_lead,0.05754013721841763,0.05754013721841763
BME,turnover,erp,0.05730632879420095,0.05730632879420095
BME,hy_spread_chg_1p,cpi_chg_1p,-0.057248442864432314,0.057248442864432314
BME,vol_z,ret_kurt,0.055798036769198735,0.055798036769198735
BME,vol_of_vol,spy_ret,0.05577485671597971,0.05577485671597971
BME,baspread,hy_spread,0.055123744088489426,0.055123744088489426
BME,cs_mom_rank,vol_of_vol,-0.05493689693796684,0.05493689693796684
BME,mom12m_skip1m,hy_spread,-0.054924097623226725,0.054924097623226725
BME,vol_z,cpi_chg_12p,-0.05489872616443943,0.05489872616443943
BME,ret_skew,turnover,-0.05481447013937179,0.05481447013937179
BME,vol_1w,ret_kurt,0.05460942423965919,0.05460942423965919
BME,short_reversal_1m,erp,-0.05385218467182939,0.05385218467182939
BME,turnover,lag_y_excess_lead,0.05369302247212443,0.05369302247212443
BME,mom12m,spy_flow_z_12p,0.05333505512602374,0.05333505512602374
BME,short_reversal_1m,max_dd_3m,-0.053246439240284375,0.053246439240284375
BME,vol_autocorr,erp,0.05314896477922794,0.05314896477922794
BME,vol_of_vol,ret_autocorr,-0.05299147447428858,0.05299147447428858
BME,chmom,vix,-0.05264977106358159,0.05264977106358159
BME,vol_ratio_1m_3m,ill_log,0.052623668427136276,0.052623668427136276
BME,turnover,cpi_chg_1p,-0.052304427333841365,0.052304427333841365
BME,vix_slope,hy_spread,0.05214998126801564,0.05214998126801564
BME,trend_slope,vol_3m,-0.0512446339094373,0.0512446339094373
BME,vol_z,pct_above_50dma,0.051095512324648575,0.051095512324648575
BME,mom12m_skip1m,lag_y_excess_lead,0.05080689378726984,0.05080689378726984
BME,mom6m,vol_ratio_1m_3m,-0.05021578656720373,0.05021578656720373
BME,vol_accel,tbill3m,0.05007532649336286,0.05007532649336286
BME,chmom,ret_kurt,0.0490198160291627,0.0490198160291627
BME,vol_z,dolvol_log,0.04893367231327251,0.04893367231327251
BME,max_dd_6m,hy_spread_z_12p,-0.04893261532982022,0.04893261532982022
BME,vix_ts_z_12p,tbill3m,0.04872741360998834,0.04872741360998834
BME,chmom,vol_ratio_1m_3m,0.04862637029394024,0.04862637029394024
BME,baspread,spy_ret,0.04854857208684209,0.04854857208684209
BME,ma_signal,pct_above_50dma,0.04842474392477132,0.04842474392477132
BME,baspread,spy_flow_z_12p,-0.04836873178811609,0.04836873178811609
BME,turnover,term_spread,0.04787240283812444,0.04787240283812444
BME,ma_regime,hy_spread,0.047513749755819575,0.047513749755819575
BME,vix,hy_spread,-0.04730219996483423,0.04730219996483423
BME,ret_autocorr,hy_spread_chg_1p,-0.047129517121888745,0.047129517121888745
BME,vol_ratio_1m_3m,vix_slope,-0.04684848557330454,0.04684848557330454
BME,pct_above_50dma,cpi_chg_12p,-0.046800087036639695,0.046800087036639695
BME,max_dd_3m,spy_ret,0.04635807717042895,0.04635807717042895
BME,mom12m,sd_turn,0.04632850060087985,0.04632850060087985
BME,short_reversal_1m,vol_1m,0.0462440772272722,0.0462440772272722
BME,ret_autocorr,cpi_chg_1p,0.046243716443777186,0.046243716443777186
BME,ma_signal,vol_autocorr,-0.04605575403964123,0.04605575403964123
BME,chmom,hy_spread_z_12p,0.045902242232513504,0.045902242232513504
BME,baspread,pct_above_50dma,0.04531969971816757,0.04531969971816757
BME,ma_regime,lag_y_excess_lead,-0.04528563958673476,0.04528563958673476
BME,vix_slope,pct_above_50dma,-0.04518431973452298,0.04518431973452298
BME,mom12m,hy_spread,-0.04497442132387767,0.04497442132387767
BME,chmom,short_reversal_1m,-0.04492301519191409,0.04492301519191409
BME,hy_spread,lag2_y_excess_lead,0.044898251131069995,0.044898251131069995
BME,vol_accel,vol_ratio_1m_3m,-0.04487536721891201,0.04487536721891201
BME,trend_slope,vol_1m,-0.04469826517802399,0.04469826517802399
BME,ret_kurt,turnover,0.04465273847749329,0.04465273847749329
BME,ret_autocorr,sd_turn,0.044144410346783146,0.044144410346783146
BME,spy_ret,hy_spread_chg_1p,0.044133583173146244,0.044133583173146244
BME,vol_accel,vix,0.04386454505083355,0.04386454505083355
BME,trend_slope,max_dd_6m,0.043222323836703845,0.043222323836703845
BME,ret_kurt,dolvol_log,0.043215611148315757,0.043215611148315757
BME,turnover,pct_above_50dma,-0.04316853686957095,0.04316853686957095
BME,max_dd_3m,hy_spread,-0.04291700126713742,0.04291700126713742
BME,sd_turn,hy_spread,0.042471992271273226,0.042471992271273226
BME,max_dd_6m,vol_autocorr,-0.0423483468822817,0.0423483468822817
BME,cs_mom_rank,trend_slope,0.04179211262440806,0.04179211262440806
BME,vix_slope,tbill3m,-0.0417771303616278,0.0417771303616278
BME,max_dd_3m,cpi_chg_1p,0.041716950215313756,0.041716950215313756
BME,vol_accel,baspread,0.04160277570905356,0.04160277570905356
BME,mom6m,tbill3m,-0.04085370703781975,0.04085370703781975
BME,ret_skew,ill_log,-0.040752548152831594,0.040752548152831594
BME,chmom,hy_spread,-0.04061081144408601,0.04061081144408601
BME,chmom,vol_of_vol,-0.040495370851436105,0.040495370851436105
BME,ill_log,hy_spread_z_12p,0.04017294951263613,0.04017294951263613
BME,sd_turn,pct_above_50dma,0.0401460216438514,0.0401460216438514
BME,vol_accel,spy_flow_z_12p,-0.04012382355289164,0.04012382355289164
BME,vol_accel,hy_spread_chg_1p,0.040007040302564315,0.040007040302564315
BME,ret_autocorr,turnover,0.0399051186555598,0.0399051186555598
BME,dolvol_log,baspread,-0.039739505736941,0.039739505736941
BME,max_dd_6m,turnover,0.03943145512978755,0.03943145512978755
BME,vol_3m,ret_autocorr,-0.03936415947079821,0.03936415947079821
BME,mom12m_skip1m,hy_spread_z_12p,-0.038594608151009395,0.038594608151009395
BME,vol_z,max_dd_3m,0.03855707415584755,0.03855707415584755
BME,mom6m,term_spread,-0.03844144568821644,0.03844144568821644
BME,vol_autocorr,spy_flow_z_12p,0.03822116126969802,0.03822116126969802
BME,hy_spread_z_12p,lag_y_excess_lead,0.03792538712724436,0.03792538712724436
BME,vol_1m,lag2_y_excess_lead,-0.03773943080116678,0.03773943080116678
BME,turnover,spy_ret,0.037727238389863776,0.037727238389863776
BME,dolvol_log,cpi_chg_12p,-0.0375591953014552,0.0375591953014552
BME,dolvol_log,turnover,0.036829291347129874,0.036829291347129874
BME,chmom,turnover,-0.03679643048899332,0.03679643048899332
BME,turnover,tbill3m,-0.036632673996804685,0.036632673996804685
BME,vol_ratio_1m_3m,dolvol_log,0.03647956203423917,0.03647956203423917
BME,cs_mom_rank,ret_autocorr,-0.035851758506285754,0.035851758506285754
BME,ma_regime,ret_skew,0.03581506669088435,0.03581506669088435
BME,vol_accel,lag_y_excess_lead,0.03553631309465511,0.03553631309465511
BME,short_reversal_1m,ret_autocorr,0.03540415053151514,0.03540415053151514
BME,turnover,hy_spread,0.03517679592063358,0.03517679592063358
BME,hy_spread,hy_spread_chg_1p,0.03500313763144793,0.03500313763144793
BME,vol_1m,pct_above_50dma,0.0348511837705403,0.0348511837705403
BME,vol_ratio_1m_3m,cpi_chg_12p,0.034646444312146765,0.034646444312146765
BME,ret_skew,vol_autocorr,-0.03458400894335651,0.03458400894335651
BME,hy_spread_chg_1p,term_spread,-0.034285993315179134,0.034285993315179134
BME,baspread,lag_y_excess_lead,-0.03408484142857937,0.03408484142857937
BME,vol_1m,ret_autocorr,0.034073754315789066,0.034073754315789066
BME,vol_3m,pct_above_50dma,0.03399325171191238,0.03399325171191238
BME,ill_log,spy_ret,-0.033992832744051175,0.033992832744051175
BME,max_dd_3m,tbill3m,-0.03394070855022376,0.03394070855022376
BME,mom12m,dolvol_log,-0.033934575324912966,0.033934575324912966
BME,vol_1m,spy_ret,0.03318067261179357,0.03318067261179357
BME,vol_3m,cpi_chg_1p,0.03313379508255919,0.03313379508255919
BME,chmom,dolvol_log,-0.033022668945690316,0.033022668945690316
BME,dolvol_log,spy_flow_z_12p,-0.03297895078409028,0.03297895078409028
BME,cpi_chg_1p,lag_y_excess_lead,-0.032888070190412136,0.032888070190412136
BME,pct_above_50dma,lag_y_excess_lead,0.03267560172722043,0.03267560172722043
BME,vol_autocorr,turnover,-0.03247303654665483,0.03247303654665483
BME,cs_mom_rank,vol_z,-0.03164407160925102,0.03164407160925102
BME,vol_ratio_1m_3m,hy_spread,0.03138232444236126,0.03138232444236126
BME,hy_spread_z_12p,tbill3m,0.03121228763897746,0.03121228763897746
BME,vol_3m,hy_spread,0.03092079704660438,0.03092079704660438
BME,cs_mom_rank,ill_log,0.03075319580640091,0.03075319580640091
BME,term_spread,lag_y_excess_lead,-0.030666007292789146,0.030666007292789146
BME,vol_z,tbill3m,-0.030511871455343897,0.030511871455343897
BME,ret_skew,ret_autocorr,0.030276774170765984,0.030276774170765984
BME,mom12m_skip1m,vol_accel,-0.03018123440400184,0.03018123440400184
BME,mom12m_skip1m,sd_turn,0.030113766381551454,0.030113766381551454
BME,vol_ratio_1m_3m,pct_above_50dma,0.030098656260910545,0.030098656260910545
BME,short_reversal_1m,hy_spread,-0.030073584179708308,0.030073584179708308
BME,mom12m_skip1m,dolvol_log,-0.030024596528740306,0.030024596528740306
BME,short_reversal_1m,ill_log,0.029815739374244643,0.029815739374244643
BME,ma_signal,dolvol_log,-0.02953502454750893,0.02953502454750893
BME,vol_of_vol,vix_ts_z_12p,0.02938430804605795,0.02938430804605795
BME,ret_autocorr,spy_ret,0.02933856761878728,0.02933856761878728
BME,vol_accel,hy_spread,-0.029009129194209223,0.029009129194209223
BME,mom12m_skip1m,ret_kurt,-0.028953719589738268,0.028953719589738268
BME,erp,hy_spread_chg_1p,0.028754949191020555,0.028754949191020555
BME,ret_autocorr,vix_ts_z_12p,-0.02829033171384664,0.02829033171384664
BME,vol_autocorr,term_spread,0.028059767531107466,0.028059767531107466
BME,cs_mom_rank,dolvol_log,-0.02786187622575221,0.02786187622575221
BME,vol_1m,hy_spread,0.02750602297807396,0.02750602297807396
BME,mom6m,hy_spread,-0.027437749284387983,0.027437749284387983
BME,vol_1w,hy_spread,0.027221621824065224,0.027221621824065224
BME,downside_vol_1m,ret_autocorr,0.02703965583042682,0.02703965583042682
BME,vol_ratio_1m_3m,vol_autocorr,-0.026969077432257085,0.026969077432257085
BME,mom12m,vol_autocorr,0.026846250163670482,0.026846250163670482
BME,ma_regime,sd_turn,-0.026765168432911695,0.026765168432911695
BME,vol_autocorr,vix,0.026744584768560075,0.026744584768560075
BME,hy_spread_chg_1p,cpi_chg_12p,-0.02628269879930039,0.02628269879930039
BME,ill_log,vix_ts_z_12p,-0.026162317237389307,0.026162317237389307
BME,vol_autocorr,ill_log,-0.026157063195744127,0.026157063195744127
BME,vol_z,max_dd_6m,0.02589741745175621,0.02589741745175621
BME,ret_autocorr,term_spread,-0.02582583712050186,0.02582583712050186
BME,mom12m_skip1m,short_reversal_1m,0.025422013708074138,0.025422013708074138
BME,mom12m_skip1m,hy_spread_chg_1p,0.02527773317079017,0.02527773317079017
BME,ill_log,pct_above_50dma,-0.025157739642250664,0.025157739642250664
BME,trend_slope,vol_ratio_1m_3m,0.024993685149620637,0.024993685149620637
BME,vol_of_vol,dolvol_log,-0.024609641357915928,0.024609641357915928
BME,vol_3m,lag_y_excess_lead,-0.024211353344343368,0.024211353344343368
BME,ret_autocorr,lag_y_excess_lead,-0.02408234014770253,0.02408234014770253
BME,sd_turn,cpi_chg_1p,0.02381200640104173,0.02381200640104173
BME,downside_vol_1m,hy_spread,0.023777511594871115,0.023777511594871115
BME,sd_turn,vix_slope,-0.023757298475796742,0.023757298475796742
BME,vol_ratio_1m_3m,lag_y_excess_lead,0.023412594587146406,0.023412594587146406
BME,cs_mom_rank,vol_accel,0.023257838401575595,0.023257838401575595
BME,vol_autocorr,hy_spread,0.023220919326989383,0.023220919326989383
BME,mom12m_skip1m,lag2_y_excess_lead,0.022937496573712718,0.022937496573712718
BME,dolvol_log,spy_ret,0.022063693645883325,0.022063693645883325
BME,max_dd_3m,lag_y_excess_lead,-0.021977074710724423,0.021977074710724423
BME,ma_regime,vol_autocorr,0.021911751779688113,0.021911751779688113
BME,ret_autocorr,erp,0.021545893896932844,0.021545893896932844
BME,ma_signal,vol_accel,0.0212643322035132,0.0212643322035132
BME,vol_3m,spy_ret,-0.02124433122278213,0.02124433122278213
BME,vol_1m,spy_flow_z_12p,0.021157329352369025,0.021157329352369025
BME,ill_log,lag2_y_excess_lead,-0.020961001599759218,0.020961001599759218
BME,vol_autocorr,lag_y_excess_lead,0.020936894011457267,0.020936894011457267
BME,turnover,baspread,-0.020835311030980092,0.020835311030980092
BME,short_reversal_1m,vol_3m,0.020647091860169133,0.020647091860169133
BME,vol_z,cpi_chg_1p,0.02057121601626439,0.02057121601626439
BME,ill_log,hy_spread_chg_1p,0.020565648938425617,0.020565648938425617
BME,mom6m,hy_spread_chg_1p,-0.02032862054237152,0.02032862054237152
BME,downside_vol_1m,lag_y_excess_lead,0.020220663918970868,0.020220663918970868
BME,ma_regime,pct_above_50dma,0.019999531814987138,0.019999531814987138
BME,sd_turn,vix_ts_z_12p,0.019561921609028924,0.019561921609028924
BME,vol_accel,ret_kurt,0.019383995599152076,0.019383995599152076
BME,dolvol_log,hy_spread_chg_1p,0.01927541983057904,0.01927541983057904
BME,erp,hy_spread_z_12p,0.019180058510721208,0.019180058510721208
BME,ret_autocorr,hy_spread_z_12p,-0.019064282541921634,0.019064282541921634
BME,vix_slope,cpi_chg_1p,0.019026029409797068,0.019026029409797068
BME,spy_flow_z_12p,hy_spread,-0.01898186786159712,0.01898186786159712
BME,dolvol_log,term_spread,0.0188323246107777,0.0188323246107777
BME,ret_skew,sd_turn,0.01841027454501653,0.01841027454501653
BME,ma_regime,spy_ret,0.018403243983266062,0.018403243983266062
BME,ma_regime,dolvol_log,0.018334932523547884,0.018334932523547884
BME,mom6m,vol_accel,-0.018207726445679886,0.018207726445679886
BME,ma_signal,sd_turn,0.01815707931175852,0.01815707931175852
BME,mom6m,ret_autocorr,-0.018143982593109297,0.018143982593109297
BME,max_dd_6m,spy_ret,-0.018096586240371824,0.018096586240371824
BME,mom6m,dolvol_log,-0.017850704548807116,0.017850704548807116
BME,vol_z,vol_autocorr,-0.01749567846343994,0.01749567846343994
BME,dolvol_log,vix_ts_z_12p,-0.017393306238648314,0.017393306238648314
BME,ma_signal,hy_spread,0.01736648614034949,0.01736648614034949
BME,mom12m_skip1m,trend_slope,0.017315177083089675,0.017315177083089675
BME,max_dd_6m,lag_y_excess_lead,-0.017174518574084252,0.017174518574084252
BME,mom6m,sd_turn,-0.017130714560473142,0.017130714560473142
BME,ret_autocorr,dolvol_log,-0.01687877052716144,0.01687877052716144
BME,vol_accel,pct_above_50dma,0.016729178041455472,0.016729178041455472
BME,ret_autocorr,ill_log,0.016279741071098038,0.016279741071098038
BME,dolvol_log,lag2_y_excess_lead,-0.01613415493934506,0.01613415493934506
BME,short_reversal_1m,dolvol_log,0.016078020717462522,0.016078020717462522
BME,short_reversal_1m,vol_ratio_1m_3m,0.015449983860353747,0.015449983860353747
BME,ret_skew,dolvol_log,0.014699983516659987,0.014699983516659987
BME,cs_mom_rank,sd_turn,0.013949299909390516,0.013949299909390516
BME,cs_mom_rank,lag_y_excess_lead,-0.013877246889368106,0.013877246889368106
BME,dolvol_log,tbill3m,0.013821086583792514,0.013821086583792514
BME,turnover,cpi_chg_12p,-0.013767255213349455,0.013767255213349455
BME,mom12m_skip1m,turnover,0.013678558989429958,0.013678558989429958
BME,short_reversal_1m,max_dd_6m,-0.013663839481737784,0.013663839481737784
BME,cs_mom_rank,turnover,-0.01364632947757436,0.01364632947757436
BME,vol_1w,spy_ret,0.013517812962505647,0.013517812962505647
BME,mom12m_skip1m,vix_ts_z_12p,0.013260644236241117,0.013260644236241117
BME,vix,pct_above_50dma,0.013214921949125331,0.013214921949125331
BME,max_dd_3m,ret_autocorr,0.012751781942534965,0.012751781942534965
BME,vol_ratio_1m_3m,lag2_y_excess_lead,-0.012285837877671986,0.012285837877671986
BME,downside_vol_1m,spy_ret,0.012278112601157007,0.012278112601157007
BME,sd_turn,spy_flow_z_12p,0.011989267019810552,0.011989267019810552
BME,max_dd_6m,lag2_y_excess_lead,0.011652723055995573,0.011652723055995573
BME,dolvol_log,pct_above_50dma,0.011352587187667292,0.011352587187667292
BME,cs_mom_rank,ret_kurt,-0.01120528366096313,0.01120528366096313
BME,downside_vol_1m,pct_above_50dma,-0.01067578549175799,0.01067578549175799
BME,sd_turn,cpi_chg_12p,0.010663940144472597,0.010663940144472597
BME,turnover,sd_turn,-0.010276418777712109,0.010276418777712109
BME,vol_accel,erp,-0.010145564671171796,0.010145564671171796
BME,sd_turn,spy_ret,0.010044600238052835,0.010044600238052835
BME,mom12m_skip1m,vol_ratio_1m_3m,0.009743647090485915,0.009743647090485915
BME,ma_signal,spy_ret,-0.009264779527944423,0.009264779527944423
BME,vol_z,ill_log,-0.00914408104395505,0.00914408104395505
BME,vix_ts_z_12p,pct_above_50dma,0.009141166949332754,0.009141166949332754
BME,dolvol_log,hy_spread_z_12p,0.009052918042795465,0.009052918042795465
BME,vol_3m,lag2_y_excess_lead,-0.00870272100102487,0.00870272100102487
BME,chmom,ill_log,-0.008349687970574999,0.008349687970574999
BME,vol_1w,pct_above_50dma,0.008245016741337636,0.008245016741337636
BME,erp,spy_flow_z_12p,-0.008120102516940661,0.008120102516940661
BME,mom12m,spy_ret,-0.00806346136654597,0.00806346136654597
BME,vol_1m,lag_y_excess_lead,-0.007163645743217713,0.007163645743217713
BME,vol_accel,ret_skew,0.006906401720534046,0.006906401720534046
BME,trend_slope,sd_turn,-0.006890438916928073,0.006890438916928073
BME,dolvol_log,vix_slope,-0.006854668194744125,0.006854668194744125
BME,vol_1w,ret_autocorr,0.006753957979134867,0.006753957979134867
BME,ret_autocorr,vix,-0.006681700341620198,0.006681700341620198
BME,vol_3m,vix_ts_z_12p,-0.006543465238669942,0.006543465238669942
BME,vol_autocorr,hy_spread_chg_1p,-0.006447900254800808,0.006447900254800808
BME,vol_autocorr,cpi_chg_1p,-0.0058298644011127955,0.0058298644011127955
BME,vol_accel,hy_spread_z_12p,-0.005696892129793183,0.005696892129793183
BME,ret_autocorr,vol_autocorr,0.005125123288981966,0.005125123288981966
BME,ret_autocorr,tbill3m,-0.005083079848022557,0.005083079848022557
BME,mom12m,vol_ratio_1m_3m,0.004751313317462397,0.004751313317462397
BME,ret_autocorr,vix_slope,-0.004718770603556962,0.004718770603556962
BME,vol_accel,cpi_chg_12p,0.003975969646786146,0.003975969646786146
BME,hy_spread_chg_1p,tbill3m,-0.00392887068680355,0.00392887068680355
BME,mom12m,lag_y_excess_lead,0.003846668072261915,0.003846668072261915
BME,ill_log,lag_y_excess_lead,0.0036706825815486658,0.0036706825815486658
BME,dolvol_log,cpi_chg_1p,0.003314883609724117,0.003314883609724117
BME,cs_mom_rank,vol_ratio_1m_3m,-0.003294970432190482,0.003294970432190482
BME,dolvol_log,vix,0.0031998416966092184,0.0031998416966092184
BME,max_dd_3m,term_spread,-0.003049635063221655,0.003049635063221655
BME,vol_ratio_1m_3m,sd_turn,-0.002982032316314248,0.002982032316314248
BME,mom12m_skip1m,vol_autocorr,0.002852806289345578,0.002852806289345578
BME,ret_kurt,vix_slope,0.002789095135788185,0.002789095135788185
BME,vol_1m,turnover,-0.002330958945141709,0.002330958945141709
BME,vol_1w,lag_y_excess_lead,-0.001791984501213302,0.001791984501213302
BME,ill_log,spy_flow_z_12p,-0.0017147087330422997,0.0017147087330422997
BME,vol_of_vol,term_spread,-0.0014759298712966123,0.0014759298712966123
BME,dolvol_log,erp,-0.0011494777455899588,0.0011494777455899588
BME,mom12m,ret_kurt,-0.0010691416191764365,0.0010691416191764365
BME,vol_of_vol,turnover,0.0005299896995896519,0.0005299896995896519
BME,ill_log,turnover,0.0005155434733959521,0.0005155434733959521
BME,dolvol_log,lag_y_excess_lead,-0.0001768532155974372,0.0001768532155974372
BME,vol_z,ret_skew,-0.0001736326496821744,0.0001736326496821744
BME,cs_mom_rank,cpi_chg_12p,-4.638802251107068e-16,4.638802251107068e-16
BME,cs_mom_rank,hy_spread,4.1599830963910064e-16,4.1599830963910064e-16
BME,cs_mom_rank,tbill3m,3.225843457327749e-16,3.225843457327749e-16
BME,cs_mom_rank,erp,-2.75316050716172e-16,2.75316050716172e-16
BME,cs_mom_rank,cpi_chg_1p,-2.496559937748808e-16,2.496559937748808e-16
BME,cs_mom_rank,vix,-1.8987866309676172e-16,1.8987866309676172e-16
BME,cs_mom_rank,term_spread,-1.5246621425280447e-16,1.5246621425280447e-16
BME,cs_mom_rank,hy_spread_z_12p,7.157319696949664e-17,7.157319696949664e-17
BME,cs_mom_rank,spy_ret,6.668611615819423e-17,6.668611615819423e-17
BME,cs_mom_rank,vix_ts_z_12p,-5.101057834596114e-17,5.101057834596114e-17
BME,cs_mom_rank,spy_flow_z_12p,-2.2778765254585796e-17,2.2778765254585796e-17
BME,cs_mom_rank,hy_spread_chg_1p,9.565983568969732e-18,9.565983568969732e-18
BME,cs_mom_rank,vix_slope,-9.26562634760049e-18,9.26562634760049e-18
BME,cs_mom_rank,pct_above_50dma,-4.599271498083797e-19,4.599271498083797e-19
