variant,date,asset_id,y_true,y_pred,y_std
historical_mean,2025-05-30,SPY,0.04769511906164903,0.007317202496114117,0.04660963933841646
historical_mean,2025-05-30,MGK,0.06034673392230827,0.009610770673104944,0.060851759297646975
historical_mean,2025-05-30,VTV,0.0332330912657377,0.005312478651329571,0.042171564323948404
historical_mean,2025-05-30,IJR,0.03734736300075814,-0.00041575730887501996,0.059575209762081326
historical_mean,2025-05-30,IWM,0.05147995646827952,-0.0015216367751140637,0.060765746839857096
historical_mean,2025-05-30,VNQ,0.0033500785292834845,0.0013147227365438608,0.05871827671593424
historical_mean,2025-05-30,VNQI,0.04115888912622401,-0.003141402592921254,0.04894271164589664
historical_mean,2025-05-30,VEA,0.030256851306093457,0.003213867729195683,0.04620801201923399
historical_mean,2025-05-30,VWO,0.05168209224062714,-0.0013812432635037686,0.04203746163569985
historical_mean,2025-05-30,VSS,0.054769444558085745,0.00044890942076046157,0.046586508315900846
historical_mean,2025-05-30,BND,0.011602274676301816,-0.003237055002469442,0.019300660111938473
historical_mean,2025-05-30,IEF,0.012452491537882304,-0.0040674968930327,0.022985665875243404
historical_mean,2025-05-30,BNDX,-0.0001381150801093023,-0.0027348125869511297,0.015916552039829984
historical_mean,2025-05-30,LQD,0.01724059290590274,-0.003152480733546488,0.029857848780693245
historical_mean,2025-05-30,HYG,0.014810137654057698,5.2760762575032596e-05,0.023523287034608546
historical_mean,2025-05-30,EWX,0.05043478917948763,0.0014349156952656505,0.03668383644608861
historical_mean,2025-05-30,VWOB,0.021275025282161186,-0.001725584997727383,0.03034204982138476
historical_mean,2025-05-30,HYEM,0.014454903619178339,-0.0011012187111369331,0.026317882165175485
historical_mean,2025-06-30,SPY,0.01908467259702551,0.008108926350340292,0.046486314861483725
historical_mean,2025-06-30,MGK,0.03526188252947149,0.010605593481912853,0.0606576555011281
historical_mean,2025-06-30,VTV,-0.002167296399311236,0.005859941643768946,0.04193038901454366
historical_mean,2025-06-30,IJR,0.005165530187941636,0.0003246960305295518,0.05921303348395245
historical_mean,2025-06-30,IWM,0.012760607343994756,-0.0004823898487730129,0.060611122841396574
historical_mean,2025-06-30,VNQ,-0.0029632780526935854,0.0013546316736564024,0.05812882700489989
historical_mean,2025-06-30,VNQI,-0.023931985253554888,-0.0022727694219576216,0.04884630943744813
historical_mean,2025-06-30,VEA,-0.01766175570590245,0.003744122309134855,0.04590007007806359
historical_mean,2025-06-30,VWO,0.002989658374459969,-0.0003407857045992409,0.0422731045191081
historical_mean,2025-06-30,VSS,-0.009120730437294888,0.001514017952864879,0.04674135179227695
historical_mean,2025-06-30,BND,-0.006504632044136427,-0.002946087753866084,0.019219337399327574
historical_mean,2025-06-30,IEF,-0.00977429711868305,-0.0037435755512500533,0.022871930304032895
historical_mean,2025-06-30,BNDX,-0.00498710657025403,-0.0026838969495620742,0.015760777543273402
historical_mean,2025-06-30,LQD,-0.004751878550950606,-0.0027526165445376795,0.02969538299107734
historical_mean,2025-06-30,HYG,-0.002505544256353631,0.0003421210937805751,0.02337837316237756
historical_mean,2025-06-30,EWX,0.003689786989881094,0.002395697528289611,0.03695765100137487
historical_mean,2025-06-30,VWOB,0.003448378263515961,-0.0012745926392981953,0.03020927485213051
historical_mean,2025-06-30,HYEM,0.0052854367518158085,-0.0007961967046601631,0.026144277822748356
historical_mean,2025-07-31,SPY,0.01702595928567807,0.008319998393545776,0.046053469308444485
historical_mean,2025-07-31,MGK,0.005506659536577585,0.011079752886673596,0.06015727754500016
historical_mean,2025-07-31,VTV,0.03136457393982228,0.0057055716814020194,0.04153219245869115
historical_mean,2025-07-31,IJR,0.06670214284372133,0.0004177889950951688,0.058633482662584016
historical_mean,2025-07-31,IWM,0.06825711678016222,-0.00022771682583517123,0.06004204653297474
historical_mean,2025-07-31,VNQ,0.031234506481848445,0.0012715949481496719,0.05755922989435626
historical_mean,2025-07-31,VNQI,0.03800885965747658,-0.002689292803334492,0.04845822889781613
historical_mean,2025-07-31,VEA,0.040715343672140136,0.003332470808845676,0.045544682113617126
historical_mean,2025-07-31,VWO,0.03119670619044923,-0.0002767387030788715,0.041859158539873306
historical_mean,2025-07-31,VSS,0.04570476560415426,0.0013095035607464218,0.04630432607636206
historical_mean,2025-07-31,BND,0.008078120866885197,-0.0030145212979097447,0.01903637705332175
historical_mean,2025-07-31,IEF,0.013001796164747947,-0.0038595509660083803,0.022662022294724343
historical_mean,2025-07-31,BNDX,-0.002067319775812204,-0.002728189442267689,0.01560876337446942
historical_mean,2025-07-31,LQD,0.0069765482555901315,-0.002791063890814851,0.02940411760267529
historical_mean,2025-07-31,HYG,0.007592278645943473,0.0002873582985856865,0.023151406952460717
historical_mean,2025-07-31,EWX,0.059400893238615415,0.002420583864089447,0.03659396736937123
historical_mean,2025-07-31,VWOB,0.013654429789281775,-0.0011837662757825385,0.029918809035243236
historical_mean,2025-07-31,HYEM,0.015516857251125726,-0.0006792422151125483,0.025900427029114596
historical_mean,2025-08-29,SPY,0.03208906394277711,0.008484261806604877,0.04562417280319489
historical_mean,2025-08-29,MGK,0.04538102472427963,0.010974600181954803,0.05958095227803427
historical_mean,2025-08-29,VTV,0.019529753810910266,0.00618970379948542,0.041281639516650696
historical_mean,2025-08-29,IJR,0.007030856049952794,0.001668437180918304,0.058776445259945825
historical_mean,2025-08-29,IWM,0.028272862598571757,0.0010644498459761002,0.060201439664582336
historical_mean,2025-08-29,VNQ,-0.002835540326792896,0.0018369329016156865,0.05715147705610083
historical_mean,2025-08-29,VNQI,0.010131917120224765,-0.0019214031342625851,0.04831453143136225
historical_mean,2025-08-29,VEA,0.022001068135094393,0.0040378080326814204,0.045395978549888576
historical_mean,2025-08-29,VWO,0.053275426570534856,0.00031709987981788515,0.04167953159907015
historical_mean,2025-08-29,VSS,0.018182193335737562,0.002147150014395626,0.0462606272698465
historical_mean,2025-08-29,BND,0.007605185555678684,-0.0028052261627249343,0.01891392003224626
historical_mean,2025-08-29,IEF,0.0030789765395491386,-0.00354141234089977,0.022562251814141464
historical_mean,2025-08-29,BNDX,0.0018362952066057758,-0.0027157202032779626,0.015458217074438056
historical_mean,2025-08-29,LQD,0.015298491121950697,-0.002606769322014757,0.02915090540247281
historical_mean,2025-08-29,HYG,0.005419530370210479,0.00042518698438489,0.022949662672026805
historical_mean,2025-08-29,EWX,0.00934001338555035,0.0034956840409672957,0.03707594517574458
historical_mean,2025-08-29,VWOB,0.011313877152875351,-0.000903800312290759,0.029699750617660087
historical_mean,2025-08-29,HYEM,-0.003310550556556602,-0.000373655432730694,0.02574647192365626
historical_mean,2025-09-30,SPY,0.02028375894432366,0.008921387772089548,0.04530572372076577
historical_mean,2025-09-30,MGK,0.04184616666398688,0.011611756191997856,0.059201630723363305
historical_mean,2025-09-30,VTV,-0.007371739211896489,0.0064367417626599545,0.040930612480844425
historical_mean,2025-09-30,IJR,-0.012108590721114587,0.0017677412340485724,0.05822388311278559
historical_mean,2025-09-30,IWM,0.014115453040836279,0.0015683093413945384,0.05974563725561088
historical_mean,2025-09-30,VNQ,-0.027888055765740494,0.00175040561960812,0.05661331546382541
historical_mean,2025-09-30,VNQI,-0.015995303603671296,-0.0016981934999202267,0.04788466437818778
historical_mean,2025-09-30,VEA,0.014158067636574012,0.00437046099754092,0.04503207166216481
historical_mean,2025-09-30,VWO,0.01105958429806142,0.0012978096333496809,0.04190874678886383
historical_mean,2025-09-30,VSS,-0.004799080760367169,0.0024440952610871435,0.045874055257395636
historical_mean,2025-09-30,BND,0.002537797325417923,-0.002612440760532275,0.01878812400287835
historical_mean,2025-09-30,IEF,0.0036171952388968087,-0.003418812546817383,0.022366538623873458
historical_mean,2025-09-30,BNDX,0.006523664675198493,-0.002631423621613449,0.01532421553362729
historical_mean,2025-09-30,LQD,-0.0019813075408361414,-0.0022751904249042857,0.02897721167290285
historical_mean,2025-09-30,HYG,-0.003581832310472044,0.0005176748248631416,0.02274228312883123
historical_mean,2025-09-30,EWX,-0.003915097877319473,0.003603912362163278,0.0367331171895964
historical_mean,2025-09-30,VWOB,0.017691150240358278,-0.000677547025898794,0.029465175179826473
historical_mean,2025-09-30,HYEM,0.00027660203614199297,-0.0004280423794682108,0.025505555474386703
historical_mean,2025-10-31,SPY,-0.001039617729681419,0.00912797633885744,0.044910407117204544
historical_mean,2025-10-31,MGK,-0.018174122322586972,0.01216147274603402,0.05879242400123929
historical_mean,2025-10-31,VTV,0.02234958180665636,0.006185678472213474,0.040592579225395185
historical_mean,2025-10-31,IJR,0.022999546830901885,0.0015154442894092421,0.05771259275305756
historical_mean,2025-10-31,IWM,0.007219933427264902,0.0017964392268389336,0.05921402650770006
historical_mean,2025-10-31,VNQ,0.02116455054555555,0.0012115245035108726,0.05622887152816875
historical_mean,2025-10-31,VNQI,0.011398276316832767,-0.0019581409563520645,0.04747837095054195
historical_mean,2025-10-31,VEA,0.006662577508105283,0.004548417481886976,0.0446326760841844
historical_mean,2025-10-31,VWO,-0.015135981764385575,0.0014752964454353488,0.041539749304071
historical_mean,2025-10-31,VSS,0.006820955763576553,0.0023124011516061564,0.04545780376317812
historical_mean,2025-10-31,BND,0.00297114143881938,-0.002518800068060453,0.018626297453441548
historical_mean,2025-10-31,IEF,0.00686801303321638,-0.0032908851325316704,0.02217877445349183
historical_mean,2025-10-31,BNDX,-0.004807659780811324,-0.002464967470762323,0.015231768429332786
historical_mean,2025-10-31,LQD,0.006300096794094712,-0.00226984709973941,0.028707677706642655
historical_mean,2025-10-31,HYG,0.004457641722011463,0.000443138331493411,0.022537502415602713
historical_mean,2025-10-31,EWX,-0.016176668191666965,0.0034672030850817735,0.03640552670069025
historical_mean,2025-10-31,VWOB,0.0006545758910070365,-0.0003435707119668472,0.029295964642314293
historical_mean,2025-10-31,HYEM,-0.0021992661278306125,-0.0004152306628207526,0.025268467972682427
historical_mean,2025-11-28,SPY,-0.0024606389596457667,0.008946412159062103,0.04452099523915146
historical_mean,2025-11-28,MGK,-0.006014656315694422,0.011619765691237216,0.058396367850803266
historical_mean,2025-11-28,VTV,0.004591005630098177,0.006474319603185668,0.04027981912138792
historical_mean,2025-11-28,IJR,-0.0043423583691276635,0.0018990889776501821,0.05725754669804376
historical_mean,2025-11-28,IWM,-0.010325989693845572,0.0018932873375608259,0.0586777237486756
historical_mean,2025-11-28,VNQ,-0.02554537559841752,0.0015678285399759562,0.05577911918604514
historical_mean,2025-11-28,VNQI,0.0008944661826628675,-0.0017196335050451924,0.04707861442999848
historical_mean,2025-11-28,VEA,0.02842462799248069,0.004586170339498018,0.044225965568690156
historical_mean,2025-11-28,VWO,0.006231798598067773,0.0011786664774028324,0.04122019559348269
historical_mean,2025-11-28,VSS,0.01745648547983225,0.002392911055391342,0.045046684455100794
historical_mean,2025-11-28,BND,-0.00624728267814989,-0.002420765398294742,0.018470765560571062
historical_mean,2025-11-28,IEF,-0.010842523271658244,-0.003109476236714741,0.02201811413583313
historical_mean,2025-11-28,BNDX,-0.00843043234441343,-0.002506801262013198,0.015095908991715557
historical_mean,2025-11-28,LQD,-0.010606184040828248,-0.0021168123873495153,0.02846854514343274
historical_mean,2025-11-28,HYG,0.0016540803164204476,0.0005148258920383762,0.022338118771901058
historical_mean,2025-11-28,EWX,0.005526301936131128,0.003116419669425546,0.0361684340399512
historical_mean,2025-11-28,VWOB,-0.0012631324755422169,-0.00032574666548517074,0.029028722421739143
historical_mean,2025-11-28,HYEM,0.006456216930834868,-0.000447088438981643,0.025038835845072816
historical_mean,2025-12-31,SPY,0.011594066475381304,0.008746288455225123,0.04414755775755146
historical_mean,2025-12-31,MGK,-0.01981088189923419,0.011310389866554206,0.05791973895197182
historical_mean,2025-12-31,VTV,0.04262615110326995,0.00644127900716659,0.03991933724277847
historical_mean,2025-12-31,IJR,0.05372327844739844,0.0017895899013909218,0.05675003747569404
historical_mean,2025-12-31,IWM,0.05153392029332182,0.0016789140563080822,0.05817397411192298
historical_mean,2025-12-31,VNQ,0.0229258613639709,0.0010921582919339653,0.05539537861696057
historical_mean,2025-12-31,VNQI,0.04257155181000494,-0.0016737721070152263,0.04665766093629219
historical_mean,2025-12-31,VEA,0.05642561347994279,0.005004388894813503,0.043942898023318626
historical_mean,2025-12-31,VWO,0.04715510460279937,0.0012673179181162523,0.040855982915353244
historical_mean,2025-12-31,VSS,0.06068200468583562,0.002657184290907849,0.04468723417438362
historical_mean,2025-12-31,BND,-0.0009446630105405251,-0.0024878972803974637,0.01831212043723312
historical_mean,2025-12-31,IEF,-0.005378931439972923,-0.003245143728555855,0.021844664741227326
historical_mean,2025-12-31,BNDX,0.002059820670583523,-0.0026107246143360087,0.014981077086336935
historical_mean,2025-12-31,LQD,0.0003398451129934532,-0.0022657487321473876,0.02823561533177713
historical_mean,2025-12-31,HYG,0.0029604455586125233,0.0005348128117643775,0.022138287130142906
historical_mean,2025-12-31,EWX,0.02711570928152862,0.0031586983056835385,0.035845468132474606
historical_mean,2025-12-31,VWOB,0.0003023714262653243,-0.0003421920305738908,0.028768637802182126
historical_mean,2025-12-31,HYEM,0.01193825183971775,-0.00032597781845854624,0.02483110847291286
historical_mean,2026-01-30,SPY,-0.011463064459755201,0.0087953880762623,0.04376018256408277
historical_mean,2026-01-30,MGK,-0.049282081977910286,0.010773816215419922,0.05755467570999545
historical_mean,2026-01-30,VTV,0.03464425383897951,0.00706515611227182,0.03985186721415389
historical_mean,2026-01-30,IJR,0.018113075612949725,0.002684998324597948,0.05666186940572184
historical_mean,2026-01-30,IWM,0.003913446654500996,0.0025384831293600433,0.05803182711266881
historical_mean,2026-01-30,VNQ,0.05085567147315495,0.0014686014483483952,0.05498209882208653
historical_mean,2026-01-30,VNQI,0.05477043858428532,-0.0009109216946528097,0.04661006334219268
historical_mean,2026-01-30,VEA,0.05800790565870817,0.005890961732488146,0.04407595870355822
historical_mean,2026-01-30,VWO,0.025936988754007295,0.0020584866540590647,0.04094181130205213
historical_mean,2026-01-30,VSS,0.046521625760379104,0.003657612228751431,0.044944013598831135
historical_mean,2026-01-30,BND,0.013125538032234596,-0.002461289792986137,0.01815190811354069
historical_mean,2026-01-30,IEF,0.02178389001983616,-0.0032819331718561494,0.021654009676061948
historical_mean,2026-01-30,BNDX,0.01242298193585456,-0.0025301979714925688,0.014861741443180768
historical_mean,2026-01-30,LQD,0.010894680719308658,-0.0022208247003346147,0.027988929692119708
historical_mean,2026-01-30,HYG,-0.0028581418854923824,0.0005766340660203799,0.021945543705572185
historical_mean,2026-01-30,EWX,0.03253007863200175,0.003571750219060178,0.035668627839499395
historical_mean,2026-01-30,VWOB,0.012410830018970698,-0.0003310788675249388,0.028515290288805777
historical_mean,2026-01-30,HYEM,0.006343486373523,-0.00011452558297274804,0.024664954581871748
historical_mean,2026-02-27,SPY,-0.05236481425659356,0.008452024473956918,0.043461398416077594
historical_mean,2026-02-27,MGK,-0.05256666804441845,0.009755919635871952,0.0575895703996244
historical_mean,2026-02-27,VTV,-0.05111916666844174,0.0075325984466227975,0.03966964449209813
historical_mean,2026-02-27,IJR,-0.0430573291552121,0.0029464911599937408,0.0562071807255351
historical_mean,2026-02-27,IWM,-0.052595723393065286,0.002561787595887856,0.057529656083935336
historical_mean,2026-02-27,VNQ,-0.066081450572396,0.002305670431819693,0.05488397168531979
historical_mean,2026-02-27,VNQI,-0.1261996923521307,3.283017448173479e-05,0.04677168513589526
historical_mean,2026-02-27,VEA,-0.0890166153043781,0.006774299765135943,0.04421800941745542
historical_mean,2026-02-27,VWO,-0.07262882161942752,0.0024632070286344583,0.04070620933946308
historical_mean,2026-02-27,VSS,-0.09195775776152426,0.004384120932677324,0.044902989495041144
historical_mean,2026-02-27,BND,-0.020459273388676813,-0.0021971062705247687,0.018108800586641993
historical_mean,2026-02-27,IEF,-0.02626946195927571,-0.0028570887109800086,0.02171314797696794
historical_mean,2026-02-27,BNDX,-0.02445812349945309,-0.002276754244249397,0.014861124503188227
historical_mean,2026-02-27,LQD,-0.02380357071815431,-0.0019985279983067627,0.027799085668264167
historical_mean,2026-02-27,HYG,-0.01264655652256541,0.0005184175244693163,0.021760130566391447
historical_mean,2026-02-27,EWX,-0.05906694056130268,0.004062569344703256,0.0355602158473397
historical_mean,2026-02-27,VWOB,-0.03742886388704314,-0.0001151143101267077,0.02831703091655382
historical_mean,2026-02-27,HYEM,-0.024402651519384255,-5.067753201633674e-06,0.024465851696778215
historical_mean,2026-03-31,SPY,0.10158469057343722,0.00743841049511441,0.04380094533218517
historical_mean,2026-03-31,MGK,0.13945658747726553,0.008717209841200446,0.057663513967847115
historical_mean,2026-03-31,VTV,0.0506170669983208,0.006555069028038389,0.04005423780130565
historical_mean,2026-03-31,IJR,0.09942684130728341,0.002179760821406977,0.056044385336257975
historical_mean,2026-03-31,IWM,0.11732924859591698,0.0016424957460719702,0.057482790683064756
historical_mean,2026-03-31,VNQ,0.08261211567781301,0.0011658850817494312,0.05512841278293588
historical_mean,2026-03-31,VNQI,0.05920759938488018,-0.0020710452009618054,0.04915374065698681
historical_mean,2026-03-31,VEA,0.07028850576993428,0.005177784513977376,0.04555243662199848
historical_mean,2026-03-31,VWO,0.08686516780484332,0.0012116732178334255,0.041507722443310205
historical_mean,2026-03-31,VSS,0.08096490152679459,0.002778422954440631,0.046225536385739896
historical_mean,2026-03-31,BND,-0.001644084190784434,-0.0025014757224939696,0.01810880977936401
historical_mean,2026-03-31,IEF,-0.004636900424381141,-0.003247294931784937,0.021739493734252734
historical_mean,2026-03-31,BNDX,-0.0008092670395931645,-0.002646443731836125,0.015010328743313879
historical_mean,2026-03-31,LQD,-0.0003280238707080718,-0.0023619453769708884,0.027705872555016418
historical_mean,2026-03-31,HYG,0.012020620280474459,0.00029900129035207075,0.02164177469464109
historical_mean,2026-03-31,EWX,0.10571433591391832,0.003010410846269823,0.03618726996296255
historical_mean,2026-03-31,VWOB,0.020791542317250666,-0.0007370101364086482,0.0284862906540071
historical_mean,2026-03-31,HYEM,0.022278894658412263,-0.0004116941493046774,0.02446125942559684
historical_mean,2026-04-30,SPY,0.049483664963993146,0.008981792135742652,0.04507605874518664
historical_mean,2026-04-30,MGK,0.08330425574857636,0.010860478327037579,0.059580805776805634
historical_mean,2026-04-30,VTV,0.021460679046998887,0.0072773968636167885,0.0401177035821421
historical_mean,2026-04-30,IJR,0.008359592272450422,0.0037739752556016724,0.05695310592921334
historical_mean,2026-04-30,IWM,0.04170616807391436,0.0035389998911513967,0.058894825273066186
historical_mean,2026-04-30,VNQ,-0.009505527770350963,0.002501069189881621,0.055652809846333355
historical_mean,2026-04-30,VNQI,-0.02873894096208207,-0.0010664772569316092,0.049369835043637414
historical_mean,2026-04-30,VEA,0.04005467192775236,0.006245173387025849,0.045934074500483174
historical_mean,2026-04-30,VWO,0.013087733301134774,0.002615828866800801,0.042596326253976136
historical_mean,2026-04-30,VSS,0.0153673341636833,0.00406016850480709,0.04691910110238484
historical_mean,2026-04-30,BND,-0.00023588979226363271,-0.0024874201236134855,0.017957604505693114
historical_mean,2026-04-30,IEF,-0.0031745273257528517,-0.00327007534969635,0.02155830428903072
historical_mean,2026-04-30,BNDX,0.005188840393763217,-0.002616326081143618,0.014886575639767741
historical_mean,2026-04-30,LQD,0.005612799118414058,-0.002328602401458383,0.027475254347549594
historical_mean,2026-04-30,HYG,0.0013666068307942592,0.0004911589787147328,0.021513082165906798
historical_mean,2026-04-30,EWX,0.01835836502980981,0.004694081749018159,0.03821796448204132
historical_mean,2026-04-30,VWOB,0.006564291011867507,-0.0003840830470043972,0.028382076832525596
historical_mean,2026-04-30,HYEM,0.00658729224447252,-3.971728360439966e-05,0.024429920860436004
positive_no_prior,2025-05-30,SPY,0.04769511906164903,0.007786740036916181,0.047745995476453654
positive_no_prior,2025-05-30,MGK,0.06034673392230827,0.009482252617258519,0.06314216828317809
positive_no_prior,2025-05-30,VTV,0.0332330912657377,0.006113384714884365,0.04639462398850986
positive_no_prior,2025-05-30,IJR,0.03734736300075814,0.001726164526802445,0.06764760011379284
positive_no_prior,2025-05-30,IWM,0.05147995646827952,0.0001723216611631516,0.06869722312588951
positive_no_prior,2025-05-30,VNQ,0.0033500785292834845,0.00021026203632805158,0.061939348512860704
positive_no_prior,2025-05-30,VNQI,0.04115888912622401,-0.0021642626702060228,0.05142767308611661
positive_no_prior,2025-05-30,VEA,0.030256851306093457,0.004794816228719844,0.05087705477106607
positive_no_prior,2025-05-30,VWO,0.05168209224062714,0.00048236598059299245,0.04647787393366938
positive_no_prior,2025-05-30,VSS,0.054769444558085745,0.0014742444124553594,0.0497460754516517
positive_no_prior,2025-05-30,BND,0.011602274676301816,-0.0032157523035732587,0.018785208960657662
positive_no_prior,2025-05-30,IEF,0.012452491537882304,-0.0039362809416064095,0.023514901106041982
positive_no_prior,2025-05-30,BNDX,-0.0001381150801093023,-0.0022403846626057777,0.016401783262929348
positive_no_prior,2025-05-30,LQD,0.01724059290590274,-0.0026862010189073046,0.02944849645851624
positive_no_prior,2025-05-30,HYG,0.014810137654057698,0.0005013927541491746,0.02579226971539368
positive_no_prior,2025-05-30,EWX,0.05043478917948763,0.0024456312838291075,0.03958541578155944
positive_no_prior,2025-05-30,VWOB,0.021275025282161186,-0.0009515985365002312,0.030681923231850317
positive_no_prior,2025-05-30,HYEM,0.014454903619178339,-0.0008422603807553271,0.029588493087499734
positive_no_prior,2025-06-30,SPY,0.01908467259702551,0.00875198830991513,0.042367790333379146
positive_no_prior,2025-06-30,MGK,0.03526188252947149,0.010430503540065209,0.05760861417351272
positive_no_prior,2025-06-30,VTV,-0.002167296399311236,0.005714091373016495,0.03902536955609474
positive_no_prior,2025-06-30,IJR,0.005165530187941636,-0.0007268933618073245,0.05588153070203399
positive_no_prior,2025-06-30,IWM,0.012760607343994756,-0.0010375592270062109,0.0582057458190266
positive_no_prior,2025-06-30,VNQ,-0.0029632780526935854,-0.0009445974770087428,0.05323602286971931
positive_no_prior,2025-06-30,VNQI,-0.023931985253554888,-0.003243806765865186,0.044152385617020506
positive_no_prior,2025-06-30,VEA,-0.01766175570590245,0.005017689188712292,0.042859951479383054
positive_no_prior,2025-06-30,VWO,0.002989658374459969,0.0009276667014864388,0.040783638275079435
positive_no_prior,2025-06-30,VSS,-0.009120730437294888,0.0005342211099359066,0.04315883837470567
positive_no_prior,2025-06-30,BND,-0.006504632044136427,-0.0028377439340916003,0.017535245608865803
positive_no_prior,2025-06-30,IEF,-0.00977429711868305,-0.003207130680033267,0.02125577494152929
positive_no_prior,2025-06-30,BNDX,-0.00498710657025403,-0.0027663266692804357,0.01423197179790727
positive_no_prior,2025-06-30,LQD,-0.004751878550950606,-0.0035044950681895597,0.02665057645671662
positive_no_prior,2025-06-30,HYG,-0.002505544256353631,0.00019669472664343016,0.02065056051958909
positive_no_prior,2025-06-30,EWX,0.003689786989881094,0.0021435319349002884,0.035431638447601346
positive_no_prior,2025-06-30,VWOB,0.003448378263515961,-0.0016919367186331922,0.02767992083119031
positive_no_prior,2025-06-30,HYEM,0.0052854367518158085,4.971094930885343e-05,0.024632197055274828
positive_no_prior,2025-07-31,SPY,0.01702595928567807,0.009930289159701986,0.0378577874929126
positive_no_prior,2025-07-31,MGK,0.005506659536577585,0.011560682834568846,0.05388632053602428
positive_no_prior,2025-07-31,VTV,0.03136457393982228,0.006678967790494803,0.03676733788842951
positive_no_prior,2025-07-31,IJR,0.06670214284372133,0.004265000429315827,0.04839145162695707
positive_no_prior,2025-07-31,IWM,0.06825711678016222,0.0003769201956928138,0.05254935667667151
positive_no_prior,2025-07-31,VNQ,0.031234506481848445,0.0019393930503913603,0.048616308103242974
positive_no_prior,2025-07-31,VNQI,0.03800885965747658,-0.004876164963660297,0.04187877308868887
positive_no_prior,2025-07-31,VEA,0.040715343672140136,0.002396628918664848,0.03820361330063381
positive_no_prior,2025-07-31,VWO,0.03119670619044923,0.0009773719963992124,0.038550786028433794
positive_no_prior,2025-07-31,VSS,0.04570476560415426,0.00027037619822607543,0.038986128194301445
positive_no_prior,2025-07-31,BND,0.008078120866885197,-0.0030911927452431545,0.016415066291550304
positive_no_prior,2025-07-31,IEF,0.013001796164747947,-0.004446788491443564,0.020094970538766542
positive_no_prior,2025-07-31,BNDX,-0.002067319775812204,-0.0027548637023307038,0.013000959328028463
positive_no_prior,2025-07-31,LQD,0.0069765482555901315,-0.0030011043849668966,0.024905374976371505
positive_no_prior,2025-07-31,HYG,0.007592278645943473,0.00035796547742769234,0.018722353047125044
positive_no_prior,2025-07-31,EWX,0.059400893238615415,0.0006909878969557043,0.031123996360799298
positive_no_prior,2025-07-31,VWOB,0.013654429789281775,-0.0015125527112738741,0.024501689281243154
positive_no_prior,2025-07-31,HYEM,0.015516857251125726,0.0021594150105682143,0.023156151790465665
positive_no_prior,2025-08-29,SPY,0.03208906394277711,0.009161407822005358,0.03427808385957076
positive_no_prior,2025-08-29,MGK,0.04538102472427963,0.013009901048891166,0.04753510167145026
positive_no_prior,2025-08-29,VTV,0.019529753810910266,0.00758108115501407,0.032168830065743594
positive_no_prior,2025-08-29,IJR,0.007030856049952794,0.002140196516998728,0.044818212934252595
positive_no_prior,2025-08-29,IWM,0.028272862598571757,0.0019672141358971825,0.04531734601755982
positive_no_prior,2025-08-29,VNQ,-0.002835540326792896,0.005540920901573768,0.04299453178899871
positive_no_prior,2025-08-29,VNQI,0.010131917120224765,0.0015832832757270694,0.03706593470249575
positive_no_prior,2025-08-29,VEA,0.022001068135094393,0.006639058628624619,0.03390835032479091
positive_no_prior,2025-08-29,VWO,0.053275426570534856,0.00381301780921713,0.03506451463609804
positive_no_prior,2025-08-29,VSS,0.018182193335737562,0.0035212823291993277,0.03464802836645899
positive_no_prior,2025-08-29,BND,0.007605185555678684,-0.0013730501260219717,0.013625629518009377
positive_no_prior,2025-08-29,IEF,0.0030789765395491386,-0.00203547400674687,0.0165151636098906
positive_no_prior,2025-08-29,BNDX,0.0018362952066057758,-0.0019470455441088742,0.012310685361165988
positive_no_prior,2025-08-29,LQD,0.015298491121950697,-0.0015230458929322466,0.020674761666733668
positive_no_prior,2025-08-29,HYG,0.005419530370210479,0.0016413805150401204,0.017046359976001794
positive_no_prior,2025-08-29,EWX,0.00934001338555035,0.0030505106768917906,0.031228661472565162
positive_no_prior,2025-08-29,VWOB,0.011313877152875351,0.0013967072242733148,0.021935262092433887
positive_no_prior,2025-08-29,HYEM,-0.003310550556556602,0.0024719949567587546,0.021264160036799512
positive_no_prior,2025-09-30,SPY,0.02028375894432366,0.011220477909131164,0.041735505598795485
positive_no_prior,2025-09-30,MGK,0.04184616666398688,0.01373604558888049,0.0539124371222211
positive_no_prior,2025-09-30,VTV,-0.007371739211896489,0.008764337725523184,0.040019973409861354
positive_no_prior,2025-09-30,IJR,-0.012108590721114587,0.004738338535193268,0.05885718945408746
positive_no_prior,2025-09-30,IWM,0.014115453040836279,0.004727457460241806,0.06036032722414443
positive_no_prior,2025-09-30,VNQ,-0.027888055765740494,0.0027984678579023536,0.051726272083513165
positive_no_prior,2025-09-30,VNQI,-0.015995303603671296,-0.0006188233382798862,0.04362709092914368
positive_no_prior,2025-09-30,VEA,0.014158067636574012,0.006383391567337805,0.04195041861087412
positive_no_prior,2025-09-30,VWO,0.01105958429806142,0.0036333885383319276,0.038847723267799394
positive_no_prior,2025-09-30,VSS,-0.004799080760367169,0.0025086326753332674,0.04133930292566031
positive_no_prior,2025-09-30,BND,0.002537797325417923,-0.0009266848030292376,0.01617463518512791
positive_no_prior,2025-09-30,IEF,0.0036171952388968087,-0.0018723430616473192,0.01939234002476259
positive_no_prior,2025-09-30,BNDX,0.006523664675198493,-0.001383826826309847,0.013352525331070576
positive_no_prior,2025-09-30,LQD,-0.0019813075408361414,-0.00022443224843290543,0.024436084675697675
positive_no_prior,2025-09-30,HYG,-0.003581832310472044,0.002053267427477559,0.0201818292907458
positive_no_prior,2025-09-30,EWX,-0.003915097877319473,0.004459048295696998,0.03452886359295892
positive_no_prior,2025-09-30,VWOB,0.017691150240358278,0.0013522935430264641,0.026658130130519066
positive_no_prior,2025-09-30,HYEM,0.00027660203614199297,0.0016162739972347129,0.02375041539699196
positive_no_prior,2025-10-31,SPY,-0.001039617729681419,0.01312144075253759,0.03632561159469196
positive_no_prior,2025-10-31,MGK,-0.018174122322586972,0.019591430541125856,0.050792317380114735
positive_no_prior,2025-10-31,VTV,0.02234958180665636,0.008466969063237304,0.03385296739335125
positive_no_prior,2025-10-31,IJR,0.022999546830901885,0.00416726687814938,0.049219844701611996
positive_no_prior,2025-10-31,IWM,0.007219933427264902,0.0058464230303617954,0.048434514074613105
positive_no_prior,2025-10-31,VNQ,0.02116455054555555,0.004448647713965784,0.0451011741134225
positive_no_prior,2025-10-31,VNQI,0.011398276316832767,0.002791590995248419,0.03903598144995576
positive_no_prior,2025-10-31,VEA,0.006662577508105283,0.008380260062849839,0.03680397741124901
positive_no_prior,2025-10-31,VWO,-0.015135981764385575,0.008052889676528698,0.03944941319480906
positive_no_prior,2025-10-31,VSS,0.006820955763576553,0.005232795074245956,0.03739838347502964
positive_no_prior,2025-10-31,BND,0.00297114143881938,-0.00123527030028375,0.015089492654146866
positive_no_prior,2025-10-31,IEF,0.00686801303321638,-0.002249137493090898,0.01807539501454194
positive_no_prior,2025-10-31,BNDX,-0.004807659780811324,-0.0005968293333688266,0.012548283434927006
positive_no_prior,2025-10-31,LQD,0.006300096794094712,-0.0001989467503705298,0.022178362673256093
positive_no_prior,2025-10-31,HYG,0.004457641722011463,0.0024248980915447596,0.018143160757634495
positive_no_prior,2025-10-31,EWX,-0.016176668191666965,0.006769163621901893,0.03456859535744788
positive_no_prior,2025-10-31,VWOB,0.0006545758910070365,0.0022246726612605563,0.023034477731203665
positive_no_prior,2025-10-31,HYEM,-0.0021992661278306125,0.0029237876281737653,0.02258694492922652
positive_no_prior,2025-11-28,SPY,-0.0024606389596457667,0.010780870066264752,0.0347253029930589
positive_no_prior,2025-11-28,MGK,-0.006014656315694422,0.013876490321775185,0.04852892928333509
positive_no_prior,2025-11-28,VTV,0.004591005630098177,0.008731966692253623,0.0330400818959166
positive_no_prior,2025-11-28,IJR,-0.0043423583691276635,0.0044496961346254275,0.05040911426261749
positive_no_prior,2025-11-28,IWM,-0.010325989693845572,0.005486950029248623,0.05104008199281073
positive_no_prior,2025-11-28,VNQ,-0.02554537559841752,0.006586317402937808,0.04650534636602956
positive_no_prior,2025-11-28,VNQI,0.0008944661826628675,0.003465962273052566,0.03749146359293841
positive_no_prior,2025-11-28,VEA,0.02842462799248069,0.009260274605195722,0.03429282516205211
positive_no_prior,2025-11-28,VWO,0.006231798598067773,0.004607571139338337,0.037313356923143214
positive_no_prior,2025-11-28,VSS,0.01745648547983225,0.005831893619037018,0.03405811766653369
positive_no_prior,2025-11-28,BND,-0.00624728267814989,-0.00042171345988677774,0.01392919044474678
positive_no_prior,2025-11-28,IEF,-0.010842523271658244,-0.0004734842875576202,0.01688772877337543
positive_no_prior,2025-11-28,BNDX,-0.00843043234441343,-0.0013074038214880683,0.012801748354972756
positive_no_prior,2025-11-28,LQD,-0.010606184040828248,0.0008809982419272755,0.021044545079564193
positive_no_prior,2025-11-28,HYG,0.0016540803164204476,0.00224180525740919,0.01718320612609478
positive_no_prior,2025-11-28,EWX,0.005526301936131128,0.004749912316813456,0.032165935461728766
positive_no_prior,2025-11-28,VWOB,-0.0012631324755422169,0.002667181434425731,0.02223998347607457
positive_no_prior,2025-11-28,HYEM,0.006456216930834868,0.001566530797567883,0.021536571979483127
positive_no_prior,2025-12-31,SPY,0.011594066475381304,0.01108914541022284,0.03682544716427082
positive_no_prior,2025-12-31,MGK,-0.01981088189923419,0.011305753949913209,0.05223368759627161
positive_no_prior,2025-12-31,VTV,0.04262615110326995,0.010341487321864115,0.032967903431898635
positive_no_prior,2025-12-31,IJR,0.05372327844739844,0.0044568405434775886,0.04824574395815113
positive_no_prior,2025-12-31,IWM,0.05153392029332182,0.006565702465801087,0.05153879839674849
positive_no_prior,2025-12-31,VNQ,0.0229258613639709,0.004703339502243043,0.0451665255057727
positive_no_prior,2025-12-31,VNQI,0.04257155181000494,0.0013830643160503834,0.03834628684041942
positive_no_prior,2025-12-31,VEA,0.05642561347994279,0.009074185963125508,0.03650744822995114
positive_no_prior,2025-12-31,VWO,0.04715510460279937,0.004976021022009095,0.03616532999426777
positive_no_prior,2025-12-31,VSS,0.06068200468583562,0.004816918838260558,0.0364179782323462
positive_no_prior,2025-12-31,BND,-0.0009446630105405251,-0.0011276596780870087,0.01526707352789286
positive_no_prior,2025-12-31,IEF,-0.005378931439972923,-0.001682132251119507,0.018269016095509193
positive_no_prior,2025-12-31,BNDX,0.002059820670583523,-0.002133223943567033,0.012360179518466189
positive_no_prior,2025-12-31,LQD,0.0003398451129934532,-0.0005484350452701504,0.02230066378807645
positive_no_prior,2025-12-31,HYG,0.0029604455586125233,0.0027039243970329216,0.017519722439550404
positive_no_prior,2025-12-31,EWX,0.02711570928152862,0.003718715916066804,0.03221397128574192
positive_no_prior,2025-12-31,VWOB,0.0003023714262653243,0.0024684022043295743,0.02347173266174355
positive_no_prior,2025-12-31,HYEM,0.01193825183971775,0.0031006294304522656,0.02169554784061965
positive_no_prior,2026-01-30,SPY,-0.011463064459755201,0.011305195931866205,0.03744928785548283
positive_no_prior,2026-01-30,MGK,-0.049282081977910286,0.010767849272683693,0.05285682166720709
positive_no_prior,2026-01-30,VTV,0.03464425383897951,0.009882985147769405,0.031499143478947125
positive_no_prior,2026-01-30,IJR,0.018113075612949725,0.0064948760550577475,0.047442428832256626
positive_no_prior,2026-01-30,IWM,0.003913446654500996,0.004645541363109082,0.049674867781542766
positive_no_prior,2026-01-30,VNQ,0.05085567147315495,0.005334231027656698,0.044622962787920786
positive_no_prior,2026-01-30,VNQI,0.05477043858428532,0.004321866675381773,0.03843037215239241
positive_no_prior,2026-01-30,VEA,0.05800790565870817,0.012575074508376891,0.036511161741988145
positive_no_prior,2026-01-30,VWO,0.025936988754007295,0.008202497959246255,0.033340181892496365
positive_no_prior,2026-01-30,VSS,0.046521625760379104,0.007471552931962734,0.03746790171078465
positive_no_prior,2026-01-30,BND,0.013125538032234596,-0.0010594753176896422,0.014590668979964656
positive_no_prior,2026-01-30,IEF,0.02178389001983616,-0.0017722355632747704,0.01776367659429734
positive_no_prior,2026-01-30,BNDX,0.01242298193585456,-0.0023320470980865106,0.011965830669720831
positive_no_prior,2026-01-30,LQD,0.010894680719308658,0.0006145653505807611,0.0216232830123052
positive_no_prior,2026-01-30,HYG,-0.0028581418854923824,0.002381242848716101,0.017299737252526107
positive_no_prior,2026-01-30,EWX,0.03253007863200175,0.004987430625496588,0.03180170028737325
positive_no_prior,2026-01-30,VWOB,0.012410830018970698,0.002669604015846523,0.02327595366555051
positive_no_prior,2026-01-30,HYEM,0.006343486373523,0.002296725813642585,0.021703388890362583
positive_no_prior,2026-02-27,SPY,-0.05236481425659356,0.007220418259784663,0.034742308645861884
positive_no_prior,2026-02-27,MGK,-0.05256666804441845,0.007152443465991733,0.04876419726245225
positive_no_prior,2026-02-27,VTV,-0.05111916666844174,0.010092555746099227,0.03364819295183077
positive_no_prior,2026-02-27,IJR,-0.0430573291552121,0.007044513747410244,0.04673811271492671
positive_no_prior,2026-02-27,IWM,-0.052595723393065286,0.006844970250310428,0.04876167755252379
positive_no_prior,2026-02-27,VNQ,-0.066081450572396,0.004074506723968439,0.04540663628349302
positive_no_prior,2026-02-27,VNQI,-0.1261996923521307,0.004832568755546827,0.037917798359531796
positive_no_prior,2026-02-27,VEA,-0.0890166153043781,0.01459166880882902,0.03608429530426665
positive_no_prior,2026-02-27,VWO,-0.07262882161942752,0.011520388884527213,0.03483557713606761
positive_no_prior,2026-02-27,VSS,-0.09195775776152426,0.012147234318247612,0.03683661978175367
positive_no_prior,2026-02-27,BND,-0.020459273388676813,-0.00040958613780848986,0.014276746924970047
positive_no_prior,2026-02-27,IEF,-0.02626946195927571,-0.0009833794873022126,0.017620463468106053
positive_no_prior,2026-02-27,BNDX,-0.02445812349945309,-0.0009062901531603355,0.012464682602443612
positive_no_prior,2026-02-27,LQD,-0.02380357071815431,-0.0003028640991837421,0.021341765987785442
positive_no_prior,2026-02-27,HYG,-0.01264655652256541,0.001135586266297341,0.01692286923244096
positive_no_prior,2026-02-27,EWX,-0.05906694056130268,0.009416526609245659,0.03061871266340698
positive_no_prior,2026-02-27,VWOB,-0.03742886388704314,0.0024151528131188334,0.022083949808533808
positive_no_prior,2026-02-27,HYEM,-0.024402651519384255,0.002148056470658583,0.020235758667549085
positive_no_prior,2026-03-31,SPY,0.10158469057343722,0.007616822491673361,0.035614292423059704
positive_no_prior,2026-03-31,MGK,0.13945658747726553,0.01228307397100568,0.0485455160409586
positive_no_prior,2026-03-31,VTV,0.0506170669983208,0.0047399890994405175,0.033869201325840974
positive_no_prior,2026-03-31,IJR,0.09942684130728341,-0.0004449341714741605,0.04618349691739344
positive_no_prior,2026-03-31,IWM,0.11732924859591698,0.0004576316088362581,0.0480295975226905
positive_no_prior,2026-03-31,VNQ,0.08261211567781301,-0.0006585652831298582,0.04282228965896226
positive_no_prior,2026-03-31,VNQI,0.05920759938488018,0.0019294732513002407,0.04070121094417327
positive_no_prior,2026-03-31,VEA,0.07028850576993428,0.00882848905493052,0.037339592013095196
positive_no_prior,2026-03-31,VWO,0.08686516780484332,0.005043695195290888,0.03481955180837728
positive_no_prior,2026-03-31,VSS,0.08096490152679459,0.006761176200051181,0.03740750428032337
positive_no_prior,2026-03-31,BND,-0.001644084190784434,-0.0007476930982490359,0.0136712638037467
positive_no_prior,2026-03-31,IEF,-0.004636900424381141,-0.0015608274494632386,0.01650612040033258
positive_no_prior,2026-03-31,BNDX,-0.0008092670395931645,-0.0012607681281615365,0.01127239661987545
positive_no_prior,2026-03-31,LQD,-0.0003280238707080718,-1.6942508320411196e-05,0.020216221790058636
positive_no_prior,2026-03-31,HYG,0.012020620280474459,0.0006811958926576633,0.01625311138799113
positive_no_prior,2026-03-31,EWX,0.10571433591391832,0.0043134646761229705,0.03194016674874419
positive_no_prior,2026-03-31,VWOB,0.020791542317250666,0.0014174455141840318,0.022129793562162464
positive_no_prior,2026-03-31,HYEM,0.022278894658412263,0.0010230966051908658,0.02074843749704773
positive_no_prior,2026-04-30,SPY,0.049483664963993146,0.00977321534009303,0.036793558197917374
positive_no_prior,2026-04-30,MGK,0.08330425574857636,0.01471227873707435,0.05381937215856656
positive_no_prior,2026-04-30,VTV,0.021460679046998887,0.005121010756169471,0.03656887734416364
positive_no_prior,2026-04-30,IJR,0.008359592272450422,0.00015294650218108594,0.05133456366165239
positive_no_prior,2026-04-30,IWM,0.04170616807391436,0.0028299937874762975,0.05134275676708771
positive_no_prior,2026-04-30,VNQ,-0.009505527770350963,0.0020337748797210216,0.04714197201128956
positive_no_prior,2026-04-30,VNQI,-0.02873894096208207,-0.0018051797250758297,0.04561792684292895
positive_no_prior,2026-04-30,VEA,0.04005467192775236,0.005973850698169927,0.040576829060775595
positive_no_prior,2026-04-30,VWO,0.013087733301134774,0.004385190573948043,0.039300017489662706
positive_no_prior,2026-04-30,VSS,0.0153673341636833,0.004051769935209786,0.041666025215926335
positive_no_prior,2026-04-30,BND,-0.00023588979226363271,-0.0033973755162082916,0.015140556185811407
positive_no_prior,2026-04-30,IEF,-0.0031745273257528517,-0.005294155315806032,0.018996079286897696
positive_no_prior,2026-04-30,BNDX,0.005188840393763217,-0.003755812291281934,0.012648062424749173
positive_no_prior,2026-04-30,LQD,0.005612799118414058,-0.003616852169549307,0.022477006282439982
positive_no_prior,2026-04-30,HYG,0.0013666068307942592,0.0006845473619743563,0.017731145320441465
positive_no_prior,2026-04-30,EWX,0.01835836502980981,0.007065537539340687,0.03568890966598505
positive_no_prior,2026-04-30,VWOB,0.006564291011867507,-4.0322113809829695e-05,0.02483419529581191
positive_no_prior,2026-04-30,HYEM,0.00658729224447252,0.001631939182076113,0.023080345446571296
positive_beta_prior,2025-05-30,SPY,0.04769511906164903,0.009835563118670261,0.044343489777476826
positive_beta_prior,2025-05-30,MGK,0.06034673392230827,0.011124356449796452,0.059870113643578755
positive_beta_prior,2025-05-30,VTV,0.0332330912657377,0.00511766226857413,0.041687789330798024
positive_beta_prior,2025-05-30,IJR,0.03734736300075814,0.00039654426130916276,0.05756152912562926
positive_beta_prior,2025-05-30,IWM,0.05147995646827952,-0.00026827986022195894,0.05765232480244819
positive_beta_prior,2025-05-30,VNQ,0.0033500785292834845,0.0010953984747853465,0.05289541307694772
positive_beta_prior,2025-05-30,VNQI,0.04115888912622401,-0.0013024391598526904,0.04501496956233639
positive_beta_prior,2025-05-30,VEA,0.030256851306093457,0.004896246944779322,0.042775008586409834
positive_beta_prior,2025-05-30,VWO,0.05168209224062714,0.0015713624121640709,0.0407974373109926
positive_beta_prior,2025-05-30,VSS,0.054769444558085745,0.003134104459572466,0.043614449241957995
positive_beta_prior,2025-05-30,BND,0.011602274676301816,-0.002473054607371351,0.016857133354398417
positive_beta_prior,2025-05-30,IEF,0.012452491537882304,-0.003423371557348405,0.020261946667105932
positive_beta_prior,2025-05-30,BNDX,-0.0001381150801093023,-0.0006059460667595129,0.01410892094858607
positive_beta_prior,2025-05-30,LQD,0.01724059290590274,-0.0013172551440263798,0.024861120656346707
positive_beta_prior,2025-05-30,HYG,0.014810137654057698,0.0009859508854372595,0.02073003832615671
positive_beta_prior,2025-05-30,EWX,0.05043478917948763,0.003830506004350532,0.035169039004521535
positive_beta_prior,2025-05-30,VWOB,0.021275025282161186,0.0002552939158051077,0.026958068793591073
positive_beta_prior,2025-05-30,HYEM,0.014454903619178339,0.00043262890828002173,0.02531490308935055
positive_beta_prior,2025-06-30,SPY,0.01908467259702551,0.010007136656596392,0.03760256507452296
positive_beta_prior,2025-06-30,MGK,0.03526188252947149,0.013383730687822825,0.05307508822873125
positive_beta_prior,2025-06-30,VTV,-0.002167296399311236,0.007123817500876717,0.03663288006313713
positive_beta_prior,2025-06-30,IJR,0.005165530187941636,0.002322502146927663,0.05361822778081127
positive_beta_prior,2025-06-30,IWM,0.012760607343994756,0.0018543247523156998,0.052477256993050544
positive_beta_prior,2025-06-30,VNQ,-0.0029632780526935854,0.0009267920860285157,0.051895574780175306
positive_beta_prior,2025-06-30,VNQI,-0.023931985253554888,-0.004611534712857069,0.04173463469196754
positive_beta_prior,2025-06-30,VEA,-0.01766175570590245,0.004344550138465215,0.0380294606983168
positive_beta_prior,2025-06-30,VWO,0.002989658374459969,-0.0005472222284974384,0.0390249072546732
positive_beta_prior,2025-06-30,VSS,-0.009120730437294888,0.0004578539808122186,0.03991244228843166
positive_beta_prior,2025-06-30,BND,-0.006504632044136427,-0.002974743355057418,0.015212194337155453
positive_beta_prior,2025-06-30,IEF,-0.00977429711868305,-0.004547902079002208,0.01915701354522738
positive_beta_prior,2025-06-30,BNDX,-0.00498710657025403,-0.002520815897129304,0.012829649873039733
positive_beta_prior,2025-06-30,LQD,-0.004751878550950606,-0.003322459548281841,0.02377494764381578
positive_beta_prior,2025-06-30,HYG,-0.002505544256353631,0.00021892658977908132,0.018775242688197535
positive_beta_prior,2025-06-30,EWX,0.003689786989881094,0.0028502140760673254,0.033692926169396904
positive_beta_prior,2025-06-30,VWOB,0.003448378263515961,-0.0018409882689074085,0.025272316164340277
positive_beta_prior,2025-06-30,HYEM,0.0052854367518158085,0.0014662238129546194,0.024652261116283682
positive_beta_prior,2025-07-31,SPY,0.01702595928567807,0.008389147877714505,0.03766783599446751
positive_beta_prior,2025-07-31,MGK,0.005506659536577585,0.015131039432106875,0.05303530883497151
positive_beta_prior,2025-07-31,VTV,0.03136457393982228,0.005303461497091603,0.03320229442403323
positive_beta_prior,2025-07-31,IJR,0.06670214284372133,-0.0006188836919225061,0.049662005152900944
positive_beta_prior,2025-07-31,IWM,0.06825711678016222,-0.0009551330551177176,0.051742637629581055
positive_beta_prior,2025-07-31,VNQ,0.031234506481848445,-0.0002846990355499148,0.04987684709143211
positive_beta_prior,2025-07-31,VNQI,0.03800885965747658,-0.005357420676304164,0.03947617511707962
positive_beta_prior,2025-07-31,VEA,0.040715343672140136,0.003470039608398863,0.03721948864641325
positive_beta_prior,2025-07-31,VWO,0.03119670619044923,0.0005186717148428267,0.036054216963275904
positive_beta_prior,2025-07-31,VSS,0.04570476560415426,-0.0013887307748183567,0.037007732086760795
positive_beta_prior,2025-07-31,BND,0.008078120866885197,-0.0020794756310319766,0.015763698953491622
positive_beta_prior,2025-07-31,IEF,0.013001796164747947,-0.003115252964746338,0.0188113445662463
positive_beta_prior,2025-07-31,BNDX,-0.002067319775812204,-0.0015371494603671234,0.012934050295972018
positive_beta_prior,2025-07-31,LQD,0.0069765482555901315,-0.002530665272133998,0.024242267298237502
positive_beta_prior,2025-07-31,HYG,0.007592278645943473,0.000443778230751814,0.018241921522306765
positive_beta_prior,2025-07-31,EWX,0.059400893238615415,-0.0002726940518337712,0.03155478111388379
positive_beta_prior,2025-07-31,VWOB,0.013654429789281775,-0.0010385461617745627,0.024149828649916737
positive_beta_prior,2025-07-31,HYEM,0.015516857251125726,0.0019006359419560662,0.021348924573960006
positive_beta_prior,2025-08-29,SPY,0.03208906394277711,0.00831342808300299,0.03969460370612953
positive_beta_prior,2025-08-29,MGK,0.04538102472427963,0.011596743916499255,0.05234241131206723
positive_beta_prior,2025-08-29,VTV,0.019529753810910266,0.007124851033656306,0.03820718541185539
positive_beta_prior,2025-08-29,IJR,0.007030856049952794,0.003614498647633202,0.05510430876814685
positive_beta_prior,2025-08-29,IWM,0.028272862598571757,0.002825915675018529,0.05602691442555654
positive_beta_prior,2025-08-29,VNQ,-0.002835540326792896,0.005580576226384316,0.04852303246945109
positive_beta_prior,2025-08-29,VNQI,0.010131917120224765,1.1405137239169387e-05,0.042782788790070074
positive_beta_prior,2025-08-29,VEA,0.022001068135094393,0.0050665035174873715,0.040986844999961136
positive_beta_prior,2025-08-29,VWO,0.053275426570534856,0.0017947721180275257,0.03739937127536132
positive_beta_prior,2025-08-29,VSS,0.018182193335737562,0.002302052051692978,0.04121146695088057
positive_beta_prior,2025-08-29,BND,0.007605185555678684,-0.0011658977557656475,0.015226138811802374
positive_beta_prior,2025-08-29,IEF,0.0030789765395491386,-0.0015400378452172865,0.018889715971999253
positive_beta_prior,2025-08-29,BNDX,0.0018362952066057758,-0.0016411111136392829,0.012774734307224865
positive_beta_prior,2025-08-29,LQD,0.015298491121950697,-0.0012717386666797116,0.024038728022087206
positive_beta_prior,2025-08-29,HYG,0.005419530370210479,0.0009972109617201732,0.020371234992486983
positive_beta_prior,2025-08-29,EWX,0.00934001338555035,0.0035494716901010377,0.03427001093210643
positive_beta_prior,2025-08-29,VWOB,0.011313877152875351,0.00030086965639290666,0.025627015882863497
positive_beta_prior,2025-08-29,HYEM,-0.003310550556556602,0.0009841388045006634,0.023741652367114865
positive_beta_prior,2025-09-30,SPY,0.02028375894432366,0.01413048718327541,0.033486337306649586
positive_beta_prior,2025-09-30,MGK,0.04184616666398688,0.02015626808158999,0.05356299233563743
positive_beta_prior,2025-09-30,VTV,-0.007371739211896489,0.01157235975143988,0.03385596757475525
positive_beta_prior,2025-09-30,IJR,-0.012108590721114587,0.0051809301971281925,0.04255598330986438
positive_beta_prior,2025-09-30,IWM,0.014115453040836279,0.00499157565051645,0.04094812209693661
positive_beta_prior,2025-09-30,VNQ,-0.027888055765740494,0.0048875486022967275,0.04482179843513559
positive_beta_prior,2025-09-30,VNQI,-0.015995303603671296,0.000741586739004503,0.038058030779078086
positive_beta_prior,2025-09-30,VEA,0.014158067636574012,0.010156205098615596,0.03587152137845698
positive_beta_prior,2025-09-30,VWO,0.01105958429806142,0.0034747491169836325,0.03589199137314024
positive_beta_prior,2025-09-30,VSS,-0.004799080760367169,0.00452225356961534,0.03581162836233167
positive_beta_prior,2025-09-30,BND,0.002537797325417923,-0.0019406928514681563,0.016395112790753102
positive_beta_prior,2025-09-30,IEF,0.0036171952388968087,-0.002323641449169451,0.01950754468963583
positive_beta_prior,2025-09-30,BNDX,0.006523664675198493,-0.001936132499413525,0.013570923760787217
positive_beta_prior,2025-09-30,LQD,-0.0019813075408361414,-0.0017584042314845133,0.023034251016979358
positive_beta_prior,2025-09-30,HYG,-0.003581832310472044,0.0020147040930528137,0.017003405809525446
positive_beta_prior,2025-09-30,EWX,-0.003915097877319473,0.007161424650628901,0.03483342509165252
positive_beta_prior,2025-09-30,VWOB,0.017691150240358278,0.001127281120101339,0.023539601315210486
positive_beta_prior,2025-09-30,HYEM,0.00027660203614199297,0.0005614882267374504,0.022042115999921875
positive_beta_prior,2025-10-31,SPY,-0.001039617729681419,0.012520221759128008,0.040028728924048525
positive_beta_prior,2025-10-31,MGK,-0.018174122322586972,0.015369218624042672,0.05595537235157345
positive_beta_prior,2025-10-31,VTV,0.02234958180665636,0.009063772097574682,0.03536768340029826
positive_beta_prior,2025-10-31,IJR,0.022999546830901885,0.007321627183616765,0.05194512176456513
positive_beta_prior,2025-10-31,IWM,0.007219933427264902,0.007089535945912114,0.05252074008812203
positive_beta_prior,2025-10-31,VNQ,0.02116455054555555,0.005785089522113819,0.044774655235699186
positive_beta_prior,2025-10-31,VNQI,0.011398276316832767,0.0023165131916698775,0.04176034425329032
positive_beta_prior,2025-10-31,VEA,0.006662577508105283,0.006236885884537377,0.038661640239436225
positive_beta_prior,2025-10-31,VWO,-0.015135981764385575,0.006429295411296811,0.03436875836421971
positive_beta_prior,2025-10-31,VSS,0.006820955763576553,0.005122257008308314,0.03863763073508025
positive_beta_prior,2025-10-31,BND,0.00297114143881938,-0.0012314479461737883,0.01587882339112481
positive_beta_prior,2025-10-31,IEF,0.00686801303321638,-0.001770446733461653,0.019179439778327395
positive_beta_prior,2025-10-31,BNDX,-0.004807659780811324,-0.0010633647205330568,0.013335457023518559
positive_beta_prior,2025-10-31,LQD,0.006300096794094712,-0.0011286259281843307,0.023623837129141914
positive_beta_prior,2025-10-31,HYG,0.004457641722011463,0.002168355692041867,0.020043384533337382
positive_beta_prior,2025-10-31,EWX,-0.016176668191666965,0.006425646993244756,0.03211994313500589
positive_beta_prior,2025-10-31,VWOB,0.0006545758910070365,0.0014230116589045447,0.024811491339596824
positive_beta_prior,2025-10-31,HYEM,-0.0021992661278306125,0.0018506127977647438,0.022395575143774438
positive_beta_prior,2025-11-28,SPY,-0.0024606389596457667,0.010485469383530446,0.038572931088501315
positive_beta_prior,2025-11-28,MGK,-0.006014656315694422,0.015061509468842106,0.053658918741548906
positive_beta_prior,2025-11-28,VTV,0.004591005630098177,0.008871055192540457,0.032493892559328795
positive_beta_prior,2025-11-28,IJR,-0.0043423583691276635,0.007384682063930945,0.050212896853845196
positive_beta_prior,2025-11-28,IWM,-0.010325989693845572,0.007055138433957045,0.051177527600843
positive_beta_prior,2025-11-28,VNQ,-0.02554537559841752,0.004039753911555198,0.04413587509576427
positive_beta_prior,2025-11-28,VNQI,0.0008944661826628675,-0.0013660493451289437,0.03738997286910734
positive_beta_prior,2025-11-28,VEA,0.02842462799248069,0.005909271897532266,0.03576930441546498
positive_beta_prior,2025-11-28,VWO,0.006231798598067773,0.0033031522453470987,0.03484020160048877
positive_beta_prior,2025-11-28,VSS,0.01745648547983225,0.0009530028557801519,0.036124522469203245
positive_beta_prior,2025-11-28,BND,-0.00624728267814989,-0.0008503918870163558,0.014548810210045103
positive_beta_prior,2025-11-28,IEF,-0.010842523271658244,-0.001080517993374709,0.016938728859371546
positive_beta_prior,2025-11-28,BNDX,-0.00843043234441343,-0.0007975930877113062,0.011836761012859194
positive_beta_prior,2025-11-28,LQD,-0.010606184040828248,-0.00043566147796796593,0.02218904699483515
positive_beta_prior,2025-11-28,HYG,0.0016540803164204476,0.0019005080259882861,0.018170626551199248
positive_beta_prior,2025-11-28,EWX,0.005526301936131128,0.0029925485914910873,0.031096972385869042
positive_beta_prior,2025-11-28,VWOB,-0.0012631324755422169,0.0018096830082018815,0.023141020481719062
positive_beta_prior,2025-11-28,HYEM,0.006456216930834868,0.0011672016980544125,0.02069456233588616
positive_beta_prior,2025-12-31,SPY,0.011594066475381304,0.010969714723102354,0.03469162472487722
positive_beta_prior,2025-12-31,MGK,-0.01981088189923419,0.013591057106107151,0.04671735861650043
positive_beta_prior,2025-12-31,VTV,0.04262615110326995,0.008563030236818802,0.03174048565555
positive_beta_prior,2025-12-31,IJR,0.05372327844739844,0.006715524795448381,0.04679144076572246
positive_beta_prior,2025-12-31,IWM,0.05153392029332182,0.008056657370266113,0.04725074508279816
positive_beta_prior,2025-12-31,VNQ,0.0229258613639709,0.0007689749449453684,0.040664806339645566
positive_beta_prior,2025-12-31,VNQI,0.04257155181000494,0.00011152503893292927,0.03643586470334067
positive_beta_prior,2025-12-31,VEA,0.05642561347994279,0.008416319644784405,0.03567827162393117
positive_beta_prior,2025-12-31,VWO,0.04715510460279937,0.004034528363626545,0.03281355377495799
positive_beta_prior,2025-12-31,VSS,0.06068200468583562,0.00512161590672397,0.03664088506910708
positive_beta_prior,2025-12-31,BND,-0.0009446630105405251,-0.0013415041244643653,0.012914377626312146
positive_beta_prior,2025-12-31,IEF,-0.005378931439972923,-0.0018657517579368042,0.015361513044620712
positive_beta_prior,2025-12-31,BNDX,0.002059820670583523,-0.0018952872719982554,0.010721336491112576
positive_beta_prior,2025-12-31,LQD,0.0003398451129934532,-0.0005567815171787982,0.019795453387929922
positive_beta_prior,2025-12-31,HYG,0.0029604455586125233,0.0012582733891903551,0.017061704981284825
positive_beta_prior,2025-12-31,EWX,0.02711570928152862,0.004399400409065309,0.029670677079538882
positive_beta_prior,2025-12-31,VWOB,0.0003023714262653243,0.0018010383815667379,0.021515856263801703
positive_beta_prior,2025-12-31,HYEM,0.01193825183971775,0.0023322457326891448,0.018919879621632413
positive_beta_prior,2026-01-30,SPY,-0.011463064459755201,0.011477786338200662,0.027703639699966566
positive_beta_prior,2026-01-30,MGK,-0.049282081977910286,0.010343693624086402,0.0384026482557867
positive_beta_prior,2026-01-30,VTV,0.03464425383897951,0.010580953091414238,0.023527120508941398
positive_beta_prior,2026-01-30,IJR,0.018113075612949725,0.004507150880091728,0.03824842706458406
positive_beta_prior,2026-01-30,IWM,0.003913446654500996,0.004805580434617143,0.043599732052356954
positive_beta_prior,2026-01-30,VNQ,0.05085567147315495,0.0009450609980777364,0.03650037914643729
positive_beta_prior,2026-01-30,VNQI,0.05477043858428532,0.005335071758148619,0.028401253186324475
positive_beta_prior,2026-01-30,VEA,0.05800790565870817,0.013632440534539037,0.026815215265831523
positive_beta_prior,2026-01-30,VWO,0.025936988754007295,0.008192189787229652,0.02846254105217953
positive_beta_prior,2026-01-30,VSS,0.046521625760379104,0.008395504650500908,0.02758169500824723
positive_beta_prior,2026-01-30,BND,0.013125538032234596,-0.0013615921860629261,0.011689588097774307
positive_beta_prior,2026-01-30,IEF,0.02178389001983616,-0.0028122537306215483,0.014277918636331438
positive_beta_prior,2026-01-30,BNDX,0.01242298193585456,-0.002176597650167697,0.009271969246432405
positive_beta_prior,2026-01-30,LQD,0.010894680719308658,-0.0011860476322161676,0.017322604861117058
positive_beta_prior,2026-01-30,HYG,-0.0028581418854923824,0.002652326244581811,0.012980312305344247
positive_beta_prior,2026-01-30,EWX,0.03253007863200175,0.005432866364997147,0.023443706470444848
positive_beta_prior,2026-01-30,VWOB,0.012410830018970698,0.0025458446212319346,0.0175446139401543
positive_beta_prior,2026-01-30,HYEM,0.006343486373523,0.002869209086701866,0.015988072073209358
positive_beta_prior,2026-02-27,SPY,-0.05236481425659356,0.007652291654229965,0.037512706095522194
positive_beta_prior,2026-02-27,MGK,-0.05256666804441845,0.008093092534039784,0.050781535476506316
positive_beta_prior,2026-02-27,VTV,-0.05111916666844174,0.008402391988318922,0.03403735916821524
positive_beta_prior,2026-02-27,IJR,-0.0430573291552121,0.002129936176282385,0.04826034389591791
positive_beta_prior,2026-02-27,IWM,-0.052595723393065286,0.00198497446686578,0.04996293422138611
positive_beta_prior,2026-02-27,VNQ,-0.066081450572396,0.0045784645372915905,0.0465569191946348
positive_beta_prior,2026-02-27,VNQI,-0.1261996923521307,0.004753910693451524,0.037562469438633186
positive_beta_prior,2026-02-27,VEA,-0.0890166153043781,0.011930270018869864,0.03598228338645896
positive_beta_prior,2026-02-27,VWO,-0.07262882161942752,0.010053078212268349,0.03396423319662206
positive_beta_prior,2026-02-27,VSS,-0.09195775776152426,0.009523527816399875,0.0368787329115051
positive_beta_prior,2026-02-27,BND,-0.020459273388676813,-0.0005652921336614779,0.014794118424352687
positive_beta_prior,2026-02-27,IEF,-0.02626946195927571,-0.0008743395386507234,0.01788548227774738
positive_beta_prior,2026-02-27,BNDX,-0.02445812349945309,-0.001377942445047186,0.012014966598224496
positive_beta_prior,2026-02-27,LQD,-0.02380357071815431,-0.0003938960906550062,0.021989267375735692
positive_beta_prior,2026-02-27,HYG,-0.01264655652256541,0.0012155965055131264,0.017471881473016267
positive_beta_prior,2026-02-27,EWX,-0.05906694056130268,0.006844696437963971,0.029502903662624404
positive_beta_prior,2026-02-27,VWOB,-0.03742886388704314,0.0019227487124619334,0.023087689102766464
positive_beta_prior,2026-02-27,HYEM,-0.024402651519384255,0.002470552868623681,0.02064037017787865
positive_beta_prior,2026-03-31,SPY,0.10158469057343722,0.009146389868783666,0.03374189333645672
positive_beta_prior,2026-03-31,MGK,0.13945658747726553,0.012039098594922849,0.049405243755186706
positive_beta_prior,2026-03-31,VTV,0.0506170669983208,0.005515639093165159,0.03108396867888294
positive_beta_prior,2026-03-31,IJR,0.09942684130728341,-0.0014681758467256795,0.043902186788041024
positive_beta_prior,2026-03-31,IWM,0.11732924859591698,-0.00048589543416815983,0.04585171422899678
positive_beta_prior,2026-03-31,VNQ,0.08261211567781301,0.00357434112999915,0.04351253046732128
positive_beta_prior,2026-03-31,VNQI,0.05920759938488018,0.0015541922295326076,0.037827784625556374
positive_beta_prior,2026-03-31,VEA,0.07028850576993428,0.00821408116859116,0.03374861990529259
positive_beta_prior,2026-03-31,VWO,0.08686516780484332,0.007353851404983884,0.032412384268371515
positive_beta_prior,2026-03-31,VSS,0.08096490152679459,0.00556733055100098,0.035060645585929286
positive_beta_prior,2026-03-31,BND,-0.001644084190784434,-0.0009712625967404538,0.013227633095527144
positive_beta_prior,2026-03-31,IEF,-0.004636900424381141,-0.0017906115094514096,0.016066838751178855
positive_beta_prior,2026-03-31,BNDX,-0.0008092670395931645,-0.0010779614379856,0.011797125959909543
positive_beta_prior,2026-03-31,LQD,-0.0003280238707080718,-0.0003912094664709929,0.01965597308287563
positive_beta_prior,2026-03-31,HYG,0.012020620280474459,0.0013909011519722399,0.01586603931402832
positive_beta_prior,2026-03-31,EWX,0.10571433591391832,0.006820090921379839,0.029326026856592483
positive_beta_prior,2026-03-31,VWOB,0.020791542317250666,0.0014263999663249622,0.02145951423416936
positive_beta_prior,2026-03-31,HYEM,0.022278894658412263,0.0003572366319137586,0.01936232244109949
positive_beta_prior,2026-04-30,SPY,0.049483664963993146,0.0081725237384626,0.04190951104961348
positive_beta_prior,2026-04-30,MGK,0.08330425574857636,0.007816634768447909,0.05992857109738322
positive_beta_prior,2026-04-30,VTV,0.021460679046998887,0.007988481154993204,0.034417107918965684
positive_beta_prior,2026-04-30,IJR,0.008359592272450422,0.003397708507671712,0.052431857381464775
positive_beta_prior,2026-04-30,IWM,0.04170616807391436,0.0046797087899245,0.05465953247335279
positive_beta_prior,2026-04-30,VNQ,-0.009505527770350963,0.004212445928214124,0.04774067572497812
positive_beta_prior,2026-04-30,VNQI,-0.02873894096208207,0.0015297807988716133,0.044408471226806294
positive_beta_prior,2026-04-30,VEA,0.04005467192775236,0.008979373188646167,0.03979237085557192
positive_beta_prior,2026-04-30,VWO,0.013087733301134774,0.007112448345302745,0.03955970631513039
positive_beta_prior,2026-04-30,VSS,0.0153673341636833,0.006283487510529525,0.04228901968971799
positive_beta_prior,2026-04-30,BND,-0.00023588979226363271,-0.0013159487813824316,0.015593302056881263
positive_beta_prior,2026-04-30,IEF,-0.0031745273257528517,-0.001847123977306115,0.01833118510161246
positive_beta_prior,2026-04-30,BNDX,0.005188840393763217,-0.002183142507605727,0.0130520433947184
positive_beta_prior,2026-04-30,LQD,0.005612799118414058,-0.0009464611405292148,0.023092525994069597
positive_beta_prior,2026-04-30,HYG,0.0013666068307942592,0.001901938301378075,0.01921094147570058
positive_beta_prior,2026-04-30,EWX,0.01835836502980981,0.005987203557430326,0.035977232595532815
positive_beta_prior,2026-04-30,VWOB,0.006564291011867507,0.0010267947599816945,0.024875563324893046
positive_beta_prior,2026-04-30,HYEM,0.00658729224447252,0.001438440703948506,0.022325933381134044
signed_no_prior,2025-05-30,SPY,0.04769511906164903,0.008309371880513675,0.04482289704901263
signed_no_prior,2025-05-30,MGK,0.06034673392230827,0.007340738192383146,0.061475783934856774
signed_no_prior,2025-05-30,VTV,0.0332330912657377,0.008668435134041417,0.03986200505531727
signed_no_prior,2025-05-30,IJR,0.03734736300075814,0.007737312100176081,0.05312081773519687
signed_no_prior,2025-05-30,IWM,0.05147995646827952,0.004117538373375248,0.05354531819648667
signed_no_prior,2025-05-30,VNQ,0.0033500785292834845,0.0016167072920736944,0.057807389329258704
signed_no_prior,2025-05-30,VNQI,0.04115888912622401,-0.003385958457872782,0.04827401061498067
signed_no_prior,2025-05-30,VEA,0.030256851306093457,0.006427765801491745,0.04691489890262576
signed_no_prior,2025-05-30,VWO,0.05168209224062714,0.0054834600452871845,0.04440953380450084
signed_no_prior,2025-05-30,VSS,0.054769444558085745,0.0029916053891913467,0.04449799538620014
signed_no_prior,2025-05-30,BND,0.011602274676301816,-0.002982395085669316,0.018193368912542564
signed_no_prior,2025-05-30,IEF,0.012452491537882304,-0.004654361296499221,0.021444975502070154
signed_no_prior,2025-05-30,BNDX,-0.0001381150801093023,0.0016361428236876538,0.015449871850740383
signed_no_prior,2025-05-30,LQD,0.01724059290590274,-0.001055583199105553,0.028498302611506834
signed_no_prior,2025-05-30,HYG,0.014810137654057698,0.002101977067806025,0.023605335186527826
signed_no_prior,2025-05-30,EWX,0.05043478917948763,0.011240828113645188,0.03985757399210916
signed_no_prior,2025-05-30,VWOB,0.021275025282161186,-0.001055277856951571,0.03130109734296422
signed_no_prior,2025-05-30,HYEM,0.014454903619178339,0.0008506049470151432,0.02817350695941721
signed_no_prior,2025-06-30,SPY,0.01908467259702551,0.009807190547814528,0.043960409321051205
signed_no_prior,2025-06-30,MGK,0.03526188252947149,0.010758507332319454,0.05657626246376847
signed_no_prior,2025-06-30,VTV,-0.002167296399311236,0.009830422351824616,0.047118131029706516
signed_no_prior,2025-06-30,IJR,0.005165530187941636,0.005053589865281226,0.05500806840387198
signed_no_prior,2025-06-30,IWM,0.012760607343994756,0.0035751891675842285,0.05695684831950324
signed_no_prior,2025-06-30,VNQ,-0.0029632780526935854,0.006518056938855648,0.05091699460775393
signed_no_prior,2025-06-30,VNQI,-0.023931985253554888,-0.0020270555316280613,0.0434407654151949
signed_no_prior,2025-06-30,VEA,-0.01766175570590245,0.006274149692538084,0.042312997050643265
signed_no_prior,2025-06-30,VWO,0.002989658374459969,0.00045288773629197386,0.042174472277691444
signed_no_prior,2025-06-30,VSS,-0.009120730437294888,0.0006228243171172604,0.044491144144021215
signed_no_prior,2025-06-30,BND,-0.006504632044136427,-0.002041857323478332,0.01892873825556959
signed_no_prior,2025-06-30,IEF,-0.00977429711868305,-0.003613827692701058,0.023262923098127126
signed_no_prior,2025-06-30,BNDX,-0.00498710657025403,-0.0026072678631944074,0.01696296581669793
signed_no_prior,2025-06-30,LQD,-0.004751878550950606,-0.0017903802377000318,0.029733071365099686
signed_no_prior,2025-06-30,HYG,-0.002505544256353631,0.0008983444536531029,0.02084384697879057
signed_no_prior,2025-06-30,EWX,0.003689786989881094,0.005627326632055663,0.037631405330444234
signed_no_prior,2025-06-30,VWOB,0.003448378263515961,-0.0009157014499089906,0.030339782571487
signed_no_prior,2025-06-30,HYEM,0.0052854367518158085,-0.00039414122392458475,0.03958941809950662
signed_no_prior,2025-07-31,SPY,0.01702595928567807,0.009843044475376615,0.03994861097531278
signed_no_prior,2025-07-31,MGK,0.005506659536577585,0.01583164241940095,0.05984440899842855
signed_no_prior,2025-07-31,VTV,0.03136457393982228,0.005920008395358319,0.03593175188262789
signed_no_prior,2025-07-31,IJR,0.06670214284372133,0.0032128387748182026,0.0564882993119098
signed_no_prior,2025-07-31,IWM,0.06825711678016222,0.0022788973211030988,0.05378054820865746
signed_no_prior,2025-07-31,VNQ,0.031234506481848445,0.0017984148757568463,0.04991070851582607
signed_no_prior,2025-07-31,VNQI,0.03800885965747658,-0.0052144237735399,0.04018242728468514
signed_no_prior,2025-07-31,VEA,0.040715343672140136,0.0021353508448033473,0.03908039513488125
signed_no_prior,2025-07-31,VWO,0.03119670619044923,-0.0005865807675108056,0.03495887233523018
signed_no_prior,2025-07-31,VSS,0.04570476560415426,-0.0004380651055783328,0.03804982530574812
signed_no_prior,2025-07-31,BND,0.008078120866885197,-0.0028056842053658724,0.01600644396018622
signed_no_prior,2025-07-31,IEF,0.013001796164747947,-0.0039783823442666386,0.01859262212355546
signed_no_prior,2025-07-31,BNDX,-0.002067319775812204,-0.0018961744906249734,0.014200391862404274
signed_no_prior,2025-07-31,LQD,0.0069765482555901315,-0.0020351402830718576,0.024763939542052228
signed_no_prior,2025-07-31,HYG,0.007592278645943473,0.0005500605695211091,0.019603417464044415
signed_no_prior,2025-07-31,EWX,0.059400893238615415,0.002239810446927372,0.03237045910706682
signed_no_prior,2025-07-31,VWOB,0.013654429789281775,-0.0010624218511375218,0.025368931713459088
signed_no_prior,2025-07-31,HYEM,0.015516857251125726,-0.00038046885495671525,0.025654634654208832
signed_no_prior,2025-08-29,SPY,0.03208906394277711,0.009743742453500223,0.03943045435495174
signed_no_prior,2025-08-29,MGK,0.04538102472427963,0.01434643270854076,0.05168190170722907
signed_no_prior,2025-08-29,VTV,0.019529753810910266,0.008468418183220992,0.034359650029317255
signed_no_prior,2025-08-29,IJR,0.007030856049952794,0.0036124440824095057,0.05183539428565118
signed_no_prior,2025-08-29,IWM,0.028272862598571757,0.004798504237766213,0.05197210042144222
signed_no_prior,2025-08-29,VNQ,-0.002835540326792896,0.0023875524201036353,0.04844152274029283
signed_no_prior,2025-08-29,VNQI,0.010131917120224765,-0.0004984934918711677,0.03677675476521254
signed_no_prior,2025-08-29,VEA,0.022001068135094393,0.007998534167185978,0.036226618654834127
signed_no_prior,2025-08-29,VWO,0.053275426570534856,0.002544993287202732,0.033344309749428765
signed_no_prior,2025-08-29,VSS,0.018182193335737562,0.004447691603966398,0.03559612359275481
signed_no_prior,2025-08-29,BND,0.007605185555678684,-0.0010783458938702878,0.01484916654987889
signed_no_prior,2025-08-29,IEF,0.0030789765395491386,-0.001945954672637293,0.01593969030283122
signed_no_prior,2025-08-29,BNDX,0.0018362952066057758,-0.0016154296399947812,0.011786115460334243
signed_no_prior,2025-08-29,LQD,0.015298491121950697,-0.0007607368001397244,0.021425942699353794
signed_no_prior,2025-08-29,HYG,0.005419530370210479,0.0018593943484871292,0.01778597700365611
signed_no_prior,2025-08-29,EWX,0.00934001338555035,0.005820266574463962,0.030480668781672576
signed_no_prior,2025-08-29,VWOB,0.011313877152875351,0.00047541793938936415,0.023654855494704388
signed_no_prior,2025-08-29,HYEM,-0.003310550556556602,0.0029176458855509147,0.021862193242469605
signed_no_prior,2025-09-30,SPY,0.02028375894432366,0.016133540718892985,0.03671435858149411
signed_no_prior,2025-09-30,MGK,0.04184616666398688,0.01794197719090442,0.04684779006449329
signed_no_prior,2025-09-30,VTV,-0.007371739211896489,0.011897356454356231,0.03305135423694797
signed_no_prior,2025-09-30,IJR,-0.012108590721114587,0.0117409437013956,0.046663166804450026
signed_no_prior,2025-09-30,IWM,0.014115453040836279,0.009440768387226087,0.04767979044096172
signed_no_prior,2025-09-30,VNQ,-0.027888055765740494,0.013691308968371053,0.04321220124297949
signed_no_prior,2025-09-30,VNQI,-0.015995303603671296,0.005622078868047055,0.038352292294363925
signed_no_prior,2025-09-30,VEA,0.014158067636574012,0.011493443921820203,0.03548321693850715
signed_no_prior,2025-09-30,VWO,0.01105958429806142,0.006577596966890566,0.03164195945094715
signed_no_prior,2025-09-30,VSS,-0.004799080760367169,0.00758877377296061,0.03535821359689054
signed_no_prior,2025-09-30,BND,0.002537797325417923,-0.0004086244007927035,0.014198749926643892
signed_no_prior,2025-09-30,IEF,0.0036171952388968087,-0.0013789180923635316,0.01632254113263037
signed_no_prior,2025-09-30,BNDX,0.006523664675198493,-0.0006324073470252594,0.012691603825791969
signed_no_prior,2025-09-30,LQD,-0.0019813075408361414,0.000729831377510321,0.02211046578427203
signed_no_prior,2025-09-30,HYG,-0.003581832310472044,0.00405938656094757,0.018523846721657314
signed_no_prior,2025-09-30,EWX,-0.003915097877319473,0.007248523152326663,0.03305247746114118
signed_no_prior,2025-09-30,VWOB,0.017691150240358278,0.00420779319545744,0.025044072068341916
signed_no_prior,2025-09-30,HYEM,0.00027660203614199297,0.0024303618941358828,0.02219963774698976
signed_no_prior,2025-10-31,SPY,-0.001039617729681419,0.015381540125084404,0.039973763060009715
signed_no_prior,2025-10-31,MGK,-0.018174122322586972,0.020313243697549086,0.05419695710491442
signed_no_prior,2025-10-31,VTV,0.02234958180665636,0.011111420052146544,0.03448340518469715
signed_no_prior,2025-10-31,IJR,0.022999546830901885,0.007380003266341922,0.04817353016223646
signed_no_prior,2025-10-31,IWM,0.007219933427264902,0.009935010224220275,0.05239608783790985
signed_no_prior,2025-10-31,VNQ,0.02116455054555555,0.01036556026226632,0.04873670611934514
signed_no_prior,2025-10-31,VNQI,0.011398276316832767,0.004636594680502152,0.03861088808084362
signed_no_prior,2025-10-31,VEA,0.006662577508105283,0.008697679633957024,0.03786936248306173
signed_no_prior,2025-10-31,VWO,-0.015135981764385575,0.009991647888891132,0.040733413455524
signed_no_prior,2025-10-31,VSS,0.006820955763576553,0.0055867217549919555,0.03939966031640616
signed_no_prior,2025-10-31,BND,0.00297114143881938,-0.0004919530194559293,0.01414307796523026
signed_no_prior,2025-10-31,IEF,0.00686801303321638,-0.0010152427487876165,0.017385939100937307
signed_no_prior,2025-10-31,BNDX,-0.004807659780811324,-0.0006927934935247592,0.012690116314086085
signed_no_prior,2025-10-31,LQD,0.006300096794094712,0.0009042304094846886,0.02231912929160265
signed_no_prior,2025-10-31,HYG,0.004457641722011463,0.0027209111626207015,0.018958136217347068
signed_no_prior,2025-10-31,EWX,-0.016176668191666965,0.009423706158706288,0.03685381843625382
signed_no_prior,2025-10-31,VWOB,0.0006545758910070365,0.0035110376392280336,0.025255200700887902
signed_no_prior,2025-10-31,HYEM,-0.0021992661278306125,0.0033399126703379887,0.024475426946369103
signed_no_prior,2025-11-28,SPY,-0.0024606389596457667,0.012076314776024156,0.029239021742911073
signed_no_prior,2025-11-28,MGK,-0.006014656315694422,0.013975496168260906,0.04010438752844825
signed_no_prior,2025-11-28,VTV,0.004591005630098177,0.013529931749614286,0.02561672330012109
signed_no_prior,2025-11-28,IJR,-0.0043423583691276635,0.014723713594462865,0.03823962096195902
signed_no_prior,2025-11-28,IWM,-0.010325989693845572,0.011344398841722001,0.03600122041244664
signed_no_prior,2025-11-28,VNQ,-0.02554537559841752,0.007928552709938107,0.03763952317182286
signed_no_prior,2025-11-28,VNQI,0.0008944661826628675,0.003018549878231762,0.031724200988094683
signed_no_prior,2025-11-28,VEA,0.02842462799248069,0.010666625367785381,0.030873789379489418
signed_no_prior,2025-11-28,VWO,0.006231798598067773,7.520976837584116e-05,0.030389399825892626
signed_no_prior,2025-11-28,VSS,0.01745648547983225,0.004550377140654318,0.029604297205830958
signed_no_prior,2025-11-28,BND,-0.00624728267814989,7.516289752206506e-05,0.013533612079702583
signed_no_prior,2025-11-28,IEF,-0.010842523271658244,0.000582837628559828,0.016453536504849313
signed_no_prior,2025-11-28,BNDX,-0.00843043234441343,-0.00040126429752317767,0.01141906687225849
signed_no_prior,2025-11-28,LQD,-0.010606184040828248,0.0013569484875134994,0.01993533650881333
signed_no_prior,2025-11-28,HYG,0.0016540803164204476,0.004263651476242404,0.014891554361451509
signed_no_prior,2025-11-28,EWX,0.005526301936131128,0.0018210008034030497,0.026918060626462088
signed_no_prior,2025-11-28,VWOB,-0.0012631324755422169,0.004231615598531537,0.019915974431827764
signed_no_prior,2025-11-28,HYEM,0.006456216930834868,0.0022091023565991882,0.018766139627553958
signed_no_prior,2025-12-31,SPY,0.011594066475381304,0.011304005187296996,0.028430416263407116
signed_no_prior,2025-12-31,MGK,-0.01981088189923419,0.01228569488630673,0.03907209090959954
signed_no_prior,2025-12-31,VTV,0.04262615110326995,0.01339593345479764,0.02703699468337909
signed_no_prior,2025-12-31,IJR,0.05372327844739844,0.009319626036976421,0.0401904280714452
signed_no_prior,2025-12-31,IWM,0.05153392029332182,0.011963825510916756,0.045158975054163074
signed_no_prior,2025-12-31,VNQ,0.0229258613639709,0.0023860264051759157,0.03662646840459724
signed_no_prior,2025-12-31,VNQI,0.04257155181000494,0.004705193150327286,0.03105059884572295
signed_no_prior,2025-12-31,VEA,0.05642561347994279,0.015970369833458783,0.032036439620127276
signed_no_prior,2025-12-31,VWO,0.04715510460279937,0.006931839634718105,0.029030460750603407
signed_no_prior,2025-12-31,VSS,0.06068200468583562,0.010600601198697882,0.031886247599032996
signed_no_prior,2025-12-31,BND,-0.0009446630105405251,-0.0012059776001082873,0.01211936247905315
signed_no_prior,2025-12-31,IEF,-0.005378931439972923,-0.002725715316155158,0.01536707720968234
signed_no_prior,2025-12-31,BNDX,0.002059820670583523,-0.0044507228909296224,0.011701646849064391
signed_no_prior,2025-12-31,LQD,0.0003398451129934532,-0.001168724562792158,0.01737624322329421
signed_no_prior,2025-12-31,HYG,0.0029604455586125233,0.0030167842080249083,0.01412345858320202
signed_no_prior,2025-12-31,EWX,0.02711570928152862,0.004201118595282379,0.024645249598285637
signed_no_prior,2025-12-31,VWOB,0.0003023714262653243,0.003999445839285201,0.01938226872972078
signed_no_prior,2025-12-31,HYEM,0.01193825183971775,0.003976556178380285,0.017424312080516445
signed_no_prior,2026-01-30,SPY,-0.011463064459755201,0.010912435814055753,0.030589609074773743
signed_no_prior,2026-01-30,MGK,-0.049282081977910286,0.009078974413906954,0.04105073778812944
signed_no_prior,2026-01-30,VTV,0.03464425383897951,0.011245995908212979,0.02978142932621322
signed_no_prior,2026-01-30,IJR,0.018113075612949725,0.006583882741938655,0.04013650531654916
signed_no_prior,2026-01-30,IWM,0.003913446654500996,0.007506287698549477,0.045744404070575714
signed_no_prior,2026-01-30,VNQ,0.05085567147315495,0.00541110614743325,0.04044818841909326
signed_no_prior,2026-01-30,VNQI,0.05477043858428532,0.004919423432869774,0.03369396823117581
signed_no_prior,2026-01-30,VEA,0.05800790565870817,0.014893447269977055,0.034013461275183975
signed_no_prior,2026-01-30,VWO,0.025936988754007295,0.00989608376418449,0.031271073838749316
signed_no_prior,2026-01-30,VSS,0.046521625760379104,0.010804996828565009,0.036433644469521576
signed_no_prior,2026-01-30,BND,0.013125538032234596,-1.1316066012546054e-06,0.012953351389463746
signed_no_prior,2026-01-30,IEF,0.02178389001983616,-0.001353150028202557,0.015048341484634721
signed_no_prior,2026-01-30,BNDX,0.01242298193585456,-0.0012951200634224581,0.010540133415525461
signed_no_prior,2026-01-30,LQD,0.010894680719308658,0.0007742373813890966,0.019588310373521784
signed_no_prior,2026-01-30,HYG,-0.0028581418854923824,0.003581765939818919,0.015829075882694707
signed_no_prior,2026-01-30,EWX,0.03253007863200175,0.009265039594884386,0.028482140504139948
signed_no_prior,2026-01-30,VWOB,0.012410830018970698,0.003893133243013175,0.021644849737032276
signed_no_prior,2026-01-30,HYEM,0.006343486373523,0.004649394063229524,0.02058322189856198
signed_no_prior,2026-02-27,SPY,-0.05236481425659356,0.012644434419236123,0.03583754301365096
signed_no_prior,2026-02-27,MGK,-0.05256666804441845,0.012645837496256194,0.04907372197475082
signed_no_prior,2026-02-27,VTV,-0.05111916666844174,0.014786191322991048,0.031178499806608324
signed_no_prior,2026-02-27,IJR,-0.0430573291552121,0.011633397626415276,0.0456801480485332
signed_no_prior,2026-02-27,IWM,-0.052595723393065286,0.011506348701030317,0.0483927192562768
signed_no_prior,2026-02-27,VNQ,-0.066081450572396,0.013861029615156301,0.04416274350307541
signed_no_prior,2026-02-27,VNQI,-0.1261996923521307,0.010080881186153098,0.03529325081292193
signed_no_prior,2026-02-27,VEA,-0.0890166153043781,0.01652852852736689,0.03371799440555767
signed_no_prior,2026-02-27,VWO,-0.07262882161942752,0.013813457836135216,0.035150212140764775
signed_no_prior,2026-02-27,VSS,-0.09195775776152426,0.015566799325390767,0.035838782166553146
signed_no_prior,2026-02-27,BND,-0.020459273388676813,0.0016599739395143386,0.013673869430845774
signed_no_prior,2026-02-27,IEF,-0.02626946195927571,0.000589912533241181,0.014731621294057346
signed_no_prior,2026-02-27,BNDX,-0.02445812349945309,0.00011303517860007705,0.011556235747776844
signed_no_prior,2026-02-27,LQD,-0.02380357071815431,0.0032996164373063856,0.021184212299697008
signed_no_prior,2026-02-27,HYG,-0.01264655652256541,0.0034997743065409924,0.01758377310361795
signed_no_prior,2026-02-27,EWX,-0.05906694056130268,0.011870032589376633,0.030315427748820737
signed_no_prior,2026-02-27,VWOB,-0.03742886388704314,0.006404262281792346,0.022848471016407843
signed_no_prior,2026-02-27,HYEM,-0.024402651519384255,0.006027785954251231,0.021750168612922414
signed_no_prior,2026-03-31,SPY,0.10158469057343722,0.008132432903604334,0.03199345797226718
signed_no_prior,2026-03-31,MGK,0.13945658747726553,0.01088787777770612,0.04365071383770577
signed_no_prior,2026-03-31,VTV,0.0506170669983208,0.006405053158487388,0.031023902972319693
signed_no_prior,2026-03-31,IJR,0.09942684130728341,0.00047673104173475453,0.04363114411279113
signed_no_prior,2026-03-31,IWM,0.11732924859591698,0.0025642149273256876,0.044565905590731744
signed_no_prior,2026-03-31,VNQ,0.08261211567781301,0.001485419868062868,0.04178225294188665
signed_no_prior,2026-03-31,VNQI,0.05920759938488018,0.0003434135220398934,0.03807138192071572
signed_no_prior,2026-03-31,VEA,0.07028850576993428,0.007651330425690333,0.03464772094214545
signed_no_prior,2026-03-31,VWO,0.08686516780484332,0.006483111808579451,0.03271921868638034
signed_no_prior,2026-03-31,VSS,0.08096490152679459,0.004255420050560972,0.03505517321980336
signed_no_prior,2026-03-31,BND,-0.001644084190784434,-0.00038687610566576084,0.013564031020981845
signed_no_prior,2026-03-31,IEF,-0.004636900424381141,-0.0009470064645193464,0.01632398059340799
signed_no_prior,2026-03-31,BNDX,-0.0008092670395931645,-0.0012954830820067886,0.011131234937865588
signed_no_prior,2026-03-31,LQD,-0.0003280238707080718,6.078940435680358e-06,0.019942522332393228
signed_no_prior,2026-03-31,HYG,0.012020620280474459,0.0020132446208421936,0.01653035820221146
signed_no_prior,2026-03-31,EWX,0.10571433591391832,0.003469954526104318,0.028158595379439735
signed_no_prior,2026-03-31,VWOB,0.020791542317250666,0.0014868128245103614,0.021975072612452337
signed_no_prior,2026-03-31,HYEM,0.022278894658412263,0.002358402681194531,0.021833799492354703
signed_no_prior,2026-04-30,SPY,0.049483664963993146,0.012515215057272586,0.03753816939178432
signed_no_prior,2026-04-30,MGK,0.08330425574857636,0.014886108608462255,0.048259472697369354
signed_no_prior,2026-04-30,VTV,0.021460679046998887,0.008522281449456711,0.03734339310177343
signed_no_prior,2026-04-30,IJR,0.008359592272450422,0.0036485582648362784,0.04812919851918458
signed_no_prior,2026-04-30,IWM,0.04170616807391436,0.005239420445663548,0.051789080967659086
signed_no_prior,2026-04-30,VNQ,-0.009505527770350963,0.0038965838108181257,0.045879545218270104
signed_no_prior,2026-04-30,VNQI,-0.02873894096208207,-0.001760585029595735,0.04130328924895635
signed_no_prior,2026-04-30,VEA,0.04005467192775236,0.006661607983965758,0.04292929804426797
signed_no_prior,2026-04-30,VWO,0.013087733301134774,0.006332177415536532,0.037175358800233975
signed_no_prior,2026-04-30,VSS,0.0153673341636833,0.006055813950411534,0.039389131999445444
signed_no_prior,2026-04-30,BND,-0.00023588979226363271,-0.0009857422937176717,0.015348943076885817
signed_no_prior,2026-04-30,IEF,-0.0031745273257528517,-0.0032875577781374767,0.01956813051426127
signed_no_prior,2026-04-30,BNDX,0.005188840393763217,-0.0009837747438335214,0.013130874720930968
signed_no_prior,2026-04-30,LQD,0.005612799118414058,-0.0005164157442202044,0.02420545556192766
signed_no_prior,2026-04-30,HYG,0.0013666068307942592,0.000991546776024768,0.017678003437751135
signed_no_prior,2026-04-30,EWX,0.01835836502980981,0.010156123456402452,0.035461202484947066
signed_no_prior,2026-04-30,VWOB,0.006564291011867507,0.0012118680316168008,0.024840689791353846
signed_no_prior,2026-04-30,HYEM,0.00658729224447252,0.003478564661503644,0.022174210821384766
signed_lkj_eta_1,2025-05-30,SPY,0.04769511906164903,0.007704135966618824,0.03766417824585146
signed_lkj_eta_1,2025-05-30,MGK,0.06034673392230827,0.01131936790355943,0.049216251747156
signed_lkj_eta_1,2025-05-30,VTV,0.0332330912657377,0.004833389550755552,0.0335654191925284
signed_lkj_eta_1,2025-05-30,IJR,0.03734736300075814,-0.0010252720205369895,0.048307578888863084
signed_lkj_eta_1,2025-05-30,IWM,0.05147995646827952,-0.0015447577632831907,0.04899754406536895
signed_lkj_eta_1,2025-05-30,VNQ,0.0033500785292834845,0.0009462907798093969,0.0436218264469213
signed_lkj_eta_1,2025-05-30,VNQI,0.04115888912622401,0.0005979502600130335,0.03728090289075553
signed_lkj_eta_1,2025-05-30,VEA,0.030256851306093457,0.005401353392053841,0.03372415069002148
signed_lkj_eta_1,2025-05-30,VWO,0.05168209224062714,0.002727298761397192,0.035483319605663706
signed_lkj_eta_1,2025-05-30,VSS,0.054769444558085745,0.002948364695427839,0.03290018017330664
signed_lkj_eta_1,2025-05-30,BND,0.011602274676301816,-0.002297294424153287,0.013830978645924752
signed_lkj_eta_1,2025-05-30,IEF,0.012452491537882304,-0.003107857478353764,0.015000289591177558
signed_lkj_eta_1,2025-05-30,BNDX,-0.0001381150801093023,-0.0011594599082739476,0.009920998564329485
signed_lkj_eta_1,2025-05-30,LQD,0.01724059290590274,-0.0015923474985808416,0.017931411426250023
signed_lkj_eta_1,2025-05-30,HYG,0.014810137654057698,0.0008167846069681363,0.01524590769690192
signed_lkj_eta_1,2025-05-30,EWX,0.05043478917948763,0.0036179512094883627,0.02685311532722321
signed_lkj_eta_1,2025-05-30,VWOB,0.021275025282161186,0.0003679907342841295,0.0157517829809088
signed_lkj_eta_1,2025-05-30,HYEM,0.014454903619178339,0.0014161556739718856,0.018147846775332453
signed_lkj_eta_1,2025-06-30,SPY,0.01908467259702551,0.009421463491522503,0.03749961211229077
signed_lkj_eta_1,2025-06-30,MGK,0.03526188252947149,0.01182497615025677,0.043002476027931204
signed_lkj_eta_1,2025-06-30,VTV,-0.002167296399311236,0.006704982407157376,0.02728885126156359
signed_lkj_eta_1,2025-06-30,IJR,0.005165530187941636,-0.0003867446429817539,0.04622794082989215
signed_lkj_eta_1,2025-06-30,IWM,0.012760607343994756,0.0002415084838552339,0.04343237486402363
signed_lkj_eta_1,2025-06-30,VNQ,-0.0029632780526935854,-5.216849946823761e-05,0.04275020361276466
signed_lkj_eta_1,2025-06-30,VNQI,-0.023931985253554888,-0.0015502933484215994,0.035210187067073385
signed_lkj_eta_1,2025-06-30,VEA,-0.01766175570590245,0.00626888987313008,0.03257755935646987
signed_lkj_eta_1,2025-06-30,VWO,0.002989658374459969,0.002061722894623304,0.03234571844911422
signed_lkj_eta_1,2025-06-30,VSS,-0.009120730437294888,0.002798696393703454,0.03111053880264779
signed_lkj_eta_1,2025-06-30,BND,-0.006504632044136427,-0.0017894749860756347,0.013190114117217972
signed_lkj_eta_1,2025-06-30,IEF,-0.00977429711868305,-0.0028975557544326175,0.016184816297247117
signed_lkj_eta_1,2025-06-30,BNDX,-0.00498710657025403,-0.002257360401634374,0.011084702786917785
signed_lkj_eta_1,2025-06-30,LQD,-0.004751878550950606,-0.0016723563000154741,0.01828046854914331
signed_lkj_eta_1,2025-06-30,HYG,-0.002505544256353631,0.000889479701536822,0.012980098019661226
signed_lkj_eta_1,2025-06-30,EWX,0.003689786989881094,0.0027284500922114896,0.024763527672850342
signed_lkj_eta_1,2025-06-30,VWOB,0.003448378263515961,0.0002647965220411608,0.01629535392242704
signed_lkj_eta_1,2025-06-30,HYEM,0.0052854367518158085,0.0014880767517601269,0.01838209415937733
signed_lkj_eta_1,2025-07-31,SPY,0.01702595928567807,0.009982490600820269,0.02764631704030247
signed_lkj_eta_1,2025-07-31,MGK,0.005506659536577585,0.01466090328693136,0.041647504266215475
signed_lkj_eta_1,2025-07-31,VTV,0.03136457393982228,0.005715106064419115,0.0295444603817811
signed_lkj_eta_1,2025-07-31,IJR,0.06670214284372133,0.00028664480570607604,0.03840464653919091
signed_lkj_eta_1,2025-07-31,IWM,0.06825711678016222,0.0006548076781728448,0.038765575842546224
signed_lkj_eta_1,2025-07-31,VNQ,0.031234506481848445,0.000943775180003702,0.0336846686272987
signed_lkj_eta_1,2025-07-31,VNQI,0.03800885965747658,-0.002695944870155731,0.033208242279215615
signed_lkj_eta_1,2025-07-31,VEA,0.040715343672140136,0.004643456576675907,0.029767109862545774
signed_lkj_eta_1,2025-07-31,VWO,0.03119670619044923,0.002118408054928673,0.031199374555990173
signed_lkj_eta_1,2025-07-31,VSS,0.04570476560415426,0.002234850548414078,0.028854703335813706
signed_lkj_eta_1,2025-07-31,BND,0.008078120866885197,-0.0017212856323127643,0.012284588417012686
signed_lkj_eta_1,2025-07-31,IEF,0.013001796164747947,-0.002655980534457165,0.015539139446952299
signed_lkj_eta_1,2025-07-31,BNDX,-0.002067319775812204,-0.0016246302961170343,0.010144018392770794
signed_lkj_eta_1,2025-07-31,LQD,0.0069765482555901315,-0.0014966316811052859,0.01765827666356472
signed_lkj_eta_1,2025-07-31,HYG,0.007592278645943473,0.0012250460664552912,0.012613574460850409
signed_lkj_eta_1,2025-07-31,EWX,0.059400893238615415,0.0027882223978833057,0.023141509130105594
signed_lkj_eta_1,2025-07-31,VWOB,0.013654429789281775,0.0007208665030488707,0.014802408652278776
signed_lkj_eta_1,2025-07-31,HYEM,0.015516857251125726,0.001831982570819541,0.017079428694984335
signed_lkj_eta_1,2025-08-29,SPY,0.03208906394277711,0.008623898702868215,0.02596241087500126
signed_lkj_eta_1,2025-08-29,MGK,0.04538102472427963,0.011449365725170635,0.03955005250609289
signed_lkj_eta_1,2025-08-29,VTV,0.019529753810910266,0.006928938232930162,0.02324092128470998
signed_lkj_eta_1,2025-08-29,IJR,0.007030856049952794,0.0016792829509140782,0.03678718917320905
signed_lkj_eta_1,2025-08-29,IWM,0.028272862598571757,0.0030921572658569336,0.03998312660244302
signed_lkj_eta_1,2025-08-29,VNQ,-0.002835540326792896,0.0037387700296748925,0.03256501008170806
signed_lkj_eta_1,2025-08-29,VNQI,0.010131917120224765,0.0009415100116397996,0.030213291975249565
signed_lkj_eta_1,2025-08-29,VEA,0.022001068135094393,0.0055208422534679166,0.02773333130170091
signed_lkj_eta_1,2025-08-29,VWO,0.053275426570534856,0.0036413069311997176,0.025561575877530964
signed_lkj_eta_1,2025-08-29,VSS,0.018182193335737562,0.00299337672637904,0.027246520724192695
signed_lkj_eta_1,2025-08-29,BND,0.007605185555678684,-0.0011737621256015375,0.011452379326575945
signed_lkj_eta_1,2025-08-29,IEF,0.0030789765395491386,-0.0013469762273964924,0.013782120549017519
signed_lkj_eta_1,2025-08-29,BNDX,0.0018362952066057758,-0.001446255862766201,0.009508351717044158
signed_lkj_eta_1,2025-08-29,LQD,0.015298491121950697,-0.0009939341716211946,0.01470855031298803
signed_lkj_eta_1,2025-08-29,HYG,0.005419530370210479,0.0014754262268009092,0.010413590740795514
signed_lkj_eta_1,2025-08-29,EWX,0.00934001338555035,0.00461740918265193,0.021168535013195086
signed_lkj_eta_1,2025-08-29,VWOB,0.011313877152875351,0.0016898419437108882,0.012856279254792876
signed_lkj_eta_1,2025-08-29,HYEM,-0.003310550556556602,0.0023866238285788583,0.015166651509080453
signed_lkj_eta_1,2025-09-30,SPY,0.02028375894432366,0.012027938943089903,0.027461383023554206
signed_lkj_eta_1,2025-09-30,MGK,0.04184616666398688,0.015939943419038812,0.034694741756507906
signed_lkj_eta_1,2025-09-30,VTV,-0.007371739211896489,0.0078718416740265,0.02521243188924141
signed_lkj_eta_1,2025-09-30,IJR,-0.012108590721114587,0.0053544146678595785,0.03540972838762401
signed_lkj_eta_1,2025-09-30,IWM,0.014115453040836279,0.00679630945919385,0.03761109730859211
signed_lkj_eta_1,2025-09-30,VNQ,-0.027888055765740494,0.0032584591673075047,0.030921450228645824
signed_lkj_eta_1,2025-09-30,VNQI,-0.015995303603671296,0.001963268811614012,0.026459263185743723
signed_lkj_eta_1,2025-09-30,VEA,0.014158067636574012,0.007906766722520785,0.026526019780573725
signed_lkj_eta_1,2025-09-30,VWO,0.01105958429806142,0.00739329838580805,0.0253237179077646
signed_lkj_eta_1,2025-09-30,VSS,-0.004799080760367169,0.0054824314393606514,0.02511794461108244
signed_lkj_eta_1,2025-09-30,BND,0.002537797325417923,-0.0004530414970507399,0.010513106214352877
signed_lkj_eta_1,2025-09-30,IEF,0.0036171952388968087,-0.0011691478529375853,0.012448251082889258
signed_lkj_eta_1,2025-09-30,BNDX,0.006523664675198493,-0.00103992538673868,0.008459239944316577
signed_lkj_eta_1,2025-09-30,LQD,-0.0019813075408361414,0.0003374002562426203,0.01463248097445253
signed_lkj_eta_1,2025-09-30,HYG,-0.003581832310472044,0.0024250151668915804,0.009763152271855008
signed_lkj_eta_1,2025-09-30,EWX,-0.003915097877319473,0.0059327974119390255,0.01912565793928644
signed_lkj_eta_1,2025-09-30,VWOB,0.017691150240358278,0.0025999169707723964,0.012250915117359698
signed_lkj_eta_1,2025-09-30,HYEM,0.00027660203614199297,0.0024596039062524887,0.013664633072563576
signed_lkj_eta_1,2025-10-31,SPY,-0.001039617729681419,0.013044759391422986,0.02434484816271171
signed_lkj_eta_1,2025-10-31,MGK,-0.018174122322586972,0.02013875419857705,0.038239203757167044
signed_lkj_eta_1,2025-10-31,VTV,0.02234958180665636,0.008008766519836754,0.02567501097490307
signed_lkj_eta_1,2025-10-31,IJR,0.022999546830901885,0.006437422345979098,0.037587868836319274
signed_lkj_eta_1,2025-10-31,IWM,0.007219933427264902,0.009745221863573496,0.03651384396972443
signed_lkj_eta_1,2025-10-31,VNQ,0.02116455054555555,0.002106724494227152,0.03297263851729966
signed_lkj_eta_1,2025-10-31,VNQI,0.011398276316832767,0.0021978904743706865,0.028043521207626942
signed_lkj_eta_1,2025-10-31,VEA,0.006662577508105283,0.009982294832142177,0.027316010399093413
signed_lkj_eta_1,2025-10-31,VWO,-0.015135981764385575,0.010416789671054845,0.023629656320668827
signed_lkj_eta_1,2025-10-31,VSS,0.006820955763576553,0.007338554262556578,0.0254931279679248
signed_lkj_eta_1,2025-10-31,BND,0.00297114143881938,-0.00016650550901736597,0.01011037425814169
signed_lkj_eta_1,2025-10-31,IEF,0.00686801303321638,-0.0009086002494363538,0.013395145525159755
signed_lkj_eta_1,2025-10-31,BNDX,-0.004807659780811324,-0.0008436363255842425,0.008536017696431683
signed_lkj_eta_1,2025-10-31,LQD,0.006300096794094712,-0.00044783218015413207,0.014579327957175316
signed_lkj_eta_1,2025-10-31,HYG,0.004457641722011463,0.0021728323366126353,0.01099609492665757
signed_lkj_eta_1,2025-10-31,EWX,-0.016176668191666965,0.007675259667820635,0.02379865957060924
signed_lkj_eta_1,2025-10-31,VWOB,0.0006545758910070365,0.003523618493194663,0.013069393017431846
signed_lkj_eta_1,2025-10-31,HYEM,-0.0021992661278306125,0.0029323278987007074,0.015276157661508794
signed_lkj_eta_1,2025-11-28,SPY,-0.0024606389596457667,0.012993899515491637,0.028300848366585103
signed_lkj_eta_1,2025-11-28,MGK,-0.006014656315694422,0.017077934730552767,0.032210904574000075
signed_lkj_eta_1,2025-11-28,VTV,0.004591005630098177,0.010310344893612804,0.02576559653939535
signed_lkj_eta_1,2025-11-28,IJR,-0.0043423583691276635,0.008827027205935617,0.035104174265055084
signed_lkj_eta_1,2025-11-28,IWM,-0.010325989693845572,0.009476544066253315,0.036962470771951784
signed_lkj_eta_1,2025-11-28,VNQ,-0.02554537559841752,0.0048646851276458215,0.03273358693725705
signed_lkj_eta_1,2025-11-28,VNQI,0.0008944661826628675,0.001485097992322937,0.028139491655940915
signed_lkj_eta_1,2025-11-28,VEA,0.02842462799248069,0.00815761584804925,0.021041718249165717
signed_lkj_eta_1,2025-11-28,VWO,0.006231798598067773,0.00767118502078614,0.0255519764648477
signed_lkj_eta_1,2025-11-28,VSS,0.01745648547983225,0.0062172705931246575,0.025292388379265247
signed_lkj_eta_1,2025-11-28,BND,-0.00624728267814989,0.00021411793808637745,0.010533029511882265
signed_lkj_eta_1,2025-11-28,IEF,-0.010842523271658244,0.0002305999131885987,0.01239568865885329
signed_lkj_eta_1,2025-11-28,BNDX,-0.00843043234441343,-0.0009692655068170815,0.007828916308999146
signed_lkj_eta_1,2025-11-28,LQD,-0.010606184040828248,0.00013554191787072982,0.017134073994838767
signed_lkj_eta_1,2025-11-28,HYG,0.0016540803164204476,0.0025859067925734303,0.009865523090893674
signed_lkj_eta_1,2025-11-28,EWX,0.005526301936131128,0.004012620536427658,0.01996809364073652
signed_lkj_eta_1,2025-11-28,VWOB,-0.0012631324755422169,0.0034048507592940487,0.015527583406116199
signed_lkj_eta_1,2025-11-28,HYEM,0.006456216930834868,0.0028024528349059486,0.014565109895638678
signed_lkj_eta_1,2025-12-31,SPY,0.011594066475381304,0.011591554870086002,0.023296348695388335
signed_lkj_eta_1,2025-12-31,MGK,-0.01981088189923419,0.013690649908241995,0.03059004029888732
signed_lkj_eta_1,2025-12-31,VTV,0.04262615110326995,0.011320194655269684,0.019530036166351312
signed_lkj_eta_1,2025-12-31,IJR,0.05372327844739844,0.009336674925849517,0.03148112603582015
signed_lkj_eta_1,2025-12-31,IWM,0.05153392029332182,0.012612850183526543,0.03100019826655664
signed_lkj_eta_1,2025-12-31,VNQ,0.0229258613639709,-0.0005912650999172716,0.027120697023408438
signed_lkj_eta_1,2025-12-31,VNQI,0.04257155181000494,0.002957817257419249,0.0228837388132997
signed_lkj_eta_1,2025-12-31,VEA,0.05642561347994279,0.01356543658360017,0.021267163775057597
signed_lkj_eta_1,2025-12-31,VWO,0.04715510460279937,0.00782671854752686,0.021199715208234403
signed_lkj_eta_1,2025-12-31,VSS,0.06068200468583562,0.009237377012916367,0.02195143970795696
signed_lkj_eta_1,2025-12-31,BND,-0.0009446630105405251,-0.0004052116206754554,0.009035191032039536
signed_lkj_eta_1,2025-12-31,IEF,-0.005378931439972923,-0.0012013409116596522,0.011214491705077335
signed_lkj_eta_1,2025-12-31,BNDX,0.002059820670583523,-0.002715478331799017,0.007456805205081655
signed_lkj_eta_1,2025-12-31,LQD,0.0003398451129934532,-0.001006865622904513,0.010800412922420215
signed_lkj_eta_1,2025-12-31,HYG,0.0029604455586125233,0.0023699656879975547,0.008097216689146492
signed_lkj_eta_1,2025-12-31,EWX,0.02711570928152862,0.002908933538865739,0.01659275010443084
signed_lkj_eta_1,2025-12-31,VWOB,0.0003023714262653243,0.003853740953237222,0.009637610981763536
signed_lkj_eta_1,2025-12-31,HYEM,0.01193825183971775,0.004169329487734399,0.00986335095481565
signed_lkj_eta_1,2026-01-30,SPY,-0.011463064459755201,0.011781950015881454,0.02515643048851796
signed_lkj_eta_1,2026-01-30,MGK,-0.049282081977910286,0.01326137922286489,0.031860345814712844
signed_lkj_eta_1,2026-01-30,VTV,0.03464425383897951,0.010512825275018307,0.021959749751075994
signed_lkj_eta_1,2026-01-30,IJR,0.018113075612949725,0.006907688997178293,0.033361510687423386
signed_lkj_eta_1,2026-01-30,IWM,0.003913446654500996,0.00911730747634187,0.03448008037780978
signed_lkj_eta_1,2026-01-30,VNQ,0.05085567147315495,0.0017708535301678542,0.029936093515719856
signed_lkj_eta_1,2026-01-30,VNQI,0.05477043858428532,0.005399802233179358,0.025782654856268843
signed_lkj_eta_1,2026-01-30,VEA,0.05800790565870817,0.016502660615526615,0.02355789949003788
signed_lkj_eta_1,2026-01-30,VWO,0.025936988754007295,0.012231454079022031,0.022294348079397883
signed_lkj_eta_1,2026-01-30,VSS,0.046521625760379104,0.013410356872446232,0.024282157308671115
signed_lkj_eta_1,2026-01-30,BND,0.013125538032234596,-0.00019674242099546177,0.009098533196542956
signed_lkj_eta_1,2026-01-30,IEF,0.02178389001983616,-0.0015754504199017828,0.01167879792669169
signed_lkj_eta_1,2026-01-30,BNDX,0.01242298193585456,-0.00160731970299956,0.007346352453235247
signed_lkj_eta_1,2026-01-30,LQD,0.010894680719308658,0.0004004419915063671,0.010971339807863752
signed_lkj_eta_1,2026-01-30,HYG,-0.0028581418854923824,0.0024879291584835516,0.00961249094361117
signed_lkj_eta_1,2026-01-30,EWX,0.03253007863200175,0.006118329671538828,0.018873646900011223
signed_lkj_eta_1,2026-01-30,VWOB,0.012410830018970698,0.0044514330155449216,0.011978014388829538
signed_lkj_eta_1,2026-01-30,HYEM,0.006343486373523,0.005495757605984207,0.013546545198503943
signed_lkj_eta_1,2026-02-27,SPY,-0.05236481425659356,0.009367661368006536,0.022736203673954937
signed_lkj_eta_1,2026-02-27,MGK,-0.05256666804441845,0.01033563548595956,0.03393057713102381
signed_lkj_eta_1,2026-02-27,VTV,-0.05111916666844174,0.010238613954248073,0.02046564207791844
signed_lkj_eta_1,2026-02-27,IJR,-0.0430573291552121,0.005033514677817812,0.03412909922963636
signed_lkj_eta_1,2026-02-27,IWM,-0.052595723393065286,0.006976691227127743,0.03363333475819483
signed_lkj_eta_1,2026-02-27,VNQ,-0.066081450572396,0.0049247393123986625,0.029875975611644394
signed_lkj_eta_1,2026-02-27,VNQI,-0.1261996923521307,0.007884888688881575,0.0248937324110916
signed_lkj_eta_1,2026-02-27,VEA,-0.0890166153043781,0.01694974196168078,0.02335332714957219
signed_lkj_eta_1,2026-02-27,VWO,-0.07262882161942752,0.012746535055946317,0.023490860268506462
signed_lkj_eta_1,2026-02-27,VSS,-0.09195775776152426,0.013710000898416601,0.023186160286059927
signed_lkj_eta_1,2026-02-27,BND,-0.020459273388676813,0.0004168846819633462,0.0097905865737831
signed_lkj_eta_1,2026-02-27,IEF,-0.02626946195927571,-0.00013945222301014505,0.012432886979142667
signed_lkj_eta_1,2026-02-27,BNDX,-0.02445812349945309,-0.0005751672644169999,0.008388280677229023
signed_lkj_eta_1,2026-02-27,LQD,-0.02380357071815431,0.000728888034955911,0.013742896739623107
signed_lkj_eta_1,2026-02-27,HYG,-0.01264655652256541,0.002648428657584996,0.010456388541449042
signed_lkj_eta_1,2026-02-27,EWX,-0.05906694056130268,0.009170095258915562,0.0199959112863559
signed_lkj_eta_1,2026-02-27,VWOB,-0.03742886388704314,0.004177771088250452,0.011822388474542735
signed_lkj_eta_1,2026-02-27,HYEM,-0.024402651519384255,0.004351591688543822,0.011741644425261379
signed_lkj_eta_1,2026-03-31,SPY,0.10158469057343722,0.008370188123991255,0.02556817602034507
signed_lkj_eta_1,2026-03-31,MGK,0.13945658747726553,0.009695910887903754,0.033950685012745375
signed_lkj_eta_1,2026-03-31,VTV,0.0506170669983208,0.006054521314295146,0.024060509521500257
signed_lkj_eta_1,2026-03-31,IJR,0.09942684130728341,0.0007651619905962098,0.03363346401867351
signed_lkj_eta_1,2026-03-31,IWM,0.11732924859591698,0.0021052195143225682,0.033404824709760826
signed_lkj_eta_1,2026-03-31,VNQ,0.08261211567781301,0.0005917772752109793,0.030113662026129025
signed_lkj_eta_1,2026-03-31,VNQI,0.05920759938488018,0.0024101642651089485,0.025461884456339928
signed_lkj_eta_1,2026-03-31,VEA,0.07028850576993428,0.010850721716616742,0.025112278266005983
signed_lkj_eta_1,2026-03-31,VWO,0.08686516780484332,0.008184355429602627,0.025514352589653164
signed_lkj_eta_1,2026-03-31,VSS,0.08096490152679459,0.008656856665906874,0.023218847872615776
signed_lkj_eta_1,2026-03-31,BND,-0.001644084190784434,-0.0001029107022153591,0.009574259125608489
signed_lkj_eta_1,2026-03-31,IEF,-0.004636900424381141,-0.0009542453099460101,0.011728910488991546
signed_lkj_eta_1,2026-03-31,BNDX,-0.0008092670395931645,-0.0009609638700932681,0.00722335277187248
signed_lkj_eta_1,2026-03-31,LQD,-0.0003280238707080718,-0.0003357823321248955,0.013912610050722439
signed_lkj_eta_1,2026-03-31,HYG,0.012020620280474459,0.0013950498879867768,0.00942852234718581
signed_lkj_eta_1,2026-03-31,EWX,0.10571433591391832,0.0060613200327679605,0.018532210384776066
signed_lkj_eta_1,2026-03-31,VWOB,0.020791542317250666,0.0018707269794381186,0.011476182580591281
signed_lkj_eta_1,2026-03-31,HYEM,0.022278894658412263,0.0024879132040208545,0.013161576707909196
signed_lkj_eta_1,2026-04-30,SPY,0.049483664963993146,0.009942341493777908,0.029260602767331525
signed_lkj_eta_1,2026-04-30,MGK,0.08330425574857636,0.013137223065562885,0.045099807780191396
signed_lkj_eta_1,2026-04-30,VTV,0.021460679046998887,0.006111451969144149,0.026370208100842802
signed_lkj_eta_1,2026-04-30,IJR,0.008359592272450422,-0.0009035206825000284,0.04282591370961674
signed_lkj_eta_1,2026-04-30,IWM,0.04170616807391436,-5.6725212230144574e-05,0.04468027136936312
signed_lkj_eta_1,2026-04-30,VNQ,-0.009505527770350963,0.003089642477344189,0.038064512379553446
signed_lkj_eta_1,2026-04-30,VNQI,-0.02873894096208207,0.0005090423799965235,0.03631380696425038
signed_lkj_eta_1,2026-04-30,VEA,0.04005467192775236,0.007863514271395136,0.030593180296776993
signed_lkj_eta_1,2026-04-30,VWO,0.013087733301134774,0.006447403628481523,0.03302906836935521
signed_lkj_eta_1,2026-04-30,VSS,0.0153673341636833,0.006174147584727943,0.027393846974674476
signed_lkj_eta_1,2026-04-30,BND,-0.00023588979226363271,-0.0016697269071470739,0.011588118308869662
signed_lkj_eta_1,2026-04-30,IEF,-0.0031745273257528517,-0.0027762306261606266,0.015727549207925604
signed_lkj_eta_1,2026-04-30,BNDX,0.005188840393763217,-0.002511952800275872,0.01032119373749074
signed_lkj_eta_1,2026-04-30,LQD,0.005612799118414058,-0.001613150461116643,0.01585160829933856
signed_lkj_eta_1,2026-04-30,HYG,0.0013666068307942592,0.00023910357498160107,0.013162832221994717
signed_lkj_eta_1,2026-04-30,EWX,0.01835836502980981,0.007377364324975714,0.028714662599893512
signed_lkj_eta_1,2026-04-30,VWOB,0.006564291011867507,0.0008320130019219291,0.014543510077694671
signed_lkj_eta_1,2026-04-30,HYEM,0.00658729224447252,0.0019174676015382955,0.016875348727166402
signed_lkj_eta_2,2025-05-30,SPY,0.04769511906164903,0.008498566134710039,0.038248345422218125
signed_lkj_eta_2,2025-05-30,MGK,0.06034673392230827,0.012712527771949223,0.04888786367285901
signed_lkj_eta_2,2025-05-30,VTV,0.0332330912657377,0.00511908131540521,0.032855071405491376
signed_lkj_eta_2,2025-05-30,IJR,0.03734736300075814,-0.0019273800000930135,0.04274532039608682
signed_lkj_eta_2,2025-05-30,IWM,0.05147995646827952,-0.0019884137007958294,0.04978395372152157
signed_lkj_eta_2,2025-05-30,VNQ,0.0033500785292834845,0.0006104405864044831,0.04362780469195591
signed_lkj_eta_2,2025-05-30,VNQI,0.04115888912622401,0.0006737843627229556,0.037418512443713574
signed_lkj_eta_2,2025-05-30,VEA,0.030256851306093457,0.006697276808588221,0.03353653793209729
signed_lkj_eta_2,2025-05-30,VWO,0.05168209224062714,0.002875459722406119,0.032924614970260994
signed_lkj_eta_2,2025-05-30,VSS,0.054769444558085745,0.003663267043252855,0.033300553432969185
signed_lkj_eta_2,2025-05-30,BND,0.011602274676301816,-0.0020895632809533483,0.01459732905105645
signed_lkj_eta_2,2025-05-30,IEF,0.012452491537882304,-0.003263209452379541,0.018489672595231637
signed_lkj_eta_2,2025-05-30,BNDX,-0.0001381150801093023,-0.0010905197946582997,0.0119238280373966
signed_lkj_eta_2,2025-05-30,LQD,0.01724059290590274,-0.0017747255212149896,0.022141347316209283
signed_lkj_eta_2,2025-05-30,HYG,0.014810137654057698,0.0008179199757577521,0.014934568877338298
signed_lkj_eta_2,2025-05-30,EWX,0.05043478917948763,0.002973670193699946,0.02802567790899559
signed_lkj_eta_2,2025-05-30,VWOB,0.021275025282161186,0.0002238041871620586,0.015369524843707042
signed_lkj_eta_2,2025-05-30,HYEM,0.014454903619178339,0.0016305954807097217,0.01834023785493744
signed_lkj_eta_2,2025-06-30,SPY,0.01908467259702551,0.009246213057045026,0.03248710239515304
signed_lkj_eta_2,2025-06-30,MGK,0.03526188252947149,0.012287507874382519,0.03931667665491451
signed_lkj_eta_2,2025-06-30,VTV,-0.002167296399311236,0.006141698460604865,0.03145828332488119
signed_lkj_eta_2,2025-06-30,IJR,0.005165530187941636,-0.0005559448375927389,0.046642116291815555
signed_lkj_eta_2,2025-06-30,IWM,0.012760607343994756,0.0004800428703164961,0.044664598171408894
signed_lkj_eta_2,2025-06-30,VNQ,-0.0029632780526935854,6.42337362920071e-05,0.03958177400729501
signed_lkj_eta_2,2025-06-30,VNQI,-0.023931985253554888,-0.0010958032090890339,0.03490722458284877
signed_lkj_eta_2,2025-06-30,VEA,-0.01766175570590245,0.006398474995701935,0.029983255916507707
signed_lkj_eta_2,2025-06-30,VWO,0.002989658374459969,0.002306137943229647,0.031526971529993356
signed_lkj_eta_2,2025-06-30,VSS,-0.009120730437294888,0.0028806550787925708,0.03129450465856626
signed_lkj_eta_2,2025-06-30,BND,-0.006504632044136427,-0.001730784776985241,0.014863196095983078
signed_lkj_eta_2,2025-06-30,IEF,-0.00977429711868305,-0.002757532081232887,0.016848701597529853
signed_lkj_eta_2,2025-06-30,BNDX,-0.00498710657025403,-0.0021859234868835536,0.01093500818957134
signed_lkj_eta_2,2025-06-30,LQD,-0.004751878550950606,-0.0016549669918094671,0.016226691340445014
signed_lkj_eta_2,2025-06-30,HYG,-0.002505544256353631,0.0008204606483351585,0.013778616420665366
signed_lkj_eta_2,2025-06-30,EWX,0.003689786989881094,0.002637023491546201,0.02497049522416734
signed_lkj_eta_2,2025-06-30,VWOB,0.003448378263515961,0.00032375879168650037,0.013922393497705642
signed_lkj_eta_2,2025-06-30,HYEM,0.0052854367518158085,0.0018943109408409266,0.017047522440188298
signed_lkj_eta_2,2025-07-31,SPY,0.01702595928567807,0.00988085556012427,0.034757897050080984
signed_lkj_eta_2,2025-07-31,MGK,0.005506659536577585,0.014209544220050947,0.04126603236217458
signed_lkj_eta_2,2025-07-31,VTV,0.03136457393982228,0.005514696925639479,0.02948070653689762
signed_lkj_eta_2,2025-07-31,IJR,0.06670214284372133,-0.00010059261723763323,0.03985175024463535
signed_lkj_eta_2,2025-07-31,IWM,0.06825711678016222,0.000807873104685996,0.04182735077231975
signed_lkj_eta_2,2025-07-31,VNQ,0.031234506481848445,0.0007855711277859529,0.03683137114848465
signed_lkj_eta_2,2025-07-31,VNQI,0.03800885965747658,-0.0024637488522952157,0.03252537083775942
signed_lkj_eta_2,2025-07-31,VEA,0.040715343672140136,0.0045459598892087175,0.028893470986321886
signed_lkj_eta_2,2025-07-31,VWO,0.03119670619044923,0.0019345446613183654,0.029452447976401907
signed_lkj_eta_2,2025-07-31,VSS,0.04570476560415426,0.0025287155498481006,0.027161930787915636
signed_lkj_eta_2,2025-07-31,BND,0.008078120866885197,-0.0018004793890707355,0.010528692653936127
signed_lkj_eta_2,2025-07-31,IEF,0.013001796164747947,-0.0027564809919366383,0.013470233167127501
signed_lkj_eta_2,2025-07-31,BNDX,-0.002067319775812204,-0.001651457506335791,0.010374610129974256
signed_lkj_eta_2,2025-07-31,LQD,0.0069765482555901315,-0.0015729198570456915,0.015964849046796372
signed_lkj_eta_2,2025-07-31,HYG,0.007592278645943473,0.0011344075649292436,0.013247469784600766
signed_lkj_eta_2,2025-07-31,EWX,0.059400893238615415,0.002284444328822812,0.023043211208067006
signed_lkj_eta_2,2025-07-31,VWOB,0.013654429789281775,0.0005227328647968215,0.014420849214662398
signed_lkj_eta_2,2025-07-31,HYEM,0.015516857251125726,0.0016600413130185853,0.016500438328465997
signed_lkj_eta_2,2025-08-29,SPY,0.03208906394277711,0.009320479967941012,0.02845369939176249
signed_lkj_eta_2,2025-08-29,MGK,0.04538102472427963,0.011895642921334243,0.03808033996008435
signed_lkj_eta_2,2025-08-29,VTV,0.019529753810910266,0.007355352895473956,0.025734036861964817
signed_lkj_eta_2,2025-08-29,IJR,0.007030856049952794,0.0016813991767220145,0.03859706187272713
signed_lkj_eta_2,2025-08-29,IWM,0.028272862598571757,0.0029393872814931915,0.0360433130080756
signed_lkj_eta_2,2025-08-29,VNQ,-0.002835540326792896,0.003886088298942043,0.033709595963351144
signed_lkj_eta_2,2025-08-29,VNQI,0.010131917120224765,0.0023122428225487383,0.029501399192019478
signed_lkj_eta_2,2025-08-29,VEA,0.022001068135094393,0.006882612435325388,0.023557936573304725
signed_lkj_eta_2,2025-08-29,VWO,0.053275426570534856,0.005008149819860596,0.027124074364393753
signed_lkj_eta_2,2025-08-29,VSS,0.018182193335737562,0.00481615000536615,0.026742946301985145
signed_lkj_eta_2,2025-08-29,BND,0.007605185555678684,-0.0010256364252801235,0.011146932113498601
signed_lkj_eta_2,2025-08-29,IEF,0.0030789765395491386,-0.0013554695135470115,0.013883139330106683
signed_lkj_eta_2,2025-08-29,BNDX,0.0018362952066057758,-0.0015292868363821794,0.009325624997224887
signed_lkj_eta_2,2025-08-29,LQD,0.015298491121950697,-0.0004861078834275832,0.013810654694290547
signed_lkj_eta_2,2025-08-29,HYG,0.005419530370210479,0.0017459263640036392,0.012046954342399491
signed_lkj_eta_2,2025-08-29,EWX,0.00934001338555035,0.00546894831892461,0.01996710296542783
signed_lkj_eta_2,2025-08-29,VWOB,0.011313877152875351,0.0024615305286402995,0.013189045115380682
signed_lkj_eta_2,2025-08-29,HYEM,-0.003310550556556602,0.003204435372954193,0.014781434678953913
signed_lkj_eta_2,2025-09-30,SPY,0.02028375894432366,0.012429178284646984,0.024991805195378816
signed_lkj_eta_2,2025-09-30,MGK,0.04184616666398688,0.01655665023120185,0.037401790485955995
signed_lkj_eta_2,2025-09-30,VTV,-0.007371739211896489,0.008325561237055088,0.025312697550587338
signed_lkj_eta_2,2025-09-30,IJR,-0.012108590721114587,0.005095510868299706,0.03452873706461601
signed_lkj_eta_2,2025-09-30,IWM,0.014115453040836279,0.007165043797391893,0.03703347794643156
signed_lkj_eta_2,2025-09-30,VNQ,-0.027888055765740494,0.0037075357458551763,0.029848703937645982
signed_lkj_eta_2,2025-09-30,VNQI,-0.015995303603671296,0.0022108030058187724,0.029080110895704836
signed_lkj_eta_2,2025-09-30,VEA,0.014158067636574012,0.008570301682290435,0.02441693049023555
signed_lkj_eta_2,2025-09-30,VWO,0.01105958429806142,0.008314545749560396,0.024822888363949903
signed_lkj_eta_2,2025-09-30,VSS,-0.004799080760367169,0.0063377212793189076,0.02464245187568364
signed_lkj_eta_2,2025-09-30,BND,0.002537797325417923,-0.00027676952932555437,0.011022102425318892
signed_lkj_eta_2,2025-09-30,IEF,0.0036171952388968087,-0.0010046889335937814,0.013208167126848006
signed_lkj_eta_2,2025-09-30,BNDX,0.006523664675198493,-0.0011534336737529945,0.008744849234770364
signed_lkj_eta_2,2025-09-30,LQD,-0.0019813075408361414,0.0005010978108632466,0.01367632434418436
signed_lkj_eta_2,2025-09-30,HYG,-0.003581832310472044,0.0021983907597807363,0.011469905171339752
signed_lkj_eta_2,2025-09-30,EWX,-0.003915097877319473,0.005864530942671563,0.01980489664095862
signed_lkj_eta_2,2025-09-30,VWOB,0.017691150240358278,0.0029187808257809355,0.013010032470494126
signed_lkj_eta_2,2025-09-30,HYEM,0.00027660203614199297,0.0027850827297749305,0.013525520783314418
signed_lkj_eta_2,2025-10-31,SPY,-0.001039617729681419,0.01183665516783759,0.02723462408395218
signed_lkj_eta_2,2025-10-31,MGK,-0.018174122322586972,0.016256750988217057,0.038232166230046695
signed_lkj_eta_2,2025-10-31,VTV,0.02234958180665636,0.007403994784802005,0.026227303326293788
signed_lkj_eta_2,2025-10-31,IJR,0.022999546830901885,0.005898469020323049,0.036423774328187664
signed_lkj_eta_2,2025-10-31,IWM,0.007219933427264902,0.0072984208288619035,0.037387607918288025
signed_lkj_eta_2,2025-10-31,VNQ,0.02116455054555555,0.004155423640578693,0.032952126053400546
signed_lkj_eta_2,2025-10-31,VNQI,0.011398276316832767,0.0028373866276084326,0.027907602814049387
signed_lkj_eta_2,2025-10-31,VEA,0.006662577508105283,0.008409988549246149,0.025516473910825437
signed_lkj_eta_2,2025-10-31,VWO,-0.015135981764385575,0.007797642593032155,0.026502612791086684
signed_lkj_eta_2,2025-10-31,VSS,0.006820955763576553,0.006449158889969839,0.024206600465961875
signed_lkj_eta_2,2025-10-31,BND,0.00297114143881938,-0.0003418815479059858,0.011276573393839945
signed_lkj_eta_2,2025-10-31,IEF,0.00686801303321638,-0.0009433478161215477,0.013440347706756138
signed_lkj_eta_2,2025-10-31,BNDX,-0.004807659780811324,-0.000763471685482501,0.009011371841670886
signed_lkj_eta_2,2025-10-31,LQD,0.006300096794094712,0.0005857533733577042,0.014208340100919085
signed_lkj_eta_2,2025-10-31,HYG,0.004457641722011463,0.002229344191157172,0.011009665128399015
signed_lkj_eta_2,2025-10-31,EWX,-0.016176668191666965,0.007441677718342036,0.021755036941182564
signed_lkj_eta_2,2025-10-31,VWOB,0.0006545758910070365,0.0033725659360093877,0.01258726100245778
signed_lkj_eta_2,2025-10-31,HYEM,-0.0021992661278306125,0.00283555017648985,0.014927096820059806
signed_lkj_eta_2,2025-11-28,SPY,-0.0024606389596457667,0.012040179627437976,0.024927130762564236
signed_lkj_eta_2,2025-11-28,MGK,-0.006014656315694422,0.01651792366714962,0.03586687612450397
signed_lkj_eta_2,2025-11-28,VTV,0.004591005630098177,0.008847599262725533,0.024086823738944038
signed_lkj_eta_2,2025-11-28,IJR,-0.0043423583691276635,0.0066256154504711,0.03623182591263426
signed_lkj_eta_2,2025-11-28,IWM,-0.010325989693845572,0.008344347873060409,0.03570665333610408
signed_lkj_eta_2,2025-11-28,VNQ,-0.02554537559841752,0.003360999353806876,0.031043591125645757
signed_lkj_eta_2,2025-11-28,VNQI,0.0008944661826628675,0.002403439366254318,0.027108349167433113
signed_lkj_eta_2,2025-11-28,VEA,0.02842462799248069,0.009336995192717988,0.02349525318048871
signed_lkj_eta_2,2025-11-28,VWO,0.006231798598067773,0.007987531764663314,0.024391680641528465
signed_lkj_eta_2,2025-11-28,VSS,0.01745648547983225,0.007187905394053343,0.02436430440177832
signed_lkj_eta_2,2025-11-28,BND,-0.00624728267814989,-1.1363595264596207e-05,0.009533629987312471
signed_lkj_eta_2,2025-11-28,IEF,-0.010842523271658244,-1.1713660140178633e-05,0.013468066668501926
signed_lkj_eta_2,2025-11-28,BNDX,-0.00843043234441343,-0.0008017149142910567,0.008729487123675387
signed_lkj_eta_2,2025-11-28,LQD,-0.010606184040828248,0.0006144485349309347,0.014861311465903715
signed_lkj_eta_2,2025-11-28,HYG,0.0016540803164204476,0.0025714922194626172,0.009613902602502472
signed_lkj_eta_2,2025-11-28,EWX,0.005526301936131128,0.0048603622273889775,0.021046179134462238
signed_lkj_eta_2,2025-11-28,VWOB,-0.0012631324755422169,0.003651243990897278,0.01204622756133223
signed_lkj_eta_2,2025-11-28,HYEM,0.006456216930834868,0.003203874414213854,0.01378549488221183
signed_lkj_eta_2,2025-12-31,SPY,0.011594066475381304,0.011631964480936901,0.024565949407865436
signed_lkj_eta_2,2025-12-31,MGK,-0.01981088189923419,0.014225414156869728,0.03406763653623681
signed_lkj_eta_2,2025-12-31,VTV,0.04262615110326995,0.009789051886012059,0.020939923329154734
signed_lkj_eta_2,2025-12-31,IJR,0.05372327844739844,0.007060349874829775,0.03331604847462192
signed_lkj_eta_2,2025-12-31,IWM,0.05153392029332182,0.00980947348008097,0.034843783122691624
signed_lkj_eta_2,2025-12-31,VNQ,0.0229258613639709,-0.0003946973228615429,0.029538443584591834
signed_lkj_eta_2,2025-12-31,VNQI,0.04257155181000494,0.0022195110396657095,0.026203999281070717
signed_lkj_eta_2,2025-12-31,VEA,0.05642561347994279,0.012444416019068327,0.022866814407261477
signed_lkj_eta_2,2025-12-31,VWO,0.04715510460279937,0.007811320325801051,0.023714786004137952
signed_lkj_eta_2,2025-12-31,VSS,0.06068200468583562,0.00842398846013729,0.02227069319264891
signed_lkj_eta_2,2025-12-31,BND,-0.0009446630105405251,-0.0006575107610033838,0.007644442271277659
signed_lkj_eta_2,2025-12-31,IEF,-0.005378931439972923,-0.0015280352951030467,0.010717420916420492
signed_lkj_eta_2,2025-12-31,BNDX,0.002059820670583523,-0.0023444861252694014,0.008304469073866082
signed_lkj_eta_2,2025-12-31,LQD,0.0003398451129934532,-0.0009458785557746917,0.013010431543583613
signed_lkj_eta_2,2025-12-31,HYG,0.0029604455586125233,0.002160843974003352,0.009711595535115341
signed_lkj_eta_2,2025-12-31,EWX,0.02711570928152862,0.0037350332456328908,0.02072325092495778
signed_lkj_eta_2,2025-12-31,VWOB,0.0003023714262653243,0.0037330605235169306,0.011686940296227457
signed_lkj_eta_2,2025-12-31,HYEM,0.01193825183971775,0.00412452624967238,0.012305997029825523
signed_lkj_eta_2,2026-01-30,SPY,-0.011463064459755201,0.01148624348596382,0.02214627123975884
signed_lkj_eta_2,2026-01-30,MGK,-0.049282081977910286,0.012532528665771796,0.030500932607660403
signed_lkj_eta_2,2026-01-30,VTV,0.03464425383897951,0.009498359828657947,0.020838631172532
signed_lkj_eta_2,2026-01-30,IJR,0.018113075612949725,0.005895645024162278,0.030908674183483028
signed_lkj_eta_2,2026-01-30,IWM,0.003913446654500996,0.007920173748770803,0.031554642784591184
signed_lkj_eta_2,2026-01-30,VNQ,0.05085567147315495,0.0010767632757204449,0.027897971302186977
signed_lkj_eta_2,2026-01-30,VNQI,0.05477043858428532,0.004651314482813833,0.024158681351401163
signed_lkj_eta_2,2026-01-30,VEA,0.05800790565870817,0.015570637433253598,0.02183733027711928
signed_lkj_eta_2,2026-01-30,VWO,0.025936988754007295,0.010895169796975523,0.02348098607504838
signed_lkj_eta_2,2026-01-30,VSS,0.046521625760379104,0.012124443885214914,0.021602284129058905
signed_lkj_eta_2,2026-01-30,BND,0.013125538032234596,-0.00021036494054595123,0.0088918657224244
signed_lkj_eta_2,2026-01-30,IEF,0.02178389001983616,-0.0013969847989670182,0.011105808045018848
signed_lkj_eta_2,2026-01-30,BNDX,0.01242298193585456,-0.001668232347735852,0.006716586370285402
signed_lkj_eta_2,2026-01-30,LQD,0.010894680719308658,1.183921111224534e-05,0.012173744584817271
signed_lkj_eta_2,2026-01-30,HYG,-0.0028581418854923824,0.0020844469208961486,0.009347197939882921
signed_lkj_eta_2,2026-01-30,EWX,0.03253007863200175,0.005462012918573994,0.01915274200632441
signed_lkj_eta_2,2026-01-30,VWOB,0.012410830018970698,0.003957039611113076,0.012554230847521839
signed_lkj_eta_2,2026-01-30,HYEM,0.006343486373523,0.004476459105253637,0.012182968523160365
signed_lkj_eta_2,2026-02-27,SPY,-0.05236481425659356,0.009199743789326389,0.02420757963756645
signed_lkj_eta_2,2026-02-27,MGK,-0.05256666804441845,0.008825109870685017,0.03358202577225176
signed_lkj_eta_2,2026-02-27,VTV,-0.05111916666844174,0.01004963605808516,0.022579069124953995
signed_lkj_eta_2,2026-02-27,IJR,-0.0430573291552121,0.005206341214404976,0.032908865631426094
signed_lkj_eta_2,2026-02-27,IWM,-0.052595723393065286,0.0057775881582023715,0.031846004477251846
signed_lkj_eta_2,2026-02-27,VNQ,-0.066081450572396,0.0038062206503172947,0.028535418426765696
signed_lkj_eta_2,2026-02-27,VNQI,-0.1261996923521307,0.008417167077495019,0.025822476004907124
signed_lkj_eta_2,2026-02-27,VEA,-0.0890166153043781,0.017531109603611268,0.023638532377505714
signed_lkj_eta_2,2026-02-27,VWO,-0.07262882161942752,0.012038246786468566,0.024343156818630442
signed_lkj_eta_2,2026-02-27,VSS,-0.09195775776152426,0.014530612427230367,0.021867064775088686
signed_lkj_eta_2,2026-02-27,BND,-0.020459273388676813,0.0005282498403990574,0.00919612819021291
signed_lkj_eta_2,2026-02-27,IEF,-0.02626946195927571,0.00023866133393268688,0.011845458030603257
signed_lkj_eta_2,2026-02-27,BNDX,-0.02445812349945309,-0.0007980882094321287,0.008532800929423977
signed_lkj_eta_2,2026-02-27,LQD,-0.02380357071815431,0.0008635978720925772,0.012391243348971105
signed_lkj_eta_2,2026-02-27,HYG,-0.01264655652256541,0.00181230700682695,0.009823492220552985
signed_lkj_eta_2,2026-02-27,EWX,-0.05906694056130268,0.008987235794513361,0.019357951860643638
signed_lkj_eta_2,2026-02-27,VWOB,-0.03742886388704314,0.0037620919790192875,0.011986344107250576
signed_lkj_eta_2,2026-02-27,HYEM,-0.024402651519384255,0.004150582945963095,0.013453507327772844
signed_lkj_eta_2,2026-03-31,SPY,0.10158469057343722,0.008127172191362253,0.024725057444085808
signed_lkj_eta_2,2026-03-31,MGK,0.13945658747726553,0.009630613338134955,0.036101040940628645
signed_lkj_eta_2,2026-03-31,VTV,0.0506170669983208,0.006781230083568167,0.023602605990658134
signed_lkj_eta_2,2026-03-31,IJR,0.09942684130728341,0.0024422056952846404,0.03623295534853435
signed_lkj_eta_2,2026-03-31,IWM,0.11732924859591698,0.002962246506426975,0.03618412916490205
signed_lkj_eta_2,2026-03-31,VNQ,0.08261211567781301,0.0024062573486049008,0.031075779264375984
signed_lkj_eta_2,2026-03-31,VNQI,0.05920759938488018,0.002863163483206719,0.02930333172230251
signed_lkj_eta_2,2026-03-31,VEA,0.07028850576993428,0.008535597119465721,0.025081819404793364
signed_lkj_eta_2,2026-03-31,VWO,0.08686516780484332,0.006935251693466896,0.02498194224486476
signed_lkj_eta_2,2026-03-31,VSS,0.08096490152679459,0.006605960236697935,0.024417058539278846
signed_lkj_eta_2,2026-03-31,BND,-0.001644084190784434,-0.0006393806066080634,0.009385582482520846
signed_lkj_eta_2,2026-03-31,IEF,-0.004636900424381141,-0.0013411433670113253,0.013083562778703596
signed_lkj_eta_2,2026-03-31,BNDX,-0.0008092670395931645,-0.000943319410396727,0.008079098053578105
signed_lkj_eta_2,2026-03-31,LQD,-0.0003280238707080718,-0.00021506787448788596,0.012904158903752214
signed_lkj_eta_2,2026-03-31,HYG,0.012020620280474459,0.0014847569921533671,0.010430537766877886
signed_lkj_eta_2,2026-03-31,EWX,0.10571433591391832,0.005449580161888487,0.019174538654765125
signed_lkj_eta_2,2026-03-31,VWOB,0.020791542317250666,0.001956423917271276,0.011691907717515321
signed_lkj_eta_2,2026-03-31,HYEM,0.022278894658412263,0.0017014391814075811,0.012823278800922735
signed_lkj_eta_2,2026-04-30,SPY,0.049483664963993146,0.010276200716973776,0.03457501446636266
signed_lkj_eta_2,2026-04-30,MGK,0.08330425574857636,0.0140578056213199,0.046893516052353736
signed_lkj_eta_2,2026-04-30,VTV,0.021460679046998887,0.005447877112007336,0.028948480335234946
signed_lkj_eta_2,2026-04-30,IJR,0.008359592272450422,-0.0018066231071432702,0.04507537206740524
signed_lkj_eta_2,2026-04-30,IWM,0.04170616807391436,-0.0008400688487102976,0.04829634321892705
signed_lkj_eta_2,2026-04-30,VNQ,-0.009505527770350963,0.0029736139899138947,0.04197911247761043
signed_lkj_eta_2,2026-04-30,VNQI,-0.02873894096208207,-0.0002567860623630966,0.030082567619786865
signed_lkj_eta_2,2026-04-30,VEA,0.04005467192775236,0.00734373249963928,0.03165706290890414
signed_lkj_eta_2,2026-04-30,VWO,0.013087733301134774,0.005431021781696993,0.032974113971776756
signed_lkj_eta_2,2026-04-30,VSS,0.0153673341636833,0.006104731161833084,0.03264745989246034
signed_lkj_eta_2,2026-04-30,BND,-0.00023588979226363271,-0.001646119810107463,0.012985508727479942
signed_lkj_eta_2,2026-04-30,IEF,-0.0031745273257528517,-0.002694356767950265,0.01610301274567345
signed_lkj_eta_2,2026-04-30,BNDX,0.005188840393763217,-0.002749743833995786,0.010174253324698016
signed_lkj_eta_2,2026-04-30,LQD,0.005612799118414058,-0.0024602304612923935,0.018799616851968785
signed_lkj_eta_2,2026-04-30,HYG,0.0013666068307942592,-0.00033498701345542907,0.013599199493050043
signed_lkj_eta_2,2026-04-30,EWX,0.01835836502980981,0.006570606502120325,0.027698025436484534
signed_lkj_eta_2,2026-04-30,VWOB,0.006564291011867507,0.0002678883438627856,0.017031751110861342
signed_lkj_eta_2,2026-04-30,HYEM,0.00658729224447252,0.0015273344477584926,0.01503598639710802
