variant,date,asset_id,train_mean,y_true,y_pred,y_std,y_true_resid,y_pred_resid
historical_mean,2025-05-30,SPY,0.007317202496114117,0.04769511906164903,0.007317202496114117,0.04660963933841646,0.04037791656553491,0.0
historical_mean,2025-05-30,MGK,0.009610770673104944,0.06034673392230827,0.009610770673104944,0.060851759297646975,0.05073596324920333,0.0
historical_mean,2025-05-30,VTV,0.005312478651329571,0.0332330912657377,0.005312478651329571,0.042171564323948404,0.027920612614408133,0.0
historical_mean,2025-05-30,IJR,-0.00041575730887501996,0.03734736300075814,-0.00041575730887501996,0.059575209762081326,0.03776312030963316,0.0
historical_mean,2025-05-30,IWM,-0.0015216367751140637,0.05147995646827952,-0.0015216367751140637,0.060765746839857096,0.05300159324339358,0.0
historical_mean,2025-05-30,VNQ,0.0013147227365438608,0.0033500785292834845,0.0013147227365438608,0.05871827671593424,0.002035355792739624,0.0
historical_mean,2025-05-30,VNQI,-0.003141402592921254,0.04115888912622401,-0.003141402592921254,0.04894271164589664,0.04430029171914526,0.0
historical_mean,2025-05-30,VEA,0.003213867729195683,0.030256851306093457,0.003213867729195683,0.04620801201923399,0.027042983576897776,0.0
historical_mean,2025-05-30,VWO,-0.0013812432635037686,0.05168209224062714,-0.0013812432635037686,0.04203746163569985,0.053063335504130914,0.0
historical_mean,2025-05-30,VSS,0.00044890942076046157,0.054769444558085745,0.00044890942076046157,0.046586508315900846,0.054320535137325286,0.0
historical_mean,2025-05-30,BND,-0.003237055002469442,0.011602274676301816,-0.003237055002469442,0.019300660111938473,0.014839329678771258,0.0
historical_mean,2025-05-30,IEF,-0.0040674968930327,0.012452491537882304,-0.0040674968930327,0.022985665875243404,0.016519988430915004,0.0
historical_mean,2025-05-30,BNDX,-0.0027348125869511297,-0.0001381150801093023,-0.0027348125869511297,0.015916552039829984,0.0025966975068418274,0.0
historical_mean,2025-05-30,LQD,-0.003152480733546488,0.01724059290590274,-0.003152480733546488,0.029857848780693245,0.020393073639449227,0.0
historical_mean,2025-05-30,HYG,5.2760762575032596e-05,0.014810137654057698,5.2760762575032596e-05,0.023523287034608546,0.014757376891482665,0.0
historical_mean,2025-05-30,EWX,0.0014349156952656505,0.05043478917948763,0.0014349156952656505,0.03668383644608861,0.048999873484221974,0.0
historical_mean,2025-05-30,VWOB,-0.001725584997727383,0.021275025282161186,-0.001725584997727383,0.03034204982138476,0.02300061027988857,0.0
historical_mean,2025-05-30,HYEM,-0.0011012187111369331,0.014454903619178339,-0.0011012187111369331,0.026317882165175485,0.015556122330315272,0.0
positive_no_prior_both,2025-05-30,SPY,0.007317202496114117,0.04769511906164903,0.007940866804840357,0.04547546122932858,0.04037791656553491,0.0006236643087262402
positive_no_prior_both,2025-05-30,MGK,0.009610770673104944,0.06034673392230827,0.011366020211754266,0.060311682272181484,0.05073596324920333,0.0017552495386493217
positive_no_prior_both,2025-05-30,VTV,0.005312478651329571,0.0332330912657377,0.005313015850426627,0.04183199102103101,0.027920612614408133,5.371990970557891e-07
positive_no_prior_both,2025-05-30,IJR,-0.00041575730887501996,0.03734736300075814,0.004089553447946296,0.05738838373565183,0.03776312030963316,0.004505310756821316
positive_no_prior_both,2025-05-30,IWM,-0.0015216367751140637,0.05147995646827952,0.0035714600993861124,0.06114381027252522,0.05300159324339358,0.005093096874500176
positive_no_prior_both,2025-05-30,VNQ,0.0013147227365438608,0.0033500785292834845,7.480749131529084e-05,0.0573634214357436,0.002035355792739624,-0.00123991524522857
positive_no_prior_both,2025-05-30,VNQI,-0.003141402592921254,0.04115888912622401,-0.004780080016445131,0.04947355372184292,0.04430029171914526,-0.0016386774235238768
positive_no_prior_both,2025-05-30,VEA,0.003213867729195683,0.030256851306093457,0.002143272103959963,0.04578733318470058,0.027042983576897776,-0.0010705956252357201
positive_no_prior_both,2025-05-30,VWO,-0.0013812432635037686,0.05168209224062714,0.0016249744043301878,0.04427241426517734,0.053063335504130914,0.0030062176678339564
positive_no_prior_both,2025-05-30,VSS,0.00044890942076046157,0.054769444558085745,-0.0012553365776918405,0.04608500636686005,0.054320535137325286,-0.001704245998452302
positive_no_prior_both,2025-05-30,BND,-0.003237055002469442,0.011602274676301816,-0.002302346294788553,0.018527507534065544,0.014839329678771258,0.000934708707680889
positive_no_prior_both,2025-05-30,IEF,-0.0040674968930327,0.012452491537882304,-0.0031905089581457293,0.021471854518170918,0.016519988430915004,0.0008769879348869709
positive_no_prior_both,2025-05-30,BNDX,-0.0027348125869511297,-0.0001381150801093023,-0.000549837492725456,0.015439174635387158,0.0025966975068418274,0.0021849750942256737
positive_no_prior_both,2025-05-30,LQD,-0.003152480733546488,0.01724059290590274,-0.0017361140743629997,0.028401218925859253,0.020393073639449227,0.0014163666591834882
positive_no_prior_both,2025-05-30,HYG,5.2760762575032596e-05,0.014810137654057698,-3.1904422918517614e-05,0.02235921582849834,0.014757376891482665,-8.466518549355021e-05
positive_no_prior_both,2025-05-30,EWX,0.0014349156952656505,0.05043478917948763,0.003612411392297653,0.038242896890007747,0.048999873484221974,0.002177495697032002
positive_no_prior_both,2025-05-30,VWOB,-0.001725584997727383,0.021275025282161186,-0.0003434924692453365,0.029497393617798143,0.02300061027988857,0.0013820925284820464
positive_no_prior_both,2025-05-30,HYEM,-0.0011012187111369331,0.014454903619178339,0.0014694402454644283,0.028423489987533385,0.015556122330315272,0.0025706589566013615
positive_no_prior_outputscale_only,2025-05-30,SPY,0.007317202496114117,0.04769511906164903,0.017849729950722107,0.04553364523699469,0.04037791656553491,0.01053252745460799
positive_no_prior_outputscale_only,2025-05-30,MGK,0.009610770673104944,0.06034673392230827,0.02792825924099125,0.06045699940817495,0.05073596324920333,0.018317488567886307
positive_no_prior_outputscale_only,2025-05-30,VTV,0.005312478651329571,0.0332330912657377,0.009863182751823258,0.04206757320626524,0.027920612614408133,0.004550704100493687
positive_no_prior_outputscale_only,2025-05-30,IJR,-0.00041575730887501996,0.03734736300075814,0.011981271882246325,0.06135842719848943,0.03776312030963316,0.012397029191121345
positive_no_prior_outputscale_only,2025-05-30,IWM,-0.0015216367751140637,0.05147995646827952,0.010340271916824085,0.061430567471218514,0.05300159324339358,0.011861908691938148
positive_no_prior_outputscale_only,2025-05-30,VNQ,0.0013147227365438608,0.0033500785292834845,0.0050953435661973525,0.06027013050759139,0.002035355792739624,0.003780620829653492
positive_no_prior_outputscale_only,2025-05-30,VNQI,-0.003141402592921254,0.04115888912622401,-0.00022746553493509453,0.04726092997049066,0.04430029171914526,0.0029139370579861594
positive_no_prior_outputscale_only,2025-05-30,VEA,0.003213867729195683,0.030256851306093457,0.010285906408812042,0.046759128658179765,0.027042983576897776,0.007072038679616359
positive_no_prior_outputscale_only,2025-05-30,VWO,-0.0013812432635037686,0.05168209224062714,0.012017517134110605,0.042933312522175394,0.053063335504130914,0.013398760397614373
positive_no_prior_outputscale_only,2025-05-30,VSS,0.00044890942076046157,0.054769444558085745,0.008184904663354827,0.04703692557461366,0.054320535137325286,0.0077359952425943655
positive_no_prior_outputscale_only,2025-05-30,BND,-0.003237055002469442,0.011602274676301816,-0.0035871167856024555,0.01817351970289561,0.014839329678771258,-0.00035006178313301333
positive_no_prior_outputscale_only,2025-05-30,IEF,-0.0040674968930327,0.012452491537882304,-0.0059133535561440905,0.022526028885675575,0.016519988430915004,-0.0018458566631113903
positive_no_prior_outputscale_only,2025-05-30,BNDX,-0.0027348125869511297,-0.0001381150801093023,0.0004053183041805202,0.015597158436289416,0.0025966975068418274,0.00314013089113165
positive_no_prior_outputscale_only,2025-05-30,LQD,-0.003152480733546488,0.01724059290590274,0.0005497574968797926,0.028138046043260707,0.020393073639449227,0.0037022382304262805
positive_no_prior_outputscale_only,2025-05-30,HYG,5.2760762575032596e-05,0.014810137654057698,0.0020079609771563537,0.022997286124226905,0.014757376891482665,0.0019552002145813213
positive_no_prior_outputscale_only,2025-05-30,EWX,0.0014349156952656505,0.05043478917948763,0.014379140229464335,0.037641943904429945,0.048999873484221974,0.012944224534198684
positive_no_prior_outputscale_only,2025-05-30,VWOB,-0.001725584997727383,0.021275025282161186,0.004228591258956247,0.031319502550650746,0.02300061027988857,0.00595417625668363
positive_no_prior_outputscale_only,2025-05-30,HYEM,-0.0011012187111369331,0.014454903619178339,0.004656819187914472,0.026825621842806388,0.015556122330315272,0.005758037899051405
positive_no_prior_lengthscale_only,2025-05-30,SPY,0.007317202496114117,0.04769511906164903,0.010362566620990986,0.07136223488592491,0.04037791656553491,0.0030453641248768693
positive_no_prior_lengthscale_only,2025-05-30,MGK,0.009610770673104944,0.06034673392230827,0.01614146088943608,0.08339857789084583,0.05073596324920333,0.006530690216331136
positive_no_prior_lengthscale_only,2025-05-30,VTV,0.005312478651329571,0.0332330912657377,0.006296713537770081,0.052146160344025416,0.027920612614408133,0.00098423488644051
positive_no_prior_lengthscale_only,2025-05-30,IJR,-0.00041575730887501996,0.03734736300075814,0.002054139480833033,0.07809993057434393,0.03776312030963316,0.002469896789708053
positive_no_prior_lengthscale_only,2025-05-30,IWM,-0.0015216367751140637,0.05147995646827952,0.00019368606381414992,0.07957252594039307,0.05300159324339358,0.0017153228389282136
positive_no_prior_lengthscale_only,2025-05-30,VNQ,0.0013147227365438608,0.0033500785292834845,0.0012430848667329983,0.06710715639274349,0.002035355792739624,-7.163786981086249e-05
positive_no_prior_lengthscale_only,2025-05-30,VNQI,-0.003141402592921254,0.04115888912622401,-0.0025674254620001048,0.04871286116503873,0.04430029171914526,0.0005739771309211492
positive_no_prior_lengthscale_only,2025-05-30,VEA,0.003213867729195683,0.030256851306093457,0.0027414658232783615,0.04995901934394264,0.027042983576897776,-0.0004724019059173215
positive_no_prior_lengthscale_only,2025-05-30,VWO,-0.0013812432635037686,0.05168209224062714,0.003379642630991299,0.044919809006521046,0.053063335504130914,0.004760885894495068
positive_no_prior_lengthscale_only,2025-05-30,VSS,0.00044890942076046157,0.054769444558085745,6.748263335198495e-05,0.051139124777930006,0.054320535137325286,-0.0003814267874084766
positive_no_prior_lengthscale_only,2025-05-30,BND,-0.003237055002469442,0.011602274676301816,-0.0024956656278337544,0.016824557799270765,0.014839329678771258,0.0007413893746356878
positive_no_prior_lengthscale_only,2025-05-30,IEF,-0.0040674968930327,0.012452491537882304,-0.003826566911508859,0.019609571100740256,0.016519988430915004,0.00024092998152384134
positive_no_prior_lengthscale_only,2025-05-30,BNDX,-0.0027348125869511297,-0.0001381150801093023,1.4931279239696615e-05,0.01576434322416782,0.0025966975068418274,0.0027497438661908263
positive_no_prior_lengthscale_only,2025-05-30,LQD,-0.003152480733546488,0.01724059290590274,-0.0010290604031179462,0.02724951089835388,0.020393073639449227,0.0021234203304285417
positive_no_prior_lengthscale_only,2025-05-30,HYG,5.2760762575032596e-05,0.014810137654057698,0.0008307074273768513,0.026493067888086697,0.014757376891482665,0.0007779466648018187
positive_no_prior_lengthscale_only,2025-05-30,EWX,0.0014349156952656505,0.05043478917948763,0.007984953266716527,0.0408968924113429,0.048999873484221974,0.006550037571450876
positive_no_prior_lengthscale_only,2025-05-30,VWOB,-0.001725584997727383,0.021275025282161186,-0.0006483708650693394,0.031084632811118115,0.02300061027988857,0.0010772141326580436
positive_no_prior_lengthscale_only,2025-05-30,HYEM,-0.0011012187111369331,0.014454903619178339,0.0005423202937824207,0.027883533630164062,0.015556122330315272,0.0016435390049193538
positive_no_prior_neither,2025-05-30,SPY,0.007317202496114117,0.04769511906164903,0.0144535107079374,0.06818860190527004,0.04037791656553491,0.007136308211823284
positive_no_prior_neither,2025-05-30,MGK,0.009610770673104944,0.06034673392230827,0.02598497647547059,0.08041146336108392,0.05073596324920333,0.016374205802365645
positive_no_prior_neither,2025-05-30,VTV,0.005312478651329571,0.0332330912657377,0.006796770470360414,0.05208732010074,0.027920612614408133,0.0014842918190308436
positive_no_prior_neither,2025-05-30,IJR,-0.00041575730887501996,0.03734736300075814,-0.0014469049880244363,0.07821564380156971,0.03776312030963316,-0.0010311476791494164
positive_no_prior_neither,2025-05-30,IWM,-0.0015216367751140637,0.05147995646827952,-0.0021900516351313873,0.0796014630218011,0.05300159324339358,-0.0006684148600173236
positive_no_prior_neither,2025-05-30,VNQ,0.0013147227365438608,0.0033500785292834845,-0.0017657183673193443,0.06563619391294737,0.002035355792739624,-0.003080441103863205
positive_no_prior_neither,2025-05-30,VNQI,-0.003141402592921254,0.04115888912622401,0.0022587664863620975,0.0487100773543725,0.04430029171914526,0.005400169079283351
positive_no_prior_neither,2025-05-30,VEA,0.003213867729195683,0.030256851306093457,0.011139473936407697,0.049083447696070474,0.027042983576897776,0.007925606207212013
positive_no_prior_neither,2025-05-30,VWO,-0.0013812432635037686,0.05168209224062714,0.012224528024297354,0.046715470210332316,0.053063335504130914,0.013605771287801122
positive_no_prior_neither,2025-05-30,VSS,0.00044890942076046157,0.054769444558085745,0.0063946529921516775,0.049847129540468486,0.054320535137325286,0.0059457435713912155
positive_no_prior_neither,2025-05-30,BND,-0.003237055002469442,0.011602274676301816,-0.0028476516397514095,0.016702640656492754,0.014839329678771258,0.00038940336271803266
positive_no_prior_neither,2025-05-30,IEF,-0.0040674968930327,0.012452491537882304,-0.004707871496656081,0.01983410657027128,0.016519988430915004,-0.0006403746036233804
positive_no_prior_neither,2025-05-30,BNDX,-0.0027348125869511297,-0.0001381150801093023,0.0013109809311423063,0.015916775910619126,0.0025966975068418274,0.004045793518093436
positive_no_prior_neither,2025-05-30,LQD,-0.003152480733546488,0.01724059290590274,0.0002822069601636332,0.02686962631087498,0.020393073639449227,0.003434687693710121
positive_no_prior_neither,2025-05-30,HYG,5.2760762575032596e-05,0.014810137654057698,0.002471736292802585,0.025940372157205658,0.014757376891482665,0.0024189755302275527
positive_no_prior_neither,2025-05-30,EWX,0.0014349156952656505,0.05043478917948763,0.012996814865445443,0.04146239934016921,0.048999873484221974,0.011561899170179793
positive_no_prior_neither,2025-05-30,VWOB,-0.001725584997727383,0.021275025282161186,0.003508746228893137,0.030170898570166325,0.02300061027988857,0.00523433122662052
positive_no_prior_neither,2025-05-30,HYEM,-0.0011012187111369331,0.014454903619178339,0.005664575688025459,0.027813808788081262,0.015556122330315272,0.006765794399162393
historical_mean,2025-06-30,SPY,0.008108926350340292,0.01908467259702551,0.008108926350340292,0.046486314861483725,0.010975746246685217,0.0
historical_mean,2025-06-30,MGK,0.010605593481912853,0.03526188252947149,0.010605593481912853,0.0606576555011281,0.024656289047558635,0.0
historical_mean,2025-06-30,VTV,0.005859941643768946,-0.002167296399311236,0.005859941643768946,0.04193038901454366,-0.00802723804308018,0.0
historical_mean,2025-06-30,IJR,0.0003246960305295518,0.005165530187941636,0.0003246960305295518,0.05921303348395245,0.004840834157412084,0.0
historical_mean,2025-06-30,IWM,-0.0004823898487730129,0.012760607343994756,-0.0004823898487730129,0.060611122841396574,0.01324299719276777,0.0
historical_mean,2025-06-30,VNQ,0.0013546316736564024,-0.0029632780526935854,0.0013546316736564024,0.05812882700489989,-0.004317909726349988,0.0
historical_mean,2025-06-30,VNQI,-0.0022727694219576216,-0.023931985253554888,-0.0022727694219576216,0.04884630943744813,-0.021659215831597266,0.0
historical_mean,2025-06-30,VEA,0.003744122309134855,-0.01766175570590245,0.003744122309134855,0.04590007007806359,-0.021405878015037304,0.0
historical_mean,2025-06-30,VWO,-0.0003407857045992409,0.002989658374459969,-0.0003407857045992409,0.0422731045191081,0.0033304440790592102,0.0
historical_mean,2025-06-30,VSS,0.001514017952864879,-0.009120730437294888,0.001514017952864879,0.04674135179227695,-0.010634748390159767,0.0
historical_mean,2025-06-30,BND,-0.002946087753866084,-0.006504632044136427,-0.002946087753866084,0.019219337399327574,-0.0035585442902703428,0.0
historical_mean,2025-06-30,IEF,-0.0037435755512500533,-0.00977429711868305,-0.0037435755512500533,0.022871930304032895,-0.0060307215674329975,0.0
historical_mean,2025-06-30,BNDX,-0.0026838969495620742,-0.00498710657025403,-0.0026838969495620742,0.015760777543273402,-0.0023032096206919554,0.0
historical_mean,2025-06-30,LQD,-0.0027526165445376795,-0.004751878550950606,-0.0027526165445376795,0.02969538299107734,-0.001999262006412926,0.0
historical_mean,2025-06-30,HYG,0.0003421210937805751,-0.002505544256353631,0.0003421210937805751,0.02337837316237756,-0.0028476653501342064,0.0
historical_mean,2025-06-30,EWX,0.002395697528289611,0.003689786989881094,0.002395697528289611,0.03695765100137487,0.0012940894615914834,0.0
historical_mean,2025-06-30,VWOB,-0.0012745926392981953,0.003448378263515961,-0.0012745926392981953,0.03020927485213051,0.004722970902814157,0.0
historical_mean,2025-06-30,HYEM,-0.0007961967046601631,0.0052854367518158085,-0.0007961967046601631,0.026144277822748356,0.006081633456475972,0.0
positive_no_prior_both,2025-06-30,SPY,0.008108926350340292,0.01908467259702551,0.007042220894583498,0.04156822736890886,0.010975746246685217,-0.0010667054557567945
positive_no_prior_both,2025-06-30,MGK,0.010605593481912853,0.03526188252947149,0.009618276297281604,0.058562286671045787,0.024656289047558635,-0.0009873171846312492
positive_no_prior_both,2025-06-30,VTV,0.005859941643768946,-0.002167296399311236,0.005612785606096336,0.0387625229119344,-0.00802723804308018,-0.00024715603767260994
positive_no_prior_both,2025-06-30,IJR,0.0003246960305295518,0.005165530187941636,-0.0007559916673924869,0.055108925902853455,0.004840834157412084,-0.0010806876979220386
positive_no_prior_both,2025-06-30,IWM,-0.0004823898487730129,0.012760607343994756,-0.0009656486270249434,0.0558844795914097,0.01324299719276777,-0.0004832587782519305
positive_no_prior_both,2025-06-30,VNQ,0.0013546316736564024,-0.0029632780526935854,-0.00035756389738095706,0.05026437396555211,-0.004317909726349988,-0.0017121955710373594
positive_no_prior_both,2025-06-30,VNQI,-0.0022727694219576216,-0.023931985253554888,-0.003940611751761605,0.04260958954476364,-0.021659215831597266,-0.0016678423298039837
positive_no_prior_both,2025-06-30,VEA,0.003744122309134855,-0.01766175570590245,0.0030086637399672853,0.04097730764503617,-0.021405878015037304,-0.0007354585691675699
positive_no_prior_both,2025-06-30,VWO,-0.0003407857045992409,0.002989658374459969,0.0009564921095906191,0.03933836869877227,0.0033304440790592102,0.00129727781418986
positive_no_prior_both,2025-06-30,VSS,0.001514017952864879,-0.009120730437294888,0.00047345559580961867,0.042777999959768366,-0.010634748390159767,-0.0010405623570552602
positive_no_prior_both,2025-06-30,BND,-0.002946087753866084,-0.006504632044136427,-0.0024411497205765412,0.016854915646674053,-0.0035585442902703428,0.0005049380332895429
positive_no_prior_both,2025-06-30,IEF,-0.0037435755512500533,-0.00977429711868305,-0.0037261682071837365,0.02008949125765299,-0.0060307215674329975,1.740734406631677e-05
positive_no_prior_both,2025-06-30,BNDX,-0.0026838969495620742,-0.00498710657025403,-0.002379043002646051,0.013819029816168938,-0.0023032096206919554,0.00030485394691602335
positive_no_prior_both,2025-06-30,LQD,-0.0027526165445376795,-0.004751878550950606,-0.002610447221018867,0.025443117290515786,-0.001999262006412926,0.00014216932351881258
positive_no_prior_both,2025-06-30,HYG,0.0003421210937805751,-0.002505544256353631,0.000311135763138825,0.020506420894884695,-0.0028476653501342064,-3.0985330641750066e-05
positive_no_prior_both,2025-06-30,EWX,0.002395697528289611,0.003689786989881094,0.00306410176250473,0.034241760070277155,0.0012940894615914834,0.0006684042342151191
positive_no_prior_both,2025-06-30,VWOB,-0.0012745926392981953,0.003448378263515961,-0.0012796471744322044,0.02661625431065054,0.004722970902814157,-5.05453513400915e-06
positive_no_prior_both,2025-06-30,HYEM,-0.0007961967046601631,0.0052854367518158085,-0.0004439583241429886,0.02437511710311191,0.006081633456475972,0.0003522383805171745
positive_no_prior_outputscale_only,2025-06-30,SPY,0.008108926350340292,0.01908467259702551,0.008250385645807698,0.039721871150535173,0.010975746246685217,0.00014145929546740578
positive_no_prior_outputscale_only,2025-06-30,MGK,0.010605593481912853,0.03526188252947149,0.011677229144449101,0.054412396812512996,0.024656289047558635,0.0010716356625362477
positive_no_prior_outputscale_only,2025-06-30,VTV,0.005859941643768946,-0.002167296399311236,0.008249489782859122,0.03610245593316595,-0.00802723804308018,0.002389548139090176
positive_no_prior_outputscale_only,2025-06-30,IJR,0.0003246960305295518,0.005165530187941636,0.0011135276890137556,0.05070796251244555,0.004840834157412084,0.0007888316584842038
positive_no_prior_outputscale_only,2025-06-30,IWM,-0.0004823898487730129,0.012760607343994756,0.0007076462907612774,0.05537469184692474,0.01324299719276777,0.0011900361395342904
positive_no_prior_outputscale_only,2025-06-30,VNQ,0.0013546316736564024,-0.0029632780526935854,-4.070787266257053e-05,0.050197795671721814,-0.004317909726349988,-0.001395339546318973
positive_no_prior_outputscale_only,2025-06-30,VNQI,-0.0022727694219576216,-0.023931985253554888,0.0016713778846023973,0.03959559590721987,-0.021659215831597266,0.003944147306560019
positive_no_prior_outputscale_only,2025-06-30,VEA,0.003744122309134855,-0.01766175570590245,0.007016197037052583,0.03938940304382322,-0.021405878015037304,0.003272074727917728
positive_no_prior_outputscale_only,2025-06-30,VWO,-0.0003407857045992409,0.002989658374459969,0.006753686662532857,0.03831487049687492,0.0033304440790592102,0.007094472367132097
positive_no_prior_outputscale_only,2025-06-30,VSS,0.001514017952864879,-0.009120730437294888,0.0012825732901937208,0.03968618141918623,-0.010634748390159767,-0.0002314446626711581
positive_no_prior_outputscale_only,2025-06-30,BND,-0.002946087753866084,-0.006504632044136427,-0.0023442671679892715,0.016148059771621804,-0.0035585442902703428,0.0006018205858768126
positive_no_prior_outputscale_only,2025-06-30,IEF,-0.0037435755512500533,-0.00977429711868305,-0.0038575557320425133,0.019800987381925497,-0.0060307215674329975,-0.00011398018079246007
positive_no_prior_outputscale_only,2025-06-30,BNDX,-0.0026838969495620742,-0.00498710657025403,-0.003284576443884475,0.013518041091726433,-0.0023032096206919554,-0.000600679494322401
positive_no_prior_outputscale_only,2025-06-30,LQD,-0.0027526165445376795,-0.004751878550950606,-0.0016575135312113115,0.024662040010572817,-0.001999262006412926,0.001095103013326368
positive_no_prior_outputscale_only,2025-06-30,HYG,0.0003421210937805751,-0.002505544256353631,0.00041457351008534446,0.01900981313374975,-0.0028476653501342064,7.245241630476939e-05
positive_no_prior_outputscale_only,2025-06-30,EWX,0.002395697528289611,0.003689786989881094,0.008051652341685284,0.03293688672770392,0.0012940894615914834,0.005655954813395673
positive_no_prior_outputscale_only,2025-06-30,VWOB,-0.0012745926392981953,0.003448378263515961,0.0007434313480760451,0.026172356118353387,0.004722970902814157,0.0020180239873742404
positive_no_prior_outputscale_only,2025-06-30,HYEM,-0.0007961967046601631,0.0052854367518158085,0.0023352039271856816,0.022657335236650367,0.006081633456475972,0.0031314006318458446
positive_no_prior_lengthscale_only,2025-06-30,SPY,0.008108926350340292,0.01908467259702551,0.007785946113051219,0.07372147794293467,0.010975746246685217,-0.00032298023728907343
positive_no_prior_lengthscale_only,2025-06-30,MGK,0.010605593481912853,0.03526188252947149,0.010420847046269126,0.0879202998047017,0.024656289047558635,-0.0001847464356437272
positive_no_prior_lengthscale_only,2025-06-30,VTV,0.005859941643768946,-0.002167296399311236,0.005566201532841209,0.05427957838683361,-0.00802723804308018,-0.0002937401109277364
positive_no_prior_lengthscale_only,2025-06-30,IJR,0.0003246960305295518,0.005165530187941636,0.004184645771479345,0.06847496958992089,0.004840834157412084,0.003859949740949793
positive_no_prior_lengthscale_only,2025-06-30,IWM,-0.0004823898487730129,0.012760607343994756,0.0014505149819124658,0.07076220487753086,0.01324299719276777,0.0019329048306854788
positive_no_prior_lengthscale_only,2025-06-30,VNQ,0.0013546316736564024,-0.0029632780526935854,-0.00021303138143184534,0.06192043043003987,-0.004317909726349988,-0.0015676630550882477
positive_no_prior_lengthscale_only,2025-06-30,VNQI,-0.0022727694219576216,-0.023931985253554888,-0.009467468915780465,0.047819027660650194,-0.021659215831597266,-0.0071946994938228434
positive_no_prior_lengthscale_only,2025-06-30,VEA,0.003744122309134855,-0.01766175570590245,-0.0028500737552892073,0.053644243438011247,-0.021405878015037304,-0.0065941960644240625
positive_no_prior_lengthscale_only,2025-06-30,VWO,-0.0003407857045992409,0.002989658374459969,-0.005148337209039777,0.04285545038435873,0.0033304440790592102,-0.004807551504440536
positive_no_prior_lengthscale_only,2025-06-30,VSS,0.001514017952864879,-0.009120730437294888,-0.006044886316257965,0.05328810439943154,-0.010634748390159767,-0.007558904269122844
positive_no_prior_lengthscale_only,2025-06-30,BND,-0.002946087753866084,-0.006504632044136427,-0.003652646405743659,0.0166149005333754,-0.0035585442902703428,-0.0007065586518775748
positive_no_prior_lengthscale_only,2025-06-30,IEF,-0.0037435755512500533,-0.00977429711868305,-0.004797063955455966,0.019606227529473684,-0.0060307215674329975,-0.0010534884042059127
positive_no_prior_lengthscale_only,2025-06-30,BNDX,-0.0026838969495620742,-0.00498710657025403,-0.003811567766904811,0.015870793038603205,-0.0023032096206919554,-0.0011276708173427368
positive_no_prior_lengthscale_only,2025-06-30,LQD,-0.0027526165445376795,-0.004751878550950606,-0.004881235894487036,0.027302644114909125,-0.001999262006412926,-0.0021286193499493564
positive_no_prior_lengthscale_only,2025-06-30,HYG,0.0003421210937805751,-0.002505544256353631,-0.000808324299839736,0.027517180591082928,-0.0028476653501342064,-0.001150445393620311
positive_no_prior_lengthscale_only,2025-06-30,EWX,0.002395697528289611,0.003689786989881094,0.001782362058179793,0.04086858859603311,0.0012940894615914834,-0.0006133354701098178
positive_no_prior_lengthscale_only,2025-06-30,VWOB,-0.0012745926392981953,0.003448378263515961,-0.00549403621030564,0.032799586849612046,0.004722970902814157,-0.004219443571007444
positive_no_prior_lengthscale_only,2025-06-30,HYEM,-0.0007961967046601631,0.0052854367518158085,-0.002457032322411721,0.028640841757519298,0.006081633456475972,-0.001660835617751558
positive_no_prior_neither,2025-06-30,SPY,0.008108926350340292,0.01908467259702551,0.0045164931163189205,0.07254757481793918,0.010975746246685217,-0.0035924332340213716
positive_no_prior_neither,2025-06-30,MGK,0.010605593481912853,0.03526188252947149,0.0070286445833112575,0.08721746685390942,0.024656289047558635,-0.003576948898601596
positive_no_prior_neither,2025-06-30,VTV,0.005859941643768946,-0.002167296399311236,0.003953086225358211,0.055236392817446404,-0.00802723804308018,-0.0019068554184107347
positive_no_prior_neither,2025-06-30,IJR,0.0003246960305295518,0.005165530187941636,-0.001410646089926774,0.06915650615765441,0.004840834157412084,-0.0017353421204563256
positive_no_prior_neither,2025-06-30,IWM,-0.0004823898487730129,0.012760607343994756,-0.0056164889304615995,0.07103850266091333,0.01324299719276777,-0.005134099081688587
positive_no_prior_neither,2025-06-30,VNQ,0.0013546316736564024,-0.0029632780526935854,-0.00627789846840237,0.06254032498783019,-0.004317909726349988,-0.007632530142058773
positive_no_prior_neither,2025-06-30,VNQI,-0.0022727694219576216,-0.023931985253554888,-0.006102217228846643,0.04837105113988661,-0.021659215831597266,-0.0038294478068890215
positive_no_prior_neither,2025-06-30,VEA,0.003744122309134855,-0.01766175570590245,-0.0025334247766062765,0.05252140824462706,-0.021405878015037304,-0.006277547085741132
positive_no_prior_neither,2025-06-30,VWO,-0.0003407857045992409,0.002989658374459969,-0.001544891109857881,0.04484188285317526,0.0033304440790592102,-0.0012041054052586403
positive_no_prior_neither,2025-06-30,VSS,0.001514017952864879,-0.009120730437294888,-0.006367339960087386,0.052572113763869166,-0.010634748390159767,-0.007881357912952264
positive_no_prior_neither,2025-06-30,BND,-0.002946087753866084,-0.006504632044136427,-0.0032430692249687774,0.016328005037619914,-0.0035585442902703428,-0.0002969814711026933
positive_no_prior_neither,2025-06-30,IEF,-0.0037435755512500533,-0.00977429711868305,-0.004353603200300447,0.019340978044154526,-0.0060307215674329975,-0.0006100276490503941
positive_no_prior_neither,2025-06-30,BNDX,-0.0026838969495620742,-0.00498710657025403,-0.005125065439193454,0.01582699406048186,-0.0023032096206919554,-0.0024411684896313798
positive_no_prior_neither,2025-06-30,LQD,-0.0027526165445376795,-0.004751878550950606,-0.004434303747909462,0.02658044929602234,-0.001999262006412926,-0.0016816872033717828
positive_no_prior_neither,2025-06-30,HYG,0.0003421210937805751,-0.002505544256353631,-0.001952195148889076,0.027594679283486304,-0.0028476653501342064,-0.002294316242669651
positive_no_prior_neither,2025-06-30,EWX,0.002395697528289611,0.003689786989881094,-9.559962900145252e-05,0.040898783752479975,0.0012940894615914834,-0.0024912971572910634
positive_no_prior_neither,2025-06-30,VWOB,-0.0012745926392981953,0.003448378263515961,-0.005419802654221359,0.032078165627309765,0.004722970902814157,-0.004145210014923163
positive_no_prior_neither,2025-06-30,HYEM,-0.0007961967046601631,0.0052854367518158085,-0.00039032037203233234,0.02886929073088473,0.006081633456475972,0.00040587633262783077
historical_mean,2025-07-31,SPY,0.008319998393545776,0.01702595928567807,0.008319998393545776,0.046053469308444485,0.008705960892132296,0.0
historical_mean,2025-07-31,MGK,0.011079752886673596,0.005506659536577585,0.011079752886673596,0.06015727754500016,-0.005573093350096011,0.0
historical_mean,2025-07-31,VTV,0.0057055716814020194,0.03136457393982228,0.0057055716814020194,0.04153219245869115,0.025659002258420265,0.0
historical_mean,2025-07-31,IJR,0.0004177889950951688,0.06670214284372133,0.0004177889950951688,0.058633482662584016,0.06628435384862616,0.0
historical_mean,2025-07-31,IWM,-0.00022771682583517123,0.06825711678016222,-0.00022771682583517123,0.06004204653297474,0.06848483360599739,0.0
historical_mean,2025-07-31,VNQ,0.0012715949481496719,0.031234506481848445,0.0012715949481496719,0.05755922989435626,0.029962911533698774,0.0
historical_mean,2025-07-31,VNQI,-0.002689292803334492,0.03800885965747658,-0.002689292803334492,0.04845822889781613,0.04069815246081107,0.0
historical_mean,2025-07-31,VEA,0.003332470808845676,0.040715343672140136,0.003332470808845676,0.045544682113617126,0.03738287286329446,0.0
historical_mean,2025-07-31,VWO,-0.0002767387030788715,0.03119670619044923,-0.0002767387030788715,0.041859158539873306,0.0314734448935281,0.0
historical_mean,2025-07-31,VSS,0.0013095035607464218,0.04570476560415426,0.0013095035607464218,0.04630432607636206,0.04439526204340784,0.0
historical_mean,2025-07-31,BND,-0.0030145212979097447,0.008078120866885197,-0.0030145212979097447,0.01903637705332175,0.011092642164794941,0.0
historical_mean,2025-07-31,IEF,-0.0038595509660083803,0.013001796164747947,-0.0038595509660083803,0.022662022294724343,0.016861347130756328,0.0
historical_mean,2025-07-31,BNDX,-0.002728189442267689,-0.002067319775812204,-0.002728189442267689,0.01560876337446942,0.0006608696664554847,0.0
historical_mean,2025-07-31,LQD,-0.002791063890814851,0.0069765482555901315,-0.002791063890814851,0.02940411760267529,0.009767612146404982,0.0
historical_mean,2025-07-31,HYG,0.0002873582985856865,0.007592278645943473,0.0002873582985856865,0.023151406952460717,0.007304920347357787,0.0
historical_mean,2025-07-31,EWX,0.002420583864089447,0.059400893238615415,0.002420583864089447,0.03659396736937123,0.056980309374525966,0.0
historical_mean,2025-07-31,VWOB,-0.0011837662757825385,0.013654429789281775,-0.0011837662757825385,0.029918809035243236,0.014838196065064313,0.0
historical_mean,2025-07-31,HYEM,-0.0006792422151125483,0.015516857251125726,-0.0006792422151125483,0.025900427029114596,0.016196099466238276,0.0
positive_no_prior_both,2025-07-31,SPY,0.008319998393545776,0.01702595928567807,0.007440415624919575,0.040941397318562354,0.008705960892132296,-0.0008795827686262012
positive_no_prior_both,2025-07-31,MGK,0.011079752886673596,0.005506659536577585,0.013128121800899676,0.05292234649457509,-0.005573093350096011,0.0020483689142260803
positive_no_prior_both,2025-07-31,VTV,0.0057055716814020194,0.03136457393982228,0.005612847086634671,0.03684079200247456,0.025659002258420265,-9.272459476734884e-05
positive_no_prior_both,2025-07-31,IJR,0.0004177889950951688,0.06670214284372133,0.0010391604028312323,0.05251889211801868,0.06628435384862616,0.0006213714077360635
positive_no_prior_both,2025-07-31,IWM,-0.00022771682583517123,0.06825711678016222,-0.0011834507170935663,0.05232214814296072,0.06848483360599739,-0.000955733891258395
positive_no_prior_both,2025-07-31,VNQ,0.0012715949481496719,0.031234506481848445,-0.0002685673407305221,0.049138109954584445,0.029962911533698774,-0.001540162288880194
positive_no_prior_both,2025-07-31,VNQI,-0.002689292803334492,0.03800885965747658,-0.007996199148006797,0.04375234570702561,0.04069815246081107,-0.005306906344672305
positive_no_prior_both,2025-07-31,VEA,0.003332470808845676,0.040715343672140136,0.0014614737695701715,0.03992556038563352,0.03738287286329446,-0.0018709970392755044
positive_no_prior_both,2025-07-31,VWO,-0.0002767387030788715,0.03119670619044923,-0.0017112988249740068,0.03617188500369756,0.0314734448935281,-0.0014345601218951354
positive_no_prior_both,2025-07-31,VSS,0.0013095035607464218,0.04570476560415426,-0.0012574160572695681,0.04021520672945979,0.04439526204340784,-0.00256691961801599
positive_no_prior_both,2025-07-31,BND,-0.0030145212979097447,0.008078120866885197,-0.0016877918398043857,0.016179065887781237,0.011092642164794941,0.001326729458105359
positive_no_prior_both,2025-07-31,IEF,-0.0038595509660083803,0.013001796164747947,-0.003006287859401144,0.01851128111188951,0.016861347130756328,0.0008532631066072364
positive_no_prior_both,2025-07-31,BNDX,-0.002728189442267689,-0.002067319775812204,-0.0017474186292610427,0.012763658464855688,0.0006608696664554847,0.0009807708130066461
positive_no_prior_both,2025-07-31,LQD,-0.002791063890814851,0.0069765482555901315,-0.0022672754040969608,0.02518695825373061,0.009767612146404982,0.0005237884867178902
positive_no_prior_both,2025-07-31,HYG,0.0002873582985856865,0.007592278645943473,0.000524596506671814,0.01943395532502117,0.007304920347357787,0.0002372382080861275
positive_no_prior_both,2025-07-31,EWX,0.002420583864089447,0.059400893238615415,0.001493260584099878,0.03099506553388405,0.056980309374525966,-0.0009273232799895692
positive_no_prior_both,2025-07-31,VWOB,-0.0011837662757825385,0.013654429789281775,-0.001573304410020101,0.026547763040717803,0.014838196065064313,-0.0003895381342375625
positive_no_prior_both,2025-07-31,HYEM,-0.0006792422151125483,0.015516857251125726,0.0003195340144828379,0.022408235094686417,0.016196099466238276,0.0009987762295953862
positive_no_prior_outputscale_only,2025-07-31,SPY,0.008319998393545776,0.01702595928567807,0.007895440134020774,0.035569172977230785,0.008705960892132296,-0.0004245582595250024
positive_no_prior_outputscale_only,2025-07-31,MGK,0.011079752886673596,0.005506659536577585,0.018613642517286838,0.05079620253297002,-0.005573093350096011,0.007533889630613242
positive_no_prior_outputscale_only,2025-07-31,VTV,0.0057055716814020194,0.03136457393982228,0.0037173186453274844,0.033649744738889265,0.025659002258420265,-0.001988253036074535
positive_no_prior_outputscale_only,2025-07-31,IJR,0.0004177889950951688,0.06670214284372133,0.001463576589712926,0.046283880316842455,0.06628435384862616,0.0010457875946177572
positive_no_prior_outputscale_only,2025-07-31,IWM,-0.00022771682583517123,0.06825711678016222,0.0003636306672191358,0.0491855582361426,0.06848483360599739,0.000591347493054307
positive_no_prior_outputscale_only,2025-07-31,VNQ,0.0012715949481496719,0.031234506481848445,0.0023258258237317184,0.046958195248979706,0.029962911533698774,0.0010542308755820465
positive_no_prior_outputscale_only,2025-07-31,VNQI,-0.002689292803334492,0.03800885965747658,-0.01214540317718383,0.03887205187800447,0.04069815246081107,-0.009456110373849337
positive_no_prior_outputscale_only,2025-07-31,VEA,0.003332470808845676,0.040715343672140136,-0.003722388373860413,0.036769375544530386,0.03738287286329446,-0.007054859182706089
positive_no_prior_outputscale_only,2025-07-31,VWO,-0.0002767387030788715,0.03119670619044923,-0.0025105694526836543,0.036790742239829664,0.0314734448935281,-0.0022338307496047828
positive_no_prior_outputscale_only,2025-07-31,VSS,0.0013095035607464218,0.04570476560415426,-0.006288051269063332,0.03681321038906798,0.04439526204340784,-0.007597554829809753
positive_no_prior_outputscale_only,2025-07-31,BND,-0.0030145212979097447,0.008078120866885197,-0.0037557772674209917,0.015757462151475204,0.011092642164794941,-0.000741255969511247
positive_no_prior_outputscale_only,2025-07-31,IEF,-0.0038595509660083803,0.013001796164747947,-0.004837313296841115,0.019359514061470004,0.016861347130756328,-0.000977762330832735
positive_no_prior_outputscale_only,2025-07-31,BNDX,-0.002728189442267689,-0.002067319775812204,-0.0026631421601131765,0.012918700898295207,0.0006608696664554847,6.504728215451236e-05
positive_no_prior_outputscale_only,2025-07-31,LQD,-0.002791063890814851,0.0069765482555901315,-0.0031059494178121046,0.023174504512056777,0.009767612146404982,-0.00031488552699725355
positive_no_prior_outputscale_only,2025-07-31,HYG,0.0002873582985856865,0.007592278645943473,-0.0002822949685962954,0.01804393284113447,0.007304920347357787,-0.0005696532671819819
positive_no_prior_outputscale_only,2025-07-31,EWX,0.002420583864089447,0.059400893238615415,0.0015313926309534908,0.03000438541650994,0.056980309374525966,-0.0008891912331359564
positive_no_prior_outputscale_only,2025-07-31,VWOB,-0.0011837662757825385,0.013654429789281775,-0.0020169374352793186,0.023577028047159096,0.014838196065064313,-0.0008331711594967801
positive_no_prior_outputscale_only,2025-07-31,HYEM,-0.0006792422151125483,0.015516857251125726,0.0007951306047750475,0.021862630712650738,0.016196099466238276,0.0014743728198875958
positive_no_prior_lengthscale_only,2025-07-31,SPY,0.008319998393545776,0.01702595928567807,0.004888809408171984,0.07216418251214278,0.008705960892132296,-0.003431188985373792
positive_no_prior_lengthscale_only,2025-07-31,MGK,0.011079752886673596,0.005506659536577585,0.010703469903718317,0.0842734933726782,-0.005573093350096011,-0.0003762829829552783
positive_no_prior_lengthscale_only,2025-07-31,VTV,0.0057055716814020194,0.03136457393982228,0.0001798380655127314,0.0546310551181965,0.025659002258420265,-0.005525733615889288
positive_no_prior_lengthscale_only,2025-07-31,IJR,0.0004177889950951688,0.06670214284372133,0.001559559301234748,0.06878250870668234,0.06628435384862616,0.0011417703061395792
positive_no_prior_lengthscale_only,2025-07-31,IWM,-0.00022771682583517123,0.06825711678016222,-0.001428312849978225,0.07043682716151187,0.06848483360599739,-0.0012005960241430536
positive_no_prior_lengthscale_only,2025-07-31,VNQ,0.0012715949481496719,0.031234506481848445,-0.0008418180383043346,0.06343781038955308,0.029962911533698774,-0.0021134129864540064
positive_no_prior_lengthscale_only,2025-07-31,VNQI,-0.002689292803334492,0.03800885965747658,-0.014516299047000416,0.04819999272511189,0.04069815246081107,-0.011827006243665924
positive_no_prior_lengthscale_only,2025-07-31,VEA,0.003332470808845676,0.040715343672140136,-0.006957108200591364,0.0543518296816459,0.03738287286329446,-0.01028957900943704
positive_no_prior_lengthscale_only,2025-07-31,VWO,-0.0002767387030788715,0.03119670619044923,-0.0059398281806534795,0.042541434033139945,0.0314734448935281,-0.005663089477574608
positive_no_prior_lengthscale_only,2025-07-31,VSS,0.0013095035607464218,0.04570476560415426,-0.011020361613516131,0.05433733072661981,0.04439526204340784,-0.012329865174262553
positive_no_prior_lengthscale_only,2025-07-31,BND,-0.0030145212979097447,0.008078120866885197,-0.0035032984471805454,0.016220560509679866,0.011092642164794941,-0.0004887771492708007
positive_no_prior_lengthscale_only,2025-07-31,IEF,-0.0038595509660083803,0.013001796164747947,-0.004901754981533786,0.018756678323292947,0.016861347130756328,-0.0010422040155254057
positive_no_prior_lengthscale_only,2025-07-31,BNDX,-0.002728189442267689,-0.002067319775812204,-0.002668893933136738,0.014993225522430053,0.0006608696664554847,5.929550913095095e-05
positive_no_prior_lengthscale_only,2025-07-31,LQD,-0.002791063890814851,0.0069765482555901315,-0.004962743774378471,0.027660835394251616,0.009767612146404982,-0.0021716798835636204
positive_no_prior_lengthscale_only,2025-07-31,HYG,0.0002873582985856865,0.007592278645943473,-0.0014812648242346943,0.02778306616469165,0.007304920347357787,-0.0017686231228203808
positive_no_prior_lengthscale_only,2025-07-31,EWX,0.002420583864089447,0.059400893238615415,-0.0014545558569486207,0.03990657322954358,0.056980309374525966,-0.003875139721038068
positive_no_prior_lengthscale_only,2025-07-31,VWOB,-0.0011837662757825385,0.013654429789281775,-0.004230919098140213,0.0332190874457919,0.014838196065064313,-0.003047152822357674
positive_no_prior_lengthscale_only,2025-07-31,HYEM,-0.0006792422151125483,0.015516857251125726,0.0001093269993511218,0.02823765992328982,0.016196099466238276,0.00078856921446367
positive_no_prior_neither,2025-07-31,SPY,0.008319998393545776,0.01702595928567807,0.0025960727993699223,0.06482925302738182,0.008705960892132296,-0.005723925594175854
positive_no_prior_neither,2025-07-31,MGK,0.011079752886673596,0.005506659536577585,0.012427043669348247,0.07701719444271417,-0.005573093350096011,0.0013472907826746518
positive_no_prior_neither,2025-07-31,VTV,0.0057055716814020194,0.03136457393982228,-0.005128686009038985,0.050694568825652105,0.025659002258420265,-0.010834257690441005
positive_no_prior_neither,2025-07-31,IJR,0.0004177889950951688,0.06670214284372133,-0.0069343230075091635,0.06776061419353448,0.06628435384862616,-0.007352112002604333
positive_no_prior_neither,2025-07-31,IWM,-0.00022771682583517123,0.06825711678016222,-0.009279981512088137,0.06919580998079664,0.06848483360599739,-0.009052264686252967
positive_no_prior_neither,2025-07-31,VNQ,0.0012715949481496719,0.031234506481848445,-0.008022836800362029,0.059134959386294046,0.029962911533698774,-0.009294431748511701
positive_no_prior_neither,2025-07-31,VNQI,-0.002689292803334492,0.03800885965747658,-0.02048251418794749,0.04542911492167963,0.04069815246081107,-0.017793221384613
positive_no_prior_neither,2025-07-31,VEA,0.003332470808845676,0.040715343672140136,-0.01168819235514846,0.04940074488481079,0.03738287286329446,-0.015020663163994134
positive_no_prior_neither,2025-07-31,VWO,-0.0002767387030788715,0.03119670619044923,-0.0068245908529697445,0.04145104294016379,0.0314734448935281,-0.006547852149890873
positive_no_prior_neither,2025-07-31,VSS,0.0013095035607464218,0.04570476560415426,-0.015618394319766759,0.050117097488611755,0.04439526204340784,-0.01692789788051318
positive_no_prior_neither,2025-07-31,BND,-0.0030145212979097447,0.008078120866885197,-0.005957069916875246,0.01549955484896282,0.011092642164794941,-0.002942548618965501
positive_no_prior_neither,2025-07-31,IEF,-0.0038595509660083803,0.013001796164747947,-0.008189418218233,0.0177293479981754,0.016861347130756328,-0.004329867252224619
positive_no_prior_neither,2025-07-31,BNDX,-0.002728189442267689,-0.002067319775812204,-0.004675202961787693,0.01479919021648322,0.0006608696664554847,-0.0019470135195200039
positive_no_prior_neither,2025-07-31,LQD,-0.002791063890814851,0.0069765482555901315,-0.00803918610503811,0.02572522312714042,0.009767612146404982,-0.00524812221422326
positive_no_prior_neither,2025-07-31,HYG,0.0002873582985856865,0.007592278645943473,-0.0033797218786957434,0.026088568902560918,0.007304920347357787,-0.0036670801772814296
positive_no_prior_neither,2025-07-31,EWX,0.002420583864089447,0.059400893238615415,-0.0025976898294108363,0.03862650017369347,0.056980309374525966,-0.005018273693500283
positive_no_prior_neither,2025-07-31,VWOB,-0.0011837662757825385,0.013654429789281775,-0.006353004408882839,0.03032834784377161,0.014838196065064313,-0.0051692381331003
positive_no_prior_neither,2025-07-31,HYEM,-0.0006792422151125483,0.015516857251125726,0.0007154777867580152,0.026625226379703312,0.016196099466238276,0.0013947200018705635
historical_mean,2025-08-29,SPY,0.008484261806604877,0.03208906394277711,0.008484261806604877,0.04562417280319489,0.02360480213617223,0.0
historical_mean,2025-08-29,MGK,0.010974600181954803,0.04538102472427963,0.010974600181954803,0.05958095227803427,0.03440642454232483,0.0
historical_mean,2025-08-29,VTV,0.00618970379948542,0.019529753810910266,0.00618970379948542,0.041281639516650696,0.013340050011424846,0.0
historical_mean,2025-08-29,IJR,0.001668437180918304,0.007030856049952794,0.001668437180918304,0.058776445259945825,0.00536241886903449,0.0
historical_mean,2025-08-29,IWM,0.0010644498459761002,0.028272862598571757,0.0010644498459761002,0.060201439664582336,0.027208412752595657,0.0
historical_mean,2025-08-29,VNQ,0.0018369329016156865,-0.002835540326792896,0.0018369329016156865,0.05715147705610083,-0.004672473228408582,0.0
historical_mean,2025-08-29,VNQI,-0.0019214031342625851,0.010131917120224765,-0.0019214031342625851,0.04831453143136225,0.01205332025448735,0.0
historical_mean,2025-08-29,VEA,0.0040378080326814204,0.022001068135094393,0.0040378080326814204,0.045395978549888576,0.017963260102412972,0.0
historical_mean,2025-08-29,VWO,0.00031709987981788515,0.053275426570534856,0.00031709987981788515,0.04167953159907015,0.05295832669071697,0.0
historical_mean,2025-08-29,VSS,0.002147150014395626,0.018182193335737562,0.002147150014395626,0.0462606272698465,0.016035043321341935,0.0
historical_mean,2025-08-29,BND,-0.0028052261627249343,0.007605185555678684,-0.0028052261627249343,0.01891392003224626,0.01041041171840362,0.0
historical_mean,2025-08-29,IEF,-0.00354141234089977,0.0030789765395491386,-0.00354141234089977,0.022562251814141464,0.006620388880448909,0.0
historical_mean,2025-08-29,BNDX,-0.0027157202032779626,0.0018362952066057758,-0.0027157202032779626,0.015458217074438056,0.0045520154098837385,0.0
historical_mean,2025-08-29,LQD,-0.002606769322014757,0.015298491121950697,-0.002606769322014757,0.02915090540247281,0.017905260443965454,0.0
historical_mean,2025-08-29,HYG,0.00042518698438489,0.005419530370210479,0.00042518698438489,0.022949662672026805,0.004994343385825589,0.0
historical_mean,2025-08-29,EWX,0.0034956840409672957,0.00934001338555035,0.0034956840409672957,0.03707594517574458,0.005844329344583054,0.0
historical_mean,2025-08-29,VWOB,-0.000903800312290759,0.011313877152875351,-0.000903800312290759,0.029699750617660087,0.01221767746516611,0.0
historical_mean,2025-08-29,HYEM,-0.000373655432730694,-0.003310550556556602,-0.000373655432730694,0.02574647192365626,-0.002936895123825908,0.0
positive_no_prior_both,2025-08-29,SPY,0.008484261806604877,0.03208906394277711,0.008565832691651874,0.03620649738459232,0.02360480213617223,8.157088504699705e-05
positive_no_prior_both,2025-08-29,MGK,0.010974600181954803,0.04538102472427963,0.012335816765823286,0.050402199856955494,0.03440642454232483,0.0013612165838684832
positive_no_prior_both,2025-08-29,VTV,0.00618970379948542,0.019529753810910266,0.010175788005903614,0.03474562539789141,0.013340050011424846,0.003986084206418194
positive_no_prior_both,2025-08-29,IJR,0.001668437180918304,0.007030856049952794,0.0020764754501124668,0.045974716403949074,0.00536241886903449,0.00040803826919416273
positive_no_prior_both,2025-08-29,IWM,0.0010644498459761002,0.028272862598571757,0.0014249268303635051,0.047839273975261644,0.027208412752595657,0.0003604769843874049
positive_no_prior_both,2025-08-29,VNQ,0.0018369329016156865,-0.002835540326792896,0.006647654280968753,0.04584362458223427,-0.004672473228408582,0.004810721379353067
positive_no_prior_both,2025-08-29,VNQI,-0.0019214031342625851,0.010131917120224765,-0.00018926258754367598,0.03926757694900488,0.01205332025448735,0.0017321405467189091
positive_no_prior_both,2025-08-29,VEA,0.0040378080326814204,0.022001068135094393,0.005724388035365197,0.036758937946818566,0.017963260102412972,0.0016865800026837768
positive_no_prior_both,2025-08-29,VWO,0.00031709987981788515,0.053275426570534856,0.0020432461797148358,0.03811423717436687,0.05295832669071697,0.0017261462998969506
positive_no_prior_both,2025-08-29,VSS,0.002147150014395626,0.018182193335737562,0.002632591697590339,0.035950380767220395,0.016035043321341935,0.0004854416831947127
positive_no_prior_both,2025-08-29,BND,-0.0028052261627249343,0.007605185555678684,-0.000986644560480819,0.014799742124409562,0.01041041171840362,0.0018185816022441154
positive_no_prior_both,2025-08-29,IEF,-0.00354141234089977,0.0030789765395491386,-0.0013830698783335728,0.017454995888511817,0.006620388880448909,0.0021583424625661973
positive_no_prior_both,2025-08-29,BNDX,-0.0027157202032779626,0.0018362952066057758,-0.0016940454297577248,0.013012775539583077,0.0045520154098837385,0.0010216747735202379
positive_no_prior_both,2025-08-29,LQD,-0.002606769322014757,0.015298491121950697,-0.00026510702945179614,0.0219912368547782,0.017905260443965454,0.002341662292562961
positive_no_prior_both,2025-08-29,HYG,0.00042518698438489,0.005419530370210479,0.0015548501280037504,0.017558441722825543,0.004994343385825589,0.0011296631436188604
positive_no_prior_both,2025-08-29,EWX,0.0034956840409672957,0.00934001338555035,0.004387153897637543,0.03143509516220012,0.005844329344583054,0.0008914698566702471
positive_no_prior_both,2025-08-29,VWOB,-0.000903800312290759,0.011313877152875351,0.00041980023218261917,0.023368441367735405,0.01221767746516611,0.0013236005444733781
positive_no_prior_both,2025-08-29,HYEM,-0.000373655432730694,-0.003310550556556602,0.0020425530410236245,0.02248308850607881,-0.002936895123825908,0.0024162084737543183
positive_no_prior_outputscale_only,2025-08-29,SPY,0.008484261806604877,0.03208906394277711,0.010120903164928306,0.036748864885237854,0.02360480213617223,0.0016366413583234294
positive_no_prior_outputscale_only,2025-08-29,MGK,0.010974600181954803,0.04538102472427963,0.009237983949663306,0.0490458359830713,0.03440642454232483,-0.0017366162322914967
positive_no_prior_outputscale_only,2025-08-29,VTV,0.00618970379948542,0.019529753810910266,0.015405539695839158,0.03279753715169199,0.013340050011424846,0.009215835896353738
positive_no_prior_outputscale_only,2025-08-29,IJR,0.001668437180918304,0.007030856049952794,0.01252164734666392,0.050934997857999514,0.00536241886903449,0.010853210165745615
positive_no_prior_outputscale_only,2025-08-29,IWM,0.0010644498459761002,0.028272862598571757,0.011563058156959858,0.050021760032345694,0.027208412752595657,0.010498608310983757
positive_no_prior_outputscale_only,2025-08-29,VNQ,0.0018369329016156865,-0.002835540326792896,0.015148518288878367,0.045584256201858686,-0.004672473228408582,0.013311585387262681
positive_no_prior_outputscale_only,2025-08-29,VNQI,-0.0019214031342625851,0.010131917120224765,0.006938202688050747,0.03961695712531815,0.01205332025448735,0.008859605822313332
positive_no_prior_outputscale_only,2025-08-29,VEA,0.0040378080326814204,0.022001068135094393,0.01010784022685632,0.03781970719183537,0.017963260102412972,0.0060700321941749
positive_no_prior_outputscale_only,2025-08-29,VWO,0.00031709987981788515,0.053275426570534856,0.010065497300888003,0.0380410170441399,0.05295832669071697,0.009748397421070119
positive_no_prior_outputscale_only,2025-08-29,VSS,0.002147150014395626,0.018182193335737562,0.006269970367027327,0.03866817980665741,0.016035043321341935,0.004122820352631701
positive_no_prior_outputscale_only,2025-08-29,BND,-0.0028052261627249343,0.007605185555678684,0.0006762379253664463,0.01497779351023916,0.01041041171840362,0.0034814640880913806
positive_no_prior_outputscale_only,2025-08-29,IEF,-0.00354141234089977,0.0030789765395491386,-0.00017141070983055532,0.018299248465675436,0.006620388880448909,0.0033700016310692148
positive_no_prior_outputscale_only,2025-08-29,BNDX,-0.0027157202032779626,0.0018362952066057758,-0.0020046089557453654,0.012962176735317119,0.0045520154098837385,0.0007111112475325972
positive_no_prior_outputscale_only,2025-08-29,LQD,-0.002606769322014757,0.015298491121950697,0.0006616082696606785,0.0227906707150849,0.017905260443965454,0.0032683775916754355
positive_no_prior_outputscale_only,2025-08-29,HYG,0.00042518698438489,0.005419530370210479,0.002130950580332706,0.018012987511499736,0.004994343385825589,0.001705763595947816
positive_no_prior_outputscale_only,2025-08-29,EWX,0.0034956840409672957,0.00934001338555035,0.0125949264241104,0.033120546945619965,0.005844329344583054,0.009099242383143104
positive_no_prior_outputscale_only,2025-08-29,VWOB,-0.000903800312290759,0.011313877152875351,0.0035253104922577713,0.0240033550005382,0.01221767746516611,0.00442911080454853
positive_no_prior_outputscale_only,2025-08-29,HYEM,-0.000373655432730694,-0.003310550556556602,0.006575477948484257,0.02307838424078107,-0.002936895123825908,0.006949133381214951
positive_no_prior_lengthscale_only,2025-08-29,SPY,0.008484261806604877,0.03208906394277711,0.008926128220896723,0.06916163127642361,0.02360480213617223,0.00044186641429184645
positive_no_prior_lengthscale_only,2025-08-29,MGK,0.010974600181954803,0.04538102472427963,0.008580184473278456,0.08119772952045239,0.03440642454232483,-0.002394415708676347
positive_no_prior_lengthscale_only,2025-08-29,VTV,0.00618970379948542,0.019529753810910266,0.014306134020258902,0.05210741527792043,0.013340050011424846,0.008116430220773482
positive_no_prior_lengthscale_only,2025-08-29,IJR,0.001668437180918304,0.007030856049952794,0.009073978479763576,0.0731403172650993,0.00536241886903449,0.007405541298845272
positive_no_prior_lengthscale_only,2025-08-29,IWM,0.0010644498459761002,0.028272862598571757,0.007539172483157551,0.0761004373724755,0.027208412752595657,0.00647472263718145
positive_no_prior_lengthscale_only,2025-08-29,VNQ,0.0018369329016156865,-0.002835540326792896,0.01188052754999683,0.06293860829412265,-0.004672473228408582,0.010043594648381143
positive_no_prior_lengthscale_only,2025-08-29,VNQI,-0.0019214031342625851,0.010131917120224765,0.0038132427111830843,0.05000357640400034,0.01205332025448735,0.005734645845445669
positive_no_prior_lengthscale_only,2025-08-29,VEA,0.0040378080326814204,0.022001068135094393,0.00847539004878449,0.054305627125492195,0.017963260102412972,0.004437582016103069
positive_no_prior_lengthscale_only,2025-08-29,VWO,0.00031709987981788515,0.053275426570534856,0.004195564412972398,0.04511739262970749,0.05295832669071697,0.003878464533154513
positive_no_prior_lengthscale_only,2025-08-29,VSS,0.002147150014395626,0.018182193335737562,0.0033536850391580938,0.054897780510656156,0.016035043321341935,0.0012065350247624676
positive_no_prior_lengthscale_only,2025-08-29,BND,-0.0028052261627249343,0.007605185555678684,-0.0006189945768406225,0.016426372816691015,0.01041041171840362,0.002186231585884312
positive_no_prior_lengthscale_only,2025-08-29,IEF,-0.00354141234089977,0.0030789765395491386,-0.0014540339895440998,0.018784105351092678,0.006620388880448909,0.0020873783513556702
positive_no_prior_lengthscale_only,2025-08-29,BNDX,-0.0027157202032779626,0.0018362952066057758,-0.0015598956635729396,0.01504310749224877,0.0045520154098837385,0.001155824539705023
positive_no_prior_lengthscale_only,2025-08-29,LQD,-0.002606769322014757,0.015298491121950697,-0.0014579083451608582,0.027290935211255384,0.017905260443965454,0.0011488609768538988
positive_no_prior_lengthscale_only,2025-08-29,HYG,0.00042518698438489,0.005419530370210479,0.0024791423671061113,0.028023815269162446,0.004994343385825589,0.002053955382721221
positive_no_prior_lengthscale_only,2025-08-29,EWX,0.0034956840409672957,0.00934001338555035,0.004915565861689251,0.04257428667643174,0.005844329344583054,0.0014198818207219557
positive_no_prior_lengthscale_only,2025-08-29,VWOB,-0.000903800312290759,0.011313877152875351,0.0014456119927172889,0.033604184685108146,0.01221767746516611,0.002349412305008048
positive_no_prior_lengthscale_only,2025-08-29,HYEM,-0.000373655432730694,-0.003310550556556602,0.003099558066203662,0.029424041544387037,-0.002936895123825908,0.003473213498934356
positive_no_prior_neither,2025-08-29,SPY,0.008484261806604877,0.03208906394277711,0.014742505397244431,0.06687936392705318,0.02360480213617223,0.006258243590639555
positive_no_prior_neither,2025-08-29,MGK,0.010974600181954803,0.04538102472427963,0.013065095408103567,0.07700606513661963,0.03440642454232483,0.002090495226148764
positive_no_prior_neither,2025-08-29,VTV,0.00618970379948542,0.019529753810910266,0.019405041781307777,0.05185535650092539,0.013340050011424846,0.013215337981822357
positive_no_prior_neither,2025-08-29,IJR,0.001668437180918304,0.007030856049952794,0.01620255012092,0.07772567026649986,0.00536241886903449,0.014534112940001695
positive_no_prior_neither,2025-08-29,IWM,0.0010644498459761002,0.028272862598571757,0.01469441205651868,0.08020776303856919,0.027208412752595657,0.01362996221054258
positive_no_prior_neither,2025-08-29,VNQ,0.0018369329016156865,-0.002835540326792896,0.01515299336564144,0.06327860973092349,-0.004672473228408582,0.013316060464025755
positive_no_prior_neither,2025-08-29,VNQI,-0.0019214031342625851,0.010131917120224765,0.015521936929344844,0.04781905554306432,0.01205332025448735,0.01744334006360743
positive_no_prior_neither,2025-08-29,VEA,0.0040378080326814204,0.022001068135094393,0.019335375154426862,0.04979145171845101,0.017963260102412972,0.015297567121745442
positive_no_prior_neither,2025-08-29,VWO,0.00031709987981788515,0.053275426570534856,0.01713103887140202,0.04696303285428319,0.05295832669071697,0.016813938991584135
positive_no_prior_neither,2025-08-29,VSS,0.002147150014395626,0.018182193335737562,0.014607238178001773,0.05131910497160334,0.016035043321341935,0.012460088163606147
positive_no_prior_neither,2025-08-29,BND,-0.0028052261627249343,0.007605185555678684,0.0019796141976117718,0.016015779575626155,0.01041041171840362,0.004784840360336706
positive_no_prior_neither,2025-08-29,IEF,-0.00354141234089977,0.0030789765395491386,0.00044610917002693967,0.018951271379675873,0.006620388880448909,0.00398752151092671
positive_no_prior_neither,2025-08-29,BNDX,-0.0027157202032779626,0.0018362952066057758,-0.0014615492508618603,0.01506134867318406,0.0045520154098837385,0.0012541709524161023
positive_no_prior_neither,2025-08-29,LQD,-0.002606769322014757,0.015298491121950697,0.002938469113818185,0.025930197994080594,0.017905260443965454,0.005545238435832942
positive_no_prior_neither,2025-08-29,HYG,0.00042518698438489,0.005419530370210479,0.005013208674728311,0.026061594937572864,0.004994343385825589,0.004588021690343422
positive_no_prior_neither,2025-08-29,EWX,0.0034956840409672957,0.00934001338555035,0.015439165501370207,0.04234287832530629,0.005844329344583054,0.01194348146040291
positive_no_prior_neither,2025-08-29,VWOB,-0.000903800312290759,0.011313877152875351,0.007954192924153268,0.031052715315177254,0.01221767746516611,0.008857993236444027
positive_no_prior_neither,2025-08-29,HYEM,-0.000373655432730694,-0.003310550556556602,0.007960611370125062,0.02733620150653681,-0.002936895123825908,0.008334266802855756
historical_mean,2025-09-30,SPY,0.008921387772089548,0.02028375894432366,0.008921387772089548,0.04530572372076577,0.011362371172234112,0.0
historical_mean,2025-09-30,MGK,0.011611756191997856,0.04184616666398688,0.011611756191997856,0.059201630723363305,0.030234410471989027,0.0
historical_mean,2025-09-30,VTV,0.0064367417626599545,-0.007371739211896489,0.0064367417626599545,0.040930612480844425,-0.013808480974556444,0.0
historical_mean,2025-09-30,IJR,0.0017677412340485724,-0.012108590721114587,0.0017677412340485724,0.05822388311278559,-0.013876331955163159,0.0
historical_mean,2025-09-30,IWM,0.0015683093413945384,0.014115453040836279,0.0015683093413945384,0.05974563725561088,0.01254714369944174,0.0
historical_mean,2025-09-30,VNQ,0.00175040561960812,-0.027888055765740494,0.00175040561960812,0.05661331546382541,-0.029638461385348612,0.0
historical_mean,2025-09-30,VNQI,-0.0016981934999202267,-0.015995303603671296,-0.0016981934999202267,0.04788466437818778,-0.014297110103751069,0.0
historical_mean,2025-09-30,VEA,0.00437046099754092,0.014158067636574012,0.00437046099754092,0.04503207166216481,0.009787606639033091,0.0
historical_mean,2025-09-30,VWO,0.0012978096333496809,0.01105958429806142,0.0012978096333496809,0.04190874678886383,0.00976177466471174,0.0
historical_mean,2025-09-30,VSS,0.0024440952610871435,-0.004799080760367169,0.0024440952610871435,0.045874055257395636,-0.007243176021454313,0.0
historical_mean,2025-09-30,BND,-0.002612440760532275,0.002537797325417923,-0.002612440760532275,0.01878812400287835,0.005150238085950198,0.0
historical_mean,2025-09-30,IEF,-0.003418812546817383,0.0036171952388968087,-0.003418812546817383,0.022366538623873458,0.007036007785714192,0.0
historical_mean,2025-09-30,BNDX,-0.002631423621613449,0.006523664675198493,-0.002631423621613449,0.01532421553362729,0.009155088296811942,0.0
historical_mean,2025-09-30,LQD,-0.0022751904249042857,-0.0019813075408361414,-0.0022751904249042857,0.02897721167290285,0.0002938828840681443,0.0
historical_mean,2025-09-30,HYG,0.0005176748248631416,-0.003581832310472044,0.0005176748248631416,0.02274228312883123,-0.004099507135335185,0.0
historical_mean,2025-09-30,EWX,0.003603912362163278,-0.003915097877319473,0.003603912362163278,0.0367331171895964,-0.007519010239482751,0.0
historical_mean,2025-09-30,VWOB,-0.000677547025898794,0.017691150240358278,-0.000677547025898794,0.029465175179826473,0.018368697266257072,0.0
historical_mean,2025-09-30,HYEM,-0.0004280423794682108,0.00027660203614199297,-0.0004280423794682108,0.025505555474386703,0.0007046444156102037,0.0
positive_no_prior_both,2025-09-30,SPY,0.008921387772089548,0.02028375894432366,0.011847770877508863,0.04344121172209057,0.011362371172234112,0.002926383105419315
positive_no_prior_both,2025-09-30,MGK,0.011611756191997856,0.04184616666398688,0.01611313911330494,0.0583520705340795,0.030234410471989027,0.004501382921307084
positive_no_prior_both,2025-09-30,VTV,0.0064367417626599545,-0.007371739211896489,0.008553144287807797,0.03811754787830961,-0.013808480974556444,0.0021164025251478426
positive_no_prior_both,2025-09-30,IJR,0.0017677412340485724,-0.012108590721114587,0.007540861396755225,0.05609685044249312,-0.013876331955163159,0.005773120162706653
positive_no_prior_both,2025-09-30,IWM,0.0015683093413945384,0.014115453040836279,0.008772099542535865,0.05698071692189869,0.01254714369944174,0.007203790201141327
positive_no_prior_both,2025-09-30,VNQ,0.00175040561960812,-0.027888055765740494,0.007173135362053158,0.0527283796132612,-0.029638461385348612,0.005422729742445038
positive_no_prior_both,2025-09-30,VNQI,-0.0016981934999202267,-0.015995303603671296,0.0014834362561011833,0.04205932559855201,-0.014297110103751069,0.00318162975602141
positive_no_prior_both,2025-09-30,VEA,0.00437046099754092,0.014158067636574012,0.006289773261351942,0.041307628449776666,0.009787606639033091,0.001919312263811022
positive_no_prior_both,2025-09-30,VWO,0.0012978096333496809,0.01105958429806142,0.005140271955663262,0.039737053225045046,0.00976177466471174,0.0038424623223135813
positive_no_prior_both,2025-09-30,VSS,0.0024440952610871435,-0.004799080760367169,0.004130062171444047,0.04295122641256809,-0.007243176021454313,0.0016859669103569033
positive_no_prior_both,2025-09-30,BND,-0.002612440760532275,0.002537797325417923,-0.0006298847989234906,0.016046109049709916,0.005150238085950198,0.0019825559616087843
positive_no_prior_both,2025-09-30,IEF,-0.003418812546817383,0.0036171952388968087,-0.0014496398074504051,0.01867372071399402,0.007036007785714192,0.0019691727393669777
positive_no_prior_both,2025-09-30,BNDX,-0.002631423621613449,0.006523664675198493,-0.0009043432015935667,0.014408870350056363,0.009155088296811942,0.0017270804200198824
positive_no_prior_both,2025-09-30,LQD,-0.0022751904249042857,-0.0019813075408361414,0.0017900712378162678,0.025687081081372184,0.0002938828840681443,0.0040652616627205535
positive_no_prior_both,2025-09-30,HYG,0.0005176748248631416,-0.003581832310472044,0.0016520795020242322,0.020921705875219073,-0.004099507135335185,0.0011344046771610905
positive_no_prior_both,2025-09-30,EWX,0.003603912362163278,-0.003915097877319473,0.006551960346472232,0.03458306707352308,-0.007519010239482751,0.002948047984308954
positive_no_prior_both,2025-09-30,VWOB,-0.000677547025898794,0.017691150240358278,0.0023005504299894444,0.026829823723970553,0.018368697266257072,0.0029780974558882385
positive_no_prior_both,2025-09-30,HYEM,-0.0004280423794682108,0.00027660203614199297,0.0007668743718704108,0.023933226664669554,0.0007046444156102037,0.0011949167513386216
positive_no_prior_outputscale_only,2025-09-30,SPY,0.008921387772089548,0.02028375894432366,0.018911231162792586,0.04166017018675311,0.011362371172234112,0.009989843390703038
positive_no_prior_outputscale_only,2025-09-30,MGK,0.011611756191997856,0.04184616666398688,0.02272157507220338,0.05600298523433506,0.030234410471989027,0.011109818880205524
positive_no_prior_outputscale_only,2025-09-30,VTV,0.0064367417626599545,-0.007371739211896489,0.013319117981950387,0.03643176663536949,-0.013808480974556444,0.006882376219290433
positive_no_prior_outputscale_only,2025-09-30,IJR,0.0017677412340485724,-0.012108590721114587,0.02209932758462945,0.05309966266009899,-0.013876331955163159,0.02033158635058088
positive_no_prior_outputscale_only,2025-09-30,IWM,0.0015683093413945384,0.014115453040836279,0.02160496440468402,0.05432935761755635,0.01254714369944174,0.02003665506328948
positive_no_prior_outputscale_only,2025-09-30,VNQ,0.00175040561960812,-0.027888055765740494,0.01252219890036875,0.050010424310187304,-0.029638461385348612,0.01077179328076063
positive_no_prior_outputscale_only,2025-09-30,VNQI,-0.0016981934999202267,-0.015995303603671296,0.004582763427384556,0.039159764938208504,-0.014297110103751069,0.006280956927304782
positive_no_prior_outputscale_only,2025-09-30,VEA,0.00437046099754092,0.014158067636574012,0.009658449168763496,0.03892483481234349,0.009787606639033091,0.005287988171222576
positive_no_prior_outputscale_only,2025-09-30,VWO,0.0012978096333496809,0.01105958429806142,0.015103865781071726,0.03764170579466904,0.00976177466471174,0.013806056147722045
positive_no_prior_outputscale_only,2025-09-30,VSS,0.0024440952610871435,-0.004799080760367169,0.010540278808271271,0.03933900879934209,-0.007243176021454313,0.008096183547184128
positive_no_prior_outputscale_only,2025-09-30,BND,-0.002612440760532275,0.002537797325417923,0.0007911349210663848,0.015208336654689845,0.005150238085950198,0.0034035756815986597
positive_no_prior_outputscale_only,2025-09-30,IEF,-0.003418812546817383,0.0036171952388968087,0.0005619556588723012,0.0181383895569976,0.007036007785714192,0.003980768205689684
positive_no_prior_outputscale_only,2025-09-30,BNDX,-0.002631423621613449,0.006523664675198493,-0.0007539256821895617,0.013675354392451362,0.009155088296811942,0.0018774979394238873
positive_no_prior_outputscale_only,2025-09-30,LQD,-0.0022751904249042857,-0.0019813075408361414,0.002459144819017959,0.023990473591678416,0.0002938828840681443,0.0047343352439222445
positive_no_prior_outputscale_only,2025-09-30,HYG,0.0005176748248631416,-0.003581832310472044,0.0027385944440766257,0.019774764604045512,-0.004099507135335185,0.0022209196192134843
positive_no_prior_outputscale_only,2025-09-30,EWX,0.003603912362163278,-0.003915097877319473,0.012987091167331051,0.03280185922013836,-0.007519010239482751,0.009383178805167773
positive_no_prior_outputscale_only,2025-09-30,VWOB,-0.000677547025898794,0.017691150240358278,0.004036472022626996,0.025293266618390885,0.018368697266257072,0.00471401904852579
positive_no_prior_outputscale_only,2025-09-30,HYEM,-0.0004280423794682108,0.00027660203614199297,0.0010612002623353472,0.022483205976836267,0.0007046444156102037,0.001489242641803558
positive_no_prior_lengthscale_only,2025-09-30,SPY,0.008921387772089548,0.02028375894432366,0.016024110782701932,0.07261123788049628,0.011362371172234112,0.007102723010612384
positive_no_prior_lengthscale_only,2025-09-30,MGK,0.011611756191997856,0.04184616666398688,0.014573953916934269,0.08084676188091292,0.030234410471989027,0.0029621977249364127
positive_no_prior_lengthscale_only,2025-09-30,VTV,0.0064367417626599545,-0.007371739211896489,0.013253771969597226,0.05723923137141265,-0.013808480974556444,0.006817030206937272
positive_no_prior_lengthscale_only,2025-09-30,IJR,0.0017677412340485724,-0.012108590721114587,0.018890613928051376,0.07932353102419762,-0.013876331955163159,0.017122872694002804
positive_no_prior_lengthscale_only,2025-09-30,IWM,0.0015683093413945384,0.014115453040836279,0.0159278187901459,0.08235142249357141,0.01254714369944174,0.014359509448751362
positive_no_prior_lengthscale_only,2025-09-30,VNQ,0.00175040561960812,-0.027888055765740494,0.008238868105997586,0.0629041474548248,-0.029638461385348612,0.0064884624863894656
positive_no_prior_lengthscale_only,2025-09-30,VNQI,-0.0016981934999202267,-0.015995303603671296,-0.0011933917018969596,0.0443366912636157,-0.014297110103751069,0.0005048017980232671
positive_no_prior_lengthscale_only,2025-09-30,VEA,0.00437046099754092,0.014158067636574012,0.004684415406242948,0.051899972622675115,0.009787606639033091,0.0003139544087020279
positive_no_prior_lengthscale_only,2025-09-30,VWO,0.0012978096333496809,0.01105958429806142,0.002675593429885441,0.04070214375006207,0.00976177466471174,0.0013777837965357601
positive_no_prior_lengthscale_only,2025-09-30,VSS,0.0024440952610871435,-0.004799080760367169,0.0012674808070935644,0.050454403600097175,-0.007243176021454313,-0.0011766144539935791
positive_no_prior_lengthscale_only,2025-09-30,BND,-0.002612440760532275,0.002537797325417923,-0.0011907812952717237,0.01631685132706862,0.005150238085950198,0.0014216594652605513
positive_no_prior_lengthscale_only,2025-09-30,IEF,-0.003418812546817383,0.0036171952388968087,-0.0020044535311654135,0.018756067126734017,0.007036007785714192,0.0014143590156519693
positive_no_prior_lengthscale_only,2025-09-30,BNDX,-0.002631423621613449,0.006523664675198493,-0.0016215315316444976,0.015006394996948053,0.009155088296811942,0.0010098920899689514
positive_no_prior_lengthscale_only,2025-09-30,LQD,-0.0022751904249042857,-0.0019813075408361414,-0.0009934783249745211,0.02686129286789003,0.0002938828840681443,0.0012817120999297645
positive_no_prior_lengthscale_only,2025-09-30,HYG,0.0005176748248631416,-0.003581832310472044,0.0008650100305415296,0.02754251521850793,-0.004099507135335185,0.000347335205678388
positive_no_prior_lengthscale_only,2025-09-30,EWX,0.003603912362163278,-0.003915097877319473,0.0052107056792383335,0.03988298866268604,-0.007519010239482751,0.0016067933170750555
positive_no_prior_lengthscale_only,2025-09-30,VWOB,-0.000677547025898794,0.017691150240358278,-0.0003887884697183549,0.03118207528993075,0.018368697266257072,0.00028875855618043907
positive_no_prior_lengthscale_only,2025-09-30,HYEM,-0.0004280423794682108,0.00027660203614199297,-0.0010136591807981077,0.027173108624119473,0.0007046444156102037,-0.0005856168013298969
positive_no_prior_neither,2025-09-30,SPY,0.008921387772089548,0.02028375894432366,0.01784323741489706,0.07083897458442684,0.011362371172234112,0.008921849642807511
positive_no_prior_neither,2025-09-30,MGK,0.011611756191997856,0.04184616666398688,0.02064387606942701,0.07912750261623648,0.030234410471989027,0.009032119877429155
positive_no_prior_neither,2025-09-30,VTV,0.0064367417626599545,-0.007371739211896489,0.01219794233850811,0.05667167014626129,-0.013808480974556444,0.005761200575848156
positive_no_prior_neither,2025-09-30,IJR,0.0017677412340485724,-0.012108590721114587,0.018684239721825247,0.080245704460479,-0.013876331955163159,0.016916498487776675
positive_no_prior_neither,2025-09-30,IWM,0.0015683093413945384,0.014115453040836279,0.014141332793813436,0.08321775041273206,0.01254714369944174,0.012573023452418898
positive_no_prior_neither,2025-09-30,VNQ,0.00175040561960812,-0.027888055765740494,0.005991983250564892,0.0639379239033289,-0.029638461385348612,0.004241577630956772
positive_no_prior_neither,2025-09-30,VNQI,-0.0016981934999202267,-0.015995303603671296,0.00461696373248466,0.0458798420073572,-0.014297110103751069,0.006315157232404886
positive_no_prior_neither,2025-09-30,VEA,0.00437046099754092,0.014158067636574012,0.00952269182703868,0.050930712514898356,0.009787606639033091,0.00515223082949776
positive_no_prior_neither,2025-09-30,VWO,0.0012978096333496809,0.01105958429806142,0.013036741783640438,0.04144502765125736,0.00976177466471174,0.011738932150290758
positive_no_prior_neither,2025-09-30,VSS,0.0024440952610871435,-0.004799080760367169,0.007103888396346808,0.05039060748584194,-0.007243176021454313,0.004659793135259664
positive_no_prior_neither,2025-09-30,BND,-0.002612440760532275,0.002537797325417923,0.0014379551373429056,0.016437157128781292,0.005150238085950198,0.0040503958978751805
positive_no_prior_neither,2025-09-30,IEF,-0.003418812546817383,0.0036171952388968087,0.0016790682099475048,0.01952684730251532,0.007036007785714192,0.005097880756764888
positive_no_prior_neither,2025-09-30,BNDX,-0.002631423621613449,0.006523664675198493,-0.001114187929114886,0.015364919294578732,0.009155088296811942,0.001517235692498563
positive_no_prior_neither,2025-09-30,LQD,-0.0022751904249042857,-0.0019813075408361414,0.002999567579141713,0.026800717845972346,0.0002938828840681443,0.005274758004045999
positive_no_prior_neither,2025-09-30,HYG,0.0005176748248631416,-0.003581832310472044,0.002385112505047986,0.027421137634507913,-0.004099507135335185,0.0018674376801848444
positive_no_prior_neither,2025-09-30,EWX,0.003603912362163278,-0.003915097877319473,0.010312706265322238,0.03955259281184794,-0.007519010239482751,0.00670879390315896
positive_no_prior_neither,2025-09-30,VWOB,-0.000677547025898794,0.017691150240358278,0.0032405727160409173,0.03075821284676393,0.018368697266257072,0.003918119741939711
positive_no_prior_neither,2025-09-30,HYEM,-0.0004280423794682108,0.00027660203614199297,-0.0005167111038656047,0.02672059123495399,0.0007046444156102037,-8.866872439739388e-05
historical_mean,2025-10-31,SPY,0.00912797633885744,-0.001039617729681419,0.00912797633885744,0.044910407117204544,-0.010167594068538859,0.0
historical_mean,2025-10-31,MGK,0.01216147274603402,-0.018174122322586972,0.01216147274603402,0.05879242400123929,-0.03033559506862099,0.0
historical_mean,2025-10-31,VTV,0.006185678472213474,0.02234958180665636,0.006185678472213474,0.040592579225395185,0.016163903334442887,0.0
historical_mean,2025-10-31,IJR,0.0015154442894092421,0.022999546830901885,0.0015154442894092421,0.05771259275305756,0.021484102541492644,0.0
historical_mean,2025-10-31,IWM,0.0017964392268389336,0.007219933427264902,0.0017964392268389336,0.05921402650770006,0.005423494200425968,0.0
historical_mean,2025-10-31,VNQ,0.0012115245035108726,0.02116455054555555,0.0012115245035108726,0.05622887152816875,0.019953026042044675,0.0
historical_mean,2025-10-31,VNQI,-0.0019581409563520645,0.011398276316832767,-0.0019581409563520645,0.04747837095054195,0.013356417273184831,0.0
historical_mean,2025-10-31,VEA,0.004548417481886976,0.006662577508105283,0.004548417481886976,0.0446326760841844,0.0021141600262183065,0.0
historical_mean,2025-10-31,VWO,0.0014752964454353488,-0.015135981764385575,0.0014752964454353488,0.041539749304071,-0.016611278209820925,0.0
historical_mean,2025-10-31,VSS,0.0023124011516061564,0.006820955763576553,0.0023124011516061564,0.04545780376317812,0.004508554611970396,0.0
historical_mean,2025-10-31,BND,-0.002518800068060453,0.00297114143881938,-0.002518800068060453,0.018626297453441548,0.005489941506879833,0.0
historical_mean,2025-10-31,IEF,-0.0032908851325316704,0.00686801303321638,-0.0032908851325316704,0.02217877445349183,0.01015889816574805,0.0
historical_mean,2025-10-31,BNDX,-0.002464967470762323,-0.004807659780811324,-0.002464967470762323,0.015231768429332786,-0.002342692310049001,0.0
historical_mean,2025-10-31,LQD,-0.00226984709973941,0.006300096794094712,-0.00226984709973941,0.028707677706642655,0.008569943893834121,0.0
historical_mean,2025-10-31,HYG,0.000443138331493411,0.004457641722011463,0.000443138331493411,0.022537502415602713,0.004014503390518052,0.0
historical_mean,2025-10-31,EWX,0.0034672030850817735,-0.016176668191666965,0.0034672030850817735,0.03640552670069025,-0.01964387127674874,0.0
historical_mean,2025-10-31,VWOB,-0.0003435707119668472,0.0006545758910070365,-0.0003435707119668472,0.029295964642314293,0.0009981466029738836,0.0
historical_mean,2025-10-31,HYEM,-0.0004152306628207526,-0.0021992661278306125,-0.0004152306628207526,0.025268467972682427,-0.0017840354650098598,0.0
positive_no_prior_both,2025-10-31,SPY,0.00912797633885744,-0.001039617729681419,0.013358717696821523,0.037430922144471274,-0.010167594068538859,0.004230741357964083
positive_no_prior_both,2025-10-31,MGK,0.01216147274603402,-0.018174122322586972,0.019248794311698892,0.051373436092939796,-0.03033559506862099,0.0070873215656648714
positive_no_prior_both,2025-10-31,VTV,0.006185678472213474,0.02234958180665636,0.009530015178154376,0.033479610014132646,0.016163903334442887,0.003344336705940902
positive_no_prior_both,2025-10-31,IJR,0.0015154442894092421,0.022999546830901885,0.006262937034854232,0.0488505308474087,0.021484102541492644,0.0047474927454449894
positive_no_prior_both,2025-10-31,IWM,0.0017964392268389336,0.007219933427264902,0.008092701352239783,0.048657350329392335,0.005423494200425968,0.00629626212540085
positive_no_prior_both,2025-10-31,VNQ,0.0012115245035108726,0.02116455054555555,0.006574099540011051,0.04549546571805802,0.019953026042044675,0.005362575036500179
positive_no_prior_both,2025-10-31,VNQI,-0.0019581409563520645,0.011398276316832767,0.0030403872238779724,0.0387325799913013,0.013356417273184831,0.004998528180230037
positive_no_prior_both,2025-10-31,VEA,0.004548417481886976,0.006662577508105283,0.0075651258427150295,0.03691810538159597,0.0021141600262183065,0.003016708360828053
positive_no_prior_both,2025-10-31,VWO,0.0014752964454353488,-0.015135981764385575,0.008249819762355153,0.038369125510043685,-0.016611278209820925,0.006774523316919804
positive_no_prior_both,2025-10-31,VSS,0.0023124011516061564,0.006820955763576553,0.004737010603527377,0.0377457559032693,0.004508554611970396,0.002424609451921221
positive_no_prior_both,2025-10-31,BND,-0.002518800068060453,0.00297114143881938,-0.001014762348684672,0.015161697109258482,0.005489941506879833,0.001504037719375781
positive_no_prior_both,2025-10-31,IEF,-0.0032908851325316704,0.00686801303321638,-0.0017890185352987633,0.018413388666964396,0.01015889816574805,0.0015018665972329071
positive_no_prior_both,2025-10-31,BNDX,-0.002464967470762323,-0.004807659780811324,-0.0004465233224836213,0.01260239865740402,-0.002342692310049001,0.0020184441482787017
positive_no_prior_both,2025-10-31,LQD,-0.00226984709973941,0.006300096794094712,-0.000675329750168614,0.02281260825636696,0.008569943893834121,0.001594517349570796
positive_no_prior_both,2025-10-31,HYG,0.000443138331493411,0.004457641722011463,0.0020532959237541328,0.018026493639365187,0.004014503390518052,0.0016101575922607219
positive_no_prior_both,2025-10-31,EWX,0.0034672030850817735,-0.016176668191666965,0.007084811299171689,0.0340602736951389,-0.01964387127674874,0.0036176082140899155
positive_no_prior_both,2025-10-31,VWOB,-0.0003435707119668472,0.0006545758910070365,0.0024031377856055685,0.023612243909840694,0.0009981466029738836,0.0027467084975724156
positive_no_prior_both,2025-10-31,HYEM,-0.0004152306628207526,-0.0021992661278306125,0.002689072167447269,0.02250195661851595,-0.0017840354650098598,0.0031043028302680216
positive_no_prior_outputscale_only,2025-10-31,SPY,0.00912797633885744,-0.001039617729681419,0.016329423017457226,0.036919683628326976,-0.010167594068538859,0.007201446678599786
positive_no_prior_outputscale_only,2025-10-31,MGK,0.01216147274603402,-0.018174122322586972,0.022252275523000173,0.04995953184622428,-0.03033559506862099,0.010090802776966152
positive_no_prior_outputscale_only,2025-10-31,VTV,0.006185678472213474,0.02234958180665636,0.011460865811795687,0.03559210074800535,0.016163903334442887,0.005275187339582213
positive_no_prior_outputscale_only,2025-10-31,IJR,0.0015154442894092421,0.022999546830901885,0.013512752908782384,0.050604755413544276,0.021484102541492644,0.011997308619373141
positive_no_prior_outputscale_only,2025-10-31,IWM,0.0017964392268389336,0.007219933427264902,0.01608485326976117,0.050812840849272775,0.005423494200425968,0.014288414042922238
positive_no_prior_outputscale_only,2025-10-31,VNQ,0.0012115245035108726,0.02116455054555555,0.009274644983175777,0.046114408573889556,0.019953026042044675,0.008063120479664905
positive_no_prior_outputscale_only,2025-10-31,VNQI,-0.0019581409563520645,0.011398276316832767,0.007333699672129991,0.03955158855370421,0.013356417273184831,0.009291840628482055
positive_no_prior_outputscale_only,2025-10-31,VEA,0.004548417481886976,0.006662577508105283,0.010435618429569549,0.03728452870790309,0.0021141600262183065,0.005887200947682573
positive_no_prior_outputscale_only,2025-10-31,VWO,0.0014752964454353488,-0.015135981764385575,0.015353728413626254,0.03805845214449985,-0.016611278209820925,0.013878431968190904
positive_no_prior_outputscale_only,2025-10-31,VSS,0.0023124011516061564,0.006820955763576553,0.008838692280372854,0.03859794097990588,0.004508554611970396,0.006526291128766697
positive_no_prior_outputscale_only,2025-10-31,BND,-0.002518800068060453,0.00297114143881938,0.0012034307214714136,0.014108754015761343,0.005489941506879833,0.0037222307895318665
positive_no_prior_outputscale_only,2025-10-31,IEF,-0.0032908851325316704,0.00686801303321638,0.00025588617406256935,0.01711327342341628,0.01015889816574805,0.00354677130659424
positive_no_prior_outputscale_only,2025-10-31,BNDX,-0.002464967470762323,-0.004807659780811324,0.0003567609006199842,0.012220250287636585,-0.002342692310049001,0.002821728371382307
positive_no_prior_outputscale_only,2025-10-31,LQD,-0.00226984709973941,0.006300096794094712,0.003177357088193621,0.02143919619189636,0.008569943893834121,0.005447204187933031
positive_no_prior_outputscale_only,2025-10-31,HYG,0.000443138331493411,0.004457641722011463,0.0027236691912356217,0.01786254700806074,0.004014503390518052,0.002280530859742211
positive_no_prior_outputscale_only,2025-10-31,EWX,0.0034672030850817735,-0.016176668191666965,0.010865823243689857,0.03239473185795405,-0.01964387127674874,0.007398620158608083
positive_no_prior_outputscale_only,2025-10-31,VWOB,-0.0003435707119668472,0.0006545758910070365,0.005635683471419957,0.023236633874432384,0.0009981466029738836,0.005979254183386804
positive_no_prior_outputscale_only,2025-10-31,HYEM,-0.0004152306628207526,-0.0021992661278306125,0.004268056330474265,0.021984293464693862,-0.0017840354650098598,0.0046832869932950175
positive_no_prior_lengthscale_only,2025-10-31,SPY,0.00912797633885744,-0.001039617729681419,0.014866032159372076,0.06452791129188323,-0.010167594068538859,0.005738055820514636
positive_no_prior_lengthscale_only,2025-10-31,MGK,0.01216147274603402,-0.018174122322586972,0.017281443043159424,0.07450049465454026,-0.03033559506862099,0.005119970297125404
positive_no_prior_lengthscale_only,2025-10-31,VTV,0.006185678472213474,0.02234958180665636,0.012663496260476668,0.05096332925916364,0.016163903334442887,0.006477817788263194
positive_no_prior_lengthscale_only,2025-10-31,IJR,0.0015154442894092421,0.022999546830901885,0.015477224284158793,0.06974063414105122,0.021484102541492644,0.01396177999474955
positive_no_prior_lengthscale_only,2025-10-31,IWM,0.0017964392268389336,0.007219933427264902,0.01572366429773933,0.07225698572788096,0.005423494200425968,0.013927225070900398
positive_no_prior_lengthscale_only,2025-10-31,VNQ,0.0012115245035108726,0.02116455054555555,0.009843045728902888,0.060940213638513464,0.019953026042044675,0.008631521225392015
positive_no_prior_lengthscale_only,2025-10-31,VNQI,-0.0019581409563520645,0.011398276316832767,0.004326666196844263,0.04928306254958413,0.013356417273184831,0.006284807153196327
positive_no_prior_lengthscale_only,2025-10-31,VEA,0.004548417481886976,0.006662577508105283,0.008439643056142442,0.051160814911232394,0.0021141600262183065,0.003891225574255465
positive_no_prior_lengthscale_only,2025-10-31,VWO,0.0014752964454353488,-0.015135981764385575,0.007797727290116916,0.04544728415237509,-0.016611278209820925,0.006322430844681566
positive_no_prior_lengthscale_only,2025-10-31,VSS,0.0023124011516061564,0.006820955763576553,0.006932736305146861,0.051544963439236535,0.004508554611970396,0.004620335153540704
positive_no_prior_lengthscale_only,2025-10-31,BND,-0.002518800068060453,0.00297114143881938,-0.0006482486622679409,0.01624590136263866,0.005489941506879833,0.001870551405792512
positive_no_prior_lengthscale_only,2025-10-31,IEF,-0.0032908851325316704,0.00686801303321638,-0.0017288053299337543,0.01869026690745616,0.01015889816574805,0.0015620798025979162
positive_no_prior_lengthscale_only,2025-10-31,BNDX,-0.002464967470762323,-0.004807659780811324,-0.0014673723468984384,0.01460996735726301,-0.002342692310049001,0.0009975951238638846
positive_no_prior_lengthscale_only,2025-10-31,LQD,-0.00226984709973941,0.006300096794094712,0.0008324772973317355,0.026911923430260064,0.008569943893834121,0.0031023243970711455
positive_no_prior_lengthscale_only,2025-10-31,HYG,0.000443138331493411,0.004457641722011463,0.0020237792884273196,0.02506720369492599,0.004014503390518052,0.0015806409569339088
positive_no_prior_lengthscale_only,2025-10-31,EWX,0.0034672030850817735,-0.016176668191666965,0.009340167853023613,0.0402799926633785,-0.01964387127674874,0.00587296476794184
positive_no_prior_lengthscale_only,2025-10-31,VWOB,-0.0003435707119668472,0.0006545758910070365,0.0034248299968705122,0.031224559633173544,0.0009981466029738836,0.0037684007088373593
positive_no_prior_lengthscale_only,2025-10-31,HYEM,-0.0004152306628207526,-0.0021992661278306125,0.0031313526982292713,0.027708116259395774,-0.0017840354650098598,0.003546583361050024
positive_no_prior_neither,2025-10-31,SPY,0.00912797633885744,-0.001039617729681419,0.024650191658023957,0.057349702352083365,-0.010167594068538859,0.015522215319166517
positive_no_prior_neither,2025-10-31,MGK,0.01216147274603402,-0.018174122322586972,0.025300528614460506,0.06710529179108317,-0.03033559506862099,0.013139055868426485
positive_no_prior_neither,2025-10-31,VTV,0.006185678472213474,0.02234958180665636,0.024071782611627703,0.0463286723144728,0.016163903334442887,0.01788610413941423
positive_no_prior_neither,2025-10-31,IJR,0.0015154442894092421,0.022999546830901885,0.0312803051284192,0.06489262309718283,0.021484102541492644,0.02976486083900996
positive_no_prior_neither,2025-10-31,IWM,0.0017964392268389336,0.007219933427264902,0.029749950117539826,0.06704435419499946,0.005423494200425968,0.027953510890700892
positive_no_prior_neither,2025-10-31,VNQ,0.0012115245035108726,0.02116455054555555,0.019384014856039883,0.05644893087506119,0.019953026042044675,0.01817249035252901
positive_no_prior_neither,2025-10-31,VNQI,-0.0019581409563520645,0.011398276316832767,0.020400799467823652,0.04503158706701426,0.013356417273184831,0.022358940424175716
positive_no_prior_neither,2025-10-31,VEA,0.004548417481886976,0.006662577508105283,0.020218981594097317,0.04563839814149887,0.0021141600262183065,0.01567056411221034
positive_no_prior_neither,2025-10-31,VWO,0.0014752964454353488,-0.015135981764385575,0.024981818047172876,0.04263888162438739,-0.016611278209820925,0.023506521601737527
positive_no_prior_neither,2025-10-31,VSS,0.0023124011516061564,0.006820955763576553,0.02046506906623886,0.0468492354483424,0.004508554611970396,0.018152667914632704
positive_no_prior_neither,2025-10-31,BND,-0.002518800068060453,0.00297114143881938,0.004236654522454337,0.01513313717521782,0.005489941506879833,0.00675545459051479
positive_no_prior_neither,2025-10-31,IEF,-0.0032908851325316704,0.00686801303321638,0.0027960574915390237,0.017682430177400187,0.01015889816574805,0.006086942624070694
positive_no_prior_neither,2025-10-31,BNDX,-0.002464967470762323,-0.004807659780811324,-1.337695092904238e-05,0.013322242397409433,-0.002342692310049001,0.0024515905198332806
positive_no_prior_neither,2025-10-31,LQD,-0.00226984709973941,0.006300096794094712,0.008806268683906266,0.024666469466826605,0.008569943893834121,0.011076115783645675
positive_no_prior_neither,2025-10-31,HYG,0.000443138331493411,0.004457641722011463,0.005640168018651157,0.02252725310899388,0.004014503390518052,0.005197029687157746
positive_no_prior_neither,2025-10-31,EWX,0.0034672030850817735,-0.016176668191666965,0.022543397375048665,0.038169191637851256,-0.01964387127674874,0.019076194289966892
positive_no_prior_neither,2025-10-31,VWOB,-0.0003435707119668472,0.0006545758910070365,0.011422638692919262,0.028173922149294747,0.0009981466029738836,0.01176620940488611
positive_no_prior_neither,2025-10-31,HYEM,-0.0004152306628207526,-0.0021992661278306125,0.008846591171189603,0.025493722239641064,-0.0017840354650098598,0.009261821834010356
historical_mean,2025-11-28,SPY,0.008946412159062103,-0.0024606389596457667,0.008946412159062103,0.04452099523915146,-0.01140705111870787,0.0
historical_mean,2025-11-28,MGK,0.011619765691237216,-0.006014656315694422,0.011619765691237216,0.058396367850803266,-0.01763442200693164,0.0
historical_mean,2025-11-28,VTV,0.006474319603185668,0.004591005630098177,0.006474319603185668,0.04027981912138792,-0.001883313973087491,0.0
historical_mean,2025-11-28,IJR,0.0018990889776501821,-0.0043423583691276635,0.0018990889776501821,0.05725754669804376,-0.006241447346777846,0.0
historical_mean,2025-11-28,IWM,0.0018932873375608259,-0.010325989693845572,0.0018932873375608259,0.0586777237486756,-0.012219277031406397,0.0
historical_mean,2025-11-28,VNQ,0.0015678285399759562,-0.02554537559841752,0.0015678285399759562,0.05577911918604514,-0.027113204138393476,0.0
historical_mean,2025-11-28,VNQI,-0.0017196335050451924,0.0008944661826628675,-0.0017196335050451924,0.04707861442999848,0.0026140996877080597,0.0
historical_mean,2025-11-28,VEA,0.004586170339498018,0.02842462799248069,0.004586170339498018,0.044225965568690156,0.023838457652982672,0.0
historical_mean,2025-11-28,VWO,0.0011786664774028324,0.006231798598067773,0.0011786664774028324,0.04122019559348269,0.00505313212066494,0.0
historical_mean,2025-11-28,VSS,0.002392911055391342,0.01745648547983225,0.002392911055391342,0.045046684455100794,0.01506357442444091,0.0
historical_mean,2025-11-28,BND,-0.002420765398294742,-0.00624728267814989,-0.002420765398294742,0.018470765560571062,-0.0038265172798551484,0.0
historical_mean,2025-11-28,IEF,-0.003109476236714741,-0.010842523271658244,-0.003109476236714741,0.02201811413583313,-0.007733047034943503,0.0
historical_mean,2025-11-28,BNDX,-0.002506801262013198,-0.00843043234441343,-0.002506801262013198,0.015095908991715557,-0.005923631082400232,0.0
historical_mean,2025-11-28,LQD,-0.0021168123873495153,-0.010606184040828248,-0.0021168123873495153,0.02846854514343274,-0.008489371653478732,0.0
historical_mean,2025-11-28,HYG,0.0005148258920383762,0.0016540803164204476,0.0005148258920383762,0.022338118771901058,0.0011392544243820713,0.0
historical_mean,2025-11-28,EWX,0.003116419669425546,0.005526301936131128,0.003116419669425546,0.0361684340399512,0.0024098822667055824,0.0
historical_mean,2025-11-28,VWOB,-0.00032574666548517074,-0.0012631324755422169,-0.00032574666548517074,0.029028722421739143,-0.0009373858100570462,0.0
historical_mean,2025-11-28,HYEM,-0.000447088438981643,0.006456216930834868,-0.000447088438981643,0.025038835845072816,0.006903305369816511,0.0
positive_no_prior_both,2025-11-28,SPY,0.008946412159062103,-0.0024606389596457667,0.010951541148691995,0.03290526576327316,-0.01140705111870787,0.002005128989629892
positive_no_prior_both,2025-11-28,MGK,0.011619765691237216,-0.006014656315694422,0.01709427530358881,0.04712192061369262,-0.01763442200693164,0.005474509612351594
positive_no_prior_both,2025-11-28,VTV,0.006474319603185668,0.004591005630098177,0.012324817676979613,0.03054789652571636,-0.001883313973087491,0.005850498073793945
positive_no_prior_both,2025-11-28,IJR,0.0018990889776501821,-0.0043423583691276635,0.010752700077115492,0.04333933638176395,-0.006241447346777846,0.00885361109946531
positive_no_prior_both,2025-11-28,IWM,0.0018932873375608259,-0.010325989693845572,0.009315313880601474,0.04531569020775012,-0.012219277031406397,0.007422026543040648
positive_no_prior_both,2025-11-28,VNQ,0.0015678285399759562,-0.02554537559841752,0.0053438761480925365,0.04378621830954861,-0.027113204138393476,0.0037760476081165804
positive_no_prior_both,2025-11-28,VNQI,-0.0017196335050451924,0.0008944661826628675,0.0021537607262574,0.035215079555534476,0.0026140996877080597,0.003873394231302592
positive_no_prior_both,2025-11-28,VEA,0.004586170339498018,0.02842462799248069,0.009155820764845028,0.032877336317134735,0.023838457652982672,0.00456965042534701
positive_no_prior_both,2025-11-28,VWO,0.0011786664774028324,0.006231798598067773,0.0037892353418207594,0.0328910656981737,0.00505313212066494,0.0026105688644179267
positive_no_prior_both,2025-11-28,VSS,0.002392911055391342,0.01745648547983225,0.004511420704827202,0.03182442692142629,0.01506357442444091,0.0021185096494358603
positive_no_prior_both,2025-11-28,BND,-0.002420765398294742,-0.00624728267814989,-0.0007832312142590689,0.013719298555287425,-0.0038265172798551484,0.001637534184035673
positive_no_prior_both,2025-11-28,IEF,-0.003109476236714741,-0.010842523271658244,-0.0013417827538685625,0.016433817689793618,-0.007733047034943503,0.0017676934828461785
positive_no_prior_both,2025-11-28,BNDX,-0.002506801262013198,-0.00843043234441343,-0.0010307609179074475,0.012192031970979662,-0.005923631082400232,0.0014760403441057505
positive_no_prior_both,2025-11-28,LQD,-0.0021168123873495153,-0.010606184040828248,-0.0006203652603198682,0.019958916434533538,-0.008489371653478732,0.0014964471270296471
positive_no_prior_both,2025-11-28,HYG,0.0005148258920383762,0.0016540803164204476,0.002859640383503944,0.015569710283898449,0.0011392544243820713,0.0023448144914655676
positive_no_prior_both,2025-11-28,EWX,0.003116419669425546,0.005526301936131128,0.0037347066018493195,0.0292957529950546,0.0024098822667055824,0.0006182869324237736
positive_no_prior_both,2025-11-28,VWOB,-0.00032574666548517074,-0.0012631324755422169,0.002718404858687924,0.019818423587768332,-0.0009373858100570462,0.003044151524173095
positive_no_prior_both,2025-11-28,HYEM,-0.000447088438981643,0.006456216930834868,0.0033467611655089153,0.019542437142013307,0.006903305369816511,0.0037938496044905585
positive_no_prior_outputscale_only,2025-11-28,SPY,0.008946412159062103,-0.0024606389596457667,0.008425058141864106,0.03151453082754472,-0.01140705111870787,-0.0005213540171979964
positive_no_prior_outputscale_only,2025-11-28,MGK,0.011619765691237216,-0.006014656315694422,0.00511023884222481,0.045549199814957565,-0.01763442200693164,-0.006509526849012405
positive_no_prior_outputscale_only,2025-11-28,VTV,0.006474319603185668,0.004591005630098177,0.01736103372977241,0.028566087493252554,-0.001883313973087491,0.010886714126586743
positive_no_prior_outputscale_only,2025-11-28,IJR,0.0018990889776501821,-0.0043423583691276635,0.015223096463863484,0.04024193020236641,-0.006241447346777846,0.013324007486213303
positive_no_prior_outputscale_only,2025-11-28,IWM,0.0018932873375608259,-0.010325989693845572,0.013417905509166198,0.04405637652425309,-0.012219277031406397,0.011524618171605373
positive_no_prior_outputscale_only,2025-11-28,VNQ,0.0015678285399759562,-0.02554537559841752,0.011266441598291505,0.04121857363938375,-0.027113204138393476,0.009698613058315549
positive_no_prior_outputscale_only,2025-11-28,VNQI,-0.0017196335050451924,0.0008944661826628675,-0.00075131007599604,0.03464336681766332,0.0026140996877080597,0.0009683234290491524
positive_no_prior_outputscale_only,2025-11-28,VEA,0.004586170339498018,0.02842462799248069,0.010168201834313939,0.03182229963043916,0.023838457652982672,0.005582031494815921
positive_no_prior_outputscale_only,2025-11-28,VWO,0.0011786664774028324,0.006231798598067773,-0.00508110365675154,0.03310549443024049,0.00505313212066494,-0.006259770134154373
positive_no_prior_outputscale_only,2025-11-28,VSS,0.002392911055391342,0.01745648547983225,-0.0020426734860069778,0.03164781136488409,0.01506357442444091,-0.00443558454139832
positive_no_prior_outputscale_only,2025-11-28,BND,-0.002420765398294742,-0.00624728267814989,0.0010781860796726175,0.013456217436015452,-0.0038265172798551484,0.0034989514779673594
positive_no_prior_outputscale_only,2025-11-28,IEF,-0.003109476236714741,-0.010842523271658244,0.002228358712373615,0.01590953294040436,-0.007733047034943503,0.005337834949088356
positive_no_prior_outputscale_only,2025-11-28,BNDX,-0.002506801262013198,-0.00843043234441343,-0.0013775962637923625,0.01138952010892457,-0.005923631082400232,0.0011292049982208354
positive_no_prior_outputscale_only,2025-11-28,LQD,-0.0021168123873495153,-0.010606184040828248,0.0027509561426758535,0.019793221050353995,-0.008489371653478732,0.004867768530025369
positive_no_prior_outputscale_only,2025-11-28,HYG,0.0005148258920383762,0.0016540803164204476,0.004214245150638384,0.015009022858899282,0.0011392544243820713,0.0036994192586000075
positive_no_prior_outputscale_only,2025-11-28,EWX,0.003116419669425546,0.005526301936131128,-0.007027738686534107,0.02839872894101202,0.0024098822667055824,-0.010144158355959653
positive_no_prior_outputscale_only,2025-11-28,VWOB,-0.00032574666548517074,-0.0012631324755422169,0.0032503091711314526,0.019290052250428864,-0.0009373858100570462,0.0035760558366166235
positive_no_prior_outputscale_only,2025-11-28,HYEM,-0.000447088438981643,0.006456216930834868,0.0011700745697183193,0.017807859431494818,0.006903305369816511,0.0016171630086999622
positive_no_prior_lengthscale_only,2025-11-28,SPY,0.008946412159062103,-0.0024606389596457667,0.010695570368579892,0.06481855698797433,-0.01140705111870787,0.0017491582095177892
positive_no_prior_lengthscale_only,2025-11-28,MGK,0.011619765691237216,-0.006014656315694422,0.010497104349892305,0.07299759363794264,-0.01763442200693164,-0.0011226613413449112
positive_no_prior_lengthscale_only,2025-11-28,VTV,0.006474319603185668,0.004591005630098177,0.015377277498215963,0.051851281370807786,-0.001883313973087491,0.008902957895030296
positive_no_prior_lengthscale_only,2025-11-28,IJR,0.0018990889776501821,-0.0043423583691276635,0.018701709155520593,0.07470850009849041,-0.006241447346777846,0.01680262017787041
positive_no_prior_lengthscale_only,2025-11-28,IWM,0.0018932873375608259,-0.010325989693845572,0.011255024266346753,0.07649670928427504,-0.012219277031406397,0.009361736928785927
positive_no_prior_lengthscale_only,2025-11-28,VNQ,0.0015678285399759562,-0.02554537559841752,0.010373444293126501,0.061577024982152534,-0.027113204138393476,0.008805615753150545
positive_no_prior_lengthscale_only,2025-11-28,VNQI,-0.0017196335050451924,0.0008944661826628675,0.0008126993210973213,0.046672852670214024,0.0026140996877080597,0.0025323328261425138
positive_no_prior_lengthscale_only,2025-11-28,VEA,0.004586170339498018,0.02842462799248069,0.00687322980951695,0.04928366662606265,0.023838457652982672,0.002287059470018932
positive_no_prior_lengthscale_only,2025-11-28,VWO,0.0011786664774028324,0.006231798598067773,0.0015414264612174993,0.04777894956634678,0.00505313212066494,0.0003627599838146669
positive_no_prior_lengthscale_only,2025-11-28,VSS,0.002392911055391342,0.01745648547983225,0.002034593835031035,0.04889068347192747,0.01506357442444091,-0.00035831722036030675
positive_no_prior_lengthscale_only,2025-11-28,BND,-0.002420765398294742,-0.00624728267814989,0.000242241278148926,0.015539571558255817,-0.0038265172798551484,0.002663006676443668
positive_no_prior_lengthscale_only,2025-11-28,IEF,-0.003109476236714741,-0.010842523271658244,0.00014126010191647638,0.018318778341839988,-0.007733047034943503,0.0032507363386312174
positive_no_prior_lengthscale_only,2025-11-28,BNDX,-0.002506801262013198,-0.00843043234441343,-0.0014526949830555066,0.01372925327042029,-0.005923631082400232,0.0010541062789576913
positive_no_prior_lengthscale_only,2025-11-28,LQD,-0.0021168123873495153,-0.010606184040828248,0.0012545749500363266,0.025220689221611817,-0.008489371653478732,0.003371387337385842
positive_no_prior_lengthscale_only,2025-11-28,HYG,0.0005148258920383762,0.0016540803164204476,0.002825310991316768,0.025268865740473424,0.0011392544243820713,0.0023104850992783916
positive_no_prior_lengthscale_only,2025-11-28,EWX,0.003116419669425546,0.005526301936131128,0.0010023510717097556,0.04170000121528969,0.0024098822667055824,-0.0021140685977157903
positive_no_prior_lengthscale_only,2025-11-28,VWOB,-0.00032574666548517074,-0.0012631324755422169,0.0024775940887218433,0.030688953422380615,-0.0009373858100570462,0.002803340754207014
positive_no_prior_lengthscale_only,2025-11-28,HYEM,-0.000447088438981643,0.006456216930834868,0.001219831977492894,0.02903134539725388,0.006903305369816511,0.0016669204164745368
positive_no_prior_neither,2025-11-28,SPY,0.008946412159062103,-0.0024606389596457667,0.008903351360829523,0.053698217127975664,-0.01140705111870787,-4.306079823258001e-05
positive_no_prior_neither,2025-11-28,MGK,0.011619765691237216,-0.006014656315694422,0.005027448972883877,0.06325564492956084,-0.01763442200693164,-0.006592316718353339
positive_no_prior_neither,2025-11-28,VTV,0.006474319603185668,0.004591005630098177,0.016820084949556762,0.0433933413405477,-0.001883313973087491,0.010345765346371095
positive_no_prior_neither,2025-11-28,IJR,0.0018990889776501821,-0.0043423583691276635,0.022602885311246323,0.061829079934086546,-0.006241447346777846,0.02070379633359614
positive_no_prior_neither,2025-11-28,IWM,0.0018932873375608259,-0.010325989693845572,0.013632229794757861,0.06386986423737534,-0.012219277031406397,0.011738942457197036
positive_no_prior_neither,2025-11-28,VNQ,0.0015678285399759562,-0.02554537559841752,0.010264332684730204,0.05075179936206484,-0.027113204138393476,0.008696504144754248
positive_no_prior_neither,2025-11-28,VNQI,-0.0017196335050451924,0.0008944661826628675,0.004851422449382026,0.038309325079106234,0.0026140996877080597,0.006571055954427218
positive_no_prior_neither,2025-11-28,VEA,0.004586170339498018,0.02842462799248069,0.0089863952875191,0.04105213917934036,0.023838457652982672,0.004400224948021082
positive_no_prior_neither,2025-11-28,VWO,0.0011786664774028324,0.006231798598067773,-0.0009038714445039747,0.04097833357054794,0.00505313212066494,-0.002082537921906807
positive_no_prior_neither,2025-11-28,VSS,0.002392911055391342,0.01745648547983225,0.003897990316971473,0.041105789400779115,0.01506357442444091,0.0015050792615801311
positive_no_prior_neither,2025-11-28,BND,-0.002420765398294742,-0.00624728267814989,0.002648138045595598,0.012620357951573857,-0.0038265172798551484,0.00506890344389034
positive_no_prior_neither,2025-11-28,IEF,-0.003109476236714741,-0.010842523271658244,0.0038047209425509485,0.014790591777551858,-0.007733047034943503,0.0069141971792656895
positive_no_prior_neither,2025-11-28,BNDX,-0.002506801262013198,-0.00843043234441343,-0.0015627924852075316,0.01132875968538619,-0.005923631082400232,0.0009440087768056663
positive_no_prior_neither,2025-11-28,LQD,-0.0021168123873495153,-0.010606184040828248,0.00343475214320251,0.02084736357617408,-0.008489371653478732,0.005551564530552025
positive_no_prior_neither,2025-11-28,HYG,0.0005148258920383762,0.0016540803164204476,0.004124222140629687,0.02079621969046941,0.0011392544243820713,0.0036093962485913107
positive_no_prior_neither,2025-11-28,EWX,0.003116419669425546,0.005526301936131128,-0.004498447311777859,0.03653632846941482,0.0024098822667055824,-0.007614866981203405
positive_no_prior_neither,2025-11-28,VWOB,-0.00032574666548517074,-0.0012631324755422169,0.003607673949360331,0.025296465941836894,-0.0009373858100570462,0.003933420614845502
positive_no_prior_neither,2025-11-28,HYEM,-0.000447088438981643,0.006456216930834868,-0.0006876023365973688,0.024847231293813523,0.006903305369816511,-0.00024051389761572587
historical_mean,2025-12-31,SPY,0.008746288455225123,0.011594066475381304,0.008746288455225123,0.04414755775755146,0.002847778020156181,0.0
historical_mean,2025-12-31,MGK,0.011310389866554206,-0.01981088189923419,0.011310389866554206,0.05791973895197182,-0.031121271765788397,0.0
historical_mean,2025-12-31,VTV,0.00644127900716659,0.04262615110326995,0.00644127900716659,0.03991933724277847,0.03618487209610336,0.0
historical_mean,2025-12-31,IJR,0.0017895899013909218,0.05372327844739844,0.0017895899013909218,0.05675003747569404,0.051933688546007516,0.0
historical_mean,2025-12-31,IWM,0.0016789140563080822,0.05153392029332182,0.0016789140563080822,0.05817397411192298,0.04985500623701374,0.0
historical_mean,2025-12-31,VNQ,0.0010921582919339653,0.0229258613639709,0.0010921582919339653,0.05539537861696057,0.021833703072036935,0.0
historical_mean,2025-12-31,VNQI,-0.0016737721070152263,0.04257155181000494,-0.0016737721070152263,0.04665766093629219,0.044245323917020164,0.0
historical_mean,2025-12-31,VEA,0.005004388894813503,0.05642561347994279,0.005004388894813503,0.043942898023318626,0.051421224585129294,0.0
historical_mean,2025-12-31,VWO,0.0012673179181162523,0.04715510460279937,0.0012673179181162523,0.040855982915353244,0.045887786684683116,0.0
historical_mean,2025-12-31,VSS,0.002657184290907849,0.06068200468583562,0.002657184290907849,0.04468723417438362,0.058024820394927776,0.0
historical_mean,2025-12-31,BND,-0.0024878972803974637,-0.0009446630105405251,-0.0024878972803974637,0.01831212043723312,0.0015432342698569385,0.0
historical_mean,2025-12-31,IEF,-0.003245143728555855,-0.005378931439972923,-0.003245143728555855,0.021844664741227326,-0.0021337877114170675,0.0
historical_mean,2025-12-31,BNDX,-0.0026107246143360087,0.002059820670583523,-0.0026107246143360087,0.014981077086336935,0.004670545284919532,0.0
historical_mean,2025-12-31,LQD,-0.0022657487321473876,0.0003398451129934532,-0.0022657487321473876,0.02823561533177713,0.002605593845140841,0.0
historical_mean,2025-12-31,HYG,0.0005348128117643775,0.0029604455586125233,0.0005348128117643775,0.022138287130142906,0.002425632746848146,0.0
historical_mean,2025-12-31,EWX,0.0031586983056835385,0.02711570928152862,0.0031586983056835385,0.035845468132474606,0.023957010975845083,0.0
historical_mean,2025-12-31,VWOB,-0.0003421920305738908,0.0003023714262653243,-0.0003421920305738908,0.028768637802182126,0.0006445634568392151,0.0
historical_mean,2025-12-31,HYEM,-0.00032597781845854624,0.01193825183971775,-0.00032597781845854624,0.02483110847291286,0.012264229658176296,0.0
positive_no_prior_both,2025-12-31,SPY,0.008746288455225123,0.011594066475381304,0.011381757234028593,0.0397819271760047,0.002847778020156181,0.00263546877880347
positive_no_prior_both,2025-12-31,MGK,0.011310389866554206,-0.01981088189923419,0.014254253204547688,0.05256398061366249,-0.031121271765788397,0.002943863337993482
positive_no_prior_both,2025-12-31,VTV,0.00644127900716659,0.04262615110326995,0.00895464363543828,0.03289919040007711,0.03618487209610336,0.0025133646282716905
positive_no_prior_both,2025-12-31,IJR,0.0017895899013909218,0.05372327844739844,0.005344184140356544,0.05180167383148381,0.051933688546007516,0.0035545942389656224
positive_no_prior_both,2025-12-31,IWM,0.0016789140563080822,0.05153392029332182,0.007955399497789097,0.05397004079554514,0.04985500623701374,0.006276485441481014
positive_no_prior_both,2025-12-31,VNQ,0.0010921582919339653,0.0229258613639709,0.001783698279338559,0.04519949041201076,0.021833703072036935,0.0006915399874045938
positive_no_prior_both,2025-12-31,VNQI,-0.0016737721070152263,0.04257155181000494,0.000616586749440405,0.03752688021668819,0.044245323917020164,0.0022903588564556314
positive_no_prior_both,2025-12-31,VEA,0.005004388894813503,0.05642561347994279,0.008256419375760042,0.03589168298819945,0.051421224585129294,0.003252030480946539
positive_no_prior_both,2025-12-31,VWO,0.0012673179181162523,0.04715510460279937,0.0033475004064417164,0.035898368898218964,0.045887786684683116,0.002080182488325464
positive_no_prior_both,2025-12-31,VSS,0.002657184290907849,0.06068200468583562,0.004532342327916797,0.03633096485645354,0.058024820394927776,0.001875158037008948
positive_no_prior_both,2025-12-31,BND,-0.0024878972803974637,-0.0009446630105405251,-0.0007762418349576998,0.014727669148395395,0.0015432342698569385,0.001711655445439764
positive_no_prior_both,2025-12-31,IEF,-0.003245143728555855,-0.005378931439972923,-0.0009526743976414668,0.018288588328530715,-0.0021337877114170675,0.0022924693309143884
positive_no_prior_both,2025-12-31,BNDX,-0.0026107246143360087,0.002059820670583523,-0.0014431123367975233,0.012873337166984815,0.004670545284919532,0.0011676122775384854
positive_no_prior_both,2025-12-31,LQD,-0.0022657487321473876,0.0003398451129934532,-4.5164866476371e-05,0.022900953589154234,0.002605593845140841,0.0022205838656710166
positive_no_prior_both,2025-12-31,HYG,0.0005348128117643775,0.0029604455586125233,0.002071923879342799,0.017635067932639806,0.002425632746848146,0.0015371110675784215
positive_no_prior_both,2025-12-31,EWX,0.0031586983056835385,0.02711570928152862,0.00263605077057051,0.03071037457858055,0.023957010975845083,-0.0005226475351130283
positive_no_prior_both,2025-12-31,VWOB,-0.0003421920305738908,0.0003023714262653243,0.0016389120377338444,0.023188391303517228,0.0006445634568392151,0.0019811040683077354
positive_no_prior_both,2025-12-31,HYEM,-0.00032597781845854624,0.01193825183971775,0.001544965434632247,0.020202697331531117,0.012264229658176296,0.0018709432530907932
positive_no_prior_outputscale_only,2025-12-31,SPY,0.008746288455225123,0.011594066475381304,0.007141848616668773,0.033089960429586604,0.002847778020156181,-0.0016044398385563503
positive_no_prior_outputscale_only,2025-12-31,MGK,0.011310389866554206,-0.01981088189923419,0.0048879237831561066,0.046032647882389484,-0.031121271765788397,-0.006422466083398099
positive_no_prior_outputscale_only,2025-12-31,VTV,0.00644127900716659,0.04262615110326995,0.007962643819019379,0.028383141516861193,0.03618487209610336,0.0015213648118527889
positive_no_prior_outputscale_only,2025-12-31,IJR,0.0017895899013909218,0.05372327844739844,0.001110450361654546,0.04435176324557391,0.051933688546007516,-0.0006791395397363759
positive_no_prior_outputscale_only,2025-12-31,IWM,0.0016789140563080822,0.05153392029332182,0.003071576006417133,0.046096323701727934,0.04985500623701374,0.0013926619501090506
positive_no_prior_outputscale_only,2025-12-31,VNQ,0.0010921582919339653,0.0229258613639709,-0.0012538700413059752,0.04039440011420958,0.021833703072036935,-0.0023460283332399404
positive_no_prior_outputscale_only,2025-12-31,VNQI,-0.0016737721070152263,0.04257155181000494,0.00033079674913080747,0.03263700695562699,0.044245323917020164,0.002004568856146034
positive_no_prior_outputscale_only,2025-12-31,VEA,0.005004388894813503,0.05642561347994279,0.012473977142366777,0.03135730507337284,0.051421224585129294,0.007469588247553274
positive_no_prior_outputscale_only,2025-12-31,VWO,0.0012673179181162523,0.04715510460279937,0.005630734027614732,0.03293198755061822,0.045887786684683116,0.00436341610949848
positive_no_prior_outputscale_only,2025-12-31,VSS,0.002657184290907849,0.06068200468583562,0.005182882277893065,0.03076474519209629,0.058024820394927776,0.002525697986985216
positive_no_prior_outputscale_only,2025-12-31,BND,-0.0024878972803974637,-0.0009446630105405251,-0.0036878489052245608,0.013057667768994146,0.0015432342698569385,-0.001199951624827097
positive_no_prior_outputscale_only,2025-12-31,IEF,-0.003245143728555855,-0.005378931439972923,-0.005354150497276372,0.016230305885734535,-0.0021337877114170675,-0.002109006768720517
positive_no_prior_outputscale_only,2025-12-31,BNDX,-0.0026107246143360087,0.002059820670583523,-0.005488680418555019,0.011208857893339242,0.004670545284919532,-0.00287795580421901
positive_no_prior_outputscale_only,2025-12-31,LQD,-0.0022657487321473876,0.0003398451129934532,-0.003937173924522337,0.019956978293339814,0.002605593845140841,-0.0016714251923749491
positive_no_prior_outputscale_only,2025-12-31,HYG,0.0005348128117643775,0.0029604455586125233,0.000877092030313356,0.015558090546909133,0.002425632746848146,0.0003422792185489785
positive_no_prior_outputscale_only,2025-12-31,EWX,0.0031586983056835385,0.02711570928152862,0.002469306069953595,0.027357766648385302,0.023957010975845083,-0.0006893922357299434
positive_no_prior_outputscale_only,2025-12-31,VWOB,-0.0003421920305738908,0.0003023714262653243,0.0003797526661765795,0.020010732341538228,0.0006445634568392151,0.0007219446967504703
positive_no_prior_outputscale_only,2025-12-31,HYEM,-0.00032597781845854624,0.01193825183971775,0.004731265254254799,0.018745488183192965,0.012264229658176296,0.005057243072713345
positive_no_prior_lengthscale_only,2025-12-31,SPY,0.008746288455225123,0.011594066475381304,0.00955443370597073,0.0639712959125155,0.002847778020156181,0.000808145250745608
positive_no_prior_lengthscale_only,2025-12-31,MGK,0.011310389866554206,-0.01981088189923419,0.009243906348841695,0.07511166848074681,-0.031121271765788397,-0.002066483517712511
positive_no_prior_lengthscale_only,2025-12-31,VTV,0.00644127900716659,0.04262615110326995,0.009263174544139665,0.04752263592955947,0.03618487209610336,0.002821895536973075
positive_no_prior_lengthscale_only,2025-12-31,IJR,0.0017895899013909218,0.05372327844739844,0.008490504486533582,0.06996596394143736,0.051933688546007516,0.0067009145851426605
positive_no_prior_lengthscale_only,2025-12-31,IWM,0.0016789140563080822,0.05153392029332182,0.006746932244564706,0.07211896611371296,0.04985500623701374,0.0050680181882566235
positive_no_prior_lengthscale_only,2025-12-31,VNQ,0.0010921582919339653,0.0229258613639709,0.0003599740723321676,0.057914865619006245,0.021833703072036935,-0.0007321842196017977
positive_no_prior_lengthscale_only,2025-12-31,VNQI,-0.0016737721070152263,0.04257155181000494,-0.002325576929464951,0.0441505256254337,0.044245323917020164,-0.0006518048224497246
positive_no_prior_lengthscale_only,2025-12-31,VEA,0.005004388894813503,0.05642561347994279,0.008942596199408985,0.04691583959074952,0.051421224585129294,0.003938207304595482
positive_no_prior_lengthscale_only,2025-12-31,VWO,0.0012673179181162523,0.04715510460279937,0.001493423766347504,0.04123529169589173,0.045887786684683116,0.0002261058482312516
positive_no_prior_lengthscale_only,2025-12-31,VSS,0.002657184290907849,0.06068200468583562,0.002365765915566298,0.047630128740367816,0.058024820394927776,-0.00029141837534155113
positive_no_prior_lengthscale_only,2025-12-31,BND,-0.0024878972803974637,-0.0009446630105405251,-0.0015393670648160564,0.015529070576773532,0.0015432342698569385,0.0009485302155814073
positive_no_prior_lengthscale_only,2025-12-31,IEF,-0.003245143728555855,-0.005378931439972923,-0.002702387366940641,0.01795791816690193,-0.0021337877114170675,0.000542756361615214
positive_no_prior_lengthscale_only,2025-12-31,BNDX,-0.0026107246143360087,0.002059820670583523,-0.003426665733290391,0.01449738640139351,0.004670545284919532,-0.0008159411189543821
positive_no_prior_lengthscale_only,2025-12-31,LQD,-0.0022657487321473876,0.0003398451129934532,-0.0021662971602003835,0.02553303166624725,0.002605593845140841,9.945157194700405e-05
positive_no_prior_lengthscale_only,2025-12-31,HYG,0.0005348128117643775,0.0029604455586125233,0.0020711622854264738,0.025613418286121813,0.002425632746848146,0.0015363494736620963
positive_no_prior_lengthscale_only,2025-12-31,EWX,0.0031586983056835385,0.02711570928152862,-0.00030645118267112834,0.037544790933533384,0.023957010975845083,-0.003465149488354667
positive_no_prior_lengthscale_only,2025-12-31,VWOB,-0.0003421920305738908,0.0003023714262653243,-1.6851850145550113e-05,0.02930594574101396,0.0006445634568392151,0.0003253401804283407
positive_no_prior_lengthscale_only,2025-12-31,HYEM,-0.00032597781845854624,0.01193825183971775,0.0014804876021213987,0.025583145275949133,0.012264229658176296,0.001806465420579945
positive_no_prior_neither,2025-12-31,SPY,0.008746288455225123,0.011594066475381304,0.0068298583647986464,0.050654138737379145,0.002847778020156181,-0.0019164300904264764
positive_no_prior_neither,2025-12-31,MGK,0.011310389866554206,-0.01981088189923419,0.003246694686335691,0.05915451252457432,-0.031121271765788397,-0.008063695180218515
positive_no_prior_neither,2025-12-31,VTV,0.00644127900716659,0.04262615110326995,0.00803844626093921,0.03741551126885925,0.03618487209610336,0.001597167253772621
positive_no_prior_neither,2025-12-31,IJR,0.0017895899013909218,0.05372327844739844,0.0030928565363327228,0.057742433135824,0.051933688546007516,0.001303266634941801
positive_no_prior_neither,2025-12-31,IWM,0.0016789140563080822,0.05153392029332182,0.0007454311743899585,0.05998575516754953,0.04985500623701374,-0.0009334828819181237
positive_no_prior_neither,2025-12-31,VNQ,0.0010921582919339653,0.0229258613639709,-0.006688489095975203,0.046513230432257774,0.021833703072036935,-0.007780647387909168
positive_no_prior_neither,2025-12-31,VNQI,-0.0016737721070152263,0.04257155181000494,0.0031555242411586094,0.03543035768146582,0.044245323917020164,0.0048292963481738355
positive_no_prior_neither,2025-12-31,VEA,0.005004388894813503,0.05642561347994279,0.015395115715073059,0.0366409091921003,0.051421224585129294,0.010390726820259556
positive_no_prior_neither,2025-12-31,VWO,0.0012673179181162523,0.04715510460279937,0.005472557582258484,0.036918237947614896,0.045887786684683116,0.004205239664142232
positive_no_prior_neither,2025-12-31,VSS,0.002657184290907849,0.06068200468583562,0.007234682049815358,0.03713170741046108,0.058024820394927776,0.004577497758907509
positive_no_prior_neither,2025-12-31,BND,-0.0024878972803974637,-0.0009446630105405251,-0.0037878652958791307,0.012094526353561248,0.0015432342698569385,-0.001299968015481667
positive_no_prior_neither,2025-12-31,IEF,-0.003245143728555855,-0.005378931439972923,-0.005613930734448836,0.01471309722632669,-0.0021337877114170675,-0.0023687870058929812
positive_no_prior_neither,2025-12-31,BNDX,-0.0026107246143360087,0.002059820670583523,-0.005842731243465965,0.011370161605529781,0.004670545284919532,-0.003232006629129956
positive_no_prior_neither,2025-12-31,LQD,-0.0022657487321473876,0.0003398451129934532,-0.003980821252317751,0.01979930296977427,0.002605593845140841,-0.0017150725201703632
positive_no_prior_neither,2025-12-31,HYG,0.0005348128117643775,0.0029604455586125233,0.001924089434621971,0.018796736521029228,0.002425632746848146,0.0013892766228575935
positive_no_prior_neither,2025-12-31,EWX,0.0031586983056835385,0.02711570928152862,-0.0002085969472553034,0.0323742157267606,0.023957010975845083,-0.003367295252938842
positive_no_prior_neither,2025-12-31,VWOB,-0.0003421920305738908,0.0003023714262653243,0.0006491532660638989,0.02220454856568477,0.0006445634568392151,0.0009913452966377897
positive_no_prior_neither,2025-12-31,HYEM,-0.00032597781845854624,0.01193825183971775,0.004272752186387509,0.021266205305786427,0.012264229658176296,0.0045987300048460555
historical_mean,2026-01-30,SPY,0.0087953880762623,-0.011463064459755201,0.0087953880762623,0.04376018256408277,-0.0202584525360175,0.0
historical_mean,2026-01-30,MGK,0.010773816215419922,-0.049282081977910286,0.010773816215419922,0.05755467570999545,-0.06005589819333021,0.0
historical_mean,2026-01-30,VTV,0.00706515611227182,0.03464425383897951,0.00706515611227182,0.03985186721415389,0.02757909772670769,0.0
historical_mean,2026-01-30,IJR,0.002684998324597948,0.018113075612949725,0.002684998324597948,0.05666186940572184,0.015428077288351777,0.0
historical_mean,2026-01-30,IWM,0.0025384831293600433,0.003913446654500996,0.0025384831293600433,0.05803182711266881,0.0013749635251409527,0.0
historical_mean,2026-01-30,VNQ,0.0014686014483483952,0.05085567147315495,0.0014686014483483952,0.05498209882208653,0.04938707002480656,0.0
historical_mean,2026-01-30,VNQI,-0.0009109216946528097,0.05477043858428532,-0.0009109216946528097,0.04661006334219268,0.05568136027893813,0.0
historical_mean,2026-01-30,VEA,0.005890961732488146,0.05800790565870817,0.005890961732488146,0.04407595870355822,0.05211694392622002,0.0
historical_mean,2026-01-30,VWO,0.0020584866540590647,0.025936988754007295,0.0020584866540590647,0.04094181130205213,0.02387850209994823,0.0
historical_mean,2026-01-30,VSS,0.003657612228751431,0.046521625760379104,0.003657612228751431,0.044944013598831135,0.04286401353162767,0.0
historical_mean,2026-01-30,BND,-0.002461289792986137,0.013125538032234596,-0.002461289792986137,0.01815190811354069,0.015586827825220733,0.0
historical_mean,2026-01-30,IEF,-0.0032819331718561494,0.02178389001983616,-0.0032819331718561494,0.021654009676061948,0.02506582319169231,0.0
historical_mean,2026-01-30,BNDX,-0.0025301979714925688,0.01242298193585456,-0.0025301979714925688,0.014861741443180768,0.014953179907347128,0.0
historical_mean,2026-01-30,LQD,-0.0022208247003346147,0.010894680719308658,-0.0022208247003346147,0.027988929692119708,0.013115505419643273,0.0
historical_mean,2026-01-30,HYG,0.0005766340660203799,-0.0028581418854923824,0.0005766340660203799,0.021945543705572185,-0.0034347759515127624,0.0
historical_mean,2026-01-30,EWX,0.003571750219060178,0.03253007863200175,0.003571750219060178,0.035668627839499395,0.02895832841294157,0.0
historical_mean,2026-01-30,VWOB,-0.0003310788675249388,0.012410830018970698,-0.0003310788675249388,0.028515290288805777,0.012741908886495637,0.0
historical_mean,2026-01-30,HYEM,-0.00011452558297274804,0.006343486373523,-0.00011452558297274804,0.024664954581871748,0.006458011956495748,0.0
positive_no_prior_both,2026-01-30,SPY,0.0087953880762623,-0.011463064459755201,0.011403597476937873,0.037390104357051264,-0.0202584525360175,0.002608209400675573
positive_no_prior_both,2026-01-30,MGK,0.010773816215419922,-0.049282081977910286,0.00962890672400033,0.051319750288607725,-0.06005589819333021,-0.001144909491419592
positive_no_prior_both,2026-01-30,VTV,0.00706515611227182,0.03464425383897951,0.009369630865031784,0.034049170859312,0.02757909772670769,0.0023044747527599645
positive_no_prior_both,2026-01-30,IJR,0.002684998324597948,0.018113075612949725,0.007216712881619337,0.05007912497643927,0.015428077288351777,0.004531714557021388
positive_no_prior_both,2026-01-30,IWM,0.0025384831293600433,0.003913446654500996,0.008078254870977805,0.05203467614041764,0.0013749635251409527,0.005539771741617763
positive_no_prior_both,2026-01-30,VNQ,0.0014686014483483952,0.05085567147315495,0.003037273190115447,0.044113724440965486,0.04938707002480656,0.0015686717417670516
positive_no_prior_both,2026-01-30,VNQI,-0.0009109216946528097,0.05477043858428532,0.002157029140418005,0.03925715079475467,0.05568136027893813,0.0030679508350708144
positive_no_prior_both,2026-01-30,VEA,0.005890961732488146,0.05800790565870817,0.010901833004499265,0.038249228420000926,0.05211694392622002,0.005010871272011119
positive_no_prior_both,2026-01-30,VWO,0.0020584866540590647,0.025936988754007295,0.006662550161454654,0.035431764011742146,0.02387850209994823,0.004604063507395589
positive_no_prior_both,2026-01-30,VSS,0.003657612228751431,0.046521625760379104,0.0072592060090698705,0.038819455920391224,0.04286401353162767,0.0036015937803184394
positive_no_prior_both,2026-01-30,BND,-0.002461289792986137,0.013125538032234596,-0.0008815094732741169,0.01423181585808078,0.015586827825220733,0.0015797803197120201
positive_no_prior_both,2026-01-30,IEF,-0.0032819331718561494,0.02178389001983616,-0.0022508741444054034,0.01674624644879839,0.02506582319169231,0.001031059027450746
positive_no_prior_both,2026-01-30,BNDX,-0.0025301979714925688,0.01242298193585456,-0.0010654375466967456,0.011775345781153091,0.014953179907347128,0.0014647604247958231
positive_no_prior_both,2026-01-30,LQD,-0.0022208247003346147,0.010894680719308658,-0.00015167439776645267,0.02163078788701224,0.013115505419643273,0.002069150302568162
positive_no_prior_both,2026-01-30,HYG,0.0005766340660203799,-0.0028581418854923824,0.0020018288782199687,0.017545855184997825,-0.0034347759515127624,0.0014251948121995887
positive_no_prior_both,2026-01-30,EWX,0.003571750219060178,0.03253007863200175,0.0038865411181391012,0.03136921540382119,0.02895832841294157,0.0003147908990789234
positive_no_prior_both,2026-01-30,VWOB,-0.0003310788675249388,0.012410830018970698,0.001820921352367335,0.023556927136930136,0.012741908886495637,0.002152000219892274
positive_no_prior_both,2026-01-30,HYEM,-0.00011452558297274804,0.006343486373523,0.002013872063304522,0.021417780822366967,0.006458011956495748,0.00212839764627727
positive_no_prior_outputscale_only,2026-01-30,SPY,0.0087953880762623,-0.011463064459755201,0.011844333129175608,0.03356067953394415,-0.0202584525360175,0.0030489450529133082
positive_no_prior_outputscale_only,2026-01-30,MGK,0.010773816215419922,-0.049282081977910286,0.0031779953476442,0.04759720776064133,-0.06005589819333021,-0.007595820867775722
positive_no_prior_outputscale_only,2026-01-30,VTV,0.00706515611227182,0.03464425383897951,0.017941524385103838,0.030900883149301506,0.02757909772670769,0.010876368272832018
positive_no_prior_outputscale_only,2026-01-30,IJR,0.002684998324597948,0.018113075612949725,0.014235490033118485,0.048098028654297575,0.015428077288351777,0.011550491708520537
positive_no_prior_outputscale_only,2026-01-30,IWM,0.0025384831293600433,0.003913446654500996,0.01133269657693028,0.04741256497028379,0.0013749635251409527,0.008794213447570236
positive_no_prior_outputscale_only,2026-01-30,VNQ,0.0014686014483483952,0.05085567147315495,0.006211188038583192,0.040723892881026354,0.04938707002480656,0.004742586590234797
positive_no_prior_outputscale_only,2026-01-30,VNQI,-0.0009109216946528097,0.05477043858428532,0.01621567308302844,0.03528655721614505,0.05568136027893813,0.01712659477768125
positive_no_prior_outputscale_only,2026-01-30,VEA,0.005890961732488146,0.05800790565870817,0.023360754405974345,0.034023889688658784,0.05211694392622002,0.0174697926734862
positive_no_prior_outputscale_only,2026-01-30,VWO,0.0020584866540590647,0.025936988754007295,0.02080372868156793,0.03207259741217343,0.02387850209994823,0.018745242027508865
positive_no_prior_outputscale_only,2026-01-30,VSS,0.003657612228751431,0.046521625760379104,0.019958406462831223,0.03529230205542053,0.04286401353162767,0.01630079423407979
positive_no_prior_outputscale_only,2026-01-30,BND,-0.002461289792986137,0.013125538032234596,-0.001365563795697951,0.012445286737538636,0.015586827825220733,0.001095725997288186
positive_no_prior_outputscale_only,2026-01-30,IEF,-0.0032819331718561494,0.02178389001983616,-0.003449677616870708,0.015067026229281343,0.02506582319169231,-0.00016774444501455868
positive_no_prior_outputscale_only,2026-01-30,BNDX,-0.0025301979714925688,0.01242298193585456,-0.0019364450878409127,0.010885287389081795,0.014953179907347128,0.0005937528836516561
positive_no_prior_outputscale_only,2026-01-30,LQD,-0.0022208247003346147,0.010894680719308658,-0.000897349755138568,0.019278462563233765,0.013115505419643273,0.0013234749451960467
positive_no_prior_outputscale_only,2026-01-30,HYG,0.0005766340660203799,-0.0028581418854923824,0.0023001392889477525,0.01572994835657276,-0.0034347759515127624,0.0017235052229273725
positive_no_prior_outputscale_only,2026-01-30,EWX,0.003571750219060178,0.03253007863200175,0.011909365388300253,0.0288575350576158,0.02895832841294157,0.008337615169240075
positive_no_prior_outputscale_only,2026-01-30,VWOB,-0.0003310788675249388,0.012410830018970698,0.003836938910253635,0.020884050819735846,0.012741908886495637,0.004168017777778574
positive_no_prior_outputscale_only,2026-01-30,HYEM,-0.00011452558297274804,0.006343486373523,0.006053911973722546,0.018883247399718067,0.006458011956495748,0.006168437556695294
positive_no_prior_lengthscale_only,2026-01-30,SPY,0.0087953880762623,-0.011463064459755201,0.013922190856086678,0.06418112907476599,-0.0202584525360175,0.005126802779824378
positive_no_prior_lengthscale_only,2026-01-30,MGK,0.010773816215419922,-0.049282081977910286,0.010733754190560295,0.07872229188469886,-0.06005589819333021,-4.006202485962694e-05
positive_no_prior_lengthscale_only,2026-01-30,VTV,0.00706515611227182,0.03464425383897951,0.013600192426420698,0.047327448457223545,0.02757909772670769,0.006535036314148878
positive_no_prior_lengthscale_only,2026-01-30,IJR,0.002684998324597948,0.018113075612949725,0.006623820631911246,0.06260389382159383,0.015428077288351777,0.003938822307313298
positive_no_prior_lengthscale_only,2026-01-30,IWM,0.0025384831293600433,0.003913446654500996,0.004740431376966078,0.06520825588059259,0.0013749635251409527,0.0022019482476060346
positive_no_prior_lengthscale_only,2026-01-30,VNQ,0.0014686014483483952,0.05085567147315495,0.0012547380588825423,0.05779836994917718,0.04938707002480656,-0.00021386338946585291
positive_no_prior_lengthscale_only,2026-01-30,VNQI,-0.0009109216946528097,0.05477043858428532,0.004410892747543026,0.042978070028896496,0.05568136027893813,0.005321814442195836
positive_no_prior_lengthscale_only,2026-01-30,VEA,0.005890961732488146,0.05800790565870817,0.014761238780061376,0.04779044754431375,0.05211694392622002,0.00887027704757323
positive_no_prior_lengthscale_only,2026-01-30,VWO,0.0020584866540590647,0.025936988754007295,0.010154612039089631,0.04000196220277469,0.02387850209994823,0.008096125385030566
positive_no_prior_lengthscale_only,2026-01-30,VSS,0.003657612228751431,0.046521625760379104,0.01004170754875387,0.04786610688231025,0.04286401353162767,0.006384095320002438
positive_no_prior_lengthscale_only,2026-01-30,BND,-0.002461289792986137,0.013125538032234596,-0.00043052271400332437,0.016099510067522367,0.015586827825220733,0.0020307670789828126
positive_no_prior_lengthscale_only,2026-01-30,IEF,-0.0032819331718561494,0.02178389001983616,-0.0018452097986760264,0.018640078313780374,0.02506582319169231,0.001436723373180123
positive_no_prior_lengthscale_only,2026-01-30,BNDX,-0.0025301979714925688,0.01242298193585456,-0.0015898096762955024,0.015070055424654092,0.014953179907347128,0.0009403882951970663
positive_no_prior_lengthscale_only,2026-01-30,LQD,-0.0022208247003346147,0.010894680719308658,-0.0002206137600338099,0.02650586590637079,0.013115505419643273,0.0020002109403008048
positive_no_prior_lengthscale_only,2026-01-30,HYG,0.0005766340660203799,-0.0028581418854923824,0.001872607879683141,0.025567551860018526,-0.0034347759515127624,0.001295973813662761
positive_no_prior_lengthscale_only,2026-01-30,EWX,0.003571750219060178,0.03253007863200175,0.005846724012896256,0.037446385360569004,0.02895832841294157,0.0022749737938360785
positive_no_prior_lengthscale_only,2026-01-30,VWOB,-0.0003310788675249388,0.012410830018970698,0.0015784305761865319,0.03073783205580455,0.012741908886495637,0.0019095094437114708
positive_no_prior_lengthscale_only,2026-01-30,HYEM,-0.00011452558297274804,0.006343486373523,0.001228688844970159,0.026409461410456046,0.006458011956495748,0.0013432144279429071
positive_no_prior_neither,2026-01-30,SPY,0.0087953880762623,-0.011463064459755201,0.017413776449085074,0.06245933839502908,-0.0202584525360175,0.008618388372822774
positive_no_prior_neither,2026-01-30,MGK,0.010773816215419922,-0.049282081977910286,0.010235118980598494,0.07322965914092323,-0.06005589819333021,-0.0005386972348214274
positive_no_prior_neither,2026-01-30,VTV,0.00706515611227182,0.03464425383897951,0.01709540528554883,0.049518678994973635,0.02757909772670769,0.010030249173277009
positive_no_prior_neither,2026-01-30,IJR,0.002684998324597948,0.018113075612949725,0.008218233275473216,0.06764226663349664,0.015428077288351777,0.005533234950875267
positive_no_prior_neither,2026-01-30,IWM,0.0025384831293600433,0.003913446654500996,0.006472502537070157,0.06932209438618299,0.0013749635251409527,0.003934019407710114
positive_no_prior_neither,2026-01-30,VNQ,0.0014686014483483952,0.05085567147315495,-0.0005596198220591884,0.05735123444879821,0.04938707002480656,-0.0020282212704075837
positive_no_prior_neither,2026-01-30,VNQI,-0.0009109216946528097,0.05477043858428532,0.013138101238626661,0.04264510833578918,0.05568136027893813,0.01404902293327947
positive_no_prior_neither,2026-01-30,VEA,0.005890961732488146,0.05800790565870817,0.022819928740062115,0.046332530507549145,0.05211694392622002,0.01692896700757397
positive_no_prior_neither,2026-01-30,VWO,0.0020584866540590647,0.025936988754007295,0.023254940752224555,0.04119151174152493,0.02387850209994823,0.02119645409816549
positive_no_prior_neither,2026-01-30,VSS,0.003657612228751431,0.046521625760379104,0.016333181611281757,0.04674968262774939,0.04286401353162767,0.012675569382530325
positive_no_prior_neither,2026-01-30,BND,-0.002461289792986137,0.013125538032234596,0.000763016002306285,0.015307726683904146,0.015586827825220733,0.003224305795292422
positive_no_prior_neither,2026-01-30,IEF,-0.0032819331718561494,0.02178389001983616,-0.000718895609298146,0.018236909416219436,0.02506582319169231,0.0025630375625580034
positive_no_prior_neither,2026-01-30,BNDX,-0.0025301979714925688,0.01242298193585456,-0.0003888778440766646,0.014789633754040528,0.014953179907347128,0.002141320127415904
positive_no_prior_neither,2026-01-30,LQD,-0.0022208247003346147,0.010894680719308658,0.0015165218133689883,0.02466294601968778,0.013115505419643273,0.003737346513703603
positive_no_prior_neither,2026-01-30,HYG,0.0005766340660203799,-0.0028581418854923824,0.0030337464245510965,0.024830094178508507,-0.0034347759515127624,0.0024571123585307164
positive_no_prior_neither,2026-01-30,EWX,0.003571750219060178,0.03253007863200175,0.012774791069707536,0.03695207668909851,0.02895832841294157,0.009203040850647357
positive_no_prior_neither,2026-01-30,VWOB,-0.0003310788675249388,0.012410830018970698,0.005445078627236949,0.02836686939564301,0.012741908886495637,0.005776157494761887
positive_no_prior_neither,2026-01-30,HYEM,-0.00011452558297274804,0.006343486373523,0.003313775851647653,0.02544230878383021,0.006458011956495748,0.0034283014346204012
historical_mean,2026-02-27,SPY,0.008452024473956918,-0.05236481425659356,0.008452024473956918,0.043461398416077594,-0.06081683873055048,0.0
historical_mean,2026-02-27,MGK,0.009755919635871952,-0.05256666804441845,0.009755919635871952,0.0575895703996244,-0.062322587680290406,0.0
historical_mean,2026-02-27,VTV,0.0075325984466227975,-0.05111916666844174,0.0075325984466227975,0.03966964449209813,-0.058651765115064536,0.0
historical_mean,2026-02-27,IJR,0.0029464911599937408,-0.0430573291552121,0.0029464911599937408,0.0562071807255351,-0.04600382031520584,0.0
historical_mean,2026-02-27,IWM,0.002561787595887856,-0.052595723393065286,0.002561787595887856,0.057529656083935336,-0.05515751098895314,0.0
historical_mean,2026-02-27,VNQ,0.002305670431819693,-0.066081450572396,0.002305670431819693,0.05488397168531979,-0.06838712100421569,0.0
historical_mean,2026-02-27,VNQI,3.283017448173479e-05,-0.1261996923521307,3.283017448173479e-05,0.04677168513589526,-0.12623252252661243,0.0
historical_mean,2026-02-27,VEA,0.006774299765135943,-0.0890166153043781,0.006774299765135943,0.04421800941745542,-0.09579091506951404,0.0
historical_mean,2026-02-27,VWO,0.0024632070286344583,-0.07262882161942752,0.0024632070286344583,0.04070620933946308,-0.07509202864806198,0.0
historical_mean,2026-02-27,VSS,0.004384120932677324,-0.09195775776152426,0.004384120932677324,0.044902989495041144,-0.09634187869420159,0.0
historical_mean,2026-02-27,BND,-0.0021971062705247687,-0.020459273388676813,-0.0021971062705247687,0.018108800586641993,-0.018262167118152043,0.0
historical_mean,2026-02-27,IEF,-0.0028570887109800086,-0.02626946195927571,-0.0028570887109800086,0.02171314797696794,-0.0234123732482957,0.0
historical_mean,2026-02-27,BNDX,-0.002276754244249397,-0.02445812349945309,-0.002276754244249397,0.014861124503188227,-0.02218136925520369,0.0
historical_mean,2026-02-27,LQD,-0.0019985279983067627,-0.02380357071815431,-0.0019985279983067627,0.027799085668264167,-0.021805042719847546,0.0
historical_mean,2026-02-27,HYG,0.0005184175244693163,-0.01264655652256541,0.0005184175244693163,0.021760130566391447,-0.013164974047034726,0.0
historical_mean,2026-02-27,EWX,0.004062569344703256,-0.05906694056130268,0.004062569344703256,0.0355602158473397,-0.06312950990600594,0.0
historical_mean,2026-02-27,VWOB,-0.0001151143101267077,-0.03742886388704314,-0.0001151143101267077,0.02831703091655382,-0.03731374957691643,0.0
historical_mean,2026-02-27,HYEM,-5.067753201633674e-06,-0.024402651519384255,-5.067753201633674e-06,0.024465851696778215,-0.02439758376618262,0.0
positive_no_prior_both,2026-02-27,SPY,0.008452024473956918,-0.05236481425659356,0.00748462783108212,0.03863567377653458,-0.06081683873055048,-0.0009673966428747974
positive_no_prior_both,2026-02-27,MGK,0.009755919635871952,-0.05256666804441845,0.007767871614341864,0.05483490490875909,-0.062322587680290406,-0.0019880480215300885
positive_no_prior_both,2026-02-27,VTV,0.0075325984466227975,-0.05111916666844174,0.011229653708412394,0.03671961408188179,-0.058651765115064536,0.0036970552617895964
positive_no_prior_both,2026-02-27,IJR,0.0029464911599937408,-0.0430573291552121,0.004540129408428045,0.05309731966424271,-0.04600382031520584,0.0015936382484343045
positive_no_prior_both,2026-02-27,IWM,0.002561787595887856,-0.052595723393065286,0.004188145586519757,0.05144672059736085,-0.05515751098895314,0.0016263579906319013
positive_no_prior_both,2026-02-27,VNQ,0.002305670431819693,-0.066081450572396,0.005739087243904302,0.05005571459131022,-0.06838712100421569,0.0034334168120846087
positive_no_prior_both,2026-02-27,VNQI,3.283017448173479e-05,-0.1261996923521307,0.006633592959398936,0.04192085237301582,-0.12623252252661243,0.006600762784917201
positive_no_prior_both,2026-02-27,VEA,0.006774299765135943,-0.0890166153043781,0.013193932600692244,0.03879398171401613,-0.09579091506951404,0.006419632835556302
positive_no_prior_both,2026-02-27,VWO,0.0024632070286344583,-0.07262882161942752,0.010547844517716213,0.037859205652442246,-0.07509202864806198,0.008084637489081755
positive_no_prior_both,2026-02-27,VSS,0.004384120932677324,-0.09195775776152426,0.011135879185580198,0.039753188315107865,-0.09634187869420159,0.006751758252902874
positive_no_prior_both,2026-02-27,BND,-0.0021971062705247687,-0.020459273388676813,-0.0008366344852510147,0.015670229742145117,-0.018262167118152043,0.001360471785273754
positive_no_prior_both,2026-02-27,IEF,-0.0028570887109800086,-0.02626946195927571,-0.0015827134219011068,0.019060856266101215,-0.0234123732482957,0.0012743752890789018
positive_no_prior_both,2026-02-27,BNDX,-0.002276754244249397,-0.02445812349945309,-0.001691082945920764,0.014273884315431619,-0.02218136925520369,0.0005856712983286329
positive_no_prior_both,2026-02-27,LQD,-0.0019985279983067627,-0.02380357071815431,-0.0005653601861754598,0.02345510771209653,-0.021805042719847546,0.001433167812131303
positive_no_prior_both,2026-02-27,HYG,0.0005184175244693163,-0.01264655652256541,0.0011225639285122142,0.018513762213397747,-0.013164974047034726,0.000604146404042898
positive_no_prior_both,2026-02-27,EWX,0.004062569344703256,-0.05906694056130268,0.007995233895814028,0.03296250718772157,-0.06312950990600594,0.003932664551110772
positive_no_prior_both,2026-02-27,VWOB,-0.0001151143101267077,-0.03742886388704314,0.002427535176595659,0.024794007011726092,-0.03731374957691643,0.0025426494867223665
positive_no_prior_both,2026-02-27,HYEM,-5.067753201633674e-06,-0.024402651519384255,0.0025581011458521126,0.02134634847402769,-0.02439758376618262,0.002563168899053746
positive_no_prior_outputscale_only,2026-02-27,SPY,0.008452024473956918,-0.05236481425659356,0.0010137767223123107,0.03335942614043454,-0.06081683873055048,-0.007438247751644607
positive_no_prior_outputscale_only,2026-02-27,MGK,0.009755919635871952,-0.05256666804441845,-0.009055793138578913,0.046102404269336705,-0.062322587680290406,-0.018811712774450866
positive_no_prior_outputscale_only,2026-02-27,VTV,0.0075325984466227975,-0.05111916666844174,0.017292412561879564,0.033602173034222006,-0.058651765115064536,0.009759814115256766
positive_no_prior_outputscale_only,2026-02-27,IJR,0.0029464911599937408,-0.0430573291552121,0.009734645995035728,0.04650619870689265,-0.04600382031520584,0.006788154835041986
positive_no_prior_outputscale_only,2026-02-27,IWM,0.002561787595887856,-0.052595723393065286,0.005235577374406414,0.04857304642884043,-0.05515751098895314,0.002673789778518558
positive_no_prior_outputscale_only,2026-02-27,VNQ,0.002305670431819693,-0.066081450572396,0.014473754655026334,0.04597234862460171,-0.06838712100421569,0.01216808422320664
positive_no_prior_outputscale_only,2026-02-27,VNQI,3.283017448173479e-05,-0.1261996923521307,0.01901028225335548,0.038419656073693076,-0.12623252252661243,0.018977452078873743
positive_no_prior_outputscale_only,2026-02-27,VEA,0.006774299765135943,-0.0890166153043781,0.024499675950339035,0.036429755530680216,-0.09579091506951404,0.017725376185203093
positive_no_prior_outputscale_only,2026-02-27,VWO,0.0024632070286344583,-0.07262882161942752,0.021012436853029087,0.035932022284108335,-0.07509202864806198,0.01854922982439463
positive_no_prior_outputscale_only,2026-02-27,VSS,0.004384120932677324,-0.09195775776152426,0.02323442859984419,0.03712440978843927,-0.09634187869420159,0.018850307667166867
positive_no_prior_outputscale_only,2026-02-27,BND,-0.0021971062705247687,-0.020459273388676813,0.0021137111632002436,0.013715791657894402,-0.018262167118152043,0.004310817433725012
positive_no_prior_outputscale_only,2026-02-27,IEF,-0.0028570887109800086,-0.02626946195927571,0.0032898461949285875,0.01696201137913413,-0.0234123732482957,0.006146934905908596
positive_no_prior_outputscale_only,2026-02-27,BNDX,-0.002276754244249397,-0.02445812349945309,-0.0007017762528645478,0.012657326607226045,-0.02218136925520369,0.0015749779913848492
positive_no_prior_outputscale_only,2026-02-27,LQD,-0.0019985279983067627,-0.02380357071815431,0.0012292819542010602,0.020530151461623992,-0.021805042719847546,0.003227809952507823
positive_no_prior_outputscale_only,2026-02-27,HYG,0.0005184175244693163,-0.01264655652256541,-0.0003011726856124964,0.01667181615322581,-0.013164974047034726,-0.0008195902100818127
positive_no_prior_outputscale_only,2026-02-27,EWX,0.004062569344703256,-0.05906694056130268,0.017617565152780085,0.031102540791692376,-0.06312950990600594,0.01355499580807683
positive_no_prior_outputscale_only,2026-02-27,VWOB,-0.0001151143101267077,-0.03742886388704314,0.004581582816835081,0.021805363121621298,-0.03731374957691643,0.004696697126961789
positive_no_prior_outputscale_only,2026-02-27,HYEM,-5.067753201633674e-06,-0.024402651519384255,0.004098505340505545,0.019934558417203485,-0.02439758376618262,0.004103573093707179
positive_no_prior_lengthscale_only,2026-02-27,SPY,0.008452024473956918,-0.05236481425659356,0.008253798104907964,0.06152110279532467,-0.06081683873055048,-0.00019822636904895385
positive_no_prior_lengthscale_only,2026-02-27,MGK,0.009755919635871952,-0.05256666804441845,0.0056873458945495715,0.07170236363023107,-0.062322587680290406,-0.004068573741322381
positive_no_prior_lengthscale_only,2026-02-27,VTV,0.0075325984466227975,-0.05111916666844174,0.008173134589329313,0.05128149956119249,-0.058651765115064536,0.0006405361427065156
positive_no_prior_lengthscale_only,2026-02-27,IJR,0.0029464911599937408,-0.0430573291552121,0.0008022320889351626,0.06739782469616871,-0.04600382031520584,-0.002144259071058578
positive_no_prior_lengthscale_only,2026-02-27,IWM,0.002561787595887856,-0.052595723393065286,0.0013653973520694213,0.06887204041847605,-0.05515751098895314,-0.0011963902438184345
positive_no_prior_lengthscale_only,2026-02-27,VNQ,0.002305670431819693,-0.066081450572396,0.0005627897893778783,0.059482722625723045,-0.06838712100421569,-0.0017428806424418146
positive_no_prior_lengthscale_only,2026-02-27,VNQI,3.283017448173479e-05,-0.1261996923521307,-0.0009045009119857803,0.04642658893881573,-0.12623252252661243,-0.0009373310864675151
positive_no_prior_lengthscale_only,2026-02-27,VEA,0.006774299765135943,-0.0890166153043781,0.010531750913234843,0.04904071843788493,-0.09579091506951404,0.0037574511480989005
positive_no_prior_lengthscale_only,2026-02-27,VWO,0.0024632070286344583,-0.07262882161942752,0.006342758340180314,0.041412309465649604,-0.07509202864806198,0.0038795513115458557
positive_no_prior_lengthscale_only,2026-02-27,VSS,0.004384120932677324,-0.09195775776152426,0.008573344435779404,0.048695185750100664,-0.09634187869420159,0.00418922350310208
positive_no_prior_lengthscale_only,2026-02-27,BND,-0.0021971062705247687,-0.020459273388676813,-0.0016557114278310306,0.015315141801374173,-0.018262167118152043,0.0005413948426937381
positive_no_prior_lengthscale_only,2026-02-27,IEF,-0.0028570887109800086,-0.02626946195927571,-0.0027517864827788247,0.018019448416863686,-0.0234123732482957,0.0001053022282011839
positive_no_prior_lengthscale_only,2026-02-27,BNDX,-0.002276754244249397,-0.02445812349945309,-0.002535049444773417,0.014146415640869563,-0.02218136925520369,-0.0002582952005240201
positive_no_prior_lengthscale_only,2026-02-27,LQD,-0.0019985279983067627,-0.02380357071815431,-0.0034808311775627303,0.024808842664650887,-0.021805042719847546,-0.0014823031792559676
positive_no_prior_lengthscale_only,2026-02-27,HYG,0.0005184175244693163,-0.01264655652256541,-0.001444699431646527,0.02422544455037309,-0.013164974047034726,-0.001963116956115843
positive_no_prior_lengthscale_only,2026-02-27,EWX,0.004062569344703256,-0.05906694056130268,0.008591484840723706,0.03698308840443683,-0.06312950990600594,0.00452891549602045
positive_no_prior_lengthscale_only,2026-02-27,VWOB,-0.0001151143101267077,-0.03742886388704314,-0.002019515203335155,0.0292598687055189,-0.03731374957691643,-0.0019044008932084474
positive_no_prior_lengthscale_only,2026-02-27,HYEM,-5.067753201633674e-06,-0.024402651519384255,-0.0010272566770368257,0.025992790733836264,-0.02439758376618262,-0.001022188923835192
positive_no_prior_neither,2026-02-27,SPY,0.008452024473956918,-0.05236481425659356,0.0024621819516307247,0.05828495501833688,-0.06081683873055048,-0.005989842522326193
positive_no_prior_neither,2026-02-27,MGK,0.009755919635871952,-0.05256666804441845,-0.0056141940194497884,0.06856776886893662,-0.062322587680290406,-0.01537011365532174
positive_no_prior_neither,2026-02-27,VTV,0.0075325984466227975,-0.05111916666844174,0.009118342201146056,0.048364467553572196,-0.058651765115064536,0.0015857437545232587
positive_no_prior_neither,2026-02-27,IJR,0.0029464911599937408,-0.0430573291552121,0.0012400640636245322,0.06428118620496387,-0.04600382031520584,-0.0017064270963692086
positive_no_prior_neither,2026-02-27,IWM,0.002561787595887856,-0.052595723393065286,-0.00021176031013255513,0.06570530835451815,-0.05515751098895314,-0.002773547906020411
positive_no_prior_neither,2026-02-27,VNQ,0.002305670431819693,-0.066081450572396,0.0003399933675114664,0.057700239954788894,-0.06838712100421569,-0.0019656770643082266
positive_no_prior_neither,2026-02-27,VNQI,3.283017448173479e-05,-0.1261996923521307,0.005934466755924438,0.04581211483194973,-0.12623252252661243,0.005901636581442703
positive_no_prior_neither,2026-02-27,VEA,0.006774299765135943,-0.0890166153043781,0.01521549457797779,0.046849489095193944,-0.09579091506951404,0.008441194812841848
positive_no_prior_neither,2026-02-27,VWO,0.0024632070286344583,-0.07262882161942752,0.012377513510062086,0.04248744252880253,-0.07509202864806198,0.009914306481427628
positive_no_prior_neither,2026-02-27,VSS,0.004384120932677324,-0.09195775776152426,0.013310442729611599,0.046962846033886944,-0.09634187869420159,0.008926321796934275
positive_no_prior_neither,2026-02-27,BND,-0.0021971062705247687,-0.020459273388676813,-0.0008054866186932683,0.015031177788959285,-0.018262167118152043,0.0013916196518315004
positive_no_prior_neither,2026-02-27,IEF,-0.0028570887109800086,-0.02626946195927571,-0.0015352247249405605,0.017961955464648557,-0.0234123732482957,0.0013218639860394482
positive_no_prior_neither,2026-02-27,BNDX,-0.002276754244249397,-0.02445812349945309,-0.0022288366514609296,0.01383880688376305,-0.02218136925520369,4.791759278846737e-05
positive_no_prior_neither,2026-02-27,LQD,-0.0019985279983067627,-0.02380357071815431,-0.0033755809939835474,0.023891969046829043,-0.021805042719847546,-0.0013770529956767846
positive_no_prior_neither,2026-02-27,HYG,0.0005184175244693163,-0.01264655652256541,-0.004161928305090883,0.023104515464495157,-0.013164974047034726,-0.004680345829560199
positive_no_prior_neither,2026-02-27,EWX,0.004062569344703256,-0.05906694056130268,0.013301037648276458,0.03764513158842638,-0.06312950990600594,0.009238468303573203
positive_no_prior_neither,2026-02-27,VWOB,-0.0001151143101267077,-0.03742886388704314,-0.0012472336103912952,0.028161082230280268,-0.03731374957691643,-0.0011321193002645875
positive_no_prior_neither,2026-02-27,HYEM,-5.067753201633674e-06,-0.024402651519384255,-0.0004314339769765102,0.026134275836869402,-0.02439758376618262,-0.0004263662237748765
historical_mean,2026-03-31,SPY,0.00743841049511441,0.10158469057343722,0.00743841049511441,0.04380094533218517,0.0941462800783228,0.0
historical_mean,2026-03-31,MGK,0.008717209841200446,0.13945658747726553,0.008717209841200446,0.057663513967847115,0.13073937763606508,0.0
historical_mean,2026-03-31,VTV,0.006555069028038389,0.0506170669983208,0.006555069028038389,0.04005423780130565,0.044061997970282415,0.0
historical_mean,2026-03-31,IJR,0.002179760821406977,0.09942684130728341,0.002179760821406977,0.056044385336257975,0.09724708048587644,0.0
historical_mean,2026-03-31,IWM,0.0016424957460719702,0.11732924859591698,0.0016424957460719702,0.057482790683064756,0.115686752849845,0.0
historical_mean,2026-03-31,VNQ,0.0011658850817494312,0.08261211567781301,0.0011658850817494312,0.05512841278293588,0.08144623059606358,0.0
historical_mean,2026-03-31,VNQI,-0.0020710452009618054,0.05920759938488018,-0.0020710452009618054,0.04915374065698681,0.061278644585841986,0.0
historical_mean,2026-03-31,VEA,0.005177784513977376,0.07028850576993428,0.005177784513977376,0.04555243662199848,0.0651107212559569,0.0
historical_mean,2026-03-31,VWO,0.0012116732178334255,0.08686516780484332,0.0012116732178334255,0.041507722443310205,0.0856534945870099,0.0
historical_mean,2026-03-31,VSS,0.002778422954440631,0.08096490152679459,0.002778422954440631,0.046225536385739896,0.07818647857235396,0.0
historical_mean,2026-03-31,BND,-0.0025014757224939696,-0.001644084190784434,-0.0025014757224939696,0.01810880977936401,0.0008573915317095357,0.0
historical_mean,2026-03-31,IEF,-0.003247294931784937,-0.004636900424381141,-0.003247294931784937,0.021739493734252734,-0.0013896054925962038,0.0
historical_mean,2026-03-31,BNDX,-0.002646443731836125,-0.0008092670395931645,-0.002646443731836125,0.015010328743313879,0.0018371766922429607,0.0
historical_mean,2026-03-31,LQD,-0.0023619453769708884,-0.0003280238707080718,-0.0023619453769708884,0.027705872555016418,0.0020339215062628166,0.0
historical_mean,2026-03-31,HYG,0.00029900129035207075,0.012020620280474459,0.00029900129035207075,0.02164177469464109,0.011721618990122388,0.0
historical_mean,2026-03-31,EWX,0.003010410846269823,0.10571433591391832,0.003010410846269823,0.03618726996296255,0.1027039250676485,0.0
historical_mean,2026-03-31,VWOB,-0.0007370101364086482,0.020791542317250666,-0.0007370101364086482,0.0284862906540071,0.021528552453659314,0.0
historical_mean,2026-03-31,HYEM,-0.0004116941493046774,0.022278894658412263,-0.0004116941493046774,0.02446125942559684,0.02269058880771694,0.0
positive_no_prior_both,2026-03-31,SPY,0.00743841049511441,0.10158469057343722,0.006614055323087974,0.0334000491625866,0.0941462800783228,-0.0008243551720264362
positive_no_prior_both,2026-03-31,MGK,0.008717209841200446,0.13945658747726553,0.0106309440083147,0.04354017777754044,0.13073937763606508,0.0019137341671142533
positive_no_prior_both,2026-03-31,VTV,0.006555069028038389,0.0506170669983208,0.004644510169464796,0.03043604249269908,0.044061997970282415,-0.001910558858573593
positive_no_prior_both,2026-03-31,IJR,0.002179760821406977,0.09942684130728341,-0.0032541927050358864,0.042254156746147804,0.09724708048587644,-0.005433953526442863
positive_no_prior_both,2026-03-31,IWM,0.0016424957460719702,0.11732924859591698,-0.0014989452538994863,0.04282507878094298,0.115686752849845,-0.0031414409999714565
positive_no_prior_both,2026-03-31,VNQ,0.0011658850817494312,0.08261211567781301,-0.0010733384702344443,0.04019238971298834,0.08144623059606358,-0.0022392235519838755
positive_no_prior_both,2026-03-31,VNQI,-0.0020710452009618054,0.05920759938488018,0.00031113674400721483,0.0346009877747296,0.061278644585841986,0.0023821819449690203
positive_no_prior_both,2026-03-31,VEA,0.005177784513977376,0.07028850576993428,0.007990135551480504,0.03373357391410171,0.0651107212559569,0.0028123510375031285
positive_no_prior_both,2026-03-31,VWO,0.0012116732178334255,0.08686516780484332,0.005959823206424135,0.032080984916996506,0.0856534945870099,0.004748149988590709
positive_no_prior_both,2026-03-31,VSS,0.002778422954440631,0.08096490152679459,0.006411346221434567,0.03405493598947261,0.07818647857235396,0.0036329232669939358
positive_no_prior_both,2026-03-31,BND,-0.0025014757224939696,-0.001644084190784434,-0.0008953803730137274,0.012465811728860465,0.0008573915317095357,0.0016060953494802421
positive_no_prior_both,2026-03-31,IEF,-0.003247294931784937,-0.004636900424381141,-0.0017135627346602492,0.015477106533610422,-0.0013896054925962038,0.0015337321971246878
positive_no_prior_both,2026-03-31,BNDX,-0.002646443731836125,-0.0008092670395931645,-0.0011285752442132793,0.011000148696109713,0.0018371766922429607,0.0015178684876228459
positive_no_prior_both,2026-03-31,LQD,-0.0023619453769708884,-0.0003280238707080718,-0.00045816492902462096,0.018427953820412107,0.0020339215062628166,0.0019037804479462674
positive_no_prior_both,2026-03-31,HYG,0.00029900129035207075,0.012020620280474459,0.001267731549701083,0.014480594309369866,0.011721618990122388,0.0009687302593490123
positive_no_prior_both,2026-03-31,EWX,0.003010410846269823,0.10571433591391832,0.00456033456456795,0.02922364122921736,0.1027039250676485,0.0015499237182981266
positive_no_prior_both,2026-03-31,VWOB,-0.0007370101364086482,0.020791542317250666,0.0006511426921357814,0.019588482303692218,0.021528552453659314,0.0013881528285444296
positive_no_prior_both,2026-03-31,HYEM,-0.0004116941493046774,0.022278894658412263,0.000931213582514635,0.0190358541641964,0.02269058880771694,0.0013429077318193124
positive_no_prior_outputscale_only,2026-03-31,SPY,0.00743841049511441,0.10158469057343722,-0.002657010375149209,0.03836716568833847,0.0941462800783228,-0.010095420870263619
positive_no_prior_outputscale_only,2026-03-31,MGK,0.008717209841200446,0.13945658747726553,0.00030010675220270254,0.051517307855373194,0.13073937763606508,-0.008417103088997744
positive_no_prior_outputscale_only,2026-03-31,VTV,0.006555069028038389,0.0506170669983208,-0.00674310491562335,0.03569540253722266,0.044061997970282415,-0.013298173943661739
positive_no_prior_outputscale_only,2026-03-31,IJR,0.002179760821406977,0.09942684130728341,-0.013519150927051908,0.04866289003949692,0.09724708048587644,-0.015698911748458885
positive_no_prior_outputscale_only,2026-03-31,IWM,0.0016424957460719702,0.11732924859591698,-0.012824510692906218,0.0492737068986254,0.115686752849845,-0.014467006438978188
positive_no_prior_outputscale_only,2026-03-31,VNQ,0.0011658850817494312,0.08261211567781301,-0.007898967326244333,0.045372073085403135,0.08144623059606358,-0.009064852407993765
positive_no_prior_outputscale_only,2026-03-31,VNQI,-0.0020710452009618054,0.05920759938488018,-0.015245318187489292,0.041929918410569346,0.061278644585841986,-0.013174272986527487
positive_no_prior_outputscale_only,2026-03-31,VEA,0.005177784513977376,0.07028850576993428,-0.006267466680554733,0.03951118030110608,0.0651107212559569,-0.01144525119453211
positive_no_prior_outputscale_only,2026-03-31,VWO,0.0012116732178334255,0.08686516780484332,-0.006874422866755137,0.03711291713589054,0.0856534945870099,-0.008086096084588563
positive_no_prior_outputscale_only,2026-03-31,VSS,0.002778422954440631,0.08096490152679459,-0.01027290895418557,0.04037448772629272,0.07818647857235396,-0.013051331908626201
positive_no_prior_outputscale_only,2026-03-31,BND,-0.0025014757224939696,-0.001644084190784434,-0.003107141104952706,0.014243203064704653,0.0008573915317095357,-0.0006056653824587366
positive_no_prior_outputscale_only,2026-03-31,IEF,-0.003247294931784937,-0.004636900424381141,-0.004303157665796311,0.016882960781992955,-0.0013896054925962038,-0.0010558627340113737
positive_no_prior_outputscale_only,2026-03-31,BNDX,-0.002646443731836125,-0.0008092670395931645,-0.004145308873295717,0.012461817351004595,0.0018371766922429607,-0.0014988651414595921
positive_no_prior_outputscale_only,2026-03-31,LQD,-0.0023619453769708884,-0.0003280238707080718,-0.003100639186800423,0.021947859220088184,0.0020339215062628166,-0.0007386938098295345
positive_no_prior_outputscale_only,2026-03-31,HYG,0.00029900129035207075,0.012020620280474459,-0.0006346177045978593,0.01763341525902792,0.011721618990122388,-0.00093361899494993
positive_no_prior_outputscale_only,2026-03-31,EWX,0.003010410846269823,0.10571433591391832,-0.005038964754945257,0.0336786883154592,0.1027039250676485,-0.00804937560121508
positive_no_prior_outputscale_only,2026-03-31,VWOB,-0.0007370101364086482,0.020791542317250666,-0.0036238963470264455,0.023363265394592245,0.021528552453659314,-0.0028868862106177975
positive_no_prior_outputscale_only,2026-03-31,HYEM,-0.0004116941493046774,0.022278894658412263,-0.00410738444216462,0.021436732763108587,0.02269058880771694,-0.003695690292859943
positive_no_prior_lengthscale_only,2026-03-31,SPY,0.00743841049511441,0.10158469057343722,0.007852895295274316,0.06077971822720986,0.0941462800783228,0.0004144848001599059
positive_no_prior_lengthscale_only,2026-03-31,MGK,0.008717209841200446,0.13945658747726553,0.009257146684843408,0.06974226715622898,0.13073937763606508,0.0005399368436429623
positive_no_prior_lengthscale_only,2026-03-31,VTV,0.006555069028038389,0.0506170669983208,0.005535661895072319,0.04956752072692121,0.044061997970282415,-0.0010194071329660695
positive_no_prior_lengthscale_only,2026-03-31,IJR,0.002179760821406977,0.09942684130728341,0.0017620123287796796,0.06818350893102963,0.09724708048587644,-0.00041774849262729737
positive_no_prior_lengthscale_only,2026-03-31,IWM,0.0016424957460719702,0.11732924859591698,0.0014316595171360276,0.06980321027032502,0.115686752849845,-0.00021083622893594252
positive_no_prior_lengthscale_only,2026-03-31,VNQ,0.0011658850817494312,0.08261211567781301,0.002701636753449103,0.05813053261148158,0.08144623059606358,0.0015357516716996717
positive_no_prior_lengthscale_only,2026-03-31,VNQI,-0.0020710452009618054,0.05920759938488018,0.004804024935204803,0.04754786171938512,0.061278644585841986,0.006875070136166608
positive_no_prior_lengthscale_only,2026-03-31,VEA,0.005177784513977376,0.07028850576993428,0.00979434424643862,0.04910435151717168,0.0651107212559569,0.004616559732461244
positive_no_prior_lengthscale_only,2026-03-31,VWO,0.0012116732178334255,0.08686516780484332,0.00818505307192762,0.04172523120021279,0.0856534945870099,0.006973379854094194
positive_no_prior_lengthscale_only,2026-03-31,VSS,0.002778422954440631,0.08096490152679459,0.008221950216143997,0.048458984874170184,0.07818647857235396,0.005443527261703366
positive_no_prior_lengthscale_only,2026-03-31,BND,-0.0025014757224939696,-0.001644084190784434,0.0013942029861100228,0.015001309800488992,0.0008573915317095357,0.0038956787086039924
positive_no_prior_lengthscale_only,2026-03-31,IEF,-0.003247294931784937,-0.004636900424381141,0.000752050195017652,0.017815027615468625,-0.0013896054925962038,0.003999345126802589
positive_no_prior_lengthscale_only,2026-03-31,BNDX,-0.002646443731836125,-0.0008092670395931645,0.0009044580569098435,0.013552062470071189,0.0018371766922429607,0.0035509017887459687
positive_no_prior_lengthscale_only,2026-03-31,LQD,-0.0023619453769708884,-0.0003280238707080718,0.0028686300097312935,0.023787853894124904,0.0020339215062628166,0.005230575386702182
positive_no_prior_lengthscale_only,2026-03-31,HYG,0.00029900129035207075,0.012020620280474459,0.003779618753714488,0.02307308731521488,0.011721618990122388,0.0034806174633624175
positive_no_prior_lengthscale_only,2026-03-31,EWX,0.003010410846269823,0.10571433591391832,0.008851441559873009,0.03764234386698451,0.1027039250676485,0.005841030713603186
positive_no_prior_lengthscale_only,2026-03-31,VWOB,-0.0007370101364086482,0.020791542317250666,0.003080868696432146,0.028650615417016165,0.021528552453659314,0.003817878832840794
positive_no_prior_lengthscale_only,2026-03-31,HYEM,-0.0004116941493046774,0.022278894658412263,0.0015127951197341527,0.026577691586935504,0.02269058880771694,0.00192448926903883
positive_no_prior_neither,2026-03-31,SPY,0.00743841049511441,0.10158469057343722,0.0035762070993086872,0.05856638694260271,0.0941462800783228,-0.0038622033958057226
positive_no_prior_neither,2026-03-31,MGK,0.008717209841200446,0.13945658747726553,0.002585923974129215,0.06828918158355454,0.13073937763606508,-0.006131285867071231
positive_no_prior_neither,2026-03-31,VTV,0.006555069028038389,0.0506170669983208,0.0031738242388091122,0.04834656082165631,0.044061997970282415,-0.0033812447892292764
positive_no_prior_neither,2026-03-31,IJR,0.002179760821406977,0.09942684130728341,-0.0006489594790388439,0.06686439525845536,0.09724708048587644,-0.002828720300445821
positive_no_prior_neither,2026-03-31,IWM,0.0016424957460719702,0.11732924859591698,-0.0011592239012046426,0.06892593888804155,0.115686752849845,-0.0028017196472766128
positive_no_prior_neither,2026-03-31,VNQ,0.0011658850817494312,0.08261211567781301,0.0013090469729233577,0.05709575638878763,0.08144623059606358,0.00014316189117392648
positive_no_prior_neither,2026-03-31,VNQI,-0.0020710452009618054,0.05920759938488018,0.0008368247260610406,0.047056744617211245,0.061278644585841986,0.002907869927022846
positive_no_prior_neither,2026-03-31,VEA,0.005177784513977376,0.07028850576993428,0.005648950637519839,0.046885659347751414,0.0651107212559569,0.000471166123542463
positive_no_prior_neither,2026-03-31,VWO,0.0012116732178334255,0.08686516780484332,0.004940901649615515,0.04192476880295746,0.0856534945870099,0.0037292284317820895
positive_no_prior_neither,2026-03-31,VSS,0.002778422954440631,0.08096490152679459,0.004309368549449132,0.04670575896236476,0.07818647857235396,0.001530945595008501
positive_no_prior_neither,2026-03-31,BND,-0.0025014757224939696,-0.001644084190784434,0.002440715091513358,0.014642635193579848,0.0008573915317095357,0.004942190814007328
positive_no_prior_neither,2026-03-31,IEF,-0.003247294931784937,-0.004636900424381141,0.002415571624780259,0.017910022213300545,-0.0013896054925962038,0.005662866556565196
positive_no_prior_neither,2026-03-31,BNDX,-0.002646443731836125,-0.0008092670395931645,0.0015165734383456538,0.013682362811279299,0.0018371766922429607,0.004163017170181779
positive_no_prior_neither,2026-03-31,LQD,-0.0023619453769708884,-0.0003280238707080718,0.004145639538834234,0.02298478479602068,0.0020339215062628166,0.006507584915805122
positive_no_prior_neither,2026-03-31,HYG,0.00029900129035207075,0.012020620280474459,0.0038456736667904913,0.022312081897676934,0.011721618990122388,0.0035466723764384206
positive_no_prior_neither,2026-03-31,EWX,0.003010410846269823,0.10571433591391832,0.006383127289692153,0.03672066820987668,0.1027039250676485,0.0033727164434223297
positive_no_prior_neither,2026-03-31,VWOB,-0.0007370101364086482,0.020791542317250666,0.0024403090933654585,0.027401975622389416,0.021528552453659314,0.0031773192297741065
positive_no_prior_neither,2026-03-31,HYEM,-0.0004116941493046774,0.022278894658412263,-0.00048396542544691613,0.026627427817881785,0.02269058880771694,-7.227127614223874e-05
historical_mean,2026-04-30,SPY,0.008981792135742652,0.049483664963993146,0.008981792135742652,0.04507605874518664,0.04050187282825049,0.0
historical_mean,2026-04-30,MGK,0.010860478327037579,0.08330425574857636,0.010860478327037579,0.059580805776805634,0.07244377742153878,0.0
historical_mean,2026-04-30,VTV,0.0072773968636167885,0.021460679046998887,0.0072773968636167885,0.0401177035821421,0.0141832821833821,0.0
historical_mean,2026-04-30,IJR,0.0037739752556016724,0.008359592272450422,0.0037739752556016724,0.05695310592921334,0.00458561701684875,0.0
historical_mean,2026-04-30,IWM,0.0035389998911513967,0.04170616807391436,0.0035389998911513967,0.058894825273066186,0.038167168182762966,0.0
historical_mean,2026-04-30,VNQ,0.002501069189881621,-0.009505527770350963,0.002501069189881621,0.055652809846333355,-0.012006596960232584,0.0
historical_mean,2026-04-30,VNQI,-0.0010664772569316092,-0.02873894096208207,-0.0010664772569316092,0.049369835043637414,-0.027672463705150464,0.0
historical_mean,2026-04-30,VEA,0.006245173387025849,0.04005467192775236,0.006245173387025849,0.045934074500483174,0.03380949854072651,0.0
historical_mean,2026-04-30,VWO,0.002615828866800801,0.013087733301134774,0.002615828866800801,0.042596326253976136,0.010471904434333972,0.0
historical_mean,2026-04-30,VSS,0.00406016850480709,0.0153673341636833,0.00406016850480709,0.04691910110238484,0.01130716565887621,0.0
historical_mean,2026-04-30,BND,-0.0024874201236134855,-0.00023588979226363271,-0.0024874201236134855,0.017957604505693114,0.002251530331349853,0.0
historical_mean,2026-04-30,IEF,-0.00327007534969635,-0.0031745273257528517,-0.00327007534969635,0.02155830428903072,9.554802394349821e-05,0.0
historical_mean,2026-04-30,BNDX,-0.002616326081143618,0.005188840393763217,-0.002616326081143618,0.014886575639767741,0.007805166474906835,0.0
historical_mean,2026-04-30,LQD,-0.002328602401458383,0.005612799118414058,-0.002328602401458383,0.027475254347549594,0.007941401519872441,0.0
historical_mean,2026-04-30,HYG,0.0004911589787147328,0.0013666068307942592,0.0004911589787147328,0.021513082165906798,0.0008754478520795263,0.0
historical_mean,2026-04-30,EWX,0.004694081749018159,0.01835836502980981,0.004694081749018159,0.03821796448204132,0.01366428328079165,0.0
historical_mean,2026-04-30,VWOB,-0.0003840830470043972,0.006564291011867507,-0.0003840830470043972,0.028382076832525596,0.006948374058871904,0.0
historical_mean,2026-04-30,HYEM,-3.971728360439966e-05,0.00658729224447252,-3.971728360439966e-05,0.024429920860436004,0.0066270095280769195,0.0
positive_no_prior_both,2026-04-30,SPY,0.008981792135742652,0.049483664963993146,0.010671092511286121,0.03867416821374457,0.04050187282825049,0.001689300375543469
positive_no_prior_both,2026-04-30,MGK,0.010860478327037579,0.08330425574857636,0.017684674257741076,0.05602850892132214,0.07244377742153878,0.006824195930703497
positive_no_prior_both,2026-04-30,VTV,0.0072773968636167885,0.021460679046998887,0.006223926434218215,0.03688216771263789,0.0141832821833821,-0.001053470429398574
positive_no_prior_both,2026-04-30,IJR,0.0037739752556016724,0.008359592272450422,-0.0005402103772907561,0.0540706890819545,0.00458561701684875,-0.0043141856328924285
positive_no_prior_both,2026-04-30,IWM,0.0035389998911513967,0.04170616807391436,0.00012855672323355003,0.052389965970441925,0.038167168182762966,-0.0034104431679178467
positive_no_prior_both,2026-04-30,VNQ,0.002501069189881621,-0.009505527770350963,0.0011776912664401655,0.049151078204320284,-0.012006596960232584,-0.0013233779234414556
positive_no_prior_both,2026-04-30,VNQI,-0.0010664772569316092,-0.02873894096208207,-0.002911142437347699,0.04649906819772736,-0.027672463705150464,-0.00184466518041609
positive_no_prior_both,2026-04-30,VEA,0.006245173387025849,0.04005467192775236,0.004174548790122457,0.04182441847688776,0.03380949854072651,-0.0020706245969033922
positive_no_prior_both,2026-04-30,VWO,0.002615828866800801,0.013087733301134774,0.005391886537573819,0.04043558500489688,0.010471904434333972,0.002776057670773018
positive_no_prior_both,2026-04-30,VSS,0.00406016850480709,0.0153673341636833,0.0011690329710318274,0.04365365055031671,0.01130716565887621,-0.0028911355337752622
positive_no_prior_both,2026-04-30,BND,-0.0024874201236134855,-0.00023588979226363271,-0.003980890096463708,0.016190053193639854,0.002251530331349853,-0.0014934699728502221
positive_no_prior_both,2026-04-30,IEF,-0.00327007534969635,-0.0031745273257528517,-0.006155082324845709,0.020056658615322537,9.554802394349821e-05,-0.0028850069751493587
positive_no_prior_both,2026-04-30,BNDX,-0.002616326081143618,0.005188840393763217,-0.0039482954537968466,0.01323418253103863,0.007805166474906835,-0.0013319693726532287
positive_no_prior_both,2026-04-30,LQD,-0.002328602401458383,0.005612799118414058,-0.004117042688794333,0.024079207804548454,0.007941401519872441,-0.0017884402873359498
positive_no_prior_both,2026-04-30,HYG,0.0004911589787147328,0.0013666068307942592,-8.75123333727505e-05,0.018789742507091735,0.0008754478520795263,-0.0005786713120874834
positive_no_prior_both,2026-04-30,EWX,0.004694081749018159,0.01835836502980981,0.00561939616803251,0.03685545861004809,0.01366428328079165,0.000925314419014351
positive_no_prior_both,2026-04-30,VWOB,-0.0003840830470043972,0.006564291011867507,-0.0004828460284051437,0.026241607857053328,0.006948374058871904,-9.876298140074649e-05
positive_no_prior_both,2026-04-30,HYEM,-3.971728360439966e-05,0.00658729224447252,0.0021448551427190434,0.023673134851504105,0.0066270095280769195,0.002184572426323443
positive_no_prior_outputscale_only,2026-04-30,SPY,0.008981792135742652,0.049483664963993146,0.019252978765660934,0.04077832578741805,0.04050187282825049,0.010271186629918282
positive_no_prior_outputscale_only,2026-04-30,MGK,0.010860478327037579,0.08330425574857636,0.03023779554518343,0.056186686886790176,0.07244377742153878,0.019377317218145854
positive_no_prior_outputscale_only,2026-04-30,VTV,0.0072773968636167885,0.021460679046998887,0.010608029227328885,0.038412033926804826,0.0141832821833821,0.003330632363712096
positive_no_prior_outputscale_only,2026-04-30,IJR,0.0037739752556016724,0.008359592272450422,0.008341153782373783,0.054433608046756204,0.00458561701684875,0.00456717852677211
positive_no_prior_outputscale_only,2026-04-30,IWM,0.0035389998911513967,0.04170616807391436,0.01027878677556288,0.05698848842073892,0.038167168182762966,0.006739786884411483
positive_no_prior_outputscale_only,2026-04-30,VNQ,0.002501069189881621,-0.009505527770350963,0.0059715786063197895,0.05080956224743805,-0.012006596960232584,0.0034705094164381683
positive_no_prior_outputscale_only,2026-04-30,VNQI,-0.0010664772569316092,-0.02873894096208207,-0.0013406047406587635,0.04912472356085042,-0.027672463705150464,-0.00027412748372715435
positive_no_prior_outputscale_only,2026-04-30,VEA,0.006245173387025849,0.04005467192775236,0.009255739825390448,0.04570241544460324,0.03380949854072651,0.003010566438364598
positive_no_prior_outputscale_only,2026-04-30,VWO,0.002615828866800801,0.013087733301134774,0.00908741179210816,0.04161800294339557,0.010471904434333972,0.006471582925307359
positive_no_prior_outputscale_only,2026-04-30,VSS,0.00406016850480709,0.0153673341636833,0.006111503032431869,0.04575673567668351,0.01130716565887621,0.002051334527624779
positive_no_prior_outputscale_only,2026-04-30,BND,-0.0024874201236134855,-0.00023588979226363271,-0.005159459070521275,0.016924557554713983,0.002251530331349853,-0.00267203894690779
positive_no_prior_outputscale_only,2026-04-30,IEF,-0.00327007534969635,-0.0031745273257528517,-0.008689517022054012,0.021237167367900163,9.554802394349821e-05,-0.005419441672357662
positive_no_prior_outputscale_only,2026-04-30,BNDX,-0.002616326081143618,0.005188840393763217,-0.005825771946130484,0.013441015659340087,0.007805166474906835,-0.0032094458649868664
positive_no_prior_outputscale_only,2026-04-30,LQD,-0.002328602401458383,0.005612799118414058,-0.005215604585609161,0.025456960506494576,0.007941401519872441,-0.0028870021841507785
positive_no_prior_outputscale_only,2026-04-30,HYG,0.0004911589787147328,0.0013666068307942592,0.0014425166907068075,0.01954837891368651,0.0008754478520795263,0.0009513577119920747
positive_no_prior_outputscale_only,2026-04-30,EWX,0.004694081749018159,0.01835836502980981,0.013310565764805288,0.038819465935928825,0.01366428328079165,0.00861648401578713
positive_no_prior_outputscale_only,2026-04-30,VWOB,-0.0003840830470043972,0.006564291011867507,0.0019489103757025605,0.027349908262109167,0.006948374058871904,0.0023329934227069578
positive_no_prior_outputscale_only,2026-04-30,HYEM,-3.971728360439966e-05,0.00658729224447252,0.004655778377953484,0.02416878664812207,0.0066270095280769195,0.004695495661557883
positive_no_prior_lengthscale_only,2026-04-30,SPY,0.008981792135742652,0.049483664963993146,-0.00012668069983772477,0.06745106873353345,0.04050187282825049,-0.009108472835580377
positive_no_prior_lengthscale_only,2026-04-30,MGK,0.010860478327037579,0.08330425574857636,0.0022894603948071853,0.08018017317652792,0.07244377742153878,-0.008571017932230394
positive_no_prior_lengthscale_only,2026-04-30,VTV,0.0072773968636167885,0.021460679046998887,0.002235433424965706,0.05155217354643823,0.0141832821833821,-0.0050419634386510825
positive_no_prior_lengthscale_only,2026-04-30,IJR,0.0037739752556016724,0.008359592272450422,-0.00909920792147524,0.06958262294786238,0.00458561701684875,-0.012873183177076912
positive_no_prior_lengthscale_only,2026-04-30,IWM,0.0035389998911513967,0.04170616807391436,-0.010543784152735918,0.07225933189587673,0.038167168182762966,-0.014082784043887315
positive_no_prior_lengthscale_only,2026-04-30,VNQ,0.002501069189881621,-0.009505527770350963,-0.00012051618768744088,0.06138274282618699,-0.012006596960232584,-0.002621585377569062
positive_no_prior_lengthscale_only,2026-04-30,VNQI,-0.0010664772569316092,-0.02873894096208207,-0.00739336428588876,0.04851549933760324,-0.027672463705150464,-0.006326887028957151
positive_no_prior_lengthscale_only,2026-04-30,VEA,0.006245173387025849,0.04005467192775236,0.0005017710093649062,0.0505879256792952,0.03380949854072651,-0.005743402377660943
positive_no_prior_lengthscale_only,2026-04-30,VWO,0.002615828866800801,0.013087733301134774,-0.001819204282737301,0.043942246028414754,0.010471904434333972,-0.004435033149538102
positive_no_prior_lengthscale_only,2026-04-30,VSS,0.00406016850480709,0.0153673341636833,-0.0052078019489330135,0.05137707139350873,0.01130716565887621,-0.009267970453740103
positive_no_prior_lengthscale_only,2026-04-30,BND,-0.0024874201236134855,-0.00023588979226363271,-0.0015157250846084861,0.016030545255053336,0.002251530331349853,0.0009716950390049994
positive_no_prior_lengthscale_only,2026-04-30,IEF,-0.00327007534969635,-0.0031745273257528517,-0.0013897733702370083,0.01906372845534921,9.554802394349821e-05,0.0018803019794593416
positive_no_prior_lengthscale_only,2026-04-30,BNDX,-0.002616326081143618,0.005188840393763217,-0.0032922803282441045,0.014140696428346122,0.007805166474906835,-0.0006759542471004867
positive_no_prior_lengthscale_only,2026-04-30,LQD,-0.002328602401458383,0.005612799118414058,-0.002385629880173339,0.025443167897859328,0.007941401519872441,-5.702747871495599e-05
positive_no_prior_lengthscale_only,2026-04-30,HYG,0.0004911589787147328,0.0013666068307942592,-0.0023189590448332385,0.02436829213376794,0.0008754478520795263,-0.002810118023547971
positive_no_prior_lengthscale_only,2026-04-30,EWX,0.004694081749018159,0.01835836502980981,-0.0002140674760019697,0.04265070804031038,0.01366428328079165,-0.004908149225020129
positive_no_prior_lengthscale_only,2026-04-30,VWOB,-0.0003840830470043972,0.006564291011867507,-0.0025737502012953477,0.03075510403993681,0.006948374058871904,-0.0021896671542909504
positive_no_prior_lengthscale_only,2026-04-30,HYEM,-3.971728360439966e-05,0.00658729224447252,-0.001310205792437789,0.027877377817941144,0.0066270095280769195,-0.0012704885088333894
positive_no_prior_neither,2026-04-30,SPY,0.008981792135742652,0.049483664963993146,0.0053590480906431405,0.07090391086883634,0.04050187282825049,-0.0036227440450995116
positive_no_prior_neither,2026-04-30,MGK,0.010860478327037579,0.08330425574857636,0.012315398564551395,0.0853319429576993,0.07244377742153878,0.001454920237513816
positive_no_prior_neither,2026-04-30,VTV,0.0072773968636167885,0.021460679046998887,0.0018925537630957515,0.05586830714017277,0.0141832821833821,-0.005384843100521037
positive_no_prior_neither,2026-04-30,IJR,0.0037739752556016724,0.008359592272450422,-0.010041988846284268,0.07573963540359278,0.00458561701684875,-0.01381596410188594
positive_no_prior_neither,2026-04-30,IWM,0.0035389998911513967,0.04170616807391436,-0.008684913231826236,0.07867917555250804,0.038167168182762966,-0.012223913122977633
positive_no_prior_neither,2026-04-30,VNQ,0.002501069189881621,-0.009505527770350963,0.004658499314225677,0.06778183879234395,-0.012006596960232584,0.0021574301243440556
positive_no_prior_neither,2026-04-30,VNQI,-0.0010664772569316092,-0.02873894096208207,-0.003923668908561736,0.053264954535746825,-0.027672463705150464,-0.002857191651630127
positive_no_prior_neither,2026-04-30,VEA,0.006245173387025849,0.04005467192775236,0.0045980795053515485,0.05428843631551684,0.03380949854072651,-0.001647093881674301
positive_no_prior_neither,2026-04-30,VWO,0.002615828866800801,0.013087733301134774,0.007631088294393078,0.04975351140393023,0.010471904434333972,0.005015259427592277
positive_no_prior_neither,2026-04-30,VSS,0.00406016850480709,0.0153673341636833,0.0009498543961491916,0.05514987987953008,0.01130716565887621,-0.003110314108657898
positive_no_prior_neither,2026-04-30,BND,-0.0024874201236134855,-0.00023588979226363271,0.00029130336051905485,0.017298499689628686,0.002251530331349853,0.0027787234841325404
positive_no_prior_neither,2026-04-30,IEF,-0.00327007534969635,-0.0031745273257528517,-0.0001385803556779694,0.02097323877257055,9.554802394349821e-05,0.0031314949940183805
positive_no_prior_neither,2026-04-30,BNDX,-0.002616326081143618,0.005188840393763217,-0.0037874384146798544,0.015802588040710944,0.007805166474906835,-0.0011711123335362366
positive_no_prior_neither,2026-04-30,LQD,-0.002328602401458383,0.005612799118414058,0.0009849718705383505,0.02743139598547821,0.007941401519872441,0.0033135742719967334
positive_no_prior_neither,2026-04-30,HYG,0.0004911589787147328,0.0013666068307942592,-0.0005965291035295303,0.026162482422124756,0.0008754478520795263,-0.0010876880822442631
positive_no_prior_neither,2026-04-30,EWX,0.004694081749018159,0.01835836502980981,0.008097823540179558,0.04712934611563101,0.01366428328079165,0.0034037417911613986
positive_no_prior_neither,2026-04-30,VWOB,-0.0003840830470043972,0.006564291011867507,0.002483861843730162,0.032437578617203255,0.006948374058871904,0.0028679448907345593
positive_no_prior_neither,2026-04-30,HYEM,-3.971728360439966e-05,0.00658729224447252,0.0039866949898296564,0.030308731571810753,0.0066270095280769195,0.004026412273434056
